{
  "GroupGUID": "66189ad6-0296-429a-9e87-96b45e7e4466",
  "GroupName": "NPCs",
  "AreaAnchorName": "LevelArea_P10000_F10000000_G3",
  "LoadCondition": {
    "Conditions": [
      {
        "Phase": "Finish",
        "ID": 1000101
      }
    ]
  },
  "UnloadCondition": {
    "Conditions": [
      {
        "ID": 1000502
      },
      {
        "Type": "SubMission",
        "ID": 102010104
      },
      {
        "Type": "SubMission",
        "ID": 102010105
      },
      {
        "Type": "SubMission",
        "ID": 102010106
      },
      {
        "Type": "SubMission",
        "ID": 102010107
      },
      {
        "Type": "SubMission",
        "ID": 102010108
      },
      {
        "Type": "SubMission",
        "ID": 102010109
      },
      {
        "Type": "SubMission",
        "ID": 102010110
      },
      {
        "Type": "SubMission",
        "ID": 102010111
      },
      {
        "Type": "SubMission",
        "ID": 102010112
      }
    ],
    "Operation": "Or"
  },
  "LoadSide": "Server",
  "GroupRefreshID": 1,
  "ConflictIDList": [],
  "AnchorList": [
    {
      "ID": 1,
      "PosX": -1.49,
      "PosY": -1.0E-6,
      "PosZ": 2.14,
      "Name": "TalktoPam",
      "MapLayerID": 1
    }
  ],
  "MonsterList": [],
  "PropList": [
    {
      "ID": 300001,
      "PosX": -1.380001,
      "PosY": -1.0E-6,
      "PosZ": 3.159993,
      "Name": "Prop1",
      "PropID": 100,
      "IsOverrideInitLevelGraph": true,
      "Trigger": {
        "Radius": 3.0,
        "DimX": 1.0,
        "DimY": 1.0,
        "DimZ": 1.0,
        "PointList": []
      },
      "MapLayerID": 1,
      "CustomTriggerMap": {},
      "BridgeStateRotations": [],
      "DialogueGroups": [],
      "TalkDialogGroupIDList": [],
      "ServerInteractVerificationIDList": []
    },
    {
      "ID": 300002,
      "PosX": -1.38,
      "PosZ": 3.16,
      "Name": "Prop2",
      "PropID": 100,
      "IsOverrideInitLevelGraph": true,
      "Trigger": {
        "Radius": 3.0,
        "DimX": 1.0,
        "DimY": 1.0,
        "DimZ": 1.0,
        "PointList": []
      },
      "MapLayerID": 1,
      "CustomTriggerMap": {},
      "BridgeStateRotations": [],
      "DialogueGroups": [],
      "TalkDialogGroupIDList": [],
      "ServerInteractVerificationIDList": []
    }
  ],
  "NPCList": [
    {
      "ID": 400001,
      "PosX": -1.38,
      "PosZ": 3.16,
      "Name": "NPC1",
      "RotY": 150.0,
      "NPCID": 3001,
      "LevelGraph": "Config/Level/Maze/Chapter00/Train/Train_PamAction.json",
      "Trigger": {
        "Radius": 3.0,
        "DimX": 1.0,
        "DimY": 1.0,
        "DimZ": 1.0,
        "PointList": [],
        "Server": true
      },
      "AIConfig": {
        "AIFile": "Config/ConfigAI/Adventure/NPC/Special/NPC_Special_Pam_AI.json",
        "PathwayList": [],
        "SlaveConfigList": []
      },
      "DialogueGroups": [
        101000204,
        405000103
      ],
      "ServerInteractVerificationIDList": [
        1,
        2,
        3,
        4
      ],
      "MapLayerID": 1,
      "BoardShowList": [
        4,
        8
      ],
      "FirstDialogueGroupID": 100050303,
      "TalkDialogGroupIDList": [
        1000099
      ],
      "DefaultIdleFreeStyleMotionID": 900010000,
      "IsMapContent": true,
      "MiniMapIconType": 113,
      "BornType": "Permanent",
      "InitialHiddenNodeList": [],
      "Dialog": {
        "LevelGraph": "Config/Level/NPCDialogue/P10000/F10000000_G3/Talk/Dialogue_F10000000_G3_N400004.json",
        "PackList": [
          {
            "Name": "PamBase",
            "LevelGraph": "Config/Level/NPCDialogue/P10000/F10000000_G3/Pack/Pack_F10000000_G3_N400004.json"
          }
        ]
      }
    },
    {
      "ID": 400002,
      "PosX": 3.589,
      "PosZ": 3.007,
      "Name": "NPC2",
      "RotY": 240.1102,
      "NPCID": 1003,
      "DialogueGroups": [
        101150223,
        200020101,
        100050406
      ],
      "ServerInteractVerificationIDList": [],
      "DefaultIdleStateName": "Sit01",
      "DefaultLookAtMode": "Closed",
      "MapLayerID": 1,
      "BoardShowList": [
        4
      ],
      "TalkDialogGroupIDList": [],
      "DefaultIdleFreeStyleMotionID": 310030900,
      "BornType": "Permanent",
      "InitialHiddenNodeList": [],
      "Dialog": {
        "LevelGraph": "Config/Level/NPCDialogue/P10000/F10000000_G3/DialogueMain_F10000000_G3_N400002.json",
        "PackList": [
          {
            "Name": "Transferred",
            "LevelGraph": "Config/Level/NPCDialogue/P10000/F10000000_G3/DialoguePack_Transferred_F10000000_G3_N400002.json"
          }
        ],
        "EnableCondition": {
          "Conditions": [
            {
              "Type": "SubMission",
              "ID": 101150223
            },
            {
              "Type": "SubMission",
              "ID": 200020101
            },
            {
              "Type": "SubMission",
              "ID": 100050406
            }
          ],
          "Operation": "Or"
        }
      },
      "ConnectWithSubMissionIDList": [
        200020101,
        101150223,
        100050406
      ]
    },
    {
      "ID": 400003,
      "PosX": -4.42,
      "PosY": 0.021,
      "PosZ": -1.101,
      "Name": "NPC3",
      "RotY": 69.62791,
      "NPCID": 1004,
      "DialogueGroups": [
        100050108,
        100050407,
        100050408
      ],
      "ServerInteractVerificationIDList": [],
      "DefaultIdleStateName": "Sit01",
      "DefaultLookAtMode": "Closed",
      "MapLayerID": 1,
      "BoardShowList": [
        4
      ],
      "TalkDialogGroupIDList": [],
      "DefaultIdleFreeStyleMotionID": 310040900,
      "BornType": "Permanent",
      "InitialHiddenNodeList": [],
      "Dialog": {
        "LevelGraph": "Config/Level/NPCDialogue/P10000/F10000000_G3/DialogueMain_F10000000_G3_N400003.json",
        "PackList": [
          {
            "Name": "Transferred",
            "LevelGraph": "Config/Level/NPCDialogue/P10000/F10000000_G3/DialoguePack_Transferred_F10000000_G3_N400003.json"
          }
        ],
        "EnableCondition": {
          "Conditions": [
            {
              "Type": "SubMission",
              "ID": 100050407
            },
            {
              "Type": "SubMission",
              "ID": 100050408
            }
          ],
          "Operation": "Or"
        }
      },
      "ConnectWithSubMissionIDList": [
        100050407,
        100050408
      ]
    }
  ]
}