{
  "GroupGUID": "5b185fed-3916-4685-81e1-a78a79ae73c5",
  "GroupName": "TrainVisitorDemo",
  "AreaAnchorName": "LevelArea_P10000_F10000000_G49",
  "LoadSide": "Server",
  "ValueSource": {},
  "ConflictIDList": [],
  "AnchorList": [
    {
      "ID": 1,
      "PosX": 0.81,
      "PosY": 1.0E-6,
      "PosZ": -16.11,
      "Name": "Anchor1",
      "RotY": 359.0257,
      "MapLayerID": 1
    },
    {
      "ID": 2,
      "PosX": 3.459,
      "PosY": 1.0E-6,
      "PosZ": -6.764,
      "Name": "Anchor2",
      "RotY": 286.8182,
      "MapLayerID": 1
    },
    {
      "ID": 3,
      "PosX": 4.52,
      "PosY": -6.0E-6,
      "PosZ": 0.76,
      "Name": "Anchor3",
      "RotY": 223.988,
      "MapLayerID": 1
    },
    {
      "ID": 4,
      "PosX": -5.818,
      "PosY": -6.0E-6,
      "PosZ": 8.032,
      "Name": "Anchor4",
      "RotY": 90.8015,
      "MapLayerID": 1
    },
    {
      "ID": 5,
      "PosX": 4.429999,
      "PosY": -6.0E-6,
      "PosZ": 13.549,
      "Name": "Anchor5",
      "RotY": 91.22659,
      "MapLayerID": 1,
      "Usage": "Camera",
      "CustomParameter": {
        "$type": "LevelAnchorCameraParameter"
      }
    },
    {
      "ID": 6,
      "PosX": 5.09,
      "PosY": -6.0E-6,
      "PosZ": 20.6,
      "Name": "Anchor6",
      "RotY": 78.5158,
      "MapLayerID": 1
    },
    {
      "ID": 7,
      "PosX": -5.12,
      "PosY": -1.1E-5,
      "PosZ": 24.72,
      "Name": "Anchor7",
      "RotY": 140.175,
      "MapLayerID": 1
    }
  ],
  "MonsterList": [],
  "PropList": [],
  "NPCList": [
    {
      "ID": 400001,
      "PosX": -3.9,
      "PosY": -8.0E-6,
      "PosZ": 23.16,
      "Name": "NPC1",
      "RotY": 235.8143,
      "NPCID": 1009,
      "LevelGraph": "Config/Level/Mission/TrainVisitor/TrainVisitor_Bubble.json",
      "ValueSource": {
        "Values": []
      },
      "DialogueGroups": [],
      "ServerInteractVerificationIDList": [],
      "MapLayerID": 1,
      "BoardShowList": [
        8
      ],
      "TalkDialogGroupIDList": [],
      "DefaultIdleFreeStyleMotionID": 310090221,
      "InitialHiddenNodeList": [],
      "Dialog": {
        "LevelGraph": "Config/Level/TrainVisitor/Dialogue_F10000000_G49.json",
        "PackList": []
      },
      "OverrideBehaviorType": "TrainVisitor"
    },
    {
      "ID": 400002,
      "PosX": -4.05,
      "PosY": -1.0E-6,
      "PosZ": 8.16,
      "Name": "NPC2",
      "RotY": 103.322,
      "NPCID": 1105,
      "LevelGraph": "Config/Level/Mission/TrainVisitor/TrainVisitor_Bubble.json",
      "ValueSource": {
        "Values": []
      },
      "DialogueGroups": [],
      "ServerInteractVerificationIDList": [],
      "DefaultIdleStateName": "Sit01",
      "MapLayerID": 1,
      "BoardShowList": [
        8
      ],
      "TalkDialogGroupIDList": [],
      "DefaultIdleFreeStyleMotionID": 311050221,
      "InitialHiddenNodeList": [],
      "Dialog": {
        "LevelGraph": "Config/Level/TrainVisitor/Dialogue_F10000000_G49.json",
        "PackList": []
      },
      "OverrideBehaviorType": "TrainVisitor",
      "SpawnConfig": {
        "EntitySpawnConfig": {}
      },
      "TriggerValidGuest": {}
    },
    {
      "ID": 400003,
      "PosX": 3.27,
      "PosY": 1.0E-6,
      "PosZ": 11.75,
      "Name": "NPC3",
      "RotY": 265.9531,
      "NPCID": 1109,
      "LevelGraph": "Config/Level/Mission/TrainVisitor/TrainVisitor_Bubble.json",
      "ValueSource": {
        "Values": []
      },
      "DialogueGroups": [],
      "ServerInteractVerificationIDList": [],
      "MapLayerID": 1,
      "BoardShowList": [
        8
      ],
      "TalkDialogGroupIDList": [],
      "DefaultIdleFreeStyleMotionID": 311090221,
      "InitialHiddenNodeList": [],
      "Dialog": {
        "LevelGraph": "Config/Level/TrainVisitor/Dialogue_F10000000_G49.json",
        "PackList": []
      },
      "OverrideBehaviorType": "TrainVisitor"
    },
    {
      "ID": 400004,
      "PosX": 1.95,
      "PosY": 1.0E-6,
      "PosZ": -3.9,
      "Name": "NPC4",
      "RotY": 118.788,
      "NPCID": 1103,
      "LevelGraph": "Config/Level/Mission/TrainVisitor/TrainVisitor_Bubble.json",
      "ValueSource": {
        "Values": []
      },
      "DialogueGroups": [],
      "ServerInteractVerificationIDList": [],
      "MapLayerID": 1,
      "BoardShowList": [
        8
      ],
      "TalkDialogGroupIDList": [],
      "DefaultIdleFreeStyleMotionID": 311050221,
      "InitialHiddenNodeList": [],
      "Dialog": {
        "LevelGraph": "Config/Level/TrainVisitor/Dialogue_F10000000_G49.json",
        "PackList": []
      },
      "OverrideBehaviorType": "TrainVisitor",
      "SpawnConfig": {
        "EntitySpawnConfig": {}
      },
      "TriggerValidGuest": {}
    },
    {
      "ID": 400005,
      "PosX": 3.08,
      "PosY": 1.0E-6,
      "PosZ": -6.63,
      "Name": "NPC5",
      "RotY": 76.00037,
      "NPCID": 1104,
      "LevelGraph": "Config/Level/Mission/TrainVisitor/TrainVisitor_Bubble.json",
      "ValueSource": {
        "Values": []
      },
      "DialogueGroups": [],
      "ServerInteractVerificationIDList": [],
      "MapLayerID": 1,
      "BoardShowList": [
        8
      ],
      "TalkDialogGroupIDList": [],
      "DefaultIdleFreeStyleMotionID": 311050221,
      "InitialHiddenNodeList": [],
      "Dialog": {
        "LevelGraph": "Config/Level/TrainVisitor/Dialogue_F10000000_G49.json",
        "PackList": []
      },
      "OverrideBehaviorType": "TrainVisitor",
      "SpawnConfig": {
        "EntitySpawnConfig": {}
      },
      "TriggerValidGuest": {}
    },
    {
      "ID": 400006,
      "PosX": 3.34,
      "PosY": 2.0E-6,
      "PosZ": -9.55,
      "Name": "NPC6",
      "RotY": 91.63975,
      "NPCID": 1107,
      "LevelGraph": "Config/Level/Mission/TrainVisitor/TrainVisitor_Bubble.json",
      "ValueSource": {
        "Values": []
      },
      "DialogueGroups": [],
      "ServerInteractVerificationIDList": [],
      "MapLayerID": 1,
      "BoardShowList": [
        8
      ],
      "TalkDialogGroupIDList": [],
      "DefaultIdleFreeStyleMotionID": 311070221,
      "InitialHiddenNodeList": [],
      "Dialog": {
        "LevelGraph": "Config/Level/TrainVisitor/Dialogue_F10000000_G49.json",
        "PackList": []
      },
      "OverrideBehaviorType": "TrainVisitor"
    },
    {
      "ID": 400007,
      "PosX": 3.940358,
      "PosY": -1.0E-6,
      "PosZ": -6.307467,
      "Name": "NPC7",
      "NPCID": 1008,
      "LevelGraph": "Config/Level/Mission/TrainVisitor/TrainVisitor_Bubble.json",
      "ValueSource": {
        "Values": []
      },
      "DialogueGroups": [],
      "ServerInteractVerificationIDList": [],
      "MapLayerID": 1,
      "BoardShowList": [
        8
      ],
      "TalkDialogGroupIDList": [],
      "DefaultIdleFreeStyleMotionID": 310080000,
      "InitialHiddenNodeList": [],
      "Dialog": {
        "LevelGraph": "Config/Level/TrainVisitor/Dialogue_F10000000_G49.json",
        "PackList": []
      },
      "OverrideBehaviorType": "TrainVisitor"
    },
    {
      "ID": 400008,
      "PosX": -0.808848,
      "PosY": -3.0E-6,
      "PosZ": -15.5,
      "Name": "NPC8",
      "NPCID": 1204,
      "LevelGraph": "Config/Level/Mission/TrainVisitor/TrainVisitor_Bubble.json",
      "ValueSource": {
        "Values": []
      },
      "DialogueGroups": [],
      "ServerInteractVerificationIDList": [],
      "MapLayerID": 1,
      "BoardShowList": [
        8
      ],
      "TalkDialogGroupIDList": [],
      "DefaultIdleFreeStyleMotionID": 312030000,
      "InitialHiddenNodeList": [],
      "Dialog": {
        "LevelGraph": "Config/Level/TrainVisitor/Dialogue_F10000000_G49.json",
        "PackList": []
      },
      "OverrideBehaviorType": "TrainVisitor"
    },
    {
      "ID": 400009,
      "PosX": -0.295,
      "PosY": 1.0E-6,
      "PosZ": -16.04116,
      "Name": "NPC9",
      "NPCID": 1006,
      "LevelGraph": "Config/Level/Mission/TrainVisitor/TrainVisitor_Bubblewitheffect.json",
      "ValueSource": {
        "Values": []
      },
      "DialogueGroups": [],
      "ServerInteractVerificationIDList": [],
      "MapLayerID": 1,
      "BoardShowList": [
        8
      ],
      "TalkDialogGroupIDList": [],
      "DefaultIdleFreeStyleMotionID": 310060000,
      "InitialHiddenNodeList": [],
      "Dialog": {
        "LevelGraph": "Config/Level/TrainVisitor/Dialogue_F10000000_G49.json",
        "PackList": []
      },
      "OverrideBehaviorType": "TrainVisitor"
    },
    {
      "ID": 400010,
      "PosX": -1.195999,
      "PosZ": -14.57,
      "Name": "NPC10",
      "NPCID": 1209,
      "LevelGraph": "Config/Level/Mission/TrainVisitor/TrainVisitor_Bubble.json",
      "ValueSource": {
        "Values": []
      },
      "DialogueGroups": [],
      "ServerInteractVerificationIDList": [],
      "MapLayerID": 1,
      "BoardShowList": [
        8
      ],
      "TalkDialogGroupIDList": [],
      "DefaultIdleFreeStyleMotionID": 312110000,
      "InitialHiddenNodeList": [],
      "Dialog": {
        "LevelGraph": "Config/Level/TrainVisitor/Dialogue_F10000000_G49.json",
        "PackList": []
      },
      "OverrideBehaviorType": "TrainVisitor",
      "SpawnConfig": {
        "EntitySpawnConfig": {}
      },
      "TriggerValidGuest": {}
    },
    {
      "ID": 400011,
      "PosX": -0.085,
      "PosZ": -14.67389,
      "Name": "NPC11",
      "NPCID": 1210,
      "LevelGraph": "Config/Level/Mission/TrainVisitor/TrainVisitor_Bubble.json",
      "ValueSource": {
        "Values": []
      },
      "DialogueGroups": [],
      "ServerInteractVerificationIDList": [],
      "MapLayerID": 1,
      "BoardShowList": [
        8
      ],
      "TalkDialogGroupIDList": [],
      "DefaultIdleFreeStyleMotionID": 312090000,
      "InitialHiddenNodeList": [],
      "Dialog": {
        "LevelGraph": "Config/Level/TrainVisitor/Dialogue_F10000000_G49.json",
        "PackList": []
      },
      "OverrideBehaviorType": "TrainVisitor",
      "SpawnConfig": {
        "EntitySpawnConfig": {}
      }
    },
    {
      "ID": 400012,
      "PosX": -1.461053,
      "PosY": -1.2E-5,
      "PosZ": 26.274,
      "Name": "NPC12",
      "NPCID": 1202,
      "LevelGraph": "Config/Level/Mission/TrainVisitor/TrainVisitor_Bubble.json",
      "ValueSource": {
        "Values": []
      },
      "DialogueGroups": [],
      "ServerInteractVerificationIDList": [],
      "MapLayerID": 1,
      "BoardShowList": [
        8
      ],
      "TalkDialogGroupIDList": [],
      "DefaultIdleFreeStyleMotionID": 312070000,
      "InitialHiddenNodeList": [],
      "Dialog": {
        "LevelGraph": "Config/Level/TrainVisitor/Dialogue_F10000000_G49.json",
        "PackList": []
      },
      "OverrideBehaviorType": "TrainVisitor",
      "SpawnConfig": {
        "EntitySpawnConfig": {},
        "CaptureDistanceTolerance": 10.0
      }
    },
    {
      "ID": 400013,
      "PosX": 0.251893,
      "PosY": -4.0E-6,
      "PosZ": 0.772545,
      "Name": "NPC13",
      "NPCID": 1106,
      "LevelGraph": "Config/Level/Mission/TrainVisitor/TrainVisitor_Bubble.json",
      "ValueSource": {
        "Values": []
      },
      "DialogueGroups": [],
      "ServerInteractVerificationIDList": [],
      "MapLayerID": 1,
      "BoardShowList": [
        8
      ],
      "TalkDialogGroupIDList": [],
      "DefaultIdleFreeStyleMotionID": 311060000,
      "InitialHiddenNodeList": [],
      "Dialog": {
        "LevelGraph": "Config/Level/TrainVisitor/Dialogue_F10000000_G49.json",
        "PackList": []
      },
      "OverrideBehaviorType": "TrainVisitor",
      "SpawnConfig": {
        "EntitySpawnConfig": {},
        "CaptureDistanceTolerance": 10.0
      }
    },
    {
      "ID": 400014,
      "PosX": 0.251893,
      "PosY": -4.0E-6,
      "PosZ": -0.02,
      "Name": "NPC14",
      "NPCID": 1110,
      "LevelGraph": "Config/Level/Mission/TrainVisitor/TrainVisitor_Bubble.json",
      "ValueSource": {
        "Values": []
      },
      "DialogueGroups": [],
      "ServerInteractVerificationIDList": [],
      "MapLayerID": 1,
      "BoardShowList": [
        8
      ],
      "TalkDialogGroupIDList": [],
      "DefaultIdleFreeStyleMotionID": 311100000,
      "InitialHiddenNodeList": [],
      "Dialog": {
        "LevelGraph": "Config/Level/TrainVisitor/Dialogue_F10000000_G49.json",
        "PackList": []
      },
      "OverrideBehaviorType": "TrainVisitor",
      "SpawnConfig": {
        "EntitySpawnConfig": {},
        "CaptureDistanceTolerance": 10.0
      },
      "TriggerValidGuest": {}
    },
    {
      "ID": 400015,
      "PosX": 0.251893,
      "PosY": -4.0E-6,
      "PosZ": -0.748,
      "Name": "NPC15",
      "NPCID": 1111,
      "LevelGraph": "Config/Level/Mission/TrainVisitor/TrainVisitor_Bubble.json",
      "ValueSource": {
        "Values": []
      },
      "DialogueGroups": [],
      "ServerInteractVerificationIDList": [],
      "MapLayerID": 1,
      "BoardShowList": [
        8
      ],
      "TalkDialogGroupIDList": [],
      "DefaultIdleFreeStyleMotionID": 311110000,
      "InitialHiddenNodeList": [],
      "Dialog": {
        "LevelGraph": "Config/Level/TrainVisitor/Dialogue_F10000000_G49.json",
        "PackList": []
      },
      "OverrideBehaviorType": "TrainVisitor",
      "SpawnConfig": {
        "EntitySpawnConfig": {},
        "CaptureDistanceTolerance": 10.0
      },
      "TriggerValidGuest": {}
    },
    {
      "ID": 400016,
      "PosX": 0.109,
      "PosY": -3.0E-6,
      "PosZ": -1.265,
      "Name": "NPC16",
      "NPCID": 1207,
      "LevelGraph": "Config/Level/Mission/TrainVisitor/TrainVisitor_Bubble.json",
      "ValueSource": {
        "Values": []
      },
      "DialogueGroups": [],
      "ServerInteractVerificationIDList": [],
      "MapLayerID": 1,
      "BoardShowList": [
        8
      ],
      "TalkDialogGroupIDList": [],
      "DefaultIdleFreeStyleMotionID": 312080000,
      "InitialHiddenNodeList": [],
      "Dialog": {
        "LevelGraph": "Config/Level/TrainVisitor/Dialogue_F10000000_G49.json",
        "PackList": []
      },
      "OverrideBehaviorType": "TrainVisitor",
      "SpawnConfig": {
        "EntitySpawnConfig": {},
        "CaptureDistanceTolerance": 10.0
      },
      "TriggerValidGuest": {}
    },
    {
      "ID": 400017,
      "PosX": 0.109,
      "PosY": -3.0E-6,
      "PosZ": -1.265,
      "Name": "NPC17",
      "NPCID": 1112,
      "LevelGraph": "Config/Level/Mission/TrainVisitor/TrainVisitor_Bubble_Topaz.json",
      "ValueSource": {
        "Values": []
      },
      "DialogueGroups": [],
      "ServerInteractVerificationIDList": [],
      "MapLayerID": 1,
      "BoardShowList": [
        8
      ],
      "TalkDialogGroupIDList": [],
      "DefaultIdleFreeStyleMotionID": 311120000,
      "InitialHiddenNodeList": [],
      "Dialog": {
        "LevelGraph": "Config/Level/TrainVisitor/Dialogue_F10000000_G49.json",
        "PackList": []
      },
      "OverrideBehaviorType": "TrainVisitor",
      "SpawnConfig": {
        "EntitySpawnConfig": {},
        "CaptureDistanceTolerance": 10.0
      },
      "TriggerValidGuest": {}
    },
    {
      "ID": 400018,
      "PosX": 0.109,
      "PosY": -3.0E-6,
      "PosZ": -1.265,
      "Name": "NPC18",
      "NPCID": 1101,
      "LevelGraph": "Config/Level/Mission/TrainVisitor/TrainVisitor_Bubble.json",
      "ValueSource": {
        "Values": []
      },
      "DialogueGroups": [],
      "ServerInteractVerificationIDList": [],
      "MapLayerID": 1,
      "BoardShowList": [
        8
      ],
      "TalkDialogGroupIDList": [],
      "DefaultIdleFreeStyleMotionID": 311010000,
      "InitialHiddenNodeList": [],
      "Dialog": {
        "LevelGraph": "Config/Level/TrainVisitor/Dialogue_F10000000_G49.json",
        "PackList": []
      },
      "OverrideBehaviorType": "TrainVisitor",
      "SpawnConfig": {
        "EntitySpawnConfig": {},
        "CaptureDistanceTolerance": 10.0
      },
      "TriggerValidGuest": {}
    },
    {
      "ID": 400019,
      "PosX": 0.109,
      "PosY": -3.0E-6,
      "PosZ": -1.265,
      "Name": "NPC19",
      "NPCID": 1102,
      "LevelGraph": "Config/Level/Mission/TrainVisitor/TrainVisitor_Bubble.json",
      "ValueSource": {
        "Values": []
      },
      "DialogueGroups": [],
      "ServerInteractVerificationIDList": [],
      "MapLayerID": 1,
      "BoardShowList": [
        8
      ],
      "TalkDialogGroupIDList": [],
      "DefaultIdleFreeStyleMotionID": 311020000,
      "InitialHiddenNodeList": [],
      "Dialog": {
        "LevelGraph": "Config/Level/TrainVisitor/Dialogue_F10000000_G49.json",
        "PackList": []
      },
      "OverrideBehaviorType": "TrainVisitor",
      "SpawnConfig": {
        "EntitySpawnConfig": {},
        "CaptureDistanceTolerance": 10.0
      },
      "TriggerValidGuest": {}
    },
    {
      "ID": 400020,
      "PosX": 0.109,
      "PosY": -3.0E-6,
      "PosZ": -1.265,
      "Name": "NPC20",
      "NPCID": 1205,
      "LevelGraph": "Config/Level/Mission/TrainVisitor/TrainVisitor_Bubble.json",
      "ValueSource": {
        "Values": []
      },
      "DialogueGroups": [],
      "ServerInteractVerificationIDList": [],
      "MapLayerID": 1,
      "BoardShowList": [
        8
      ],
      "TalkDialogGroupIDList": [],
      "DefaultIdleFreeStyleMotionID": 312040000,
      "InitialHiddenNodeList": [],
      "Dialog": {
        "LevelGraph": "Config/Level/TrainVisitor/Dialogue_F10000000_G49.json",
        "PackList": []
      },
      "OverrideBehaviorType": "TrainVisitor",
      "SpawnConfig": {
        "EntitySpawnConfig": {},
        "CaptureDistanceTolerance": 10.0
      },
      "TriggerValidGuest": {}
    },
    {
      "ID": 400021,
      "PosX": 0.109,
      "PosY": -3.0E-6,
      "PosZ": -1.265,
      "Name": "NPC21",
      "NPCID": 1217,
      "LevelGraph": "Config/Level/Mission/TrainVisitor/TrainVisitor_Bubble.json",
      "ValueSource": {
        "Values": []
      },
      "DialogueGroups": [],
      "ServerInteractVerificationIDList": [],
      "MapLayerID": 1,
      "BoardShowList": [
        8
      ],
      "TalkDialogGroupIDList": [],
      "DefaultIdleFreeStyleMotionID": 312170000,
      "InitialHiddenNodeList": [],
      "Dialog": {
        "LevelGraph": "Config/Level/TrainVisitor/Dialogue_F10000000_G49.json",
        "PackList": []
      },
      "OverrideBehaviorType": "TrainVisitor",
      "SpawnConfig": {
        "EntitySpawnConfig": {},
        "CaptureDistanceTolerance": 10.0
      },
      "TriggerValidGuest": {}
    },
    {
      "ID": 400022,
      "PosX": 0.109,
      "PosY": -3.0E-6,
      "PosZ": -1.265,
      "Name": "NPC22",
      "NPCID": 1218,
      "LevelGraph": "Config/Level/Mission/TrainVisitor/TrainVisitor_Bubble_Huohuo.json",
      "ValueSource": {
        "Values": []
      },
      "DialogueGroups": [],
      "ServerInteractVerificationIDList": [],
      "MapLayerID": 1,
      "BoardShowList": [
        8
      ],
      "TalkDialogGroupIDList": [],
      "DefaultIdleFreeStyleMotionID": 390020000,
      "InitialHiddenNodeList": [],
      "Dialog": {
        "LevelGraph": "Config/Level/TrainVisitor/Dialogue_F10000000_G49.json",
        "PackList": []
      },
      "OverrideBehaviorType": "TrainVisitor",
      "SpawnConfig": {
        "EntitySpawnConfig": {},
        "CaptureDistanceTolerance": 10.0
      },
      "TriggerValidGuest": {}
    },
    {
      "ID": 400023,
      "PosX": 0.109,
      "PosY": -3.0E-6,
      "PosZ": -1.265,
      "Name": "NPC23",
      "NPCID": 1101,
      "LevelGraph": "Config/Level/Mission/TrainVisitor/TrainVisitor_Bubble.json",
      "ValueSource": {
        "Values": []
      },
      "DialogueGroups": [],
      "ServerInteractVerificationIDList": [],
      "DefaultLookAtMode": "Closed",
      "MapLayerID": 1,
      "BoardShowList": [
        8
      ],
      "TalkDialogGroupIDList": [],
      "DefaultIdleFreeStyleMotionID": 311010000,
      "InitialHiddenNodeList": [],
      "Dialog": {
        "LevelGraph": "Config/Level/TrainVisitor/Dialogue_F10000000_G49.json",
        "PackList": []
      },
      "OverrideBehaviorType": "TrainVisitor",
      "SpawnConfig": {
        "EntitySpawnConfig": {},
        "CaptureDistanceTolerance": 10.0
      },
      "TriggerValidGuest": {}
    },
    {
      "ID": 400024,
      "PosX": 0.109,
      "PosY": -3.0E-6,
      "PosZ": -1.265,
      "Name": "NPC24",
      "NPCID": 1102,
      "LevelGraph": "Config/Level/Mission/TrainVisitor/TrainVisitor_Bubble.json",
      "ValueSource": {
        "Values": []
      },
      "DialogueGroups": [],
      "ServerInteractVerificationIDList": [],
      "DefaultLookAtMode": "Closed",
      "MapLayerID": 1,
      "BoardShowList": [
        8
      ],
      "TalkDialogGroupIDList": [],
      "DefaultIdleFreeStyleMotionID": 311020000,
      "InitialHiddenNodeList": [],
      "Dialog": {
        "LevelGraph": "Config/Level/TrainVisitor/Dialogue_F10000000_G49.json",
        "PackList": []
      },
      "OverrideBehaviorType": "TrainVisitor",
      "SpawnConfig": {
        "EntitySpawnConfig": {},
        "CaptureDistanceTolerance": 10.0
      },
      "TriggerValidGuest": {}
    },
    {
      "ID": 400025,
      "PosX": 0.109,
      "PosY": -3.0E-6,
      "PosZ": -1.265,
      "Name": "NPC25",
      "NPCID": 1217,
      "LevelGraph": "Config/Level/Mission/TrainVisitor/TrainVisitor_Bubble.json",
      "ValueSource": {
        "Values": []
      },
      "DialogueGroups": [],
      "ServerInteractVerificationIDList": [],
      "DefaultLookAtMode": "Closed",
      "MapLayerID": 1,
      "BoardShowList": [
        8
      ],
      "TalkDialogGroupIDList": [],
      "DefaultIdleFreeStyleMotionID": 312170000,
      "InitialHiddenNodeList": [],
      "Dialog": {
        "LevelGraph": "Config/Level/TrainVisitor/Dialogue_F10000000_G49.json",
        "PackList": []
      },
      "OverrideBehaviorType": "TrainVisitor",
      "SpawnConfig": {
        "EntitySpawnConfig": {},
        "CaptureDistanceTolerance": 10.0
      },
      "TriggerValidGuest": {}
    }
  ]
}