{
  "GroupGUID": "fd5888a4-5ba9-495d-9609-7380256e1146",
  "GroupName": "NPCs",
  "AreaAnchorName": "LevelArea_P10000_F10000000_G40",
  "SaveType": "Reset",
  "UnloadCondition": {
    "Conditions": [
      {
        "ID": 1010001
      },
      {
        "ID": 1010002
      },
      {
        "ID": 1000502
      },
      {
        "Type": "SubMission",
        "ID": 102010104
      },
      {
        "Type": "SubMission",
        "ID": 102010105
      },
      {
        "Type": "SubMission",
        "ID": 102010106
      },
      {
        "Type": "SubMission",
        "ID": 102010107
      },
      {
        "Type": "SubMission",
        "ID": 102010108
      },
      {
        "Type": "SubMission",
        "ID": 102010109
      },
      {
        "Type": "SubMission",
        "ID": 102010110
      },
      {
        "Type": "SubMission",
        "ID": 102010111
      },
      {
        "Type": "SubMission",
        "ID": 102010112
      }
    ],
    "Operation": "Or"
  },
  "LoadOnInitial": true,
  "GroupRefreshID": 1,
  "ConflictIDList": [],
  "AnchorList": [
    {
      "ID": 1,
      "PosX": -4.292,
      "PosZ": -1.711,
      "Name": "Anchor1",
      "RotY": 39.30272,
      "MapLayerID": 1
    },
    {
      "ID": 2,
      "PosX": 3.589,
      "PosZ": 3.007,
      "Name": "Himeko_01",
      "RotY": 240.1102,
      "MapLayerID": 1
    },
    {
      "ID": 3,
      "PosX": -3.088,
      "PosZ": 1.399999,
      "Name": "Himeko_02",
      "RotY": 219.4153,
      "MapLayerID": 1
    },
    {
      "ID": 4,
      "PosX": 4.25,
      "PosZ": 14.4,
      "Name": "Himeko_03",
      "RotY": 252.4891,
      "MapLayerID": 1
    },
    {
      "ID": 5,
      "PosX": -4.42,
      "PosY": 0.021,
      "PosZ": -1.101,
      "Name": "Welt_01",
      "RotY": 69.62791,
      "MapLayerID": 1
    },
    {
      "ID": 6,
      "PosX": -4.215,
      "PosZ": 13.4,
      "Name": "Welt_02",
      "RotY": 168.9749,
      "MapLayerID": 1
    },
    {
      "ID": 7,
      "PosX": 2.67,
      "PosY": 2.004447,
      "PosZ": -21.81,
      "Name": "Welt_03",
      "MapLayerID": 1
    }
  ],
  "MonsterList": [],
  "PropList": [],
  "NPCList": [
    {
      "ID": 400002,
      "PosX": 3.589,
      "PosZ": 3.007,
      "Name": "NPC2",
      "RotY": 240.1102,
      "NPCID": 1003,
      "DialogueGroups": [
        101150223,
        200020101,
        100050406
      ],
      "ServerInteractVerificationIDList": [],
      "DefaultIdleStateName": "Sit01",
      "DefaultLookAtMode": "Closed",
      "MapLayerID": 1,
      "BoardShowList": [
        4
      ],
      "TalkDialogGroupIDList": [],
      "DefaultIdleFreeStyleMotionID": 310030900,
      "BornType": "Permanent",
      "InitialHiddenNodeList": [],
      "Dialog": {
        "LevelGraph": "Config/Level/NPCDialogue/P10000/F10000000_G40/DialogueMain_F10000000_G40_N400002.json",
        "PackList": [
          {
            "Name": "602020100",
            "LevelGraph": "Config/Level/NPCDialogue/P10000/F10000000_G40/DialoguePack_602020100_F10000000_G40_N400002.json"
          },
          {
            "Name": "200020105",
            "LevelGraph": "Config/Level/NPCDialogue/P10000/F10000000_G40/DialoguePack_200020105_F10000000_G40_N400002.json"
          },
          {
            "Name": "Common",
            "LevelGraph": "Config/Level/NPCDialogue/P10000/F10000000_G40/DialoguePack_Common_F10000000_G40_N400002.json"
          }
        ]
      },
      "OverrideBehaviorType": "TrainPassenger",
      "OverrideBehaviorParameter": {
        "$type": "LevelNPCTrainPassengerParam",
        "PassengerID": 1003001
      },
      "ConnectWithSubMissionIDList": [
        200020101
      ]
    },
    {
      "ID": 400003,
      "PosX": -4.42,
      "PosY": 0.021,
      "PosZ": -1.101,
      "Name": "NPC3",
      "RotY": 69.62791,
      "NPCID": 1004,
      "DialogueGroups": [
        100050108,
        100050407,
        100050408,
        201150107,
        201150111
      ],
      "ServerInteractVerificationIDList": [],
      "DefaultIdleStateName": "Sit01",
      "DefaultLookAtMode": "Closed",
      "MapLayerID": 1,
      "BoardShowList": [
        4
      ],
      "TalkDialogGroupIDList": [],
      "DefaultIdleFreeStyleMotionID": 310040900,
      "BornType": "Permanent",
      "InitialHiddenNodeList": [],
      "Dialog": {
        "LevelGraph": "Config/Level/NPCDialogue/P10000/F10000000_G40/DialogueMain_F10000000_G40_N400003.json",
        "PackList": [
          {
            "Name": "602020196",
            "LevelGraph": "Config/Level/NPCDialogue/P10000/F10000000_G40/DialoguePack_602020196_F10000000_G40_N400003.json"
          },
          {
            "Name": "201150107",
            "LevelGraph": "Config/Level/NPCDialogue/P10000/F10000000_G40/DialoguePack_201150107_F10000000_G40_N400003.json"
          },
          {
            "Name": "Common",
            "LevelGraph": "Config/Level/NPCDialogue/P10000/F10000000_G40/DialoguePack_Common_F10000000_G40_N400003.json"
          }
        ]
      },
      "OverrideBehaviorType": "TrainPassenger",
      "OverrideBehaviorParameter": {
        "$type": "LevelNPCTrainPassengerParam",
        "PassengerID": 1004001
      },
      "ConnectWithSubMissionIDList": [
        201150107,
        201150111
      ]
    },
    {
      "ID": 400001,
      "PosX": -3.029,
      "PosY": -4.0E-6,
      "PosZ": -0.456,
      "Name": "NPC1",
      "RotY": 236.8039,
      "NPCID": 1003,
      "DialogueGroups": [],
      "ServerInteractVerificationIDList": [],
      "MapLayerID": 1,
      "BoardShowList": [],
      "TalkDialogGroupIDList": [],
      "DefaultIdleFreeStyleMotionID": 310030000,
      "BornType": "Permanent",
      "InitialHiddenNodeList": []
    }
  ]
}