{
  "GroupGUID": "4381feac-1649-4106-967f-2e9bd19bc7a7",
  "GroupName": "MainMission8002100_",
  "Category": "Mission",
  "LevelGraph": "Config/Level/GroupGraph/F10000000/Group_F10000000_G133.json",
  "AreaAnchorName": "LevelArea_P10000_F10000000_G133",
  "SaveType": "Reset",
  "SavedValueCondition": {
    "Conditions": [],
    "Operation": "And"
  },
  "OwnerMainMissionID": 8002100,
  "ValueSource": {},
  "ConflictIDList": [],
  "IsHoyoGroup": true,
  "AnchorList": [
    {
      "ID": 1,
      "PosX": 0.2,
      "PosY": -4.0E-6,
      "PosZ": 3.79,
      "Name": "Anchor1",
      "RotY": 181.281,
      "MapLayerID": 1
    },
    {
      "ID": 2,
      "PosX": 1.453908,
      "PosY": 1.474101,
      "PosZ": 5.040164,
      "Name": "Anchor2",
      "RotY": 211.6467,
      "RotX": 9.281653,
      "RotZ": 0.076932,
      "MapLayerID": 1,
      "Usage": "Camera",
      "CustomParameter": {
        "$type": "LevelAnchorCameraParameter"
      }
    },
    {
      "ID": 3,
      "PosX": 0.71,
      "PosY": -4.0E-6,
      "PosZ": 0.07,
      "Name": "Anchor3",
      "MapLayerID": 1,
      "Usage": "Camera",
      "CustomParameter": {
        "$type": "LevelAnchorCameraParameter"
      }
    }
  ],
  "MonsterList": [],
  "PropList": [
    {
      "ID": 300001,
      "PosX": 0.21,
      "PosY": -4.0E-6,
      "PosZ": 2.62,
      "Name": "Prop1",
      "PropID": 100,
      "IsOverrideInitLevelGraph": true,
      "Trigger": {
        "Radius": 20.0,
        "DimX": 1.0,
        "DimY": 1.0,
        "DimZ": 1.0,
        "PointList": []
      },
      "CampID": 4,
      "MapLayerID": 1,
      "CustomTriggerMap": {},
      "CustomTriggerMapV2": {},
      "BridgeStateRotations": [],
      "DialogueGroups": [],
      "TalkDialogGroupIDList": [],
      "ServerInteractVerificationIDList": []
    },
    {
      "ID": 300002,
      "PosX": -0.01,
      "PosY": -4.0E-6,
      "PosZ": 3.022999,
      "Name": "Prop2",
      "PropID": 100,
      "IsOverrideInitLevelGraph": true,
      "InitLevelGraph": "Config/Level/LevelInstanceGraph/F10000000/LG_Prop_F10000000_G133_300002.json",
      "ValueSource": {},
      "Trigger": {
        "Radius": 16.0,
        "DimX": 14.0,
        "DimY": 2.0,
        "DimZ": 40.0,
        "PointList": []
      },
      "CampID": 4,
      "MapLayerID": 1,
      "CustomTriggerMap": {},
      "CustomTriggerMapV2": {},
      "BridgeStateRotations": [],
      "DialogueGroups": [],
      "TalkDialogGroupIDList": [],
      "ServerInteractVerificationIDList": []
    }
  ],
  "NPCList": [
    {
      "ID": 400001,
      "PosX": 0.2,
      "PosY": -4.0E-6,
      "PosZ": 3.79,
      "Name": "NPC1",
      "RotY": 181.281,
      "NPCID": 1991,
      "DialogueGroups": [],
      "ServerInteractVerificationIDList": [],
      "MapLayerID": 1,
      "BoardShowList": [],
      "TalkDialogGroupIDList": [],
      "DefaultIdleFreeStyleMotionID": 380010000,
      "InitialHiddenNodeList": [],
      "SpawnConfig": {
        "EntitySpawnConfig": {},
        "CaptureDistanceTolerance": 10.0
      }
    },
    {
      "ID": 400002,
      "PosX": 0.266903,
      "PosY": -4.0E-6,
      "PosZ": 2.083,
      "Name": "NPC2",
      "NPCID": 3001,
      "DialogueGroups": [],
      "ServerInteractVerificationIDList": [],
      "MapLayerID": 1,
      "BoardShowList": [],
      "TalkDialogGroupIDList": [],
      "DefaultIdleFreeStyleMotionID": 990101001,
      "InitialHiddenNodeList": [],
      "SpawnConfig": {
        "EntitySpawnConfig": {},
        "CaptureDistanceTolerance": 10.0
      }
    },
    {
      "ID": 400003,
      "PosX": -0.086,
      "PosY": -4.0E-6,
      "PosZ": 2.87,
      "Name": "NPC3",
      "RotY": 184.7415,
      "NPCID": 3001,
      "ValueSource": {},
      "DialogueGroups": [],
      "ServerInteractVerificationIDList": [],
      "MapLayerID": 1,
      "BoardShowList": [
        4,
        8
      ],
      "TalkDialogGroupIDList": [],
      "DefaultIdleFreeStyleMotionID": 990101001,
      "InitialHiddenNodeList": [],
      "SpawnConfig": {
        "EntitySpawnConfig": {},
        "CaptureDistanceTolerance": 10.0
      }
    }
  ]
}