{
  "GroupGUID": "b2561729-ca03-44b9-b8dd-b7cf9676cf14",
  "GroupName": "log book",
  "Category": "System",
  "LevelGraph": "Config/Level/GroupGraph/F10000000/Group_F10000000_G142.json",
  "AreaAnchorName": "LevelArea_P10000_F10000000_G142",
  "SaveType": "Reset",
  "SystemUnlockCondition": {
    "Conditions": [
      10007
    ]
  },
  "LoadSide": "Server",
  "LoadOnInitial": true,
  "ValueSource": {},
  "ConflictIDList": [],
  "IsHoyoGroup": true,
  "SpatialInfo": {
    "GridList": [],
    "LowerUpperBounds": {}
  },
  "ConflictWhiteList": [],
  "AnchorList": [],
  "MonsterList": [],
  "PropList": [
    {
      "ID": 300001,
      "PosX": -3.347,
      "PosY": 0.998,
      "PosZ": 14.811,
      "Name": "Prop1",
      "RotY": 90.73618,
      "PropID": 100083,
      "InitLevelGraph": "Config/Level/PropDialogue/P10000/F10000000_G142/DialogueMain_F10000000_G142_P300001.json",
      "ValueSource": {},
      "Trigger": {
        "Radius": 1.5,
        "PointList": []
      },
      "CampID": 4,
      "MapLayerID": 1,
      "OverrideHintRange": 10.0,
      "CustomTriggerMap": {},
      "CustomTriggerMapV2": {
        "InteractTrigger": {
          "Radius": 1.5,
          "PointList": []
        }
      },
      "BridgeStateRotations": [],
      "MappingInfoID": 2367,
      "DialogueGroups": [],
      "TalkDialogGroupIDList": [],
      "ServerInteractVerificationIDList": [],
      "OverrideMapIconType": 156,
      "TriggerValidGuest": {},
      "SpawnConfig": {
        "EntitySpawnConfig": {}
      }
    }
  ],
  "NPCList": []
}