{
  "GroupGUID": "8f3e2798-ec64-4de9-94d3-8f2b78a058b2",
  "GroupName": "MainMission1011503_",
  "Category": "Mission",
  "AreaAnchorName": "LevelArea_P10000_F10000000_G120",
  "SaveType": "Reset",
  "LoadCondition": {
    "Conditions": [
      {
        "ID": 1011503
      }
    ]
  },
  "UnloadCondition": {
    "Conditions": [
      {
        "Phase": "Finish",
        "ID": 1011503
      }
    ]
  },
  "OwnerMainMissionID": 1011503,
  "ConflictIDList": [],
  "AnchorList": [],
  "MonsterList": [],
  "PropList": [],
  "NPCList": [
    {
      "ID": 400001,
      "PosX": 3.589,
      "PosZ": 3.007,
      "Name": "NPC1",
      "RotY": 240.1102,
      "NPCID": 1003,
      "DialogueGroups": [
        101150223,
        200020101,
        100050406
      ],
      "ServerInteractVerificationIDList": [],
      "DefaultIdleStateName": "Sit01",
      "DefaultLookAtMode": "Closed",
      "MapLayerID": 1,
      "BoardShowList": [
        4
      ],
      "TalkDialogGroupIDList": [],
      "DefaultIdleFreeStyleMotionID": 310030900,
      "BornType": "Permanent",
      "InitialHiddenNodeList": [],
      "Dialog": {
        "LevelGraph": "Config/Level/NPCDialogue/P10000/F10000000_G40/DialogueMain_F10000000_G40_N400002.json",
        "PackList": [
          {
            "Name": "Common",
            "LevelGraph": "Config/Level/NPCDialogue/P10000/F10000000_G40/DialoguePack_Common_F10000000_G40_N400002.json"
          }
        ]
      },
      "OverrideBehaviorType": "TrainPassenger",
      "OverrideBehaviorParameter": {
        "$type": "LevelNPCTrainPassengerParam",
        "PassengerID": 1003001
      }
    },
    {
      "ID": 400002,
      "PosX": -4.42,
      "PosY": 0.021,
      "PosZ": -1.101,
      "Name": "NPC2",
      "RotY": 69.62791,
      "NPCID": 1004,
      "DialogueGroups": [
        100050108,
        100050407,
        100050408,
        201150107,
        201150111
      ],
      "ServerInteractVerificationIDList": [],
      "DefaultIdleStateName": "Sit01",
      "DefaultLookAtMode": "Closed",
      "MapLayerID": 1,
      "BoardShowList": [
        4
      ],
      "TalkDialogGroupIDList": [],
      "DefaultIdleFreeStyleMotionID": 310040900,
      "BornType": "Permanent",
      "InitialHiddenNodeList": [],
      "Dialog": {
        "LevelGraph": "Config/Level/NPCDialogue/P10000/F10000000_G40/DialogueMain_F10000000_G40_N400003.json",
        "PackList": [
          {
            "Name": "Common",
            "LevelGraph": "Config/Level/NPCDialogue/P10000/F10000000_G40/DialoguePack_Common_F10000000_G40_N400003.json"
          }
        ]
      },
      "OverrideBehaviorType": "TrainPassenger",
      "OverrideBehaviorParameter": {
        "$type": "LevelNPCTrainPassengerParam",
        "PassengerID": 1004001
      }
    }
  ]
}