{
  "GroupGUID": "6e3a0be0-4121-4395-a290-622bbbab8892",
  "GroupName": "FunctionProp",
  "AreaAnchorName": "LevelArea_P10000_F10000000_G47",
  "LoadCondition": {
    "Conditions": [
      {
        "Type": "SubMission",
        "Phase": "Finish",
        "ID": 401010503
      },
      {
        "Type": "SubMission",
        "ID": 401010505
      }
    ],
    "Operation": "Or"
  },
  "LoadSide": "Server",
  "AnchorList": [
    {
      "ID": 1,
      "PosX": -4.03,
      "PosY": 2.0E-6,
      "PosZ": -13.006,
      "Name": "Anchor1",
      "RotY": 270.0,
      "MapLayerID": 1
    }
  ],
  "MonsterList": [],
  "PropList": [
    {
      "ID": 300001,
      "PosX": -6.416001,
      "PosY": 4.0E-6,
      "PosZ": -12.95,
      "Name": "Prop1",
      "RotY": 90.0,
      "PropID": 2004,
      "IsOverrideInitLevelGraph": true,
      "InitLevelGraph": "Config/Level/Maze/Chapter01/Town/Town_Chapter00_ChallengeMaze 1.json",
      "Trigger": {
        "Radius": 3.0,
        "DimX": 1.0,
        "DimY": 1.0,
        "DimZ": 3.5,
        "PointList": []
      },
      "CampID": 4,
      "MapLayerID": 1,
      "CustomTriggerMap": {},
      "BridgeStateRotations": [],
      "AnchorGroupID": 47,
      "AnchorID": 1,
      "MappingInfoID": 2206,
      "DialogueGroups": [],
      "TalkDialogGroupIDList": [],
      "TalkChosenType": "loop",
      "ServerInteractVerificationIDList": []
    }
  ],
  "NPCList": []
}