{
  "GroupGUID": "1e48d3d1-9896-4dd5-9153-9739a708dfe3",
  "GroupName": "MainMission1010001_06",
  "Category": "Mission",
  "AreaAnchorName": "LevelArea_P10000_F10000000_G16",
  "SaveType": "Reset",
  "LoadCondition": {
    "Conditions": [
      {
        "Type": "SubMission",
        "ID": 101000106
      }
    ]
  },
  "UnloadCondition": {
    "Conditions": [
      {
        "Type": "SubMission",
        "Phase": "Finish",
        "ID": 101000106
      }
    ]
  },
  "OwnerMainMissionID": 1010001,
  "ConflictIDList": [],
  "AnchorList": [
    {
      "ID": 1,
      "PosX": 2.45,
      "PosY": -2.0E-6,
      "PosZ": -1.51,
      "Name": "Anchor1",
      "RotY": 313.7,
      "MapLayerID": 1
    }
  ],
  "MonsterList": [],
  "PropList": [
    {
      "ID": 300001,
      "PosX": 0.07,
      "PosY": 1.139,
      "PosZ": 27.06,
      "Name": "Prop1",
      "PropID": 100,
      "IsOverrideInitLevelGraph": true,
      "Trigger": {
        "Radius": 3.0,
        "DimX": 1.0,
        "DimY": 1.0,
        "DimZ": 1.0,
        "PointList": []
      },
      "CampID": 4,
      "MapLayerID": 1,
      "OverrideHintRange": 10.0,
      "CustomTriggerMap": {},
      "BridgeStateRotations": [],
      "DialogueGroups": [
        101000111
      ],
      "TalkDialogGroupIDList": [],
      "ServerInteractVerificationIDList": []
    }
  ],
  "NPCList": [
    {
      "ID": 400002,
      "PosX": -2.93,
      "PosZ": 12.51,
      "Name": "NPC2",
      "RotY": 191.1563,
      "NPCID": 1004,
      "DialogueGroups": [
        101000105
      ],
      "ServerInteractVerificationIDList": [],
      "DefaultIdleStateName": "Sit01",
      "DefaultLookAtMode": "Closed",
      "MapLayerID": 1,
      "BoardShowList": [],
      "TalkDialogGroupIDList": [],
      "DefaultIdleFreeStyleMotionID": 310040900,
      "InitialHiddenNodeList": [],
      "Dialog": {
        "LevelGraph": "Config/Level/NPCDialogue/P10000/F10000000_G16/DialogueMain_F10000000_G16_N400002.json",
        "PackList": [],
        "EnableCondition": {
          "Conditions": [
            {
              "Type": "SubMission",
              "ID": 101000106
            }
          ]
        }
      }
    },
    {
      "ID": 400003,
      "PosX": 1.49,
      "PosY": -4.0E-6,
      "PosZ": 2.157,
      "Name": "NPC3",
      "RotY": 229.8,
      "NPCID": 1001,
      "DialogueGroups": [
        101000102
      ],
      "ServerInteractVerificationIDList": [],
      "DefaultLookAtMode": "Closed",
      "MapLayerID": 1,
      "BoardShowList": [
        4
      ],
      "TalkDialogGroupIDList": [],
      "DefaultIdleFreeStyleMotionID": 310010209,
      "InitialHiddenNodeList": [],
      "Dialog": {
        "LevelGraph": "Config/Level/NPCDialogue/P10000/F10000000_G16/DialogueMain_F10000000_G16_N400003.json",
        "PackList": [],
        "EnableCondition": {
          "Conditions": [
            {
              "Type": "SubMission",
              "ID": 101000106
            }
          ]
        }
      }
    },
    {
      "ID": 400004,
      "PosX": 0.711,
      "PosY": -4.0E-6,
      "PosZ": 1.548,
      "Name": "NPC4",
      "RotY": 25.4,
      "NPCID": 3001,
      "DialogueGroups": [],
      "ServerInteractVerificationIDList": [],
      "DefaultLookAtMode": "Closed",
      "MapLayerID": 1,
      "BoardShowList": [
        4
      ],
      "TalkDialogGroupIDList": [],
      "DefaultIdleFreeStyleMotionID": 900010000,
      "InitialHiddenNodeList": []
    },
    {
      "ID": 400005,
      "PosX": 5.097,
      "PosY": -1.0E-6,
      "PosZ": 9.595,
      "Name": "NPC5",
      "RotY": 319.7687,
      "NPCID": 1003,
      "DialogueGroups": [
        101000104
      ],
      "ServerInteractVerificationIDList": [],
      "DefaultIdleStateName": "Sit01",
      "DefaultLookAtMode": "Closed",
      "MapLayerID": 1,
      "BoardShowList": [],
      "TalkDialogGroupIDList": [],
      "DefaultIdleFreeStyleMotionID": 310030900,
      "InitialHiddenNodeList": [],
      "Dialog": {
        "LevelGraph": "Config/Level/NPCDialogue/P10000/F10000000_G16/DialogueMain_F10000000_G16_N400005.json",
        "EnableCondition": {
          "Conditions": [
            {
              "Type": "SubMission",
              "ID": 101000106
            }
          ]
        }
      }
    }
  ]
}