{
  "GroupGUID": "9c59edd3-6328-47a2-956b-5d050e3c207b",
  "GroupName": "MainMission_101000106",
  "AreaAnchorName": "LevelArea_P10000_F10000000_G1",
  "LoadCondition": {
    "Conditions": [
      {
        "Type": "SubMission",
        "ID": 101000106
      }
    ]
  },
  "UnloadCondition": {
    "Conditions": [
      {
        "Type": "SubMission",
        "Phase": "Finish",
        "ID": 101000106
      },
      {
        "ID": 1000501
      },
      {
        "ID": 1000502
      }
    ],
    "Operation": "Or"
  },
  "AnchorList": [],
  "MonsterList": [],
  "PropList": [
    {
      "ID": 300002,
      "PosX": 4.718,
      "PosY": 0.69,
      "PosZ": -1.731,
      "Name": "Prop2",
      "RotY": 270.0,
      "PropID": 100,
      "IsOverrideInitLevelGraph": true,
      "Trigger": {
        "Radius": 2.0,
        "DimX": 1.0,
        "DimY": 1.0,
        "DimZ": 1.0
      },
      "MapLayerID": 1,
      "OverrideHintRange": 10.0,
      "BridgeStateRotations": [],
      "DialogueGroups": [
        101000103
      ],
      "ServerInteractVerificationIDList": []
    }
  ],
  "NPCList": []
}