{
  "GroupGUID": "cdd3245f-a89f-4647-96d0-cfa964b30963",
  "GroupName": "TrainVisitorPet",
  "AreaAnchorName": "LevelArea_P10000_F10000000_G135",
  "SaveType": "Reset",
  "LoadOnInitial": true,
  "ValueSource": {},
  "ConflictIDList": [],
  "AnchorList": [],
  "MonsterList": [],
  "PropList": [],
  "NPCList": [
    {
      "ID": 400001,
      "PosX": -40.88087,
      "PosY": 2716.341,
      "PosZ": -50.94004,
      "Name": "NPC1",
      "NPCID": 3021,
      "ValueSource": {},
      "DialogueGroups": [],
      "ServerInteractVerificationIDList": [],
      "MapLayerID": 1,
      "BoardShowList": [],
      "TalkDialogGroupIDList": [],
      "InitialHiddenNodeList": [],
      "SpawnConfig": {
        "EntitySpawnConfig": {},
        "CaptureDistanceTolerance": 10.0
      }
    },
    {
      "ID": 400002,
      "PosX": -40.88087,
      "PosY": 2716.341,
      "PosZ": -50.94004,
      "Name": "NPC2",
      "NPCID": 3024,
      "ValueSource": {},
      "DialogueGroups": [],
      "ServerInteractVerificationIDList": [],
      "MapLayerID": 1,
      "BoardShowList": [],
      "TalkDialogGroupIDList": [],
      "DefaultIdleFreeStyleMotionID": 900080000,
      "InitialHiddenNodeList": [],
      "SpawnConfig": {
        "EntitySpawnConfig": {},
        "CaptureDistanceTolerance": 10.0
      }
    }
  ]
}