{
  "GroupGUID": "b8202fd6-4003-4589-a6ac-f93b8b35ffb3",
  "GroupName": "MainMission8015163_801516317",
  "Category": "Mission",
  "AreaAnchorName": "LevelArea_P10000_F10000000_G158",
  "SaveType": "Reset",
  "OwnerMainMissionID": 8015163,
  "ValueSource": {},
  "ConflictIDList": [],
  "IsHoyoGroup": true,
  "SpatialInfo": {
    "GridList": [
      {
        "x": -4,
        "y": 3
      },
      {
        "x": -3,
        "y": 3
      },
      {
        "x": -4,
        "y": 4
      },
      {
        "x": -3,
        "y": 4
      }
    ],
    "LowerUpperBounds": {
      "y": 2
    }
  },
  "ConflictWhiteList": [],
  "AnchorList": [],
  "MonsterList": [],
  "PropList": [
    {
      "ID": 300001,
      "PosX": -6.501385,
      "PosY": 1.002,
      "PosZ": 8.29576,
      "Name": "Prop1",
      "RotY": 90.7905,
      "PropID": 102210,
      "ValueSource": {
        "Values": [
          {
            "$type": "SharedUint",
            "Key": "HaveSuiyang",
            "Value": 2
          }
        ]
      },
      "CampID": 4,
      "MapLayerID": 1,
      "CustomTriggerMap": {},
      "CustomTriggerMapV2": {},
      "BridgeStateRotations": [],
      "DialogueGroups": [],
      "TalkDialogGroupIDList": [],
      "ServerInteractVerificationIDList": [],
      "TriggerValidGuest": {},
      "SpawnConfig": {
        "EntitySpawnConfig": {}
      }
    }
  ],
  "NPCList": [
    {
      "ID": 400001,
      "PosX": -5.53,
      "PosY": -9.0E-6,
      "PosZ": 9.318,
      "Name": "NPC1",
      "RotY": 216.1335,
      "NPCID": 1001,
      "ValueSource": {},
      "DialogueGroups": [],
      "ServerInteractVerificationIDList": [],
      "DefaultLookAtMode": "Closed",
      "MapLayerID": 1,
      "BoardShowList": [],
      "TalkDialogGroupIDList": [],
      "DefaultIdleFreeStyleMotionID": 310010256,
      "InitialHiddenNodeList": [],
      "Dialog": {
        "LevelGraph": "Config/Level/NPCDialogue/P10000/F10000000_G158/DialogueMain_F10000000_G158_N400001.json",
        "PackList": []
      },
      "InteractIconType": "ChatMissionIcon",
      "SpawnConfig": {
        "EntitySpawnConfig": {}
      },
      "TriggerValidGuest": {}
    }
  ]
}