{
  "GroupGUID": "3b09c033-1915-4dd5-9f8f-34ffd7a84d0a",
  "GroupName": "Exit",
  "AreaAnchorName": "LevelArea_P10000_F10000000_G7",
  "SaveType": "Reset",
  "LoadCondition": {
    "Conditions": [
      {
        "Type": "SubMission",
        "Phase": "Finish",
        "ID": 100050203
      },
      {
        "Phase": "Finish",
        "ID": 1010001
      }
    ],
    "Operation": "Or"
  },
  "UnloadCondition": {
    "Conditions": [
      {
        "ID": 1010001
      }
    ]
  },
  "LoadSide": "Server",
  "ConflictIDList": [],
  "AnchorList": [
    {
      "ID": 1,
      "PosX": 0.215862,
      "PosY": -2.0E-6,
      "PosZ": 22.77,
      "Name": "Anchor1",
      "RotY": 165.0,
      "MapLayerID": 1
    }
  ],
  "MonsterList": [],
  "PropList": [
    {
      "ID": 300001,
      "PosY": 2.0,
      "PosZ": 27.29,
      "Name": "Prop1",
      "PropID": 107,
      "IsOverrideInitLevelGraph": true,
      "InitLevelGraph": "Config/Level/Maze/Chapter01/Town/Town_Chapter01_Entry.json",
      "ValueSource": {
        "Values": [
          {
            "$type": "SharedString",
            "Key": "ButtonTextFloorName",
            "Value": "FloorName_10000002 "
          },
          {
            "$type": "SharedUint",
            "Key": "EnterMapEntranceID",
            "Value": 2000004
          }
        ]
      },
      "Trigger": {
        "Radius": 2.0,
        "DimX": 1.0,
        "DimY": 1.0,
        "DimZ": 1.0,
        "PointList": []
      },
      "MapLayerID": 1,
      "CustomTriggerMap": {},
      "BridgeStateRotations": [],
      "MappingInfoID": 2256,
      "DialogueGroups": [],
      "TalkDialogGroupIDList": [],
      "ServerInteractVerificationIDList": []
    }
  ],
  "NPCList": []
}