{
  "GroupGUID": "e911180e-0223-46b4-a745-00bb878881c6",
  "GroupName": "MainMission4010105__Pam",
  "Category": "Mission",
  "AreaAnchorName": "LevelArea_P10000_F10000000_G117",
  "SaveType": "Reset",
  "LoadCondition": {
    "Conditions": [
      {
        "Type": "SubMission",
        "ID": 401010510
      },
      {
        "Type": "SubMission",
        "ID": 401010503
      }
    ],
    "Operation": "Or"
  },
  "UnloadCondition": {
    "Conditions": [
      {
        "Type": "SubMission",
        "ID": 401010509
      }
    ]
  },
  "LoadSide": "Server",
  "OwnerMainMissionID": 4010105,
  "ConflictIDList": [],
  "AnchorList": [],
  "MonsterList": [],
  "PropList": [],
  "NPCList": [
    {
      "ID": 400001,
      "PosX": -2.537,
      "PosY": -6.0E-6,
      "PosZ": 7.43,
      "Name": "NPC1",
      "RotY": 120.6301,
      "NPCID": 3001,
      "LevelGraph": "Config/Level/Maze/Chapter00/Train/Train_PamAction.json",
      "DialogueGroups": [],
      "ServerInteractVerificationIDList": [
        1,
        2,
        3,
        4
      ],
      "DefaultLookAtMode": "Closed",
      "MapLayerID": 1,
      "BoardShowList": [
        4,
        8
      ],
      "TalkDialogGroupIDList": [],
      "DefaultIdleFreeStyleMotionID": 900010000,
      "IsMapContent": true,
      "InitialHiddenNodeList": [],
      "Dialog": {
        "LevelGraph": "Config/Level/NPCDialogue/P10000/F10000000_G117/DialogueMain_F10000000_G117_N400001.json",
        "PackList": [
          {
            "Name": "FakePamBase",
            "LevelGraph": "Config/Level/NPCDialogue/P10000/F10000000_G56/DialoguePack_FakePamBase_F10000000_G56_N400001.json"
          }
        ]
      }
    }
  ]
}