{
  "GroupGUID": "b208fa89-aebe-4367-86f8-223de935fdb2",
  "GroupName": "MainMission2021009_",
  "Category": "Mission",
  "LevelGraph": "Config/Level/GroupGraph/F10000000/Group_F10000000_G140.json",
  "AreaAnchorName": "LevelArea_P10000_F10000000_G140",
  "SaveType": "Reset",
  "SavedValueCondition": {
    "Operation": "And"
  },
  "OwnerMainMissionID": 2021009,
  "ValueSource": {},
  "ConflictIDList": [],
  "IsHoyoGroup": true,
  "AnchorList": [],
  "MonsterList": [],
  "PropList": [
    {
      "ID": 300001,
      "PosX": -3.333,
      "PosY": 0.772,
      "PosZ": 0.267,
      "Name": "Prop1",
      "RotY": 81.11929,
      "PropID": 102012,
      "IsOverrideInitLevelGraph": true,
      "ValueSource": {},
      "CampID": 4,
      "MapLayerID": 1,
      "OverrideHintRange": 1.5,
      "CustomTriggerMap": {},
      "CustomTriggerMapV2": {},
      "BridgeStateRotations": [],
      "DialogueGroups": [],
      "TalkDialogGroupIDList": [],
      "ServerInteractVerificationIDList": []
    },
    {
      "ID": 300002,
      "PosX": -3.333,
      "PosY": 0.875,
      "PosZ": 0.267,
      "Name": "Prop2",
      "RotY": 81.11929,
      "PropID": 100,
      "IsOverrideInitLevelGraph": true,
      "ValueSource": {},
      "CampID": 4,
      "MapLayerID": 1,
      "OverrideHintRange": 10.0,
      "CustomTriggerMap": {},
      "CustomTriggerMapV2": {},
      "BridgeStateRotations": [],
      "DialogueGroups": [],
      "TalkDialogGroupIDList": [],
      "ServerInteractVerificationIDList": []
    }
  ],
  "NPCList": []
}