{
  "GroupGUID": "2c6715dc-091d-4074-8ea6-a2715941e775",
  "GroupName": "MainMission1010002_03_04",
  "Category": "Mission",
  "AreaAnchorName": "LevelArea_P10000_F10000000_G17",
  "SaveType": "Reset",
  "LoadCondition": {
    "Conditions": [
      {
        "Type": "SubMission",
        "ID": 101000206
      },
      {
        "Type": "SubMission",
        "ID": 101000203
      }
    ],
    "Operation": "Or"
  },
  "UnloadCondition": {
    "Conditions": [
      {
        "Type": "SubMission",
        "Phase": "Finish",
        "ID": 101000204
      }
    ]
  },
  "OwnerMainMissionID": 1010002,
  "ConflictIDList": [],
  "AnchorList": [
    {
      "ID": 1,
      "PosX": 0.26,
      "PosY": -8.0E-6,
      "PosZ": 13.047,
      "Name": "Anchor1",
      "RotY": 180.0,
      "MapLayerID": 1
    }
  ],
  "MonsterList": [],
  "PropList": [],
  "NPCList": [
    {
      "ID": 400001,
      "PosX": 4.92999,
      "PosY": 1.0E-6,
      "PosZ": -7.253701,
      "Name": "NPC1",
      "RotY": 119.8,
      "NPCID": 1001,
      "DialogueGroups": [
        101000201,
        101000202
      ],
      "ServerInteractVerificationIDList": [],
      "DefaultLookAtMode": "Closed",
      "MapLayerID": 1,
      "BoardShowList": [
        4
      ],
      "TalkDialogGroupIDList": [],
      "DefaultIdleFreeStyleMotionID": 310010000,
      "InitialHiddenNodeList": [],
      "Dialog": {
        "LevelGraph": "Config/Level/NPCDialogue/P10000/F10000000_G17/DialogueMain_F10000000_G17_N400001.json",
        "PackList": [
          {
            "Name": "Transferred",
            "LevelGraph": "Config/Level/NPCDialogue/P10000/F10000000_G17/DialoguePack_Transferred_F10000000_G17_N400001.json"
          }
        ],
        "EnableCondition": {
          "Conditions": [
            {
              "Type": "SubMission",
              "ID": 101000203
            },
            {
              "Type": "SubMission",
              "ID": 101000206
            }
          ],
          "Operation": "Or"
        }
      },
      "ConnectWithSubMissionIDList": [
        101000203,
        101000206
      ]
    },
    {
      "ID": 400002,
      "PosX": -0.84,
      "PosZ": -14.67,
      "Name": "NPC2",
      "RotY": 3.24,
      "NPCID": 1002,
      "AIConfig": {
        "PathwayList": [],
        "SlaveConfigList": []
      },
      "DialogueGroups": [
        101000205
      ],
      "ServerInteractVerificationIDList": [],
      "DefaultLookAtMode": "Closed",
      "MapLayerID": 1,
      "BoardShowList": [],
      "TalkDialogGroupIDList": [],
      "DefaultIdleFreeStyleMotionID": 310020230,
      "InitialHiddenNodeList": [],
      "Dialog": {
        "LevelGraph": "Config/Level/NPCDialogue/P10000/F10000000_G17/DialogueMain_F10000000_G17_N400002.json",
        "PackList": []
      }
    },
    {
      "ID": 400003,
      "PosX": 4.568,
      "PosY": -6.0E-6,
      "PosZ": 8.064001,
      "Name": "NPC3",
      "RotY": 105.6,
      "NPCID": 1003,
      "DialogueGroups": [
        101000209
      ],
      "ServerInteractVerificationIDList": [],
      "DefaultLookAtMode": "Closed",
      "MapLayerID": 1,
      "BoardShowList": [],
      "TalkDialogGroupIDList": [],
      "DefaultIdleFreeStyleMotionID": 310030216,
      "InitialHiddenNodeList": [],
      "Dialog": {
        "LevelGraph": "Config/Level/NPCDialogue/P10000/F10000000_G17/DialogueMain_F10000000_G17_N400003.json",
        "PackList": []
      }
    },
    {
      "ID": 400004,
      "PosX": -2.715001,
      "PosY": -9.0E-6,
      "PosZ": 10.604,
      "Name": "NPC4",
      "RotY": 100.2,
      "NPCID": 1004,
      "DialogueGroups": [
        101000203
      ],
      "ServerInteractVerificationIDList": [],
      "DefaultLookAtMode": "Closed",
      "MapLayerID": 1,
      "BoardShowList": [],
      "TalkDialogGroupIDList": [],
      "DefaultIdleFreeStyleMotionID": 310040221,
      "InitialHiddenNodeList": [],
      "Dialog": {
        "LevelGraph": "Config/Level/NPCDialogue/P10000/F10000000_G17/DialogueMain_F10000000_G17_N400004.json",
        "PackList": []
      }
    },
    {
      "ID": 400005,
      "PosX": 2.23,
      "PosY": 3.0E-6,
      "PosZ": -15.91,
      "Name": "NPC5",
      "RotY": 355.2151,
      "NPCID": 3001,
      "AIConfig": {
        "PathwayList": [],
        "SlaveConfigList": []
      },
      "DialogueGroups": [
        101000204
      ],
      "ServerInteractVerificationIDList": [
        1,
        2,
        3,
        4
      ],
      "DefaultLookAtMode": "Closed",
      "MapLayerID": 1,
      "BoardShowList": [],
      "TalkDialogGroupIDList": [],
      "DefaultIdleFreeStyleMotionID": 900010000,
      "InitialHiddenNodeList": [],
      "Dialog": {
        "LevelGraph": "Config/Level/NPCDialogue/P10000/F10000000_G17/DialogueMain_F10000000_G17_N400005.json",
        "PackList": [],
        "EnableCondition": {
          "Conditions": [
            {
              "Type": "SubMission",
              "ID": 101000206
            }
          ]
        }
      }
    }
  ]
}