{
  "GroupGUID": "5d538f3b-4a9b-4356-b680-871fe2593c9b",
  "GroupName": "MainMission2021001_",
  "Category": "Mission",
  "AreaAnchorName": "LevelArea_P10000_F10000000_G143",
  "SaveType": "Reset",
  "SavedValueCondition": {
    "Operation": "And"
  },
  "OwnerMainMissionID": 2021001,
  "ValueSource": {},
  "ConflictIDList": [],
  "IsHoyoGroup": true,
  "HoYoGroupType": "Container",
  "AnchorList": [],
  "MonsterList": [],
  "PropList": [],
  "NPCList": [
    {
      "ID": 400001,
      "PosX": 3.836908,
      "PosY": 1.419632,
      "PosZ": 4.510436,
      "Name": "NPC1",
      "NPCID": 100,
      "ValueSource": {},
      "DialogueGroups": [],
      "ServerInteractVerificationIDList": [],
      "MapLayerID": 1,
      "BoardShowList": [],
      "TalkDialogGroupIDList": [],
      "OverrideSeriesID": 100401,
      "InitialHiddenNodeList": [],
      "SpawnConfig": {
        "EntitySpawnConfig": {},
        "CaptureDistanceTolerance": 10.0
      }
    },
    {
      "ID": 400002,
      "PosX": 3.836908,
      "PosY": 1.419632,
      "PosZ": 4.510436,
      "Name": "NPC2",
      "NPCID": 100,
      "ValueSource": {},
      "DialogueGroups": [],
      "ServerInteractVerificationIDList": [],
      "MapLayerID": 1,
      "BoardShowList": [],
      "TalkDialogGroupIDList": [],
      "OverrideSeriesID": 100301,
      "InitialHiddenNodeList": [],
      "SpawnConfig": {
        "EntitySpawnConfig": {},
        "CaptureDistanceTolerance": 10.0
      }
    }
  ]
}