{
  "GroupGUID": "2931dc60-b2e2-4961-9ceb-87f149c50d1d",
  "GroupName": "MainMission8002107_1",
  "Category": "Mission",
  "AreaAnchorName": "LevelArea_P10000_F10000000_G136",
  "SaveType": "Reset",
  "SavedValueCondition": {
    "Operation": "And"
  },
  "OwnerMainMissionID": 8002107,
  "ConflictIDList": [],
  "IsHoyoGroup": true,
  "AnchorList": [
    {
      "ID": 1,
      "PosX": -1.304624,
      "PosY": -4.0E-6,
      "PosZ": 2.512347,
      "Name": "Anchor1",
      "MapLayerID": 1
    }
  ],
  "MonsterList": [],
  "PropList": [
    {
      "ID": 300001,
      "PosX": -0.04,
      "PosY": 6.65,
      "PosZ": 2.22,
      "Name": "Prop1",
      "Scale": {
        "x": 8.0,
        "y": 5.0,
        "z": 22.0
      },
      "PropID": 121,
      "IsOverrideInitLevelGraph": true,
      "InitLevelGraph": "Config/Level/LevelInstanceGraph/F10000000/LG_Prop_F10000000_G136_300001.json",
      "Trigger": {
        "Radius": 25.0,
        "DimX": 1.0,
        "DimY": 1.0,
        "DimZ": 1.0,
        "PointList": []
      },
      "CampID": 4,
      "MapLayerID": 1,
      "CustomTriggerMap": {},
      "CustomTriggerMapV2": {},
      "BridgeStateRotations": [],
      "DialogueGroups": [],
      "TalkDialogGroupIDList": [],
      "ServerInteractVerificationIDList": []
    }
  ],
  "NPCList": []
}