{
  "GroupGUID": "45080bd9-094f-4117-9ab6-1e43d5b0dd7a",
  "GroupName": "MainMission4050006_Pam",
  "Category": "Mission",
  "AreaAnchorName": "LevelArea_P10000_F10000000_G63",
  "LoadCondition": {
    "Conditions": [
      {
        "Type": "SubMission",
        "ID": 405000602
      },
      {
        "Type": "SubMission",
        "ID": 405000603
      },
      {
        "Type": "SubMission",
        "ID": 405000607
      },
      {
        "Type": "SubMission",
        "ID": 405000608
      },
      {
        "Type": "SubMission",
        "ID": 405000605
      },
      {
        "Type": "SubMission",
        "ID": 405000606
      },
      {
        "Type": "SubMission",
        "ID": 405000610
      },
      {
        "Type": "SubMission",
        "ID": 405000611
      }
    ],
    "Operation": "Or"
  },
  "UnloadCondition": {
    "Conditions": [
      {
        "Phase": "Finish",
        "ID": 4050006
      }
    ]
  },
  "LoadSide": "Server",
  "OwnerMainMissionID": 4050006,
  "GroupRefreshID": 1,
  "ConflictIDList": [],
  "AnchorList": [
    {
      "ID": 1,
      "PosX": -3.83,
      "PosY": -1.0E-5,
      "PosZ": 22.93,
      "Name": "Anchor1",
      "RotY": 224.3193,
      "MapLayerID": 1
    },
    {
      "ID": 2,
      "PosX": -5.08,
      "PosY": -1.0E-5,
      "PosZ": 20.66,
      "Name": "Anchor2",
      "RotY": 24.01377,
      "MapLayerID": 1
    },
    {
      "ID": 3,
      "PosX": -5.08,
      "PosY": -1.0E-5,
      "PosZ": 20.66,
      "Name": "Anchor3",
      "RotY": 24.01377,
      "MapLayerID": 1
    },
    {
      "ID": 4,
      "PosX": -1.43,
      "PosY": 1.77,
      "PosZ": 23.03,
      "Name": "Anchor4",
      "RotY": 255.0002,
      "RotX": 17.73829,
      "RotZ": 3.5E-5,
      "MapLayerID": 1,
      "Usage": "Camera"
    },
    {
      "ID": 5,
      "PosX": -6.27,
      "PosY": 0.8,
      "PosZ": 21.32,
      "Name": "Anchor5",
      "RotY": 90.0,
      "MapLayerID": 1
    }
  ],
  "MonsterList": [],
  "PropList": [],
  "NPCList": [
    {
      "ID": 400001,
      "PosX": -5.08,
      "PosY": -1.0E-5,
      "PosZ": 20.66,
      "Name": "NPC1",
      "RotY": 24.01377,
      "NPCID": 3001,
      "LevelGraph": "Config/Level/Maze/Chapter00/Train/Train_PamAction.json",
      "DialogueGroups": [],
      "ServerInteractVerificationIDList": [
        1,
        2,
        3,
        4
      ],
      "MapLayerID": 1,
      "BoardShowList": [
        4,
        8
      ],
      "TalkDialogGroupIDList": [],
      "DefaultIdleFreeStyleMotionID": 900010237,
      "IsMapContent": true,
      "InitialHiddenNodeList": [],
      "Dialog": {
        "LevelGraph": "Config/Level/NPCDialogue/P10000/F10000000_G56/DialogueMain_F10000000_G56_N400001.json",
        "PackList": [
          {
            "Name": "PamMission_4050006",
            "LevelGraph": "Config/Level/NPCDialogue/P10000/F10000000_G56/DialoguePack_PamMission_4050006_F10000000_G56_N400001.json"
          },
          {
            "Name": "FakePamBase",
            "LevelGraph": "Config/Level/NPCDialogue/P10000/F10000000_G56/DialoguePack_FakePamBase_F10000000_G56_N400001.json"
          }
        ]
      },
      "ConnectWithSubMissionIDList": [
        405000602,
        405000610,
        405000611
      ]
    }
  ]
}