{
  "GroupGUID": "93aaea67-cd5c-4ed8-aed0-b6a4550b7730",
  "GroupName": "MainMission8015163_801516301",
  "Category": "Mission",
  "LevelGraph": "Config/Level/GroupGraph/F10000000/Group_F10000000_G160.json",
  "AreaAnchorName": "LevelArea_P10000_F10000000_G160",
  "SaveType": "Reset",
  "IsPendedUnload": true,
  "OwnerMainMissionID": 8015163,
  "ValueSource": {},
  "ConflictIDList": [],
  "IsHoyoGroup": true,
  "SpatialInfo": {
    "GridList": [
      {
        "x": -4,
        "y": 4
      },
      {
        "x": -3,
        "y": 4
      },
      {
        "x": -4,
        "y": 5
      },
      {
        "x": -3,
        "y": 5
      }
    ],
    "LowerUpperBounds": {
      "y": 2
    }
  },
  "ConflictWhiteList": [],
  "AnchorList": [],
  "MonsterList": [],
  "PropList": [],
  "NPCList": [
    {
      "ID": 400001,
      "PosX": -5.572,
      "PosY": -6.0E-6,
      "PosZ": 9.248,
      "Name": "NPC1",
      "RotY": 146.9514,
      "NPCID": 1001,
      "ValueSource": {},
      "DialogueGroups": [],
      "ServerInteractVerificationIDList": [],
      "MapLayerID": 1,
      "BoardShowList": [],
      "TalkDialogGroupIDList": [],
      "DefaultIdleFreeStyleMotionID": 310010000,
      "InitialHiddenNodeList": [],
      "Dialog": {
        "LevelGraph": "Config/Level/NPCDialogue/P10000/F10000000_G160/DialogueMain_F10000000_G160_N400001.json",
        "PackList": []
      },
      "SpawnConfig": {
        "EntitySpawnConfig": {}
      },
      "TriggerValidGuest": {}
    }
  ]
}