{
  "GroupGUID": "93d77244-ef1e-4711-a6ef-02e89d59733b",
  "GroupName": "PamMissionProp",
  "AreaAnchorName": "LevelArea_P10000_F10000000_G60",
  "SaveType": "Reset",
  "LoadCondition": {
    "Conditions": [
      {
        "Type": "SubMission",
        "ID": 405000801
      },
      {
        "Type": "SubMission",
        "ID": 405000802
      },
      {
        "Type": "SubMission",
        "ID": 405000803
      },
      {
        "Type": "SubMission",
        "ID": 405000901
      },
      {
        "Type": "SubMission",
        "ID": 405001001
      },
      {
        "Type": "SubMission",
        "ID": 405001101
      },
      {
        "Type": "SubMission",
        "ID": 405001102
      },
      {
        "Type": "SubMission",
        "ID": 405001103
      },
      {
        "Type": "SubMission",
        "ID": 405001104
      },
      {
        "Type": "SubMission",
        "ID": 405001105
      },
      {
        "Type": "SubMission",
        "ID": 405001201
      },
      {
        "Type": "SubMission",
        "ID": 405001202
      },
      {
        "Type": "SubMission",
        "ID": 405001203
      },
      {
        "Type": "SubMission",
        "ID": 405001204
      },
      {
        "Type": "SubMission",
        "ID": 405002301
      },
      {
        "Type": "SubMission",
        "ID": 405002302
      },
      {
        "Type": "SubMission",
        "ID": 405002303
      },
      {
        "Type": "SubMission",
        "ID": 405002304
      },
      {
        "Type": "SubMission",
        "ID": 405002305
      },
      {
        "Type": "SubMission",
        "ID": 405002401
      },
      {
        "Type": "SubMission",
        "ID": 405002501
      },
      {
        "Type": "SubMission",
        "ID": 405002502
      },
      {
        "Type": "SubMission",
        "ID": 405002601
      },
      {
        "Type": "SubMission",
        "ID": 405002602
      },
      {
        "Type": "SubMission",
        "ID": 405002701
      },
      {
        "Type": "SubMission",
        "ID": 405002702
      },
      {
        "Type": "SubMission",
        "ID": 405002703
      }
    ],
    "Operation": "Or"
  },
  "ForceUnloadCondition": {
    "Conditions": [
      {
        "Phase": "Cancel",
        "ID": 4050008
      },
      {
        "Phase": "Cancel",
        "ID": 4050009
      },
      {
        "Phase": "Cancel",
        "ID": 4050010
      },
      {
        "Phase": "Cancel",
        "ID": 4050011
      },
      {
        "Phase": "Cancel",
        "ID": 4050012
      },
      {
        "Phase": "Cancel",
        "ID": 4050023
      },
      {
        "Phase": "Cancel",
        "ID": 4050024
      },
      {
        "Phase": "Cancel",
        "ID": 4050025
      },
      {
        "Phase": "Cancel",
        "ID": 4050026
      },
      {
        "Phase": "Cancel",
        "ID": 4050027
      }
    ]
  },
  "ConflictIDList": [],
  "AnchorList": [
    {
      "ID": 1,
      "PosY": -9.0E-6,
      "PosZ": 15.34,
      "Name": "Anchor1",
      "RotY": 210.0001,
      "MapLayerID": 1
    },
    {
      "ID": 2,
      "PosX": 2.331,
      "PosY": -9.0E-6,
      "PosZ": 9.995,
      "Name": "Anchor2",
      "RotY": 59.99998,
      "MapLayerID": 1
    },
    {
      "ID": 3,
      "PosX": -2.29,
      "PosY": -9.0E-6,
      "PosZ": 2.38,
      "Name": "Anchor3",
      "RotY": 300.0,
      "MapLayerID": 1
    },
    {
      "ID": 4,
      "PosX": 0.53,
      "PosY": -9.0E-6,
      "PosZ": 8.58,
      "Name": "Anchor4",
      "RotY": 209.9999,
      "MapLayerID": 1
    },
    {
      "ID": 5,
      "PosX": -0.72,
      "PosY": -9.0E-6,
      "PosZ": 6.58,
      "Name": "Anchor5",
      "RotY": 14.99997,
      "MapLayerID": 1
    },
    {
      "ID": 6,
      "PosX": 2.04,
      "PosY": 1.0E-6,
      "PosZ": 1.613,
      "Name": "Anchor6",
      "RotY": 315.0001,
      "MapLayerID": 1
    },
    {
      "ID": 7,
      "PosX": -0.81,
      "PosY": 1.0E-6,
      "PosZ": -15.23,
      "Name": "Anchor7",
      "RotY": 7.3E-5,
      "MapLayerID": 1
    },
    {
      "ID": 8,
      "PosX": -1.87,
      "PosY": 1.0E-6,
      "PosZ": 6.46,
      "Name": "Anchor8",
      "RotY": 45.00004,
      "MapLayerID": 1
    }
  ],
  "MonsterList": [],
  "PropList": [
    {
      "ID": 300001,
      "PosX": 0.168982,
      "PosY": -7.0E-6,
      "PosZ": 10.23,
      "Name": "Prop1",
      "PropID": 100,
      "IsOverrideInitLevelGraph": true,
      "Trigger": {
        "Radius": 5.0,
        "DimX": 2.0,
        "DimY": 1.0,
        "DimZ": 1.0,
        "PointList": [],
        "Server": true
      },
      "CampID": 4,
      "MapLayerID": 1,
      "CustomTriggerMap": {},
      "BridgeStateRotations": [],
      "DialogueGroups": [],
      "TalkDialogGroupIDList": [],
      "ServerInteractVerificationIDList": []
    },
    {
      "ID": 300002,
      "PosX": 4.5,
      "PosY": 0.597,
      "PosZ": -2.56,
      "Name": "Prop2",
      "PropID": 100,
      "IsOverrideInitLevelGraph": true,
      "Trigger": {
        "Radius": 1.0,
        "DimX": 1.0,
        "DimY": 1.0,
        "DimZ": 1.0,
        "PointList": []
      },
      "CampID": 4,
      "MapLayerID": 1,
      "OverrideHintRange": 50.0,
      "CustomTriggerMap": {},
      "BridgeStateRotations": [],
      "DialogueGroups": [],
      "TalkDialogGroupIDList": [],
      "ServerInteractVerificationIDList": []
    },
    {
      "ID": 300003,
      "PosX": 3.598,
      "PosY": 0.661,
      "PosZ": 16.775,
      "Name": "Prop3",
      "PropID": 100,
      "IsOverrideInitLevelGraph": true,
      "Trigger": {
        "Radius": 1.0,
        "DimX": 1.0,
        "DimY": 1.0,
        "DimZ": 1.0,
        "PointList": []
      },
      "CampID": 4,
      "MapLayerID": 1,
      "OverrideHintRange": 50.0,
      "CustomTriggerMap": {},
      "BridgeStateRotations": [],
      "DialogueGroups": [],
      "TalkDialogGroupIDList": [],
      "ServerInteractVerificationIDList": []
    },
    {
      "ID": 300004,
      "PosX": -3.323,
      "PosY": 1.157,
      "PosZ": 14.966,
      "Name": "Prop4",
      "PropID": 100,
      "IsOverrideInitLevelGraph": true,
      "Trigger": {
        "Radius": 1.0,
        "DimX": 1.0,
        "DimY": 1.0,
        "DimZ": 1.0,
        "PointList": []
      },
      "CampID": 4,
      "MapLayerID": 1,
      "OverrideHintRange": 50.0,
      "CustomTriggerMap": {},
      "BridgeStateRotations": [],
      "DialogueGroups": [],
      "TalkDialogGroupIDList": [],
      "ServerInteractVerificationIDList": []
    },
    {
      "ID": 300005,
      "PosX": -6.0,
      "PosY": 0.16,
      "PosZ": 22.69,
      "Name": "Prop5",
      "PropID": 100,
      "IsOverrideInitLevelGraph": true,
      "Trigger": {
        "Radius": 1.0,
        "DimX": 1.0,
        "DimY": 1.0,
        "DimZ": 1.0,
        "PointList": []
      },
      "CampID": 4,
      "MapLayerID": 1,
      "OverrideHintRange": 50.0,
      "CustomTriggerMap": {},
      "BridgeStateRotations": [],
      "DialogueGroups": [],
      "TalkDialogGroupIDList": [],
      "ServerInteractVerificationIDList": []
    },
    {
      "ID": 300006,
      "PosX": 4.343,
      "PosY": 0.812,
      "PosZ": 17.86,
      "Name": "Prop6",
      "PropID": 100,
      "IsOverrideInitLevelGraph": true,
      "Trigger": {
        "Radius": 1.0,
        "DimX": 1.0,
        "DimY": 1.0,
        "DimZ": 1.0,
        "PointList": []
      },
      "CampID": 4,
      "MapLayerID": 1,
      "OverrideHintRange": 50.0,
      "CustomTriggerMap": {},
      "BridgeStateRotations": [],
      "DialogueGroups": [],
      "TalkDialogGroupIDList": [],
      "ServerInteractVerificationIDList": []
    },
    {
      "ID": 300007,
      "PosX": 4.5,
      "PosY": 0.597,
      "PosZ": -2.56,
      "Name": "Prop7",
      "PropID": 100,
      "IsOverrideInitLevelGraph": true,
      "Trigger": {
        "Radius": 1.0,
        "DimX": 1.0,
        "DimY": 1.0,
        "DimZ": 1.0,
        "PointList": []
      },
      "CampID": 4,
      "MapLayerID": 1,
      "OverrideHintRange": 50.0,
      "CustomTriggerMap": {},
      "BridgeStateRotations": [],
      "DialogueGroups": [],
      "TalkDialogGroupIDList": [],
      "ServerInteractVerificationIDList": []
    },
    {
      "ID": 300008,
      "PosX": -5.891,
      "PosY": 0.6366,
      "PosZ": 16.43806,
      "Name": "Prop8",
      "PropID": 100,
      "IsOverrideInitLevelGraph": true,
      "Trigger": {
        "Radius": 1.0,
        "DimX": 1.0,
        "DimY": 1.0,
        "DimZ": 1.0,
        "PointList": []
      },
      "CampID": 4,
      "MapLayerID": 1,
      "OverrideHintRange": 50.0,
      "CustomTriggerMap": {},
      "BridgeStateRotations": [],
      "DialogueGroups": [],
      "TalkDialogGroupIDList": [],
      "ServerInteractVerificationIDList": []
    },
    {
      "ID": 300009,
      "PosX": -1.815266,
      "PosY": 0.15,
      "PosZ": 6.127016,
      "Name": "Prop9",
      "PropID": 100,
      "IsOverrideInitLevelGraph": true,
      "Trigger": {
        "Radius": 1.0,
        "DimX": 1.0,
        "DimY": 1.0,
        "DimZ": 1.0,
        "PointList": []
      },
      "CampID": 4,
      "MapLayerID": 1,
      "OverrideHintRange": 50.0,
      "CustomTriggerMap": {},
      "BridgeStateRotations": [],
      "DialogueGroups": [],
      "TalkDialogGroupIDList": [],
      "ServerInteractVerificationIDList": []
    },
    {
      "ID": 300010,
      "PosX": -0.34152,
      "PosY": 0.15,
      "PosZ": 12.26,
      "Name": "Prop10",
      "PropID": 100,
      "IsOverrideInitLevelGraph": true,
      "Trigger": {
        "Radius": 1.0,
        "DimX": 1.0,
        "DimY": 1.0,
        "DimZ": 1.0,
        "PointList": []
      },
      "CampID": 4,
      "MapLayerID": 1,
      "OverrideHintRange": 50.0,
      "CustomTriggerMap": {},
      "BridgeStateRotations": [],
      "DialogueGroups": [],
      "TalkDialogGroupIDList": [],
      "ServerInteractVerificationIDList": []
    },
    {
      "ID": 300011,
      "PosX": 2.346112,
      "PosY": 0.15,
      "PosZ": 9.994343,
      "Name": "Prop11",
      "PropID": 100,
      "IsOverrideInitLevelGraph": true,
      "Trigger": {
        "Radius": 1.0,
        "DimX": 1.0,
        "DimY": 1.0,
        "DimZ": 1.0,
        "PointList": []
      },
      "CampID": 4,
      "MapLayerID": 1,
      "OverrideHintRange": 50.0,
      "CustomTriggerMap": {},
      "BridgeStateRotations": [],
      "DialogueGroups": [],
      "TalkDialogGroupIDList": [],
      "ServerInteractVerificationIDList": []
    },
    {
      "ID": 300012,
      "PosX": -0.053577,
      "PosY": 0.15,
      "PosZ": -2.605261,
      "Name": "Prop12",
      "PropID": 100,
      "IsOverrideInitLevelGraph": true,
      "Trigger": {
        "Radius": 1.0,
        "DimX": 1.0,
        "DimY": 1.0,
        "DimZ": 1.0,
        "PointList": []
      },
      "CampID": 4,
      "MapLayerID": 1,
      "OverrideHintRange": 50.0,
      "CustomTriggerMap": {},
      "BridgeStateRotations": [],
      "DialogueGroups": [],
      "TalkDialogGroupIDList": [],
      "ServerInteractVerificationIDList": []
    }
  ],
  "NPCList": []
}