{
  "GroupGUID": "4d6692b4-4233-4534-9575-09663dc87712",
  "GroupName": "MainMission2000801_01",
  "Category": "Mission",
  "AreaAnchorName": "LevelArea_P10000_F10000000_G134",
  "LoadSide": "Server",
  "OwnerMainMissionID": 2000801,
  "ValueSource": {},
  "ConflictIDList": [],
  "IsHoyoGroup": true,
  "HoYoGroupType": "Container",
  "SpatialInfo": {
    "GridList": [
      {
        "x": -2,
        "y": -3
      },
      {
        "x": -1,
        "y": -3
      },
      {
        "x": -2,
        "y": -2
      },
      {
        "x": -1,
        "y": -2
      },
      {
        "x": 1,
        "y": -2
      },
      {
        "x": 2,
        "y": -2
      },
      {
        "x": -2,
        "y": -1
      },
      {
        "x": -1,
        "y": -1
      },
      {
        "x": 1,
        "y": -1
      },
      {
        "x": 2,
        "y": -1
      },
      {
        "x": 1
      },
      {
        "x": 2
      },
      {
        "x": 1,
        "y": 1
      },
      {
        "x": 2,
        "y": 1
      }
    ],
    "LowerUpperBounds": {
      "y": 2
    }
  },
  "ConflictWhiteList": [],
  "AnchorList": [],
  "MonsterList": [],
  "PropList": [],
  "NPCList": [
    {
      "ID": 400001,
      "PosX": 3.585,
      "PosY": 1.0E-6,
      "PosZ": 0.225,
      "Name": "NPC1",
      "RotY": 293.2462,
      "NPCID": 3001,
      "LevelGraph": "Config/Level/Maze/Chapter00/Train/Train_PamAction.json",
      "ValueSource": {},
      "DialogueGroups": [],
      "ServerInteractVerificationIDList": [
        1,
        2,
        3,
        4
      ],
      "MapLayerID": 1,
      "BoardShowList": [
        4,
        8
      ],
      "TalkDialogGroupIDList": [],
      "DefaultIdleFreeStyleMotionID": 990101001,
      "IsMapContent": true,
      "InitialHiddenNodeList": [],
      "Dialog": {
        "LevelGraph": "Config/Level/NPCDialogue/P10000/F10000000_G134/DialogueMain_F10000000_G134_N400001.json",
        "PackList": [
          {
            "Name": "200080206",
            "LevelGraph": "Config/Level/NPCDialogue/P10000/F10000000_G134/DialoguePack_200080207_F10000000_G134_N400001.json"
          },
          {
            "Name": "FakePamBaseWithoutLeave",
            "LevelGraph": "Config/Level/NPCDialogue/P10000/F10000000_G134/DialoguePack_FakePamBaseWithoutLeave_F10000000_G134_N400001.json"
          }
        ],
        "EnableCondition": {
          "Conditions": [
            {
              "Type": "SubMission",
              "ID": 200080102
            },
            {
              "Type": "SubMission",
              "ID": 200080103
            }
          ],
          "Operation": "Or"
        }
      },
      "ConnectWithSubMissionIDList": [
        200080103
      ],
      "SpawnConfig": {
        "EntitySpawnConfig": {},
        "CaptureDistanceTolerance": 10.0
      },
      "TriggerValidGuest": {}
    },
    {
      "ID": 400002,
      "PosX": 3.39,
      "PosY": -4.0E-6,
      "PosZ": 1.632,
      "Name": "NPC2",
      "RotY": 227.4,
      "NPCID": 1001,
      "ValueSource": {},
      "DialogueGroups": [],
      "ServerInteractVerificationIDList": [],
      "MapLayerID": 1,
      "BoardShowList": [],
      "TalkDialogGroupIDList": [],
      "DefaultIdleFreeStyleMotionID": 310010000,
      "InitialHiddenNodeList": [],
      "Dialog": {
        "LevelGraph": "Config/Level/NPCDialogue/P10000/F10000000_G134/DialogueMain_F10000000_G134_N400002.json",
        "PackList": [],
        "EnableCondition": {
          "Conditions": [
            {
              "ID": 2000801
            }
          ]
        }
      },
      "SpawnConfig": {
        "EntitySpawnConfig": {}
      },
      "TriggerValidGuest": {}
    },
    {
      "ID": 400003,
      "PosX": -1.265,
      "PosY": -4.0E-6,
      "PosZ": -3.11,
      "Name": "NPC3",
      "RotY": 282.7238,
      "NPCID": 1002,
      "ValueSource": {},
      "DialogueGroups": [],
      "ServerInteractVerificationIDList": [],
      "MapLayerID": 1,
      "BoardShowList": [],
      "TalkDialogGroupIDList": [],
      "DefaultIdleFreeStyleMotionID": 310020000,
      "InitialHiddenNodeList": [],
      "Dialog": {
        "LevelGraph": "Config/Level/NPCDialogue/P10000/F10000000_G134/DialogueMain_F10000000_G134_N400003.json",
        "PackList": [],
        "EnableCondition": {
          "Conditions": [
            {
              "ID": 2000801
            }
          ]
        }
      },
      "SpawnConfig": {
        "EntitySpawnConfig": {}
      },
      "TriggerValidGuest": {}
    },
    {
      "ID": 400004,
      "PosX": -2.336,
      "PosY": -4.0E-6,
      "PosZ": -2.843,
      "Name": "NPC4",
      "RotY": 95.12315,
      "NPCID": 1004,
      "ValueSource": {},
      "DialogueGroups": [],
      "ServerInteractVerificationIDList": [],
      "MapLayerID": 1,
      "BoardShowList": [],
      "TalkDialogGroupIDList": [],
      "DefaultIdleFreeStyleMotionID": 310040000,
      "InitialHiddenNodeList": [],
      "Dialog": {
        "LevelGraph": "Config/Level/NPCDialogue/P10000/F10000000_G134/DialogueMain_F10000000_G134_N400004.json",
        "PackList": [],
        "EnableCondition": {
          "Conditions": [
            {
              "ID": 2000801
            }
          ]
        }
      },
      "SpawnConfig": {
        "EntitySpawnConfig": {}
      },
      "TriggerValidGuest": {}
    },
    {
      "ID": 400005,
      "PosX": 4.156,
      "PosY": -4.0E-6,
      "PosZ": -2.379,
      "Name": "NPC5",
      "RotY": 303.3268,
      "NPCID": 1003,
      "ValueSource": {},
      "DialogueGroups": [],
      "ServerInteractVerificationIDList": [],
      "MapLayerID": 1,
      "BoardShowList": [],
      "TalkDialogGroupIDList": [],
      "DefaultIdleFreeStyleMotionID": 310030900,
      "InitialHiddenNodeList": [],
      "Dialog": {
        "LevelGraph": "Config/Level/NPCDialogue/P10000/F10000000_G134/DialogueMain_F10000000_G134_N400005.json",
        "PackList": [],
        "EnableCondition": {
          "Conditions": [
            {
              "ID": 2000801
            }
          ]
        }
      },
      "SpawnConfig": {
        "EntitySpawnConfig": {}
      },
      "TriggerValidGuest": {}
    }
  ]
}