{
  "GroupGUID": "35de6f27-1590-43cf-87e6-53fbf77befb6",
  "GroupName": "MainMission2000801_2",
  "Category": "Mission",
  "AreaAnchorName": "LevelArea_P10000_F10000000_G152",
  "SaveType": "Reset",
  "LoadCondition": {
    "Conditions": [
      {
        "Type": "SubMission",
        "ID": 200080104
      }
    ]
  },
  "OwnerMainMissionID": 2000801,
  "ValueSource": {},
  "ConflictIDList": [],
  "AnchorList": [
    {
      "ID": 1,
      "PosX": -3.07,
      "PosY": -9.0E-6,
      "PosZ": 8.84,
      "Name": "Anchor1",
      "RotY": 264.155,
      "MapLayerID": 1,
      "Usage": "Actor"
    },
    {
      "ID": 2,
      "PosX": -0.36,
      "PosY": 0.45,
      "PosZ": 8.46,
      "Name": "Anchor2",
      "RotY": 270.433,
      "RotX": 350.4821,
      "MapLayerID": 1,
      "Usage": "Camera",
      "CustomParameter": {
        "$type": "LevelAnchorCameraParameter",
        "fov": 45.0
      }
    },
    {
      "ID": 3,
      "PosX": -11.34,
      "PosY": 3.8,
      "PosZ": 6.908,
      "Name": "Anchor3",
      "RotY": 264.155,
      "MapLayerID": 1
    }
  ],
  "MonsterList": [],
  "PropList": [],
  "NPCList": [
    {
      "ID": 400001,
      "PosX": -5.26,
      "PosY": -5.0E-6,
      "PosZ": 8.01,
      "Name": "NPC1",
      "RotY": 265.1261,
      "NPCID": 3001,
      "ValueSource": {},
      "DialogueGroups": [],
      "ServerInteractVerificationIDList": [],
      "MapLayerID": 1,
      "BoardShowList": [],
      "TalkDialogGroupIDList": [],
      "DefaultIdleFreeStyleMotionID": 900010000,
      "OverrideSeriesID": 4294967295,
      "InitialHiddenNodeList": [],
      "SpawnConfig": {
        "EntitySpawnConfig": {}
      },
      "TriggerValidGuest": {}
    },
    {
      "ID": 400004,
      "PosX": -4.801,
      "PosY": -4.0E-6,
      "PosZ": 7.213,
      "Name": "NPC4",
      "RotY": 265.6361,
      "NPCID": 1001,
      "ValueSource": {},
      "DialogueGroups": [],
      "ServerInteractVerificationIDList": [],
      "DefaultLookAtMode": "LookPosition",
      "DefaultLookAtPositionInfo": {
        "Position": {
          "x": -11.34,
          "y": 3.8,
          "z": 6.908
        }
      },
      "MapLayerID": 1,
      "BoardShowList": [],
      "TalkDialogGroupIDList": [],
      "DefaultIdleFreeStyleMotionID": 310010000,
      "OverrideSeriesID": 4294967295,
      "InitialHiddenNodeList": [],
      "SpawnConfig": {
        "EntitySpawnConfig": {}
      },
      "TriggerValidGuest": {}
    },
    {
      "ID": 400002,
      "PosX": -3.73,
      "PosY": -4.0E-6,
      "PosZ": 9.72,
      "Name": "NPC2",
      "RotY": 273.8226,
      "NPCID": 1003,
      "ValueSource": {},
      "DialogueGroups": [],
      "ServerInteractVerificationIDList": [],
      "MapLayerID": 1,
      "BoardShowList": [],
      "TalkDialogGroupIDList": [],
      "DefaultIdleFreeStyleMotionID": 310030000,
      "OverrideSeriesID": 4294967295,
      "InitialHiddenNodeList": [],
      "SpawnConfig": {
        "EntitySpawnConfig": {}
      },
      "TriggerValidGuest": {}
    },
    {
      "ID": 400003,
      "PosX": -4.33,
      "PosY": -4.0E-6,
      "PosZ": 6.39,
      "Name": "NPC3",
      "RotY": 273.8226,
      "NPCID": 1004,
      "ValueSource": {},
      "DialogueGroups": [],
      "ServerInteractVerificationIDList": [],
      "DefaultLookAtMode": "LookPosition",
      "DefaultLookAtPositionInfo": {
        "Position": {
          "x": -11.34,
          "y": 3.8,
          "z": 6.908
        }
      },
      "MapLayerID": 1,
      "BoardShowList": [],
      "TalkDialogGroupIDList": [],
      "DefaultIdleFreeStyleMotionID": 310040000,
      "OverrideSeriesID": 4294967295,
      "InitialHiddenNodeList": [],
      "SpawnConfig": {
        "EntitySpawnConfig": {}
      },
      "TriggerValidGuest": {}
    }
  ]
}