{
  "GroupGUID": "c3fd329f-6ea3-40be-b3ce-881b143c84db",
  "GroupName": "MainMission4050018_Pam",
  "Category": "Mission",
  "AreaAnchorName": "LevelArea_P10000_F10000000_G112",
  "SaveType": "Reset",
  "LoadCondition": {
    "Conditions": [
      {
        "ID": 4050018
      }
    ]
  },
  "UnloadCondition": {
    "Conditions": [
      {
        "Phase": "Finish",
        "ID": 4050018
      }
    ]
  },
  "ForceUnloadCondition": {
    "Conditions": [
      {
        "Phase": "Cancel",
        "ID": 4050018
      }
    ]
  },
  "OwnerMainMissionID": 4050018,
  "GroupRefreshID": 1,
  "ConflictIDList": [],
  "AnchorList": [
    {
      "ID": 1,
      "PosX": -5.24,
      "PosY": -7.0E-6,
      "PosZ": 16.93,
      "Name": "Anchor1",
      "RotY": 246.3336,
      "MapLayerID": 1
    }
  ],
  "MonsterList": [],
  "PropList": [
    {
      "ID": 300005,
      "PosX": -4.83,
      "PosY": -8.0E-6,
      "PosZ": 17.29,
      "Name": "Prop5",
      "PropID": 100,
      "IsOverrideInitLevelGraph": true,
      "Trigger": {
        "Radius": 5.0,
        "DimX": 1.0,
        "DimY": 1.0,
        "DimZ": 1.0,
        "PointList": []
      },
      "CampID": 4,
      "MapLayerID": 1,
      "CustomTriggerMap": {},
      "BridgeStateRotations": [],
      "DialogueGroups": [],
      "TalkDialogGroupIDList": [],
      "ServerInteractVerificationIDList": []
    }
  ],
  "NPCList": [
    {
      "ID": 400001,
      "PosX": -5.24,
      "PosY": -7.0E-6,
      "PosZ": 16.93,
      "Name": "NPC1",
      "RotY": 246.3336,
      "NPCID": 100,
      "DialogueGroups": [],
      "ServerInteractVerificationIDList": [],
      "MapLayerID": 1,
      "BoardShowList": [],
      "TalkDialogGroupIDList": [],
      "DefaultAnimationType": "IdleState",
      "DefaultIdleFreeStyleMotionID": 900010223,
      "OverrideSeriesID": 300101,
      "IsMapContent": true,
      "InitialHiddenNodeList": [],
      "ConnectWithSubMissionIDList": [
        405000801,
        405000803,
        405000901,
        405001001,
        405001101,
        405001102,
        405001201,
        405001301,
        405001303,
        405001401,
        405001405,
        405001501,
        405001502,
        405001601,
        405001701,
        405001801,
        405001901,
        405002001,
        405002003,
        405002101,
        405002102,
        405002201,
        405002202,
        405002301,
        405002305,
        405002401,
        405002501,
        405002502,
        405002601,
        405002602,
        405002701,
        405002703
      ]
    }
  ]
}