{
  "GroupGUID": "7c1c70e0-bd71-482d-94e2-f5b12d9f1ea9",
  "GroupName": "MainMission1021702_AfterStory_XZJZ",
  "Category": "Mission",
  "AreaAnchorName": "LevelArea_P10000_F10000000_G98",
  "SaveType": "Reset",
  "LoadCondition": {
    "Conditions": [
      {
        "Type": "SubMission",
        "ID": 102170219
      }
    ]
  },
  "UnloadCondition": {
    "Conditions": [
      {
        "Type": "SubMission",
        "Phase": "Finish",
        "ID": 102170219
      }
    ],
    "DelayToLevelReload": true
  },
  "OwnerMainMissionID": 1021702,
  "ConflictIDList": [],
  "AnchorList": [],
  "MonsterList": [],
  "PropList": [
    {
      "ID": 300001,
      "PosX": 1.42,
      "PosY": -9.0E-6,
      "PosZ": 10.45,
      "Name": "Prop1",
      "PropID": 100,
      "IsOverrideInitLevelGraph": true,
      "Trigger": {
        "Radius": 14.0,
        "DimX": 1.0,
        "DimY": 1.0,
        "DimZ": 1.0,
        "PointList": []
      },
      "CampID": 4,
      "MapLayerID": 1,
      "CustomTriggerMap": {},
      "BridgeStateRotations": [],
      "DialogueGroups": [],
      "TalkDialogGroupIDList": [],
      "ServerInteractVerificationIDList": []
    }
  ],
  "NPCList": [
    {
      "ID": 400001,
      "PosX": 3.53,
      "PosY": -9.0E-6,
      "PosZ": 13.2,
      "Name": "NPC1",
      "RotY": 101.0052,
      "NPCID": 1003,
      "DialogueGroups": [],
      "ServerInteractVerificationIDList": [],
      "MapLayerID": 1,
      "BoardShowList": [],
      "TalkDialogGroupIDList": [],
      "DefaultIdleFreeStyleMotionID": 310030222,
      "InitialHiddenNodeList": [],
      "Dialog": {
        "LevelGraph": "Config/Level/NPCDialogue/P10000/F10000000_G98/DialogueMain_F10000000_G98_N400001.json",
        "PackList": []
      }
    },
    {
      "ID": 400002,
      "PosX": 3.85,
      "PosY": -6.0E-6,
      "PosZ": 12.33,
      "Name": "NPC2",
      "RotY": 110.3429,
      "NPCID": 1004,
      "DialogueGroups": [],
      "ServerInteractVerificationIDList": [],
      "MapLayerID": 1,
      "BoardShowList": [],
      "TalkDialogGroupIDList": [],
      "DefaultIdleFreeStyleMotionID": 310040000,
      "InitialHiddenNodeList": [],
      "Dialog": {
        "LevelGraph": "Config/Level/NPCDialogue/P10000/F10000000_G98/DialogueMain_F10000000_G98_N400002.json",
        "PackList": []
      }
    }
  ]
}