{
  "GroupGUID": "e6969d9b-0263-4877-9d02-82e272a31ac7",
  "GroupName": "MainMission4050035_Pam",
  "Category": "Mission",
  "AreaAnchorName": "LevelArea_P10000_F10000000_G95",
  "LoadCondition": {
    "Conditions": [
      {
        "ID": 4050035
      }
    ]
  },
  "UnloadCondition": {
    "Conditions": [
      {
        "Phase": "Finish",
        "ID": 4050035
      }
    ]
  },
  "ForceUnloadCondition": {
    "Conditions": [
      {
        "Phase": "Cancel",
        "ID": 4050035
      }
    ]
  },
  "LoadSide": "Server",
  "OwnerMainMissionID": 4050035,
  "GroupRefreshID": 1,
  "ConflictIDList": [],
  "AnchorList": [],
  "MonsterList": [],
  "PropList": [],
  "NPCList": [
    {
      "ID": 400002,
      "PosX": -2.14,
      "PosY": 1.0E-6,
      "PosZ": -6.41,
      "Name": "PamActor01",
      "RotY": 27.50793,
      "NPCID": 3001,
      "LevelGraph": "Config/Level/Maze/Chapter00/Train/Train_PamAction.json",
      "DialogueGroups": [],
      "ServerInteractVerificationIDList": [
        1,
        2,
        3,
        4
      ],
      "MapLayerID": 1,
      "BoardShowList": [
        4,
        8
      ],
      "TalkDialogGroupIDList": [],
      "DefaultIdleFreeStyleMotionID": 900010226,
      "IsMapContent": true,
      "InitialHiddenNodeList": [],
      "Dialog": {
        "LevelGraph": "Config/Level/NPCDialogue/P10000/F10000000_G56/DialogueMain_F10000000_G56_N400001.json",
        "PackList": [
          {
            "Name": "PamRanmdomMission",
            "LevelGraph": "Config/Level/NPCDialogue/P10000/F10000000_G56/DialoguePack_PamRanmdomMission_F10000000_G56_N400001.json"
          },
          {
            "Name": "FakePamBase",
            "LevelGraph": "Config/Level/NPCDialogue/P10000/F10000000_G56/DialoguePack_FakePamBase_F10000000_G56_N400001.json"
          }
        ]
      },
      "ConnectWithSubMissionIDList": [
        405000801,
        405000803,
        405000901,
        405001001,
        405001101,
        405001105,
        405001201,
        405001301,
        405001303,
        405001401,
        405001405,
        405001501,
        405001502,
        405001601,
        405001701,
        405001801,
        405001901,
        405002001,
        405002003,
        405002101,
        405002102,
        405002201,
        405002202,
        405002301,
        405002305,
        405002401,
        405002501,
        405002502,
        405002601,
        405002602,
        405002701,
        405002703,
        405002801,
        405002803,
        405002901,
        405003001,
        405003101,
        405003201,
        405003301,
        405003401,
        405003501,
        405003601,
        405003701,
        405003714
      ]
    }
  ]
}