{
  "GroupGUID": "3c29a94d-7ad2-4437-a94c-5d53fa2dddef",
  "GroupName": "MainMission_1000501",
  "AreaAnchorName": "LevelArea_P10000_F10000000_G4",
  "SaveType": "Reset",
  "LoadCondition": {
    "Conditions": [
      {
        "ID": 1000501
      },
      {
        "Phase": "Finish",
        "ID": 1000501
      }
    ],
    "Operation": "Or"
  },
  "UnloadCondition": {
    "Conditions": [
      {
        "Phase": "Finish",
        "ID": 1000503
      }
    ]
  },
  "AnchorList": [
    {
      "ID": 1,
      "PosX": 4.29,
      "PosY": -1.0E-6,
      "PosZ": 7.22,
      "Name": "Anchor1",
      "RotY": 324.6729,
      "MapLayerID": 1
    },
    {
      "ID": 2,
      "PosX": -0.01,
      "PosY": -1.1E-5,
      "PosZ": 25.12,
      "Name": "Anchor2",
      "RotY": 133.0,
      "MapLayerID": 1
    }
  ],
  "MonsterList": [],
  "PropList": [
    {
      "ID": 300001,
      "PosY": 1.15,
      "PosZ": 27.384,
      "Name": "Prop1",
      "PropID": 100,
      "IsOverrideInitLevelGraph": true,
      "Trigger": {
        "Radius": 3.0,
        "DimX": 15.0,
        "DimY": 2.0,
        "DimZ": 5.0
      },
      "CampID": 4,
      "MapLayerID": 1,
      "OverrideHintRange": 50.0,
      "CustomTriggerMap": {},
      "BridgeStateRotations": [],
      "DialogueGroups": [],
      "TalkDialogGroupIDList": [],
      "ServerInteractVerificationIDList": []
    },
    {
      "ID": 300002,
      "PosX": -0.004824,
      "PosY": -1.0E-5,
      "PosZ": 24.87,
      "Name": "Prop2",
      "RotY": 270.0,
      "PropID": 111,
      "IsOverrideInitLevelGraph": true,
      "MapLayerID": 1,
      "CustomTriggerMap": {},
      "BridgeStateRotations": [],
      "DialogueGroups": [],
      "TalkDialogGroupIDList": [],
      "ServerInteractVerificationIDList": []
    },
    {
      "ID": 300003,
      "PosX": 4.286,
      "PosY": 0.9,
      "PosZ": -2.382,
      "Name": "Prop3",
      "PropID": 100,
      "IsOverrideInitLevelGraph": true,
      "Trigger": {
        "Radius": 2.0,
        "DimX": 1.0,
        "DimY": 1.0,
        "DimZ": 1.0
      },
      "CampID": 4,
      "MapLayerID": 1,
      "OverrideHintRange": 50.0,
      "CustomTriggerMap": {},
      "BridgeStateRotations": [],
      "DialogueGroups": [],
      "TalkDialogGroupIDList": [],
      "ServerInteractVerificationIDList": []
    }
  ],
  "NPCList": [
    {
      "ID": 400002,
      "PosX": 3.75,
      "PosY": -6.0E-6,
      "PosZ": 8.7,
      "Name": "NPC2",
      "RotY": 151.0023,
      "NPCID": 3001,
      "DialogueGroups": [],
      "ServerInteractVerificationIDList": [],
      "MapLayerID": 1,
      "BoardShowList": [],
      "TalkDialogGroupIDList": [],
      "DefaultIdleFreeStyleMotionID": 900010000,
      "BornType": "Permanent"
    },
    {
      "ID": 400001,
      "PosX": 4.29,
      "PosZ": 7.22,
      "Name": "NPC1",
      "RotY": 324.6729,
      "NPCID": 1991,
      "DialogueGroups": [],
      "ServerInteractVerificationIDList": [],
      "DefaultLookAtMode": "Closed",
      "MapLayerID": 1,
      "BoardShowList": [],
      "OverrideNPCName": {
        "Hash": -1836469546
      },
      "TalkDialogGroupIDList": [],
      "DefaultIdleFreeStyleMotionID": 380010000,
      "BornType": "Permanent"
    },
    {
      "ID": 400003,
      "PosX": 0.76,
      "PosY": -1.0E-5,
      "PosZ": 24.0,
      "Name": "NPC3",
      "RotY": 323.6371,
      "NPCID": 3001,
      "DialogueGroups": [],
      "ServerInteractVerificationIDList": [],
      "MapLayerID": 1,
      "BoardShowList": [],
      "TalkDialogGroupIDList": [],
      "DefaultIdleFreeStyleMotionID": 900010000,
      "BornType": "Permanent"
    },
    {
      "ID": 400004,
      "PosX": -0.01,
      "PosY": -1.0E-5,
      "PosZ": 25.12,
      "Name": "NPC4",
      "RotY": 132.8868,
      "NPCID": 1991,
      "DialogueGroups": [],
      "ServerInteractVerificationIDList": [],
      "DefaultLookAtMode": "Closed",
      "MapLayerID": 1,
      "BoardShowList": [],
      "OverrideNPCName": {
        "Hash": -1836469546
      },
      "TalkDialogGroupIDList": [],
      "DefaultIdleFreeStyleMotionID": 380010000,
      "BornType": "Permanent"
    }
  ]
}