{
  "GroupGUID": "a729f41c-e610-4667-83a5-af6e86a95189",
  "GroupName": "MainMission4050021_Pam",
  "Category": "Mission",
  "AreaAnchorName": "LevelArea_P10000_F10000000_G80",
  "LoadCondition": {
    "Conditions": [
      {
        "ID": 4050021
      }
    ]
  },
  "UnloadCondition": {
    "Conditions": [
      {
        "Phase": "Finish",
        "ID": 4050021
      }
    ]
  },
  "ForceUnloadCondition": {
    "Conditions": [
      {
        "Phase": "Cancel",
        "ID": 4050021
      }
    ]
  },
  "LoadSide": "Server",
  "OwnerMainMissionID": 4050021,
  "GroupRefreshID": 1,
  "ConflictIDList": [],
  "AnchorList": [
    {
      "ID": 1,
      "PosX": 2.55,
      "PosY": -1.0E-6,
      "PosZ": -5.31,
      "Name": "Anchor1",
      "MapLayerID": 1
    },
    {
      "ID": 2,
      "PosX": 1.04,
      "PosY": 1.0E-6,
      "PosZ": -4.97,
      "Name": "Anchor2",
      "RotY": 61.54832,
      "RotX": 47.46853,
      "RotZ": 344.349,
      "MapLayerID": 1
    }
  ],
  "MonsterList": [],
  "PropList": [],
  "NPCList": [
    {
      "ID": 400001,
      "PosX": 4.036,
      "PosY": 1.0E-6,
      "PosZ": -8.424,
      "Name": "NPC1",
      "RotY": 41.46254,
      "NPCID": 3001,
      "LevelGraph": "Config/Level/Maze/Chapter00/Train/Train_PamAction.json",
      "DialogueGroups": [],
      "ServerInteractVerificationIDList": [
        1,
        2,
        3,
        4
      ],
      "MapLayerID": 1,
      "BoardShowList": [
        4,
        8
      ],
      "TalkDialogGroupIDList": [],
      "DefaultIdleFreeStyleMotionID": 900010000,
      "IsMapContent": true,
      "InitialHiddenNodeList": [],
      "Dialog": {
        "LevelGraph": "Config/Level/NPCDialogue/P10000/F10000000_G56/DialogueMain_F10000000_G56_N400001.json",
        "PackList": [
          {
            "Name": "PamRanmdomMission",
            "LevelGraph": "Config/Level/NPCDialogue/P10000/F10000000_G56/DialoguePack_PamRanmdomMission_F10000000_G56_N400001.json"
          },
          {
            "Name": "FakePamBase",
            "LevelGraph": "Config/Level/NPCDialogue/P10000/F10000000_G56/DialoguePack_FakePamBase_F10000000_G56_N400001.json"
          }
        ]
      },
      "ConnectWithSubMissionIDList": [
        405000801,
        405000803,
        405000901,
        405001001,
        405001101,
        405001102,
        405001201,
        405001301,
        405001303,
        405001401,
        405001405,
        405001501,
        405001502,
        405001601,
        405001701,
        405001801,
        405001901,
        405002001,
        405002003,
        405002101,
        405002102,
        405002201,
        405002202,
        405002301,
        405002305,
        405002401,
        405002501,
        405002502,
        405002601,
        405002602,
        405002701,
        405002703
      ]
    }
  ]
}