{
  "GroupGUID": "2073c537-9c81-45aa-a916-e6ebd214eee4",
  "GroupName": "Default",
  "AreaAnchorName": "LevelArea_P10000_F10000000_G2",
  "LoadSide": "Server",
  "LoadOnInitial": true,
  "GroupRefreshID": 1,
  "ConflictIDList": [],
  "AnchorList": [
    {
      "ID": 1,
      "PosX": 0.93,
      "PosY": 2.0E-6,
      "PosZ": 0.13,
      "Name": "PlayerStartPoint",
      "RotY": 270.0,
      "MapLayerID": 1
    },
    {
      "ID": 2,
      "PosZ": -2.0,
      "Name": "Anchor2",
      "RotY": 345.0,
      "MapLayerID": 1
    }
  ],
  "MonsterList": [],
  "PropList": [
    {
      "ID": 300003,
      "PosX": 2.447,
      "PosZ": 0.559,
      "Name": "Prop3",
      "PropID": 100,
      "IsOverrideInitLevelGraph": true,
      "Trigger": {
        "Shape": "Box",
        "Radius": 1.0,
        "DimX": 5.0,
        "DimY": 1.0,
        "DimZ": 10.0,
        "PointList": []
      },
      "MapLayerID": 1,
      "CustomTriggerMap": {},
      "BridgeStateRotations": [],
      "DialogueGroups": [],
      "TalkDialogGroupIDList": [],
      "ServerInteractVerificationIDList": []
    },
    {
      "ID": 300001,
      "PosX": -1.38,
      "PosZ": 3.16,
      "Name": "Prop1",
      "RotY": 150.0,
      "PropID": 110,
      "IsOverrideInitLevelGraph": true,
      "Trigger": {
        "DimX": 1.0,
        "DimY": 1.0,
        "DimZ": 1.0,
        "PointList": []
      },
      "State": "CheckPointEnable",
      "MapLayerID": 1,
      "CustomTriggerMap": {},
      "BridgeStateRotations": [],
      "AnchorGroupID": 2,
      "AnchorID": 2,
      "MappingInfoID": 2215,
      "DialogueGroups": [],
      "TalkDialogGroupIDList": [],
      "ServerInteractVerificationIDList": [],
      "OverrideMapIconType": 50
    }
  ],
  "NPCList": []
}