{
  "GroupGUID": "5038983b-1573-4ab2-95d7-35cb4b1c3c7e",
  "GroupName": "MainMission4050012_Pam",
  "Category": "Mission",
  "AreaAnchorName": "LevelArea_P10000_F10000000_G71",
  "LoadCondition": {
    "Conditions": [
      {
        "ID": 4050012
      }
    ]
  },
  "UnloadCondition": {
    "Conditions": [
      {
        "Phase": "Finish",
        "ID": 4050012
      }
    ]
  },
  "ForceUnloadCondition": {
    "Conditions": [
      {
        "Phase": "Cancel",
        "ID": 4050012
      }
    ]
  },
  "LoadSide": "Server",
  "OwnerMainMissionID": 4050012,
  "GroupRefreshID": 1,
  "ConflictIDList": [],
  "AnchorList": [
    {
      "ID": 1,
      "PosX": 2.654,
      "PosY": -1.2E-5,
      "PosZ": 19.178,
      "Name": "Anchor1",
      "RotY": 180.0002,
      "MapLayerID": 1
    },
    {
      "ID": 2,
      "PosX": 3.16,
      "PosY": -3.0E-6,
      "PosZ": 0.61,
      "Name": "Anchor2",
      "RotY": 195.0004,
      "MapLayerID": 1
    },
    {
      "ID": 3,
      "PosX": -5.322,
      "PosY": -7.0E-6,
      "PosZ": 17.607,
      "Name": "Anchor3",
      "RotY": 150.0003,
      "MapLayerID": 1
    },
    {
      "ID": 4,
      "PosX": 1.77,
      "PosY": -8.0E-6,
      "PosZ": 16.878,
      "Name": "Anchor4",
      "RotY": 60.00023,
      "MapLayerID": 1
    },
    {
      "ID": 5,
      "PosX": 2.449999,
      "PosY": -2.0E-6,
      "PosZ": -2.36,
      "Name": "Anchor5",
      "RotY": 45.00036,
      "MapLayerID": 1
    },
    {
      "ID": 6,
      "PosX": -4.697,
      "PosY": -7.0E-6,
      "PosZ": 16.524,
      "Name": "Anchor6",
      "RotY": 330.0003,
      "MapLayerID": 1
    }
  ],
  "MonsterList": [],
  "PropList": [],
  "NPCList": [
    {
      "ID": 400001,
      "PosX": 4.71,
      "PosY": -8.0E-6,
      "PosZ": 25.87,
      "Name": "NPC1",
      "RotY": 330.0002,
      "NPCID": 3001,
      "LevelGraph": "Config/Level/Maze/Chapter00/Train/Train_PamAction.json",
      "DialogueGroups": [],
      "ServerInteractVerificationIDList": [
        1,
        2,
        3,
        4
      ],
      "MapLayerID": 1,
      "BoardShowList": [
        4,
        8
      ],
      "TalkDialogGroupIDList": [],
      "DefaultIdleFreeStyleMotionID": 900010230,
      "IsMapContent": true,
      "InitialHiddenNodeList": [],
      "Dialog": {
        "LevelGraph": "Config/Level/NPCDialogue/P10000/F10000000_G56/DialogueMain_F10000000_G56_N400001.json",
        "PackList": [
          {
            "Name": "PamRanmdomMission",
            "LevelGraph": "Config/Level/NPCDialogue/P10000/F10000000_G56/DialoguePack_PamRanmdomMission_F10000000_G56_N400001.json"
          },
          {
            "Name": "FakePamBase",
            "LevelGraph": "Config/Level/NPCDialogue/P10000/F10000000_G56/DialoguePack_FakePamBase_F10000000_G56_N400001.json"
          }
        ]
      },
      "ConnectWithSubMissionIDList": [
        405000801,
        405000803,
        405000901,
        405001001,
        405001101,
        405001102,
        405001201,
        405001301,
        405001303,
        405001401,
        405001405,
        405001501,
        405001502,
        405001601,
        405001701,
        405001801,
        405001901,
        405002001,
        405002003,
        405002101,
        405002102,
        405002201,
        405002202,
        405002301,
        405002305,
        405002401,
        405002501,
        405002502,
        405002601,
        405002602,
        405002701,
        405002703
      ]
    }
  ]
}