{
  "GroupGUID": "d7258559-8bfd-432d-b6c6-98171feb3756",
  "GroupName": "MainMission1020101_",
  "Category": "Mission",
  "AreaAnchorName": "LevelArea_P10000_F10000000_G27",
  "SaveType": "Reset",
  "LoadCondition": {
    "Conditions": [
      {
        "Type": "SubMission",
        "ID": 102010107
      }
    ]
  },
  "UnloadCondition": {
    "Conditions": [
      {
        "Type": "SubMission",
        "Phase": "Finish",
        "ID": 102010107
      }
    ]
  },
  "OwnerMainMissionID": 1020101,
  "ConflictIDList": [],
  "AnchorList": [],
  "MonsterList": [],
  "PropList": [
    {
      "ID": 300001,
      "PosX": -2.873541,
      "PosY": -4.0E-6,
      "PosZ": 1.72139,
      "Name": "Prop1",
      "PropID": 100,
      "IsOverrideInitLevelGraph": true,
      "Trigger": {
        "Radius": 2.0,
        "DimX": 1.0,
        "DimY": 1.0,
        "DimZ": 1.0,
        "PointList": []
      },
      "CampID": 4,
      "MapLayerID": 1,
      "CustomTriggerMap": {},
      "BridgeStateRotations": [],
      "DialogueGroups": [],
      "TalkDialogGroupIDList": [],
      "ServerInteractVerificationIDList": []
    },
    {
      "ID": 300002,
      "PosX": -2.873541,
      "PosY": -4.0E-6,
      "PosZ": 1.72139,
      "Name": "Prop2",
      "PropID": 100,
      "IsOverrideInitLevelGraph": true,
      "Trigger": {
        "Radius": 1.5,
        "DimX": 1.0,
        "DimY": 1.0,
        "DimZ": 1.0,
        "PointList": []
      },
      "CampID": 4,
      "MapLayerID": 1,
      "CustomTriggerMap": {},
      "BridgeStateRotations": [],
      "DialogueGroups": [
        102010193
      ],
      "TalkDialogGroupIDList": [],
      "ServerInteractVerificationIDList": []
    }
  ],
  "NPCList": [
    {
      "ID": 400001,
      "PosX": -2.873541,
      "PosY": -4.0E-6,
      "PosZ": 1.72139,
      "Name": "NPC1",
      "RotY": 150.2,
      "NPCID": 1003,
      "DialogueGroups": [],
      "ServerInteractVerificationIDList": [],
      "MapLayerID": 1,
      "BoardShowList": [],
      "TalkDialogGroupIDList": [],
      "DefaultIdleFreeStyleMotionID": 310030000,
      "InitialHiddenNodeList": [],
      "Dialog": {
        "LevelGraph": "Config/Level/NPCDialogue/P10000/F10000000_G27/DialogueMain_F10000000_G27_N400001.json",
        "PackList": []
      }
    },
    {
      "ID": 400002,
      "PosX": -2.73,
      "PosY": -2.0E-6,
      "PosZ": -2.02,
      "Name": "NPC2",
      "RotY": 54.9,
      "NPCID": 1004,
      "DialogueGroups": [],
      "ServerInteractVerificationIDList": [],
      "MapLayerID": 1,
      "BoardShowList": [],
      "FirstDialogueGroupID": 102010190,
      "TalkDialogGroupIDList": [
        102010189
      ],
      "DefaultIdleFreeStyleMotionID": 310040221,
      "InitialHiddenNodeList": [],
      "Dialog": {
        "LevelGraph": "Config/Level/NPCDialogue/P10000/F10000000_G27/DialogueMain_F10000000_G27_N400002.json",
        "PackList": []
      }
    },
    {
      "ID": 400003,
      "PosX": -1.98,
      "PosY": -1.0E-6,
      "PosZ": -5.09,
      "Name": "NPC3",
      "RotY": 14.54,
      "NPCID": 3001,
      "DialogueGroups": [
        102010188
      ],
      "ServerInteractVerificationIDList": [],
      "MapLayerID": 1,
      "BoardShowList": [],
      "TalkDialogGroupIDList": [],
      "DefaultIdleFreeStyleMotionID": 900010000,
      "InitialHiddenNodeList": [],
      "Dialog": {
        "LevelGraph": "Config/Level/NPCDialogue/P10000/F10000000_G27/DialogueMain_F10000000_G27_N400003.json",
        "PackList": []
      }
    }
  ]
}