{
  "GroupGUID": "b4dd9b5c-602d-4c50-8daf-149fbb79e2ca",
  "GroupName": "MainMission2010201_01",
  "Category": "Mission",
  "AreaAnchorName": "LevelArea_P10000_F10000000_G132",
  "SaveType": "Reset",
  "LoadCondition": {
    "Conditions": [
      {
        "Type": "SubMission",
        "ID": 201020101
      },
      {
        "Type": "SubMission",
        "Phase": "Finish",
        "ID": 201020101
      }
    ],
    "Operation": "Or"
  },
  "UnloadCondition": {
    "Conditions": [
      {
        "Type": "SubMission",
        "Phase": "Finish",
        "ID": 201020104
      }
    ]
  },
  "OwnerMainMissionID": 2010201,
  "ConflictIDList": [],
  "AnchorList": [],
  "MonsterList": [],
  "PropList": [],
  "NPCList": [
    {
      "ID": 400001,
      "PosX": 5.946,
      "PosY": -6.0E-6,
      "PosZ": 7.969,
      "Name": "NPC1",
      "RotY": 93.1,
      "NPCID": 1001,
      "DialogueGroups": [],
      "ServerInteractVerificationIDList": [],
      "MapLayerID": 1,
      "BoardShowList": [],
      "TalkDialogGroupIDList": [],
      "DefaultIdleFreeStyleMotionID": 310010209,
      "InitialHiddenNodeList": [],
      "Dialog": {
        "LevelGraph": "Config/Level/NPCDialogue/P10000/F10000000_G132/DialogueMain_F10000000_G132_N400001.json",
        "PackList": []
      },
      "SpawnConfig": {
        "CaptureDistanceTolerance": 10.0
      }
    },
    {
      "ID": 400002,
      "PosX": 6.990301,
      "PosY": 1.63337,
      "PosZ": 11.01075,
      "Name": "NPC2",
      "NPCID": 100,
      "DialogueGroups": [],
      "ServerInteractVerificationIDList": [],
      "MapLayerID": 1,
      "BoardShowList": [],
      "TalkDialogGroupIDList": [],
      "OverrideSeriesID": 100201,
      "InitialHiddenNodeList": [],
      "SpawnConfig": {
        "CaptureDistanceTolerance": 10.0
      }
    },
    {
      "ID": 400003,
      "PosX": 6.990301,
      "PosY": 1.63337,
      "PosZ": 11.01075,
      "Name": "NPC3",
      "NPCID": 100,
      "DialogueGroups": [],
      "ServerInteractVerificationIDList": [],
      "MapLayerID": 1,
      "BoardShowList": [],
      "TalkDialogGroupIDList": [],
      "OverrideSeriesID": 100301,
      "InitialHiddenNodeList": [],
      "SpawnConfig": {
        "CaptureDistanceTolerance": 10.0
      }
    }
  ]
}