{
  "GroupGUID": "2067d5da-b496-4d2c-8972-0a19f0922536",
  "GroupName": "MainMission1011503_02",
  "Category": "Mission",
  "AreaAnchorName": "LevelArea_P10000_F10000000_G122",
  "SaveType": "Reset",
  "LoadCondition": {
    "Conditions": [
      {
        "Type": "SubMission",
        "ID": 101150223
      },
      {
        "Type": "SubMission",
        "ID": 101150228
      },
      {
        "Type": "SubMission",
        "ID": 101150229
      },
      {
        "Type": "SubMission",
        "ID": 101150230
      },
      {
        "Type": "SubMission",
        "ID": 101150231
      }
    ],
    "Operation": "Or"
  },
  "UnloadCondition": {
    "Conditions": [
      {
        "Type": "SubMission",
        "Phase": "Finish",
        "ID": 101150231
      }
    ]
  },
  "LoadSide": "Server",
  "OwnerMainMissionID": 1011503,
  "ConflictIDList": [],
  "AnchorList": [],
  "MonsterList": [],
  "PropList": [],
  "NPCList": [
    {
      "ID": 400001,
      "PosX": 3.229,
      "PosY": -1.0E-5,
      "PosZ": 24.8,
      "Name": "NPC1",
      "RotY": 17.91,
      "NPCID": 3001,
      "LevelGraph": "Config/Level/Maze/Chapter00/Train/Train_PamAction.json",
      "DialogueGroups": [
        101150241
      ],
      "ServerInteractVerificationIDList": [
        1,
        2,
        3,
        4
      ],
      "DefaultLookAtMode": "Closed",
      "MapLayerID": 1,
      "BoardShowList": [],
      "TalkDialogGroupIDList": [],
      "DefaultAnimationType": "IdleState",
      "InitialHiddenNodeList": [],
      "Dialog": {
        "LevelGraph": "Config/Level/NPCDialogue/P10000/F10000000_G122/DialogueMain_F10000000_G122_N400001.json",
        "PackList": [
          {
            "Name": "FakePamBase",
            "LevelGraph": "Config/Level/NPCDialogue/P10000/F10000000_G56/DialoguePack_FakePamBase_F10000000_G56_N400001.json"
          }
        ]
      }
    }
  ]
}