{
  "GroupGUID": "070d2381-4df0-4b90-a455-8b4cdef79ec2",
  "GroupName": "MainMission8015163_801516309",
  "Category": "Mission",
  "LevelGraph": "Config/Level/GroupGraph/F10000000/Group_F10000000_G156.json",
  "AreaAnchorName": "LevelArea_P10000_F10000000_G156",
  "SaveType": "Reset",
  "OwnerMainMissionID": 8015163,
  "ValueSource": {},
  "ConflictIDList": [],
  "IsHoyoGroup": true,
  "SpatialInfo": {
    "GridList": [],
    "LowerUpperBounds": {}
  },
  "ConflictWhiteList": [],
  "AnchorList": [],
  "MonsterList": [],
  "PropList": [],
  "NPCList": []
}