{
  "GroupGUID": "d55a0a54-6cd2-4167-b285-10fc81196016",
  "GroupName": "MainMission1020101_",
  "Category": "Mission",
  "AreaAnchorName": "LevelArea_P10000_F10000000_G25",
  "SaveType": "Reset",
  "LoadCondition": {
    "Conditions": [
      {
        "Type": "SubMission",
        "ID": 102010104
      },
      {
        "Type": "SubMission",
        "ID": 102010105
      }
    ],
    "Operation": "Or"
  },
  "UnloadCondition": {
    "Conditions": [
      {
        "Type": "SubMission",
        "Phase": "Finish",
        "ID": 102010105
      }
    ]
  },
  "OwnerMainMissionID": 1020101,
  "ConflictIDList": [],
  "AnchorList": [],
  "MonsterList": [],
  "PropList": [
    {
      "ID": 300001,
      "PosX": -2.23,
      "PosY": -8.0E-6,
      "PosZ": 17.85,
      "Name": "Prop1",
      "PropID": 100,
      "IsOverrideInitLevelGraph": true,
      "Trigger": {
        "Radius": 2.0,
        "DimX": 1.0,
        "DimY": 1.0,
        "DimZ": 1.0,
        "PointList": []
      },
      "CampID": 4,
      "MapLayerID": 1,
      "CustomTriggerMap": {},
      "BridgeStateRotations": [],
      "DialogueGroups": [],
      "TalkDialogGroupIDList": [],
      "ServerInteractVerificationIDList": []
    },
    {
      "ID": 300002,
      "PosX": 2.14,
      "PosY": -4.0E-6,
      "PosZ": -0.23,
      "Name": "Prop2",
      "PropID": 100,
      "IsOverrideInitLevelGraph": true,
      "Trigger": {
        "Radius": 1.0,
        "DimX": 1.0,
        "DimY": 1.0,
        "DimZ": 1.0,
        "PointList": []
      },
      "CampID": 4,
      "MapLayerID": 1,
      "CustomTriggerMap": {},
      "BridgeStateRotations": [],
      "DialogueGroups": [],
      "TalkDialogGroupIDList": [],
      "ServerInteractVerificationIDList": []
    }
  ],
  "NPCList": [
    {
      "ID": 400001,
      "PosX": -2.137779,
      "PosY": -8.0E-6,
      "PosZ": 17.89603,
      "Name": "NPC1",
      "RotY": 82.7,
      "NPCID": 1003,
      "DialogueGroups": [],
      "ServerInteractVerificationIDList": [],
      "MapLayerID": 1,
      "BoardShowList": [],
      "TalkChosenType": "loop",
      "TalkDialogGroupIDList": [],
      "DefaultIdleFreeStyleMotionID": 310030000,
      "InitialHiddenNodeList": [],
      "Dialog": {
        "LevelGraph": "Config/Level/NPCDialogue/P10000/F10000000_G25/DialogueMain_F10000000_G25_N400001.json",
        "PackList": []
      }
    },
    {
      "ID": 400002,
      "PosX": -3.227,
      "PosY": -7.0E-6,
      "PosZ": 10.18,
      "Name": "NPC2",
      "RotY": 63.09999,
      "NPCID": 1004,
      "DialogueGroups": [
        102010196
      ],
      "ServerInteractVerificationIDList": [],
      "MapLayerID": 1,
      "BoardShowList": [],
      "TalkDialogGroupIDList": [],
      "DefaultIdleFreeStyleMotionID": 310040230,
      "InitialHiddenNodeList": [],
      "Dialog": {
        "LevelGraph": "Config/Level/NPCDialogue/P10000/F10000000_G25/DialogueMain_F10000000_G25_N400002.json"
      }
    },
    {
      "ID": 400003,
      "PosX": 3.35,
      "PosY": -1.1E-5,
      "PosZ": 24.73,
      "Name": "NPC3",
      "RotY": 215.0,
      "NPCID": 1001,
      "DialogueGroups": [
        102010197
      ],
      "ServerInteractVerificationIDList": [],
      "MapLayerID": 1,
      "BoardShowList": [],
      "TalkDialogGroupIDList": [],
      "DefaultIdleFreeStyleMotionID": 310010209,
      "InitialHiddenNodeList": [],
      "Dialog": {
        "LevelGraph": "Config/Level/NPCDialogue/P10000/F10000000_G25/DialogueMain_F10000000_G25_N400003.json"
      }
    },
    {
      "ID": 400004,
      "PosX": 2.28,
      "PosY": -2.0E-6,
      "PosZ": -0.09,
      "Name": "NPC4",
      "RotY": 332.41,
      "NPCID": 3001,
      "DialogueGroups": [],
      "ServerInteractVerificationIDList": [],
      "MapLayerID": 1,
      "BoardShowList": [],
      "TalkDialogGroupIDList": [],
      "DefaultIdleFreeStyleMotionID": 900010000,
      "InitialHiddenNodeList": [],
      "Dialog": {
        "LevelGraph": "Config/Level/NPCDialogue/P10000/F10000000_G25/DialogueMain_F10000000_G25_N400004.json",
        "PackList": []
      }
    }
  ]
}