{
  "GroupGUID": "3952a67e-0150-4bfd-88ac-fa0869c110b8",
  "GroupName": "MainMission1020101_",
  "Category": "Mission",
  "AreaAnchorName": "LevelArea_P10000_F10000000_G28",
  "SaveType": "Reset",
  "LoadCondition": {
    "Conditions": [
      {
        "Type": "SubMission",
        "ID": 102010105
      }
    ]
  },
  "UnloadCondition": {
    "Conditions": [
      {
        "Type": "SubMission",
        "Phase": "Finish",
        "ID": 102010105
      }
    ]
  },
  "OwnerMainMissionID": 1020101,
  "ConflictIDList": [],
  "AnchorList": [
    {
      "ID": 1,
      "PosX": 0.190537,
      "PosY": -1.0E-6,
      "PosZ": -2.78,
      "Name": "Anchor1",
      "MapLayerID": 1
    }
  ],
  "MonsterList": [],
  "PropList": [
    {
      "ID": 300001,
      "PosX": -0.080548,
      "PosZ": -3.98,
      "Name": "Prop1",
      "PropID": 111,
      "IsOverrideInitLevelGraph": true,
      "Trigger": {
        "Radius": 2.0,
        "DimX": 1.0,
        "DimY": 1.0,
        "DimZ": 1.0,
        "PointList": []
      },
      "CampID": 4,
      "MapLayerID": 1,
      "CustomTriggerMap": {},
      "BridgeStateRotations": [],
      "DialogueGroups": [],
      "TalkDialogGroupIDList": [],
      "ServerInteractVerificationIDList": []
    }
  ],
  "NPCList": []
}