{
  "GroupGUID": "c453d6ca-4ea4-4b0b-af1e-1ba35190c85a",
  "GroupName": "MainMission1000503_",
  "Category": "Mission",
  "AreaAnchorName": "LevelArea_P10000_F10000000_G36",
  "SaveType": "Reset",
  "LoadCondition": {
    "Conditions": [
      {
        "ID": 1000503
      }
    ]
  },
  "UnloadCondition": {
    "Conditions": [
      {
        "Phase": "Finish",
        "ID": 1000503
      }
    ]
  },
  "OwnerMainMissionID": 1000503,
  "ConflictIDList": [],
  "AnchorList": [],
  "MonsterList": [],
  "PropList": [],
  "NPCList": [
    {
      "ID": 400001,
      "PosX": -5.35,
      "PosY": -6.0E-6,
      "PosZ": 8.36,
      "Name": "NPC1",
      "RotY": 270.4307,
      "NPCID": 1001,
      "DialogueGroups": [
        100050305
      ],
      "ServerInteractVerificationIDList": [],
      "DefaultLookAtMode": "Closed",
      "MapLayerID": 1,
      "BoardShowList": [],
      "TalkDialogGroupIDList": [],
      "DefaultIdleFreeStyleMotionID": 310010221,
      "InitialHiddenNodeList": [],
      "Dialog": {
        "LevelGraph": "Config/Level/NPCDialogue/P10000/F10000000_G36/DialogueMain_F10000000_G36_N400001.json",
        "EnableCondition": {
          "Conditions": [
            {
              "Type": "SubMission",
              "ID": 100050305
            }
          ],
          "Operation": "Or"
        }
      }
    }
  ]
}