{
  "GroupGUID": "9ae9eb03-9a46-4572-81e2-16adb07dcec6",
  "GroupName": "MainMission4050014_Pam",
  "Category": "Mission",
  "AreaAnchorName": "LevelArea_P10000_F10000000_G111",
  "SaveType": "Reset",
  "LoadCondition": {
    "Conditions": [
      {
        "ID": 4050014
      }
    ]
  },
  "UnloadCondition": {
    "Conditions": [
      {
        "Phase": "Finish",
        "ID": 4050014
      }
    ]
  },
  "ForceUnloadCondition": {
    "Conditions": [
      {
        "Phase": "Cancel",
        "ID": 4050014
      }
    ]
  },
  "OwnerMainMissionID": 4050014,
  "GroupRefreshID": 1,
  "ConflictIDList": [],
  "AnchorList": [
    {
      "ID": 1,
      "PosX": -3.54,
      "PosY": 2.0E-6,
      "PosZ": -10.42,
      "Name": "Anchor1",
      "RotY": 315.019,
      "MapLayerID": 1
    }
  ],
  "MonsterList": [],
  "PropList": [
    {
      "ID": 300002,
      "PosX": -2.62,
      "PosY": 0.1,
      "PosZ": -5.44,
      "Name": "Prop2",
      "PropID": 100,
      "IsOverrideInitLevelGraph": true,
      "CampID": 4,
      "MapLayerID": 1,
      "OverrideHintRange": 50.0,
      "CustomTriggerMap": {},
      "BridgeStateRotations": [],
      "DialogueGroups": [],
      "TalkDialogGroupIDList": [],
      "ServerInteractVerificationIDList": []
    },
    {
      "ID": 300003,
      "PosX": 4.607,
      "PosY": 0.6,
      "PosZ": 2.158,
      "Name": "Prop3",
      "PropID": 100,
      "IsOverrideInitLevelGraph": true,
      "CampID": 4,
      "MapLayerID": 1,
      "OverrideHintRange": 50.0,
      "CustomTriggerMap": {},
      "BridgeStateRotations": [],
      "DialogueGroups": [],
      "TalkDialogGroupIDList": [],
      "ServerInteractVerificationIDList": []
    },
    {
      "ID": 300004,
      "PosX": 5.211,
      "PosY": 0.662,
      "PosZ": 10.955,
      "Name": "Prop4",
      "PropID": 101028,
      "IsOverrideInitLevelGraph": true,
      "CampID": 4,
      "MapLayerID": 1,
      "OverrideHintRange": 50.0,
      "CustomTriggerMap": {},
      "BridgeStateRotations": [],
      "DialogueGroups": [],
      "TalkDialogGroupIDList": [],
      "ServerInteractVerificationIDList": []
    }
  ],
  "NPCList": [
    {
      "ID": 400001,
      "PosX": -3.54,
      "PosY": 2.0E-6,
      "PosZ": -10.42,
      "Name": "NPC1",
      "RotY": 315.019,
      "NPCID": 100,
      "DialogueGroups": [],
      "ServerInteractVerificationIDList": [],
      "MapLayerID": 1,
      "BoardShowList": [],
      "TalkDialogGroupIDList": [],
      "DefaultAnimationType": "IdleState",
      "DefaultIdleFreeStyleMotionID": 900010226,
      "OverrideSeriesID": 300101,
      "IsMapContent": true,
      "InitialHiddenNodeList": [],
      "ConnectWithSubMissionIDList": [
        405000801,
        405000803,
        405000901,
        405001001,
        405001101,
        405001102,
        405001201,
        405001301,
        405001303,
        405001401,
        405001405,
        405001501,
        405001502,
        405001601,
        405001701,
        405001801,
        405001901,
        405002001,
        405002003,
        405002101,
        405002102,
        405002201,
        405002202,
        405002301,
        405002305,
        405002401,
        405002501,
        405002502,
        405002601,
        405002602,
        405002701,
        405002703
      ]
    }
  ]
}