{
  "GroupGUID": "9f678ff8-d0ff-43fd-8ead-2a7e3b61d1d3",
  "GroupName": "Radio",
  "AreaAnchorName": "LevelArea_P10000_F10000000_G66",
  "LoadCondition": {
    "Conditions": [
      {
        "Phase": "Finish",
        "ID": 1011403
      }
    ]
  },
  "LoadSide": "Server",
  "ConflictIDList": [],
  "AnchorList": [],
  "MonsterList": [],
  "PropList": [
    {
      "ID": 300001,
      "PosX": 4.13,
      "PosY": 0.661,
      "PosZ": -9.297,
      "Name": "Pad03",
      "RotY": 67.16752,
      "PropID": 2006,
      "IsOverrideInitLevelGraph": true,
      "InitLevelGraph": "Config/Level/Mission/TrainVisitor/TrainVisitor_Radio_01.json",
      "Trigger": {
        "Radius": 2.0,
        "DimX": 1.0,
        "DimY": 1.0,
        "DimZ": 1.0,
        "PointList": []
      },
      "CampID": 4,
      "MapLayerID": 1,
      "CustomTriggerMap": {},
      "BridgeStateRotations": [],
      "DialogueGroups": [],
      "TalkDialogGroupIDList": [],
      "ServerInteractVerificationIDList": []
    },
    {
      "ID": 300002,
      "PosX": 4.159,
      "PosY": 0.741,
      "PosZ": -9.305,
      "Name": "Prop2",
      "PropID": 100,
      "IsOverrideInitLevelGraph": true,
      "Trigger": {
        "Radius": 4.0,
        "DimX": 1.0,
        "DimY": 1.0,
        "DimZ": 1.0,
        "PointList": []
      },
      "CampID": 4,
      "MapLayerID": 1,
      "CustomTriggerMap": {},
      "BridgeStateRotations": [],
      "DialogueGroups": [],
      "TalkDialogGroupIDList": [],
      "ServerInteractVerificationIDList": []
    }
  ],
  "NPCList": []
}