{
  "GroupGUID": "9a737a7c-f3b4-4f15-9b55-d623720f18f2",
  "GroupName": "MainMission2000803_1",
  "Category": "Atmosphere",
  "AreaAnchorName": "LevelArea_P10000_F10000000_G153",
  "AtmosphereCondition": {
    "Conditions": [
      {
        "$type": "LevelGroupMissionSavedValueCondition",
        "MainMissionID": 200080103
      }
    ]
  },
  "LoadSide": "Server",
  "ValueSource": {},
  "ConflictIDList": [],
  "IsHoyoGroup": true,
  "HoYoGroupType": "Container",
  "SpatialInfo": {
    "GridList": [],
    "LowerUpperBounds": {}
  },
  "ConflictWhiteList": [],
  "AnchorList": [],
  "MonsterList": [],
  "PropList": [
    {
      "ID": 300001,
      "PosX": -6.408,
      "PosY": 1.007,
      "PosZ": 8.795,
      "Name": "Prop1",
      "RotY": 225.8822,
      "PropID": 101028,
      "ValueSource": {},
      "CampID": 4,
      "State": "EventClose",
      "EventID": 20132524,
      "MapLayerID": 1,
      "CustomTriggerMap": {},
      "CustomTriggerMapV2": {},
      "BridgeStateRotations": [],
      "DialogueGroups": [],
      "TalkDialogGroupIDList": [],
      "ServerInteractVerificationIDList": [],
      "TriggerValidGuest": {},
      "SpawnConfig": {
        "EntitySpawnConfig": {}
      }
    }
  ],
  "NPCList": []
}