{
  "GroupGUID": "564cd034-6c90-40b2-aee6-50def5a7bcdd",
  "GroupName": "MainMission2011501_",
  "Category": "Mission",
  "AreaAnchorName": "LevelArea_P10000_F10000000_G59",
  "SaveType": "Reset",
  "LoadCondition": {
    "Conditions": [
      {
        "Type": "SubMission",
        "ID": 201150107
      },
      {
        "Type": "SubMission",
        "ID": 201150111
      }
    ],
    "Operation": "Or"
  },
  "OwnerMainMissionID": 2011501,
  "ConflictIDList": [],
  "AnchorList": [
    {
      "ID": 1,
      "PosX": 1.724,
      "PosY": -4.0E-6,
      "PosZ": 0.46,
      "Name": "Anchor1",
      "RotY": 180.0,
      "MapLayerID": 1,
      "Usage": "Camera"
    }
  ],
  "MonsterList": [],
  "PropList": [],
  "NPCList": [
    {
      "ID": 400001,
      "PosX": 2.25,
      "PosY": -4.0E-6,
      "PosZ": -0.84,
      "Name": "NPC1",
      "RotY": 317.6269,
      "NPCID": 1003,
      "DialogueGroups": [],
      "ServerInteractVerificationIDList": [],
      "MapLayerID": 1,
      "BoardShowList": [],
      "TalkDialogGroupIDList": [],
      "DefaultIdleFreeStyleMotionID": 310030000,
      "InitialHiddenNodeList": []
    },
    {
      "ID": 400002,
      "PosX": 1.7,
      "PosY": -3.0E-6,
      "PosZ": -1.22,
      "Name": "NPC2",
      "NPCID": 1004,
      "DialogueGroups": [],
      "ServerInteractVerificationIDList": [],
      "MapLayerID": 1,
      "BoardShowList": [],
      "TalkDialogGroupIDList": [],
      "DefaultIdleFreeStyleMotionID": 310040231,
      "InitialHiddenNodeList": []
    }
  ]
}