{
  "GroupGUID": "39d2c3ea-a46d-463b-a4ac-25709ea91043",
  "GroupName": "MainMission8015163_801516304",
  "Category": "Mission",
  "LevelGraph": "Config/Level/GroupGraph/F10000000/Group_F10000000_G154.json",
  "AreaAnchorName": "LevelArea_P10000_F10000000_G154",
  "SaveType": "Reset",
  "OwnerMainMissionID": 8015163,
  "ValueSource": {},
  "ConflictIDList": [],
  "IsHoyoGroup": true,
  "SpatialInfo": {
    "GridList": [
      {
        "x": -4,
        "y": 3
      },
      {
        "x": -3,
        "y": 3
      },
      {
        "x": -2,
        "y": 3
      },
      {
        "x": -4,
        "y": 4
      },
      {
        "x": -3,
        "y": 4
      },
      {
        "x": -2,
        "y": 4
      }
    ],
    "LowerUpperBounds": {
      "y": 2
    }
  },
  "ConflictWhiteList": [],
  "AnchorList": [],
  "MonsterList": [],
  "PropList": [],
  "NPCList": [
    {
      "ID": 400001,
      "PosX": -4.858,
      "PosY": -9.0E-6,
      "PosZ": 8.073,
      "Name": "NPC1",
      "RotY": 147.8312,
      "NPCID": 1001,
      "ValueSource": {},
      "DialogueGroups": [],
      "ServerInteractVerificationIDList": [],
      "MapLayerID": 1,
      "BoardShowList": [],
      "TalkDialogGroupIDList": [],
      "DefaultIdleFreeStyleMotionID": 310010246,
      "InitialHiddenNodeList": [],
      "SpawnConfig": {
        "EntitySpawnConfig": {}
      },
      "TriggerValidGuest": {}
    }
  ]
}