{
  "EffectAssetList": [
    "Effects/Eff_Prefab/Eff_Monster/Eff_XP_Minion02_00/Eff_Monster_XP_Minion02_00_Head_L.prefab",
    "Effects/Eff_Prefab/Eff_Monster/Eff_XP_Minion02_00/Eff_Monster_XP_Minion02_00_Head_R.prefab",
    "Effects/Eff_Prefab/Eff_Monster/Eff_XP_Minion02_00/Eff_Monster_XP_Minion02_00_Maze_Standby_Loop.prefab",
    "Effects/Eff_Prefab/Eff_Monster/Eff_XP_Minion02_00/Eff_Monster_XP_Minion02_00_Prop_L_JNT.prefab",
    "Effects/Eff_Prefab/Eff_Monster/Eff_XP_Minion02_00/Eff_Monster_XP_Minion02_00_Prop_R_JNT.prefab"
  ],
  "EffectInstanceMap": {
    "MazeAttack": {
      "EffectTypes": [
        "MazeAttack"
      ],
      "EffectInstanceList": [
        "Effects/Eff_Prefab/Eff_Monster/Eff_XP_Minion02_00/Eff_Monster_XP_Minion02_00_MazeAttack_Skill02Hit.prefab"
      ]
    },
    "Passive": {
      "EffectTypes": [
        "Passive"
      ],
      "EffectInstanceList": []
    },
    "Skill": {
      "EffectTypes": [
        "Skill"
      ],
      "EffectInstanceList": [
        "Effects/Eff_Prefab/Eff_Monster/Eff_XP_Minion02_00/Eff_Monster_XP_Minion02_00_MazeAttack_Skill02Hit.prefab",
        "Effects/Eff_Prefab/Eff_Monster/Eff_XP_Minion02_00/Eff_Monster_XP_Minion02_00_Skill01_01.prefab",
        "Effects/Eff_Prefab/Eff_Monster/Eff_XP_Minion02_00/Eff_Monster_XP_Minion02_00_Skill01_01_Weak.prefab",
        "Effects/Eff_Prefab/Eff_Monster/Eff_XP_Minion02_00/Eff_Monster_XP_Minion02_00_Skill01_02.prefab",
        "Effects/Eff_Prefab/Eff_Monster/Eff_XP_Minion02_00/Eff_Monster_XP_Minion02_00_Skill01_02_Weak.prefab",
        "Effects/Eff_Prefab/Eff_Monster/Eff_XP_Minion02_00/Eff_Monster_XP_Minion02_00_Skill01_Hit.prefab",
        "Effects/Eff_Prefab/Eff_Monster/Eff_XP_Minion02_00/Eff_Monster_XP_Minion02_00_Skill01_Hit_Weak.prefab",
        "Effects/Eff_Prefab/Eff_Monster/Eff_XP_Minion02_00/Eff_Monster_XP_Minion02_00_Skill02_01.prefab",
        "Effects/Eff_Prefab/Eff_Monster/Eff_XP_Minion02_00/Eff_Monster_XP_Minion02_00_Skill02_01_Body.prefab",
        "Effects/Eff_Prefab/Eff_Monster/Eff_XP_Minion02_00/Eff_Monster_XP_Minion02_00_Skill02_01_Body01.prefab",
        "Effects/Eff_Prefab/Eff_Monster/Eff_XP_Minion02_00/Eff_Monster_XP_Minion02_00_Skill02_01_Body02.prefab",
        "Effects/Eff_Prefab/Eff_Monster/Eff_XP_Minion02_00/Eff_Monster_XP_Minion02_00_Skill02_02.prefab",
        "Effects/Eff_Prefab/Eff_Monster/Eff_XP_Minion02_00/Eff_Monster_XP_Minion02_00_Skill02_03.prefab",
        "Effects/Eff_Prefab/Eff_Monster/Eff_XP_Minion02_00/Eff_Monster_XP_Minion02_00_Skill02_Hit.prefab"
      ]
    },
    "Die": {
      "EffectTypes": [
        "Die"
      ],
      "EffectInstanceList": [
        "Effects/Eff_Prefab/Eff_Monster/Eff_XP_Minion02_00/Eff_Monster_XP_Minion02_00_Die_01.prefab",
        "Effects/Eff_Prefab/Eff_Monster/Eff_XP_Minion02_00/Eff_Monster_XP_Minion02_00_Die_02.prefab",
        "Effects/Eff_Prefab/Eff_Monster/Eff_XP_Minion02_00/Eff_Monster_XP_Minion02_00_Die_Fly.prefab"
      ]
    },
    "Common": {
      "EffectTypes": [
        "Common"
      ],
      "EffectInstanceList": []
    }
  }
}