{
  "EffectAssetList": [],
  "EffectInstanceMap": {
    "MazeAttack": {
      "EffectTypes": [
        "MazeAttack"
      ],
      "EffectInstanceList": [
        "Effects/Eff_Prefab/Eff_Monster/Eff_W2_Abomi03_00/Eff_Monster_W2_Abomi03_00_MazeAttack.prefab"
      ]
    },
    "Passive": {
      "EffectTypes": [
        "Passive"
      ],
      "EffectInstanceList": []
    },
    "Skill": {
      "EffectTypes": [
        "Skill"
      ],
      "EffectInstanceList": [
        "Effects/Eff_Prefab/Eff_Monster/Eff_W2_Abomi03_00/Eff_Monster_W2_Abomi03_00_Skill01_Attack.prefab",
        "Effects/Eff_Prefab/Eff_Monster/Eff_W2_Abomi03_00/Eff_Monster_W2_Abomi03_00_Skill01_Bullet.prefab",
        "Effects/Eff_Prefab/Eff_Monster/Eff_W2_Abomi03_00/Eff_Monster_W2_Abomi03_00_Skill01_Hit.prefab"
      ]
    },
    "Die": {
      "EffectTypes": [
        "Die"
      ],
      "EffectInstanceList": [
        "Effects/Eff_Prefab/Eff_Monster/Eff_W2_Abomi03_00/Eff_Monster_W2_Abomi03_00_Common_Die_01.prefab",
        "Effects/Eff_Prefab/Eff_Monster/Eff_W2_Abomi03_00/Eff_Monster_W2_Abomi03_00_Common_Die_02.prefab",
        "Effects/Eff_Prefab/Eff_Monster/Eff_W2_Abomi03_00/Eff_Monster_W2_Abomi03_00_Common_Die_Fly.prefab"
      ]
    },
    "Common": {
      "EffectTypes": [
        "Common"
      ],
      "EffectInstanceList": [
        "Effects/Eff_Prefab/Eff_Monster/Eff_W2_Abomi03_00/Eff_Monster_W2_Abomi03_00_Common_Die_01.prefab",
        "Effects/Eff_Prefab/Eff_Monster/Eff_W2_Abomi03_00/Eff_Monster_W2_Abomi03_00_Common_Die_02.prefab",
        "Effects/Eff_Prefab/Eff_Monster/Eff_W2_Abomi03_00/Eff_Monster_W2_Abomi03_00_Common_Die_Fly.prefab"
      ]
    }
  }
}