{
  "EffectAssetList": [
    "Effects/Eff_Prefab/Eff_Monster/Eff_AML_Elite01_01/Eff_Monster_AML_Elite01_01_Appear.prefab",
    "Effects/Eff_Prefab/Eff_Monster/Eff_AML_Elite01_01/Eff_Monster_AML_Elite01_01_Appear_02.prefab",
    "Effects/Eff_Prefab/Eff_Monster/Eff_AML_Elite01_01/Eff_Monster_AML_Elite01_01_Buff.prefab",
    "Effects/Eff_Prefab/Eff_Monster/Eff_AML_Elite01_01/Eff_Monster_AML_Elite01_01_Loop.prefab",
    "Effects/Eff_Prefab/Eff_Monster/Eff_AML_Elite01_01/Eff_Monster_AML_Elite01_01_Loop_Foot.prefab",
    "Effects/Eff_Prefab/Eff_Monster/Eff_AML_Elite01_01/Eff_Monster_AML_Elite01_01_WeaponBowA_Appear.prefab",
    "Effects/Eff_Prefab/Eff_Monster/Eff_AML_Elite01_01/Eff_Monster_AML_Elite01_01_WeaponBowA_End.prefab",
    "Effects/Eff_Prefab/Eff_Monster/Eff_AML_Elite01_01/Monster_AML_Elite01_01_Timeline.prefab"
  ],
  "EffectInstanceMap": {
    "MazeAttack": {
      "EffectTypes": [
        "MazeAttack"
      ],
      "EffectInstanceList": []
    },
    "Passive": {
      "EffectTypes": [
        "Passive"
      ],
      "EffectInstanceList": []
    },
    "Skill": {
      "EffectTypes": [
        "Skill"
      ],
      "EffectInstanceList": [
        "Effects/Eff_Prefab/Eff_Monster/Eff_AML_Elite01_01/Eff_Monster_AML_Elite01_01_Skill01_01_Hit.prefab",
        "Effects/Eff_Prefab/Eff_Monster/Eff_AML_Elite01_01/Eff_Monster_AML_Elite01_01_Skill01_01_Start01.prefab",
        "Effects/Eff_Prefab/Eff_Monster/Eff_AML_Elite01_01/Eff_Monster_AML_Elite01_01_Skill01_01_Wrist_R.prefab",
        "Effects/Eff_Prefab/Eff_Monster/Eff_AML_Elite01_01/Eff_Monster_AML_Elite01_01_Skill01_02_Hit.prefab",
        "Effects/Eff_Prefab/Eff_Monster/Eff_AML_Elite01_01/Eff_Monster_AML_Elite01_01_Skill02_01.prefab",
        "Effects/Eff_Prefab/Eff_Monster/Eff_AML_Elite01_01/Eff_Monster_AML_Elite01_01_Skill02_01_Hit.prefab",
        "Effects/Eff_Prefab/Eff_Monster/Eff_AML_Elite01_01/Eff_Monster_AML_Elite01_01_Skill02_02.prefab",
        "Effects/Eff_Prefab/Eff_Monster/Eff_AML_Elite01_01/Eff_Monster_AML_Elite01_01_Skill02_03.prefab",
        "Effects/Eff_Prefab/Eff_Monster/Eff_AML_Elite01_01/Eff_Monster_AML_Elite01_01_Skill02_Appear.prefab",
        "Effects/Eff_Prefab/Eff_Monster/Eff_AML_Elite01_01/Eff_Monster_AML_Elite01_01_Skill02_Appear_02.prefab",
        "Effects/Eff_Prefab/Eff_Monster/Eff_AML_Elite01_01/Eff_Monster_AML_Elite01_01_Skill02_Smoke_1.prefab",
        "Effects/Eff_Prefab/Eff_Monster/Eff_AML_Elite01_01/Eff_Monster_AML_Elite01_01_Skill02_Smoke_2.prefab",
        "Effects/Eff_Prefab/Eff_Monster/Eff_AML_Elite01_01/Eff_Monster_AML_Elite01_01_Skill03_01.prefab",
        "Effects/Eff_Prefab/Eff_Monster/Eff_AML_Elite01_01/Eff_Monster_AML_Elite01_01_Skill03_01_Body.prefab",
        "Effects/Eff_Prefab/Eff_Monster/Eff_AML_Elite01_01/Eff_Monster_AML_Elite01_01_Skill03_01_Hit.prefab",
        "Effects/Eff_Prefab/Eff_Monster/Eff_AML_Elite01_01/Eff_Monster_AML_Elite01_01_Skill03_01_ToesFront_L.prefab",
        "Effects/Eff_Prefab/Eff_Monster/Eff_AML_Elite01_01/Eff_Monster_AML_Elite01_01_Skill03_01_ToesFront_R.prefab",
        "Effects/Eff_Prefab/Eff_Monster/Eff_AML_Elite01_01/Eff_Monster_AML_Elite01_01_Skill03_Smoke_1.prefab",
        "Effects/Eff_Prefab/Eff_Monster/Eff_AML_Elite01_01/Eff_Monster_AML_Elite01_01_Skill03_Smoke_2.prefab",
        "Effects/Eff_Prefab/Eff_Monster/Eff_AML_Elite01_01/Eff_Monster_AML_Elite01_01_Skill04_Arrow_Appear.prefab",
        "Effects/Eff_Prefab/Eff_Monster/Eff_AML_Elite01_01/Eff_Monster_AML_Elite01_01_Skill04_Arrow_Loop.prefab",
        "Effects/Eff_Prefab/Eff_Monster/Eff_AML_Elite01_01/Eff_Monster_AML_Elite01_01_Skill04_Head.prefab",
        "Effects/Eff_Prefab/Eff_Monster/Eff_AML_Elite01_01/Eff_Monster_AML_Elite01_01_Skill04_Head_Loop.prefab",
        "Effects/Eff_Prefab/Eff_Monster/Eff_AML_Elite01_01/Eff_Monster_AML_Elite01_01_Skill04_Ready_Loop.prefab",
        "Effects/Eff_Prefab/Eff_Monster/Eff_AML_Elite01_01/Eff_Monster_AML_Elite01_01_Skill04_WeaponStart.prefab",
        "Effects/Eff_Prefab/Eff_Monster/Eff_AML_Elite01_01/Eff_Monster_AML_Elite01_01_Skill05_Arrow.prefab",
        "Effects/Eff_Prefab/Eff_Monster/Eff_AML_Elite01_01/Eff_Monster_AML_Elite01_01_Skill05_Arrow_Fire.prefab",
        "Effects/Eff_Prefab/Eff_Monster/Eff_AML_Elite01_01/Eff_Monster_AML_Elite01_01_Skill05_Fire02.prefab",
        "Effects/Eff_Prefab/Eff_Monster/Eff_AML_Elite01_01/Eff_Monster_AML_Elite01_01_Skill05_Fire_WeaponArrow_JNT.prefab",
        "Effects/Eff_Prefab/Eff_Monster/Eff_AML_Elite01_01/Eff_Monster_AML_Elite01_01_Skill05_Hit.prefab",
        "Effects/Eff_Prefab/Eff_Monster/Eff_AML_Elite01_01/Eff_Monster_AML_Elite01_01_Skill05_Hit_Camera.prefab",
        "Effects/Eff_Prefab/Eff_Monster/Eff_AML_Elite01_01/Eff_Monster_AML_Elite01_01_Skill06_Arrow.prefab",
        "Effects/Eff_Prefab/Eff_Monster/Eff_AML_Elite01_01/Eff_Monster_AML_Elite01_01_Skill06_Arrow_Fire.prefab",
        "Effects/Eff_Prefab/Eff_Monster/Eff_AML_Elite01_01/Eff_Monster_AML_Elite01_01_Skill06_Fire03.prefab",
        "Effects/Eff_Prefab/Eff_Monster/Eff_AML_Elite01_01/Eff_Monster_AML_Elite01_01_Skill06_Fire_WeaponArrow_JNT.prefab",
        "Effects/Eff_Prefab/Eff_Monster/Eff_AML_Elite01_01/Eff_Monster_AML_Elite01_01_Skill06_Hit.prefab",
        "Effects/Eff_Prefab/Eff_Monster/Eff_AML_Elite01_01/Eff_Monster_AML_Elite01_01_Skill06_Hit_01.prefab",
        "Effects/Eff_Prefab/Eff_Monster/Eff_AML_Elite01_01/Eff_Monster_AML_Elite01_01_Skill06_Hit_02.prefab",
        "Effects/Eff_Prefab/Eff_Monster/Eff_AML_Elite01_01/Eff_Monster_AML_Elite01_01_Skill06_Hit_Camera.prefab",
        "Effects/Eff_Prefab/Eff_Monster/Eff_AML_Elite01_01/Eff_Monster_AML_Elite01_01_Skill09_Start01.prefab",
        "Effects/Eff_Prefab/Eff_Monster/Eff_AML_Elite01_01/Eff_Monster_AML_Elite01_01_Skill09_Wrist_R.prefab"
      ]
    },
    "Die": {
      "EffectTypes": [
        "Die"
      ],
      "EffectInstanceList": [
        "Effects/Eff_Prefab/Eff_Monster/Eff_AML_Elite01_01/Eff_Monster_AML_Elite01_01_Common_Die.prefab",
        "Effects/Eff_Prefab/Eff_Monster/Eff_AML_Elite01_01/Eff_Monster_AML_Elite01_01_Die_01.prefab",
        "Effects/Eff_Prefab/Eff_Monster/Eff_AML_Elite01_01/Eff_Monster_AML_Elite01_01_Die_02.prefab"
      ]
    },
    "Common": {
      "EffectTypes": [
        "Common"
      ],
      "EffectInstanceList": [
        "Effects/Eff_Prefab/Eff_Monster/Eff_AML_Elite01_01/Eff_Monster_AML_Elite01_01_Common_Die.prefab"
      ]
    }
  }
}