{
  "EffectAssetList": [],
  "EffectInstanceMap": {
    "MazeAttack": {
      "EffectTypes": [
        "MazeAttack"
      ],
      "EffectInstanceList": []
    },
    "Passive": {
      "EffectTypes": [
        "Passive"
      ],
      "EffectInstanceList": []
    },
    "Skill": {
      "EffectTypes": [
        "Skill"
      ],
      "EffectInstanceList": [
        "Effects/Eff_Prefab/Eff_Monster/Eff_XP_Elite01_00/Eff_XP_Elite01_00_01_Skill01_Attack_Fire.prefab",
        "Effects/Eff_Prefab/Eff_Monster/Eff_XP_Elite01_00/Eff_XP_Elite01_00_01_Skill01_Attack_Fire_02.prefab",
        "Effects/Eff_Prefab/Eff_Monster/Eff_XP_Elite01_00/Eff_XP_Elite01_00_01_Skill01_Attack_Fire_Loop.prefab",
        "Effects/Eff_Prefab/Eff_Monster/Eff_XP_Elite01_00/Eff_XP_Elite01_00_01_Skill01_Attack_Fire_Start.prefab",
        "Effects/Eff_Prefab/Eff_Monster/Eff_XP_Elite01_00/Eff_XP_Elite01_00_01_Skill01_Attack_Hit.prefab",
        "Effects/Eff_Prefab/Eff_Monster/Eff_XP_Elite01_00/Eff_XP_Elite01_00_01_Skill01_Attack_Win.prefab",
        "Effects/Eff_Prefab/Eff_Monster/Eff_XP_Elite01_00/Eff_XP_Elite01_00_01_Skill01_Attack_Wrist_R.prefab",
        "Effects/Eff_Prefab/Eff_Monster/Eff_XP_Elite01_00/Eff_XP_Elite01_00_01_Skill01_FingerEffect.prefab",
        "Effects/Eff_Prefab/Eff_Monster/Eff_XP_Elite01_00/Eff_XP_Elite01_00_01_Skill02_Fire.prefab",
        "Effects/Eff_Prefab/Eff_Monster/Eff_XP_Elite01_00/Eff_XP_Elite01_00_01_Skill02_Fire_02.prefab",
        "Effects/Eff_Prefab/Eff_Monster/Eff_XP_Elite01_00/Eff_XP_Elite01_00_01_Skill02_Fire_03.prefab",
        "Effects/Eff_Prefab/Eff_Monster/Eff_XP_Elite01_00/Eff_XP_Elite01_00_01_Skill02_Fire_Bust.prefab",
        "Effects/Eff_Prefab/Eff_Monster/Eff_XP_Elite01_00/Eff_XP_Elite01_00_01_Skill02_Fire_ElbowPart1_L.prefab",
        "Effects/Eff_Prefab/Eff_Monster/Eff_XP_Elite01_00/Eff_XP_Elite01_00_01_Skill02_Fire_ElbowPart1_R.prefab",
        "Effects/Eff_Prefab/Eff_Monster/Eff_XP_Elite01_00/Eff_XP_Elite01_00_01_Skill02_Fire_HeadM.prefab",
        "Effects/Eff_Prefab/Eff_Monster/Eff_XP_Elite01_00/Eff_XP_Elite01_00_01_Skill03_Attack_Fire.prefab",
        "Effects/Eff_Prefab/Eff_Monster/Eff_XP_Elite01_00/Eff_XP_Elite01_00_01_Skill03_Attack_Fire_02.prefab",
        "Effects/Eff_Prefab/Eff_Monster/Eff_XP_Elite01_00/Eff_XP_Elite01_00_01_Skill03_Attack_Fire_03.prefab",
        "Effects/Eff_Prefab/Eff_Monster/Eff_XP_Elite01_00/Eff_XP_Elite01_00_01_Skill03_Attack_Fire_04.prefab",
        "Effects/Eff_Prefab/Eff_Monster/Eff_XP_Elite01_00/Eff_XP_Elite01_00_01_Skill03_Attack_Fire_Loop.prefab",
        "Effects/Eff_Prefab/Eff_Monster/Eff_XP_Elite01_00/Eff_XP_Elite01_00_01_Skill03_Attack_Hit.prefab",
        "Effects/Eff_Prefab/Eff_Monster/Eff_XP_Elite01_00/Eff_XP_Elite01_00_01_Skill03_Attack_Win.prefab",
        "Effects/Eff_Prefab/Eff_Monster/Eff_XP_Elite01_00/Eff_XP_Elite01_00_01_Skill04_Attack_Root_M.prefab",
        "Effects/Eff_Prefab/Eff_Monster/Eff_XP_Elite01_00/Eff_XP_Elite01_00_01_Skill04_Attack_Win.prefab",
        "Effects/Eff_Prefab/Eff_Monster/Eff_XP_Elite01_00/Eff_XP_Elite01_00_01_Skill04_Fire_HeadM_Add.prefab",
        "Effects/Eff_Prefab/Eff_Monster/Eff_XP_Elite01_00/Eff_XP_Elite01_00_01_Skill08_Attack_Fire.prefab",
        "Effects/Eff_Prefab/Eff_Monster/Eff_XP_Elite01_00/Eff_XP_Elite01_00_01_Skill08_Attack_Fire_Loop.prefab",
        "Effects/Eff_Prefab/Eff_Monster/Eff_XP_Elite01_00/Eff_XP_Elite01_00_01_Skill08_Attack_Hit01.prefab",
        "Effects/Eff_Prefab/Eff_Monster/Eff_XP_Elite01_00/Eff_XP_Elite01_00_01_Skill08_Attack_Start01.prefab",
        "Effects/Eff_Prefab/Eff_Monster/Eff_XP_Elite01_00/Eff_XP_Elite01_00_01_Skill08_Hit01.prefab",
        "Effects/Eff_Prefab/Eff_Monster/Eff_XP_Elite01_00/Eff_XP_Elite01_00_01_Skill09_Attack_Hit01.prefab",
        "Effects/Eff_Prefab/Eff_Monster/Eff_XP_Elite01_00/Eff_XP_Elite01_00_01_Skill09_Hit01.prefab",
        "Effects/Eff_Prefab/Eff_Monster/Eff_XP_Elite01_00/Eff_XP_Elite01_00_01_Skill09_Start01.prefab"
      ]
    },
    "Die": {
      "EffectTypes": [
        "Die"
      ],
      "EffectInstanceList": [
        "Effects/Eff_Prefab/Eff_Monster/Eff_XP_Elite01_00/Eff_XP_Elite01_00_01_Common_Die.prefab",
        "Effects/Eff_Prefab/Eff_Common/Eff_Common_Die_XP_01_Fire.prefab"
      ]
    },
    "Common": {
      "EffectTypes": [
        "Common"
      ],
      "EffectInstanceList": [
        "Effects/Eff_Prefab/Eff_Monster/Eff_XP_Elite01_00/Eff_XP_Elite01_00_01_Common_Die.prefab",
        "Effects/Eff_Prefab/Eff_Monster/Eff_XP_Elite01_00/Eff_XP_Elite01_00_01_Common_Remove.prefab"
      ]
    }
  }
}