{
  "EffectAssetList": [
    "Effects/Eff_Prefab/Eff_Monster/Eff_W2_Huanlong_00/Eff_Monster_W2_Huanlong_00_ChangePhase01_01.prefab",
    "Effects/Eff_Prefab/Eff_Monster/Eff_W2_Huanlong_00/Eff_Monster_W2_Huanlong_00_ChangePhase01_02.prefab",
    "Effects/Eff_Prefab/Eff_Monster/Eff_W2_Huanlong_00/Eff_Monster_W2_Huanlong_00_ChangePhase01_03.prefab",
    "Effects/Eff_Prefab/Eff_Monster/Eff_W2_Huanlong_00/Eff_Monster_W2_Huanlong_00_ChangePhase01_03_02.prefab",
    "Effects/Eff_Prefab/Eff_Monster/Eff_W2_Huanlong_00/Eff_Monster_W2_Huanlong_00_ChangePhase01_04.prefab",
    "Effects/Eff_Prefab/Eff_Monster/Eff_W2_Huanlong_00/Eff_Monster_W2_Huanlong_00_ChangePhase02_01.prefab",
    "Effects/Eff_Prefab/Eff_Monster/Eff_W2_Huanlong_00/Eff_Monster_W2_Huanlong_00_ChangePhase02_02.prefab",
    "Effects/Eff_Prefab/Eff_Monster/Eff_W2_Huanlong_00/Eff_Monster_W2_Huanlong_00_ChangePhase02_03.prefab",
    "Effects/Eff_Prefab/Eff_Monster/Eff_W2_Huanlong_00/Eff_Monster_W2_Huanlong_00_ChangePhase02_Camera.prefab",
    "Effects/Eff_Prefab/Eff_Monster/Eff_W2_Huanlong_00/Eff_Monster_W2_Huanlong_00_ChangePhase02_Camera02.prefab",
    "Effects/Eff_Prefab/Eff_Monster/Eff_W2_Huanlong_00/Eff_Monster_W2_Huanlong_00_ChangePhase02_Camera03.prefab",
    "Effects/Eff_Prefab/Eff_Monster/Eff_W2_Huanlong_00/Eff_Monster_W2_Huanlong_00_Quantum_Loop_02.prefab"
  ],
  "EffectInstanceMap": {
    "MazeAttack": {
      "EffectTypes": [
        "MazeAttack"
      ],
      "EffectInstanceList": []
    },
    "Passive": {
      "EffectTypes": [
        "Passive"
      ],
      "EffectInstanceList": []
    },
    "Skill": {
      "EffectTypes": [
        "Skill"
      ],
      "EffectInstanceList": [
        "Effects/Eff_Prefab/Eff_Monster/Eff_W2_Huanlong_00/Eff_Monster_W2_Huanlong_00_Skill01_Hit.prefab",
        "Effects/Eff_Prefab/Eff_Monster/Eff_W2_Huanlong_00/Eff_Monster_W2_Huanlong_00_Skill01_Weapon_Dissolve.prefab",
        "Effects/Eff_Prefab/Eff_Monster/Eff_W2_Huanlong_00/Eff_Monster_W2_Huanlong_00_Skill01_Weapon_Dissolve_02.prefab",
        "Effects/Eff_Prefab/Eff_Monster/Eff_W2_Huanlong_00/Eff_Monster_W2_Huanlong_00_Skill01_Weapon_Dissolve_LZ.prefab",
        "Effects/Eff_Prefab/Eff_Monster/Eff_W2_Huanlong_00/Eff_Monster_W2_Huanlong_00_Skill01_Weapon_Start.prefab",
        "Effects/Eff_Prefab/Eff_Monster/Eff_W2_Huanlong_00/Eff_Monster_W2_Huanlong_00_Skill01_Weapon_Start_02.prefab",
        "Effects/Eff_Prefab/Eff_Monster/Eff_W2_Huanlong_00/Eff_Monster_W2_Huanlong_00_Skill01_Weapon_Start_LZ.prefab",
        "Effects/Eff_Prefab/Eff_Monster/Eff_W2_Huanlong_00/Eff_Monster_W2_Huanlong_00_Skill02_Attack.prefab",
        "Effects/Eff_Prefab/Eff_Monster/Eff_W2_Huanlong_00/Eff_Monster_W2_Huanlong_00_Skill02_Hit.prefab",
        "Effects/Eff_Prefab/Eff_Monster/Eff_W2_Huanlong_00/Eff_Monster_W2_Huanlong_00_Skill02_Hit_02.prefab",
        "Effects/Eff_Prefab/Eff_Monster/Eff_W2_Huanlong_00/Eff_Monster_W2_Huanlong_00_Skill03_Attack.prefab",
        "Effects/Eff_Prefab/Eff_Monster/Eff_W2_Huanlong_00/Eff_Monster_W2_Huanlong_00_Skill03_Hit.prefab",
        "Effects/Eff_Prefab/Eff_Monster/Eff_W2_Huanlong_00/Eff_Monster_W2_Huanlong_00_Skill03_Strat01.prefab",
        "Effects/Eff_Prefab/Eff_Monster/Eff_W2_Huanlong_00/Eff_Monster_W2_Huanlong_00_Skill04_01.prefab",
        "Effects/Eff_Prefab/Eff_Monster/Eff_W2_Huanlong_00/Eff_Monster_W2_Huanlong_00_Skill04_02.prefab",
        "Effects/Eff_Prefab/Eff_Monster/Eff_W2_Huanlong_00/Eff_Monster_W2_Huanlong_00_Skill04_MiddleFinger1_L.prefab",
        "Effects/Eff_Prefab/Eff_Monster/Eff_W2_Huanlong_00/Eff_Monster_W2_Huanlong_00_Skill04_PinkyFinger1_L.prefab",
        "Effects/Eff_Prefab/Eff_Monster/Eff_W2_Huanlong_00/Eff_Monster_W2_Huanlong_00_Skill05_Weapon_Dissolve.prefab",
        "Effects/Eff_Prefab/Eff_Monster/Eff_W2_Huanlong_00/Eff_Monster_W2_Huanlong_00_Skill05_Weapon_Dissolve_LZ.prefab",
        "Effects/Eff_Prefab/Eff_Monster/Eff_W2_Huanlong_00/Eff_Monster_W2_Huanlong_00_Skill05_Weapon_Start.prefab",
        "Effects/Eff_Prefab/Eff_Monster/Eff_W2_Huanlong_00/Eff_Monster_W2_Huanlong_00_Skill05_Weapon_Start_02.prefab",
        "Effects/Eff_Prefab/Eff_Monster/Eff_W2_Huanlong_00/Eff_Monster_W2_Huanlong_00_Skill05_Weapon_Start_LZ.prefab",
        "Effects/Eff_Prefab/Eff_Monster/Eff_W2_Huanlong_00/Eff_Monster_W2_Huanlong_00_Skill06_01.prefab",
        "Effects/Eff_Prefab/Eff_Monster/Eff_W2_Huanlong_00/Eff_Monster_W2_Huanlong_00_Skill06_02.prefab",
        "Effects/Eff_Prefab/Eff_Monster/Eff_W2_Huanlong_00/Eff_Monster_W2_Huanlong_00_Skill06_03.prefab",
        "Effects/Eff_Prefab/Eff_Monster/Eff_W2_Huanlong_00/Eff_Monster_W2_Huanlong_00_Skill06_04.prefab",
        "Effects/Eff_Prefab/Eff_Monster/Eff_W2_Huanlong_00/Eff_Monster_W2_Huanlong_00_Skill06_05.prefab",
        "Effects/Eff_Prefab/Eff_Monster/Eff_W2_Huanlong_00/Eff_Monster_W2_Huanlong_00_Skill06_06.prefab",
        "Effects/Eff_Prefab/Eff_Monster/Eff_W2_Huanlong_00/Eff_Monster_W2_Huanlong_01_Skill05_Hit.prefab",
        "Effects/Eff_Prefab/Eff_Monster/Eff_W2_Huanlong_00/Eff_Monster_W2_Huanlong_01_Skill08_Cloud.prefab",
        "Effects/Eff_Prefab/Eff_Monster/Eff_W2_Huanlong_00/Eff_Monster_W2_Huanlong_01_Skill08_Scene.prefab",
        "Effects/Eff_Prefab/Eff_Monster/Eff_W2_Huanlong_00/Eff_Monster_W2_Huanlong_01_Skill08_Start01.prefab",
        "Effects/Eff_Prefab/Eff_Monster/Eff_W2_Huanlong_00/Eff_Monster_W2_Huanlong_01_Skill08_Start01_01.prefab",
        "Effects/Eff_Prefab/Eff_Monster/Eff_W2_Huanlong_00/Eff_Monster_W2_Huanlong_01_Skill08_Start01_02.prefab",
        "Effects/Eff_Prefab/Eff_Monster/Eff_W2_Huanlong_00/Eff_Monster_W2_Huanlong_01_Skill08_Start02.prefab",
        "Effects/Eff_Prefab/Eff_Monster/Eff_W2_Huanlong_00/Eff_Monster_W2_Huanlong_01_Skill08_Start02_Camera.prefab",
        "Effects/Eff_Prefab/Eff_Monster/Eff_W2_Huanlong_00/Eff_Monster_W2_Huanlong_01_Skill08_Start03_01.prefab",
        "Effects/Eff_Prefab/Eff_Monster/Eff_W2_Huanlong_00/Eff_Monster_W2_Huanlong_01_Skill08_Start03_02.prefab",
        "Effects/Eff_Prefab/Eff_Monster/Eff_W2_Huanlong_00/Eff_Monster_W2_Huanlong_01_Skill08_Start03_Camera.prefab",
        "Effects/Eff_Prefab/Eff_Monster/Eff_W2_Huanlong_00/Eff_Monster_W2_Huanlong_01_Skill08_Start05_01.prefab",
        "Effects/Eff_Prefab/Eff_Monster/Eff_W2_Huanlong_00/Eff_Monster_W2_Huanlong_01_Skill08_Start05_Camera.prefab",
        "Effects/Eff_Prefab/Eff_Monster/Eff_W2_Huanlong_00/Eff_Monster_W2_Huanlong_01_Skill14_Start01_02.prefab",
        "Effects/Eff_Prefab/Eff_Monster/Eff_W2_Huanlong_00/Eff_Monster_W2_Huanlong_02_Skill09.prefab",
        "Effects/Eff_Prefab/Eff_Monster/Eff_W2_Huanlong_00/Eff_Monster_W2_Huanlong_02_Skill09_Hit01.prefab",
        "Effects/Eff_Prefab/Eff_Monster/Eff_W2_Huanlong_00/Eff_Monster_W2_Huanlong_02_Skill09_Start01.prefab",
        "Effects/Eff_Prefab/Eff_Monster/Eff_W2_Huanlong_00/Eff_Monster_W2_Huanlong_02_Skill09_Start02.prefab",
        "Effects/Eff_Prefab/Eff_Monster/Eff_W2_Huanlong_00/Eff_Monster_W2_Huanlong_02_Skill10_Attack.prefab",
        "Effects/Eff_Prefab/Eff_Monster/Eff_W2_Huanlong_00/Eff_Monster_W2_Huanlong_02_Skill10_Camera.prefab",
        "Effects/Eff_Prefab/Eff_Monster/Eff_W2_Huanlong_00/Eff_Monster_W2_Huanlong_02_Skill10_Cloud_01.prefab",
        "Effects/Eff_Prefab/Eff_Monster/Eff_W2_Huanlong_00/Eff_Monster_W2_Huanlong_02_Skill10_Start01.prefab",
        "Effects/Eff_Prefab/Eff_Monster/Eff_W2_Huanlong_00/Eff_Monster_W2_Huanlong_02_Skill10_Start01_Light.prefab",
        "Effects/Eff_Prefab/Eff_Monster/Eff_W2_Huanlong_00/Eff_Monster_W2_Huanlong_02_Skill10_Start02.prefab",
        "Effects/Eff_Prefab/Eff_Monster/Eff_W2_Huanlong_00/Eff_Monster_W2_Huanlong_02_Skill10_Start03.prefab",
        "Effects/Eff_Prefab/Eff_Monster/Eff_W2_Huanlong_00/Eff_Monster_W2_Huanlong_02_Skill10_Start04.prefab",
        "Effects/Eff_Prefab/Eff_Monster/Eff_W2_Huanlong_00/Eff_Monster_W2_Huanlong_02_Skill10_Trail.prefab",
        "Effects/Eff_Prefab/Eff_Monster/Eff_W2_Huanlong_00/Eff_Monster_W2_Huanlong_02_Skill11_02.prefab",
        "Effects/Eff_Prefab/Eff_Monster/Eff_W2_Huanlong_00/Eff_Monster_W2_Huanlong_02_Skill11_Attack.prefab",
        "Effects/Eff_Prefab/Eff_Monster/Eff_W2_Huanlong_00/Eff_Monster_W2_Huanlong_02_Skill11_Hit.prefab",
        "Effects/Eff_Prefab/Eff_Monster/Eff_W2_Huanlong_00/Eff_Monster_W2_Huanlong_02_Skill11_Strat01.prefab",
        "Effects/Eff_Prefab/Eff_Monster/Eff_W2_Huanlong_00/Eff_Monster_W2_Huanlong_02_Skill14_Cloud.prefab",
        "Effects/Eff_Prefab/Eff_Monster/Eff_W2_Huanlong_00/Eff_Monster_W2_Huanlong_02_Skill14_Scene.prefab",
        "Effects/Eff_Prefab/Eff_Monster/Eff_W2_Huanlong_00/Eff_Monster_W2_Huanlong_02_Skill14_Start01.prefab",
        "Effects/Eff_Prefab/Eff_Monster/Eff_W2_Huanlong_00/Eff_Monster_W2_Huanlong_02_Skill14_Start01_01.prefab",
        "Effects/Eff_Prefab/Eff_Monster/Eff_W2_Huanlong_00/Eff_Monster_W2_Huanlong_02_Skill14_Start02_Camera.prefab",
        "Effects/Eff_Prefab/Eff_Monster/Eff_W2_Huanlong_00/Eff_Monster_W2_Huanlong_02_Skill14_Start03_01.prefab",
        "Effects/Eff_Prefab/Eff_Monster/Eff_W2_Huanlong_00/Eff_Monster_W2_Huanlong_02_Skill14_Start03_02.prefab",
        "Effects/Eff_Prefab/Eff_Monster/Eff_W2_Huanlong_00/Eff_Monster_W2_Huanlong_02_Skill14_Start03_Camera.prefab",
        "Effects/Eff_Prefab/Eff_Monster/Eff_W2_Huanlong_00/Eff_Monster_W2_Huanlong_02_Skill14_Start05_01.prefab",
        "Effects/Eff_Prefab/Eff_Monster/Eff_W2_Huanlong_00/Eff_Monster_W2_Huanlong_02_Skill14_Start05_Camera.prefab"
      ]
    },
    "Die": {
      "EffectTypes": [
        "Die"
      ],
      "EffectInstanceList": [
        "Effects/Eff_Prefab/Eff_Monster/Eff_W2_Huanlong_00/Eff_Monster_W2_Huanlong_02_Die.prefab",
        "Effects/Eff_Prefab/Eff_Monster/Eff_W2_Huanlong_00/Eff_Monster_W2_Huanlong_02_Die_Dissolve.prefab"
      ]
    },
    "Common": {
      "EffectTypes": [
        "Common"
      ],
      "EffectInstanceList": []
    }
  }
}