{
  "EffectAssetList": [
    "Effects/Eff_Prefab/Eff_Monster/Eff_AML_Boss_00/Eff_Monster_AML_Boss_00_Bodyblack.prefab",
    "Effects/Eff_Prefab/Eff_Monster/Eff_AML_Boss_00/Eff_Monster_AML_Boss_00_Hit.prefab",
    "Effects/Eff_Prefab/Eff_Monster/Eff_AML_Boss_00/Eff_Monster_AML_Boss_00_Hit01_Break.prefab",
    "Effects/Eff_Prefab/Eff_Monster/Eff_AML_Boss_00/Eff_Monster_AML_Boss_00_Hit02_Break.prefab",
    "Effects/Eff_Prefab/Eff_Monster/Eff_AML_Boss_00/Eff_Monster_AML_Boss_00_Hit03_Break.prefab",
    "Effects/Eff_Prefab/Eff_Monster/Eff_AML_Boss_00/Eff_Monster_AML_Boss_00_Hit_Body.prefab",
    "Effects/Eff_Prefab/Eff_Monster/Eff_AML_Boss_00/Eff_Monster_AML_Boss_00_Hit_Break.prefab",
    "Effects/Eff_Prefab/Eff_Monster/Eff_AML_Boss_00/Eff_Monster_AML_Boss_00_Hit_EffectBall_H.prefab",
    "Effects/Eff_Prefab/Eff_Monster/Eff_AML_Boss_00/Eff_Monster_AML_Boss_00_Hit_PartL.prefab",
    "Effects/Eff_Prefab/Eff_Monster/Eff_AML_Boss_00/Eff_Monster_AML_Boss_00_Hit_PartM.prefab",
    "Effects/Eff_Prefab/Eff_Monster/Eff_AML_Boss_00/Eff_Monster_AML_Boss_00_Hit_PartR.prefab",
    "Effects/Eff_Prefab/Eff_Monster/Eff_AML_Boss_00/Eff_Monster_AML_Boss_00_Hit_Part_Crack_1.prefab",
    "Effects/Eff_Prefab/Eff_Monster/Eff_AML_Boss_00/Eff_Monster_AML_Boss_00_Hit_Part_Crack_1_black.prefab",
    "Effects/Eff_Prefab/Eff_Monster/Eff_AML_Boss_00/Eff_Monster_AML_Boss_00_Hit_Part_Crack_2.prefab",
    "Effects/Eff_Prefab/Eff_Monster/Eff_AML_Boss_00/Eff_Monster_AML_Boss_00_Hit_Part_Crack_2_black.prefab",
    "Effects/Eff_Prefab/Eff_Monster/Eff_AML_Boss_00/Eff_Monster_AML_Boss_00_Hit_Part_Crack_3.prefab",
    "Effects/Eff_Prefab/Eff_Monster/Eff_AML_Boss_00/Eff_Monster_AML_Boss_00_Hit_Part_Crack_3_black.prefab"
  ],
  "EffectInstanceMap": {
    "MazeAttack": {
      "EffectTypes": [
        "MazeAttack"
      ],
      "EffectInstanceList": []
    },
    "Passive": {
      "EffectTypes": [
        "Passive"
      ],
      "EffectInstanceList": []
    },
    "Skill": {
      "EffectTypes": [
        "Skill"
      ],
      "EffectInstanceList": [
        "Effects/Eff_Prefab/Eff_Monster/Eff_AML_Boss_00/Eff_Monster_AML_Boss_00_Skill01_Attack01.prefab",
        "Effects/Eff_Prefab/Eff_Monster/Eff_AML_Boss_00/Eff_Monster_AML_Boss_00_Skill01_Attack02.prefab",
        "Effects/Eff_Prefab/Eff_Monster/Eff_AML_Boss_00/Eff_Monster_AML_Boss_00_Skill01_Attack03.prefab",
        "Effects/Eff_Prefab/Eff_Monster/Eff_AML_Boss_00/Eff_Monster_AML_Boss_00_Skill01_Hand.prefab",
        "Effects/Eff_Prefab/Eff_Monster/Eff_AML_Boss_00/Eff_Monster_AML_Boss_00_Skill01_Hit.prefab",
        "Effects/Eff_Prefab/Eff_Monster/Eff_AML_Boss_00/Eff_Monster_AML_Boss_00_Skill02_Attack01.prefab",
        "Effects/Eff_Prefab/Eff_Monster/Eff_AML_Boss_00/Eff_Monster_AML_Boss_00_Skill02_Attack02.prefab",
        "Effects/Eff_Prefab/Eff_Monster/Eff_AML_Boss_00/Eff_Monster_AML_Boss_00_Skill02_Attack03.prefab",
        "Effects/Eff_Prefab/Eff_Monster/Eff_AML_Boss_00/Eff_Monster_AML_Boss_00_Skill02_Hand.prefab",
        "Effects/Eff_Prefab/Eff_Monster/Eff_AML_Boss_00/Eff_Monster_AML_Boss_00_Skill02_Hit.prefab",
        "Effects/Eff_Prefab/Eff_Monster/Eff_AML_Boss_00/Eff_Monster_AML_Boss_00_Skill03_Attack01.prefab",
        "Effects/Eff_Prefab/Eff_Monster/Eff_AML_Boss_00/Eff_Monster_AML_Boss_00_Skill03_Attack02.prefab",
        "Effects/Eff_Prefab/Eff_Monster/Eff_AML_Boss_00/Eff_Monster_AML_Boss_00_Skill03_Attack03.prefab",
        "Effects/Eff_Prefab/Eff_Monster/Eff_AML_Boss_00/Eff_Monster_AML_Boss_00_Skill03_Hand01.prefab",
        "Effects/Eff_Prefab/Eff_Monster/Eff_AML_Boss_00/Eff_Monster_AML_Boss_00_Skill03_Hand02.prefab",
        "Effects/Eff_Prefab/Eff_Monster/Eff_AML_Boss_00/Eff_Monster_AML_Boss_00_Skill03_Hit.prefab",
        "Effects/Eff_Prefab/Eff_Monster/Eff_AML_Boss_00/Eff_Monster_AML_Boss_00_Skill04_Attack01.prefab",
        "Effects/Eff_Prefab/Eff_Monster/Eff_AML_Boss_00/Eff_Monster_AML_Boss_00_Skill04_Attack02.prefab",
        "Effects/Eff_Prefab/Eff_Monster/Eff_AML_Boss_00/Eff_Monster_AML_Boss_00_Skill04_Attack03.prefab",
        "Effects/Eff_Prefab/Eff_Monster/Eff_AML_Boss_00/Eff_Monster_AML_Boss_00_Skill04_Hand.prefab",
        "Effects/Eff_Prefab/Eff_Monster/Eff_AML_Boss_00/Eff_Monster_AML_Boss_00_Skill04_Hit.prefab",
        "Effects/Eff_Prefab/Eff_Monster/Eff_AML_Boss_00/Eff_Monster_AML_Boss_00_Skill05_Attack01.prefab",
        "Effects/Eff_Prefab/Eff_Monster/Eff_AML_Boss_00/Eff_Monster_AML_Boss_00_Skill05_Attack02.prefab",
        "Effects/Eff_Prefab/Eff_Monster/Eff_AML_Boss_00/Eff_Monster_AML_Boss_00_Skill05_Attack03.prefab",
        "Effects/Eff_Prefab/Eff_Monster/Eff_AML_Boss_00/Eff_Monster_AML_Boss_00_Skill05_Hand.prefab",
        "Effects/Eff_Prefab/Eff_Monster/Eff_AML_Boss_00/Eff_Monster_AML_Boss_00_Skill05_Hit.prefab",
        "Effects/Eff_Prefab/Eff_Monster/Eff_AML_Boss_00/Eff_Monster_AML_Boss_00_Skill06_Attack01.prefab",
        "Effects/Eff_Prefab/Eff_Monster/Eff_AML_Boss_00/Eff_Monster_AML_Boss_00_Skill06_Attack02.prefab",
        "Effects/Eff_Prefab/Eff_Monster/Eff_AML_Boss_00/Eff_Monster_AML_Boss_00_Skill06_Attack03.prefab",
        "Effects/Eff_Prefab/Eff_Monster/Eff_AML_Boss_00/Eff_Monster_AML_Boss_00_Skill06_Hand.prefab",
        "Effects/Eff_Prefab/Eff_Monster/Eff_AML_Boss_00/Eff_Monster_AML_Boss_00_Skill06_Hand02.prefab",
        "Effects/Eff_Prefab/Eff_Monster/Eff_AML_Boss_00/Eff_Monster_AML_Boss_00_Skill06_Hit.prefab",
        "Effects/Eff_Prefab/Eff_Monster/Eff_AML_Boss_00/Eff_Monster_AML_Boss_00_Skill07_01.prefab",
        "Effects/Eff_Prefab/Eff_Monster/Eff_AML_Boss_00/Eff_Monster_AML_Boss_00_Skill07_02.prefab",
        "Effects/Eff_Prefab/Eff_Monster/Eff_AML_Boss_00/Eff_Monster_AML_Boss_00_Skill07_03.prefab",
        "Effects/Eff_Prefab/Eff_Monster/Eff_AML_Boss_00/Eff_Monster_AML_Boss_00_Skill07_04.prefab",
        "Effects/Eff_Prefab/Eff_Monster/Eff_AML_Boss_00/Eff_Monster_AML_Boss_00_Skill07_Full.prefab",
        "Effects/Eff_Prefab/Eff_Monster/Eff_AML_Boss_00/Eff_Monster_AML_Boss_00_Skill07_Full1.prefab",
        "Effects/Eff_Prefab/Eff_Monster/Eff_AML_Boss_00/Eff_Monster_AML_Boss_00_Skill07_Full2.prefab",
        "Effects/Eff_Prefab/Eff_Monster/Eff_AML_Boss_00/Eff_Monster_AML_Boss_00_Skill07_Loop.prefab",
        "Effects/Eff_Prefab/Eff_Monster/Eff_AML_Boss_00/Eff_Monster_AML_Boss_00_Skill07_Loop1.prefab",
        "Effects/Eff_Prefab/Eff_Monster/Eff_AML_Boss_00/Eff_Monster_AML_Boss_00_Skill07_Loop_Disappear.prefab",
        "Effects/Eff_Prefab/Eff_Monster/Eff_AML_Boss_00/Eff_Monster_AML_Boss_00_Skill08_01.prefab",
        "Effects/Eff_Prefab/Eff_Monster/Eff_AML_Boss_00/Eff_Monster_AML_Boss_00_Skill08_02.prefab",
        "Effects/Eff_Prefab/Eff_Monster/Eff_AML_Boss_00/Eff_Monster_AML_Boss_00_Skill08_03.prefab",
        "Effects/Eff_Prefab/Eff_Monster/Eff_AML_Boss_00/Eff_Monster_AML_Boss_00_Skill08_04.prefab",
        "Effects/Eff_Prefab/Eff_Monster/Eff_AML_Boss_00/Eff_Monster_AML_Boss_00_Skill08_Full.prefab",
        "Effects/Eff_Prefab/Eff_Monster/Eff_AML_Boss_00/Eff_Monster_AML_Boss_00_Skill08_Full1.prefab",
        "Effects/Eff_Prefab/Eff_Monster/Eff_AML_Boss_00/Eff_Monster_AML_Boss_00_Skill08_Full2.prefab",
        "Effects/Eff_Prefab/Eff_Monster/Eff_AML_Boss_00/Eff_Monster_AML_Boss_00_Skill08_Loop.prefab",
        "Effects/Eff_Prefab/Eff_Monster/Eff_AML_Boss_00/Eff_Monster_AML_Boss_00_Skill08_Loop1.prefab",
        "Effects/Eff_Prefab/Eff_Monster/Eff_AML_Boss_00/Eff_Monster_AML_Boss_00_Skill08_Loop_Disappear.prefab",
        "Effects/Eff_Prefab/Eff_Monster/Eff_AML_Boss_00/Eff_Monster_AML_Boss_00_Skill09_01.prefab",
        "Effects/Eff_Prefab/Eff_Monster/Eff_AML_Boss_00/Eff_Monster_AML_Boss_00_Skill09_02.prefab",
        "Effects/Eff_Prefab/Eff_Monster/Eff_AML_Boss_00/Eff_Monster_AML_Boss_00_Skill10_01.prefab",
        "Effects/Eff_Prefab/Eff_Monster/Eff_AML_Boss_00/Eff_Monster_AML_Boss_00_Skill10_02.prefab",
        "Effects/Eff_Prefab/Eff_Monster/Eff_AML_Boss_00/Eff_Monster_AML_Boss_00_Skill10_03.prefab",
        "Effects/Eff_Prefab/Eff_Monster/Eff_AML_Boss_00/Eff_Monster_AML_Boss_00_Skill10_Hit.prefab",
        "Effects/Eff_Prefab/Eff_Monster/Eff_AML_Boss_00/Eff_Monster_AML_Boss_00_Skill11.prefab",
        "Effects/Eff_Prefab/Eff_Monster/Eff_AML_Boss_00/Eff_Monster_AML_Boss_00_Skill11_Loop.prefab",
        "Effects/Eff_Prefab/Eff_Monster/Eff_AML_Boss_00/Eff_Monster_AML_Boss_00_Skill11_Loop02.prefab",
        "Effects/Eff_Prefab/Eff_Monster/Eff_AML_Boss_00/Eff_Monster_AML_Boss_00_Skill11_Loop03.prefab",
        "Effects/Eff_Prefab/Eff_Monster/Eff_AML_Boss_00/Eff_Monster_AML_Boss_00_Skill11_Shoulder1_L.prefab",
        "Effects/Eff_Prefab/Eff_Monster/Eff_AML_Boss_00/Eff_Monster_AML_Boss_00_Skill11_Shoulder1_R.prefab",
        "Effects/Eff_Prefab/Eff_Monster/Eff_AML_Boss_00/Eff_Monster_AML_Boss_00_Skill12_01.prefab",
        "Effects/Eff_Prefab/Eff_Monster/Eff_AML_Boss_00/Eff_Monster_AML_Boss_00_Skill12_01_Camera.prefab",
        "Effects/Eff_Prefab/Eff_Monster/Eff_AML_Boss_00/Eff_Monster_AML_Boss_00_Skill12_02.prefab",
        "Effects/Eff_Prefab/Eff_Monster/Eff_AML_Boss_00/Eff_Monster_AML_Boss_00_Skill12_03.prefab",
        "Effects/Eff_Prefab/Eff_Monster/Eff_AML_Boss_00/Eff_Monster_AML_Boss_00_Skill12_04.prefab",
        "Effects/Eff_Prefab/Eff_Monster/Eff_AML_Boss_00/Eff_Monster_AML_Boss_00_Skill12_05.prefab",
        "Effects/Eff_Prefab/Eff_Monster/Eff_AML_Boss_00/Eff_Monster_AML_Boss_00_Skill12_Hit.prefab",
        "Effects/Eff_Prefab/Eff_Monster/Eff_AML_Boss_00/Eff_Monster_AML_Boss_00_Skill13_Root.prefab",
        "Effects/Eff_Prefab/Eff_Monster/Eff_AML_Boss_00/Eff_Monster_AML_Boss_00_Skill13_Shoulder1_L.prefab",
        "Effects/Eff_Prefab/Eff_Monster/Eff_AML_Boss_00/Eff_Monster_AML_Boss_00_Skill13_Shoulder1_R.prefab",
        "Effects/Eff_Prefab/Eff_Monster/Eff_AML_Boss_00/Eff_Monster_AML_Boss_00_Skill13_ShoulderL_Effect01.prefab",
        "Effects/Eff_Prefab/Eff_Monster/Eff_AML_Boss_00/Eff_Monster_AML_Boss_00_Skill13_ShoulderL_Effect02.prefab",
        "Effects/Eff_Prefab/Eff_Monster/Eff_AML_Boss_00/Eff_Monster_AML_Boss_00_Skill13_ShoulderL_Effect03.prefab",
        "Effects/Eff_Prefab/Eff_Monster/Eff_AML_Boss_00/Eff_Monster_AML_Boss_00_Skill13_ShoulderR_Effect01.prefab",
        "Effects/Eff_Prefab/Eff_Monster/Eff_AML_Boss_00/Eff_Monster_AML_Boss_00_Skill13_ShoulderR_Effect02.prefab",
        "Effects/Eff_Prefab/Eff_Monster/Eff_AML_Boss_00/Eff_Monster_AML_Boss_00_Skill13_ShoulderR_Effect03.prefab",
        "Effects/Eff_Prefab/Eff_Monster/Eff_AML_Boss_00/Eff_Monster_AML_Boss_00_Skill13_Start01.prefab",
        "Effects/Eff_Prefab/Eff_Monster/Eff_AML_Boss_00/Eff_Monster_AML_Boss_00_Skill13_Start02.prefab",
        "Effects/Eff_Prefab/Eff_Monster/Eff_AML_Boss_00/Eff_Monster_AML_Boss_00_Skill_BreakSmoke.prefab",
        "Effects/Eff_Prefab/Eff_Monster/Eff_AML_Boss_00/Eff_Monster_AML_Boss_00_Skill_Insert_Loop.prefab"
      ]
    },
    "Die": {
      "EffectTypes": [
        "Die"
      ],
      "EffectInstanceList": [
        "Effects/Eff_Prefab/Eff_Monster/Eff_AML_Boss_00/Eff_Monster_AML_Boss_00_Die.prefab",
        "Effects/Eff_Prefab/Eff_Monster/Eff_AML_Boss_00/Eff_Monster_AML_Boss_00_Die_02.prefab",
        "Effects/Eff_Prefab/Eff_Monster/Eff_AML_Boss_00/Eff_Monster_AML_Boss_00_Die_ShoulderL_Effect01.prefab",
        "Effects/Eff_Prefab/Eff_Monster/Eff_AML_Boss_00/Eff_Monster_AML_Boss_00_Die_ShoulderL_Effect02.prefab",
        "Effects/Eff_Prefab/Eff_Monster/Eff_AML_Boss_00/Eff_Monster_AML_Boss_00_Die_ShoulderL_Effect03.prefab",
        "Effects/Eff_Prefab/Eff_Monster/Eff_AML_Boss_00/Eff_Monster_AML_Boss_00_Die_ShoulderR_Effect01.prefab",
        "Effects/Eff_Prefab/Eff_Monster/Eff_AML_Boss_00/Eff_Monster_AML_Boss_00_Die_ShoulderR_Effect02.prefab",
        "Effects/Eff_Prefab/Eff_Monster/Eff_AML_Boss_00/Eff_Monster_AML_Boss_00_Die_ShoulderR_Effect03.prefab"
      ]
    },
    "Common": {
      "EffectTypes": [
        "Common"
      ],
      "EffectInstanceList": []
    }
  }
}