{
  "EffectAssetList": [
    "Effects/Eff_Prefab/Eff_Monster/Eff_XP_Elite02_00/Eff_Monster_XP_Elite02_00_Appear.prefab",
    "Effects/Eff_Prefab/Eff_Monster/Eff_XP_Elite02_00/Eff_Monster_XP_Elite02_00_Appear_02.prefab",
    "Effects/Eff_Prefab/Eff_Monster/Eff_XP_Elite02_00/Eff_Monster_XP_Elite02_00_Appear_Eff.prefab",
    "Effects/Eff_Prefab/Eff_Monster/Eff_XP_Elite02_00/Eff_Monster_XP_Elite02_00_Appear_Eff_02.prefab",
    "Effects/Eff_Prefab/Eff_Monster/Eff_XP_Elite02_00/Eff_Monster_XP_Elite02_00_Book.prefab",
    "Effects/Eff_Prefab/Eff_Monster/Eff_XP_Elite02_00/Eff_Monster_XP_Elite02_00_Cloak.prefab",
    "Effects/Eff_Prefab/Eff_Monster/Eff_XP_Elite02_00/Eff_Monster_XP_Elite02_00_Cloak_02.prefab",
    "Effects/Eff_Prefab/Eff_Monster/Eff_XP_Elite02_00/Eff_Monster_XP_Elite02_00_StandBy.prefab",
    "Effects/Eff_Prefab/Eff_Monster/Eff_XP_Elite02_00/Eff_Monster_XP_Elite02_00_StandBy_Book_Appear.prefab",
    "Effects/Eff_Prefab/Eff_Monster/Eff_XP_Elite02_00/Eff_Monster_XP_Elite02_00_StandBy_Book_End.prefab",
    "Effects/Eff_Prefab/Eff_Monster/Eff_XP_Elite02_00/Eff_Monster_XP_Elite02_00_StandBy_Weapon_Appear.prefab",
    "Effects/Eff_Prefab/Eff_Monster/Eff_XP_Elite02_00/Eff_Monster_XP_Elite02_00_StandBy_Weapon_End.prefab",
    "Effects/Eff_Prefab/Eff_Monster/Eff_XP_Elite02_00/Eff_Monster_XP_Elite02_00_StandBy_Weapon_End_01.prefab"
  ],
  "EffectInstanceMap": {
    "MazeAttack": {
      "EffectTypes": [
        "MazeAttack"
      ],
      "EffectInstanceList": [
        "Effects/Eff_Prefab/Eff_Monster/Eff_XP_Elite02_00/Eff_Monster_XP_Elite02_00_MazeAttack_Hit.prefab"
      ]
    },
    "Passive": {
      "EffectTypes": [
        "Passive"
      ],
      "EffectInstanceList": []
    },
    "Skill": {
      "EffectTypes": [
        "Skill"
      ],
      "EffectInstanceList": [
        "Effects/Eff_Prefab/Eff_Monster/Eff_XP_Elite02_00/Eff_Monster_XP_Elite02_00_Skill01.prefab",
        "Effects/Eff_Prefab/Eff_Monster/Eff_XP_Elite02_00/Eff_Monster_XP_Elite02_00_Skill02.prefab",
        "Effects/Eff_Prefab/Eff_Monster/Eff_XP_Elite02_00/Eff_Monster_XP_Elite02_00_Skill02_01.prefab",
        "Effects/Eff_Prefab/Eff_Monster/Eff_XP_Elite02_00/Eff_Monster_XP_Elite02_00_Skill02_02.prefab",
        "Effects/Eff_Prefab/Eff_Monster/Eff_XP_Elite02_00/Eff_Monster_XP_Elite02_00_Skill02_03.prefab",
        "Effects/Eff_Prefab/Eff_Monster/Eff_XP_Elite02_00/Eff_Monster_XP_Elite02_00_Skill02_03_Big.prefab",
        "Effects/Eff_Prefab/Eff_Monster/Eff_XP_Elite02_00/Eff_Monster_XP_Elite02_00_Skill02_03_Small.prefab",
        "Effects/Eff_Prefab/Eff_Monster/Eff_XP_Elite02_00/Eff_Monster_XP_Elite02_00_Skill02_Hit_Big.prefab",
        "Effects/Eff_Prefab/Eff_Monster/Eff_XP_Elite02_00/Eff_Monster_XP_Elite02_00_Skill02_Hit_Big_E.prefab",
        "Effects/Eff_Prefab/Eff_Monster/Eff_XP_Elite02_00/Eff_Monster_XP_Elite02_00_Skill02_Hit_Small.prefab",
        "Effects/Eff_Prefab/Eff_Monster/Eff_XP_Elite02_00/Eff_Monster_XP_Elite02_00_Skill02_Hit_Small_E.prefab",
        "Effects/Eff_Prefab/Eff_Monster/Eff_XP_Elite02_00/Eff_Monster_XP_Elite02_00_Skill03.prefab",
        "Effects/Eff_Prefab/Eff_Monster/Eff_XP_Elite02_00/Eff_Monster_XP_Elite02_00_Skill03_01.prefab",
        "Effects/Eff_Prefab/Eff_Monster/Eff_XP_Elite02_00/Eff_Monster_XP_Elite02_00_Skill03_02.prefab",
        "Effects/Eff_Prefab/Eff_Monster/Eff_XP_Elite02_00/Eff_Monster_XP_Elite02_00_Skill03_03.prefab",
        "Effects/Eff_Prefab/Eff_Monster/Eff_XP_Elite02_00/Eff_Monster_XP_Elite02_00_Skill03_04.prefab",
        "Effects/Eff_Prefab/Eff_Monster/Eff_XP_Elite02_00/Eff_Monster_XP_Elite02_00_Skill03_05.prefab",
        "Effects/Eff_Prefab/Eff_Monster/Eff_XP_Elite02_00/Eff_Monster_XP_Elite02_00_Skill03_Debuff.prefab",
        "Effects/Eff_Prefab/Eff_Monster/Eff_XP_Elite02_00/Eff_Monster_XP_Elite02_00_Skill03_Symbol_01.prefab",
        "Effects/Eff_Prefab/Eff_Monster/Eff_XP_Elite02_00/Eff_Monster_XP_Elite02_00_Skill03_Symbol_01_Active.prefab",
        "Effects/Eff_Prefab/Eff_Monster/Eff_XP_Elite02_00/Eff_Monster_XP_Elite02_00_Skill03_Symbol_01_ActiveLoop.prefab",
        "Effects/Eff_Prefab/Eff_Monster/Eff_XP_Elite02_00/Eff_Monster_XP_Elite02_00_Skill03_Symbol_02.prefab",
        "Effects/Eff_Prefab/Eff_Monster/Eff_XP_Elite02_00/Eff_Monster_XP_Elite02_00_Skill03_Symbol_02_Active.prefab",
        "Effects/Eff_Prefab/Eff_Monster/Eff_XP_Elite02_00/Eff_Monster_XP_Elite02_00_Skill03_Symbol_02_ActiveLoop.prefab",
        "Effects/Eff_Prefab/Eff_Monster/Eff_XP_Elite02_00/Eff_Monster_XP_Elite02_00_Skill03_Symbol_03.prefab",
        "Effects/Eff_Prefab/Eff_Monster/Eff_XP_Elite02_00/Eff_Monster_XP_Elite02_00_Skill03_Symbol_03_Active.prefab",
        "Effects/Eff_Prefab/Eff_Monster/Eff_XP_Elite02_00/Eff_Monster_XP_Elite02_00_Skill03_Symbol_03_ActiveLoop.prefab",
        "Effects/Eff_Prefab/Eff_Monster/Eff_XP_Elite02_00/Eff_Monster_XP_Elite02_00_Skill06.prefab",
        "Effects/Eff_Prefab/Eff_Monster/Eff_XP_Elite02_00/Eff_Monster_XP_Elite02_00_Skill06_01.prefab",
        "Effects/Eff_Prefab/Eff_Monster/Eff_XP_Elite02_00/Eff_Monster_XP_Elite02_00_Skill06_02.prefab",
        "Effects/Eff_Prefab/Eff_Monster/Eff_XP_Elite02_00/Eff_Monster_XP_Elite02_00_Skill06_Hit.prefab",
        "Effects/Eff_Prefab/Eff_Monster/Eff_XP_Elite02_00/Eff_Monster_XP_Elite02_00_Skill06_Hit_E.prefab",
        "Effects/Eff_Prefab/Eff_Monster/Eff_XP_Elite02_00/Eff_Monster_XP_Elite02_00_Skill06_Weapon.prefab",
        "Effects/Eff_Prefab/Eff_Monster/Eff_XP_Elite02_00/Eff_Monster_XP_Elite02_00_Skill07.prefab",
        "Effects/Eff_Prefab/Eff_Monster/Eff_XP_Elite02_00/Eff_Monster_XP_Elite02_00_Skill07_02.prefab",
        "Effects/Eff_Prefab/Eff_Monster/Eff_XP_Elite02_00/Eff_Monster_XP_Elite02_00_Skill07_03.prefab",
        "Effects/Eff_Prefab/Eff_Monster/Eff_XP_Elite02_00/Eff_Monster_XP_Elite02_00_Skill07_Hit.prefab",
        "Effects/Eff_Prefab/Eff_Monster/Eff_XP_Elite02_00/Eff_Monster_XP_Elite02_00_Skill07_Hit_E.prefab"
      ]
    },
    "Die": {
      "EffectTypes": [
        "Die"
      ],
      "EffectInstanceList": [
        "Effects/Eff_Prefab/Eff_Monster/Eff_XP_Elite02_00/Eff_Monster_XP_Elite02_00_Die.prefab",
        "Effects/Eff_Prefab/Eff_Monster/Eff_XP_Elite02_00/Eff_Monster_XP_Elite02_00_Die_02.prefab"
      ]
    },
    "Common": {
      "EffectTypes": [
        "Common"
      ],
      "EffectInstanceList": [
        "Effects/Eff_Prefab/Eff_Monster/Eff_XP_Elite02_00/Eff_Monster_XP_Elite02_00_Common_Hit.prefab",
        "Effects/Eff_Prefab/Eff_Monster/Eff_XP_Elite02_00/Eff_Monster_XP_Elite02_00_Common_Hit_E.prefab"
      ]
    }
  }
}