{
  "EffectAssetList": [],
  "EffectInstanceMap": {
    "MazeAttack": {
      "EffectTypes": [
        "MazeAttack"
      ],
      "EffectInstanceList": [
        "Effects/Eff_Prefab/Eff_Monster/Eff_W1_Soldier01_00/Eff_Monster_W1_Soldier01_00_MazeAttack_Attack.prefab",
        "Effects/Eff_Prefab/Eff_Monster/Eff_W1_Soldier01_00/Eff_Monster_W1_Soldier01_00_MazeAttack_Hit.prefab"
      ]
    },
    "Passive": {
      "EffectTypes": [
        "Passive"
      ],
      "EffectInstanceList": []
    },
    "Skill": {
      "EffectTypes": [
        "Skill"
      ],
      "EffectInstanceList": [
        "Effects/Eff_Prefab/Eff_Monster/Eff_W1_Soldier01_00/Eff_Monster_W1_Soldier01_00_Skill01_Attack.prefab",
        "Effects/Eff_Prefab/Eff_Monster/Eff_W1_Soldier01_00/Eff_Monster_W1_Soldier01_00_Skill01_Hit.prefab",
        "Effects/Eff_Prefab/Eff_Monster/Eff_W1_Soldier01_00/Eff_Monster_W1_Soldier01_00_Skill05_Charge.prefab",
        "Effects/Eff_Prefab/Eff_Monster/Eff_W1_Soldier01_00/Eff_Monster_W1_Soldier01_00_Skill05_Trail.prefab",
        "Effects/Eff_Prefab/Eff_Monster/Eff_W1_Soldier01_00/Eff_W1_WRSoldiers_01_Fire_Skill05_Charge.prefab",
        "Effects/Eff_Prefab/Eff_Monster/Eff_W1_Soldier01_00/Eff_W1_WRSoldiers_01_Fire_Skill05_Trail.prefab",
        "Effects/Eff_Prefab/Eff_Monster/Eff_W1_Soldier01_00/Eff_W1_WRSoldiers_01_Ice_Skill05_Charge.prefab",
        "Effects/Eff_Prefab/Eff_Monster/Eff_W1_Soldier01_00/Eff_W1_WRSoldiers_01_Ice_Skill05_Trail.prefab"
      ]
    },
    "Die": {
      "EffectTypes": [
        "Die"
      ],
      "EffectInstanceList": [
        "Effects/Eff_Prefab/Eff_Common/Eff_Common_Die_Human_01.prefab"
      ]
    },
    "Common": {
      "EffectTypes": [
        "Common"
      ],
      "EffectInstanceList": []
    }
  }
}