{
  "EffectAssetList": [],
  "EffectInstanceMap": {
    "MazeAttack": {
      "EffectTypes": [
        "MazeAttack"
      ],
      "EffectInstanceList": [
        "Effects/Eff_Prefab/Eff_Monster/Eff_XP_Minion01_03/Eff_Monster_XP_Minion01_03_MazeAttack_Attack01.prefab",
        "Effects/Eff_Prefab/Eff_Monster/Eff_XP_Minion01_03/Eff_Monster_XP_Minion01_03_MazeAttack_Hit.prefab"
      ]
    },
    "Passive": {
      "EffectTypes": [
        "Passive"
      ],
      "EffectInstanceList": []
    },
    "Skill": {
      "EffectTypes": [
        "Skill"
      ],
      "EffectInstanceList": [
        "Effects/Eff_Prefab/Eff_Monster/Eff_XP_Minion01_03/Eff_Monster_XP_Minion01_03_Skill01_Attack.prefab",
        "Effects/Eff_Prefab/Eff_Monster/Eff_XP_Minion01_03/Eff_Monster_XP_Minion01_03_Skill01_Attack02.prefab",
        "Effects/Eff_Prefab/Eff_Monster/Eff_XP_Minion01_03/Eff_Monster_XP_Minion01_03_Skill01_Attack03.prefab",
        "Effects/Eff_Prefab/Eff_Monster/Eff_XP_Minion01_03/Eff_Monster_XP_Minion01_03_Skill01_Attack04.prefab",
        "Effects/Eff_Prefab/Eff_Monster/Eff_XP_Minion01_03/Eff_Monster_XP_Minion01_03_Skill01_Hit.prefab",
        "Effects/Eff_Prefab/Eff_Monster/Eff_XP_Minion01_03/Eff_Monster_XP_Minion01_03_Skill02_Die.prefab",
        "Effects/Eff_Prefab/Eff_Monster/Eff_XP_Minion01_03/Eff_Monster_XP_Minion01_03_Skill02_Die02.prefab",
        "Effects/Eff_Prefab/Eff_Monster/Eff_XP_Minion01_03/Eff_Monster_XP_Minion01_03_Skill02_Die_Fly.prefab",
        "Effects/Eff_Prefab/Eff_Monster/Eff_XP_Minion01_03/Eff_Monster_XP_Minion01_03_Skill02_Die_Fly02.prefab"
      ]
    },
    "Die": {
      "EffectTypes": [
        "Die"
      ],
      "EffectInstanceList": [
        "Effects/Eff_Prefab/Eff_Monster/Eff_XP_Minion01_03/Eff_Monster_XP_Minion01_03_Skill02_Die.prefab",
        "Effects/Eff_Prefab/Eff_Monster/Eff_XP_Minion01_03/Eff_Monster_XP_Minion01_03_Skill02_Die02.prefab",
        "Effects/Eff_Prefab/Eff_Monster/Eff_XP_Minion01_03/Eff_Monster_XP_Minion01_03_Skill02_Die_Fly.prefab",
        "Effects/Eff_Prefab/Eff_Monster/Eff_XP_Minion01_03/Eff_Monster_XP_Minion01_03_Skill02_Die_Fly02.prefab"
      ]
    },
    "Common": {
      "EffectTypes": [
        "Common"
      ],
      "EffectInstanceList": [
        "Effects/Eff_Prefab/Eff_Monster/Eff_XP_Minion01_03/Eff_Monster_XP_Minion01_03_Common_Appear.prefab",
        "Effects/Eff_Prefab/Eff_Monster/Eff_XP_Minion01_03/Eff_Monster_XP_Minion01_03_Common_Ball_M.prefab",
        "Effects/Eff_Prefab/Eff_Monster/Eff_XP_Minion01_03/Eff_Monster_XP_Minion01_03_Common_Hit_Fly.prefab",
        "Effects/Eff_Prefab/Eff_Monster/Eff_XP_Minion01_03/Eff_Monster_XP_Minion01_03_Common_wing2_L.prefab",
        "Effects/Eff_Prefab/Eff_Monster/Eff_XP_Minion01_03/Eff_Monster_XP_Minion01_03_Common_wing2_R.prefab"
      ]
    }
  }
}