{
  "EffectAssetList": [],
  "EffectInstanceMap": {
    "MazeAttack": {
      "EffectTypes": [
        "MazeAttack"
      ],
      "EffectInstanceList": [
        "Effects/Eff_Prefab/Eff_Monster/Eff_W2_Mecha01_01/Eff_Monster_W2_Mecha01_01_MazeAttack_Attack01.prefab",
        "Effects/Eff_Prefab/Eff_Monster/Eff_W2_Mecha01_01/Eff_Monster_W2_Mecha01_01_MazeAttack_Attack02.prefab",
        "Effects/Eff_Prefab/Eff_Monster/Eff_W2_Mecha01_01/Eff_Monster_W2_Mecha01_01_MazeAttack_Attack03.prefab",
        "Effects/Eff_Prefab/Eff_Monster/Eff_W2_Mecha01_01/Eff_Monster_W2_Mecha01_01_MazeAttack_Hit.prefab"
      ]
    },
    "Passive": {
      "EffectTypes": [
        "Passive"
      ],
      "EffectInstanceList": []
    },
    "Skill": {
      "EffectTypes": [
        "Skill"
      ],
      "EffectInstanceList": [
        "Effects/Eff_Prefab/Eff_Monster/Eff_W2_Mecha01_01/Eff_Monster_W2_Mecha01_01_Skill01_Attack.prefab",
        "Effects/Eff_Prefab/Eff_Monster/Eff_W2_Mecha01_01/Eff_Monster_W2_Mecha01_01_Skill01_Attack_02.prefab",
        "Effects/Eff_Prefab/Eff_Monster/Eff_W2_Mecha01_01/Eff_Monster_W2_Mecha01_01_Skill01_Hit.prefab"
      ]
    },
    "Die": {
      "EffectTypes": [
        "Die"
      ],
      "EffectInstanceList": [
        "Effects/Eff_Prefab/Eff_Monster/Eff_W2_Mecha01_01/Eff_Monster_W2_Mecha01_01_Die.prefab"
      ]
    },
    "Common": {
      "EffectTypes": [
        "Common"
      ],
      "EffectInstanceList": []
    }
  }
}