{
  "EffectAssetList": [],
  "EffectInstanceMap": {
    "MazeAttack": {
      "EffectTypes": [
        "MazeAttack"
      ],
      "EffectInstanceList": [
        "Effects/Eff_Prefab/Eff_Monster/Eff_W2_Abomi02_00/Eff_Monster_W2_Abomi02_00_MazeAttack.prefab",
        "Effects/Eff_Prefab/Eff_Monster/Eff_W2_Abomi02_00/Eff_Monster_W2_Abomi02_00_MazeAttackBoom.prefab",
        "Effects/Eff_Prefab/Eff_Monster/Eff_W2_Abomi02_00/Eff_Monster_W2_Abomi02_00_MazeAttackFire.prefab",
        "Effects/Eff_Prefab/Eff_Monster/Eff_W2_Abomi02_00/Eff_Monster_W2_Abomi02_00_MazeAttack_Hit.prefab"
      ]
    },
    "Passive": {
      "EffectTypes": [
        "Passive"
      ],
      "EffectInstanceList": []
    },
    "Skill": {
      "EffectTypes": [
        "Skill"
      ],
      "EffectInstanceList": [
        "Effects/Eff_Prefab/Eff_Monster/Eff_W2_Abomi02_00/Eff_Monster_W2_Abomi02_00_Skill01_Arrow.prefab",
        "Effects/Eff_Prefab/Eff_Monster/Eff_W2_Abomi02_00/Eff_Monster_W2_Abomi02_00_Skill01_Attack.prefab",
        "Effects/Eff_Prefab/Eff_Monster/Eff_W2_Abomi02_00/Eff_Monster_W2_Abomi02_00_Skill01_Attack02.prefab",
        "Effects/Eff_Prefab/Eff_Monster/Eff_W2_Abomi02_00/Eff_Monster_W2_Abomi02_00_Skill01_Attack03.prefab",
        "Effects/Eff_Prefab/Eff_Monster/Eff_W2_Abomi02_00/Eff_Monster_W2_Abomi02_00_Skill01_Buff_End.prefab",
        "Effects/Eff_Prefab/Eff_Monster/Eff_W2_Abomi02_00/Eff_Monster_W2_Abomi02_00_Skill01_Buff_End02.prefab",
        "Effects/Eff_Prefab/Eff_Monster/Eff_W2_Abomi02_00/Eff_Monster_W2_Abomi02_00_Skill01_Buff_Start01.prefab",
        "Effects/Eff_Prefab/Eff_Monster/Eff_W2_Abomi02_00/Eff_Monster_W2_Abomi02_00_Skill01_Buff_Start02.prefab",
        "Effects/Eff_Prefab/Eff_Monster/Eff_W2_Abomi02_00/Eff_Monster_W2_Abomi02_00_Skill01_Hit.prefab",
        "Effects/Eff_Prefab/Eff_Monster/Eff_W2_Abomi02_00/Eff_Monster_W2_Abomi02_00_Skill01_locking.prefab",
        "Effects/Eff_Prefab/Eff_Monster/Eff_W2_Abomi02_00/Eff_Monster_W2_Abomi02_00_Skill02_Arrow.prefab",
        "Effects/Eff_Prefab/Eff_Monster/Eff_W2_Abomi02_00/Eff_Monster_W2_Abomi02_00_Skill02_Attack.prefab",
        "Effects/Eff_Prefab/Eff_Monster/Eff_W2_Abomi02_00/Eff_Monster_W2_Abomi02_00_Skill02_Boom.prefab",
        "Effects/Eff_Prefab/Eff_Monster/Eff_W2_Abomi02_00/Eff_Monster_W2_Abomi02_00_Skill02_Fire.prefab",
        "Effects/Eff_Prefab/Eff_Monster/Eff_W2_Abomi02_00/Eff_Monster_W2_Abomi02_00_Skill02_Hit.prefab",
        "Effects/Eff_Prefab/Eff_Monster/Eff_W2_Abomi02_00/Eff_Monster_W2_Abomi02_00_Skill03_Attack.prefab",
        "Effects/Eff_Prefab/Eff_Monster/Eff_W2_Abomi02_00/Eff_Monster_W2_Abomi02_00_Skill03_Attack02.prefab",
        "Effects/Eff_Prefab/Eff_Monster/Eff_W2_Abomi02_00/Eff_Monster_W2_Abomi02_00_Skill03_Attack_B.prefab",
        "Effects/Eff_Prefab/Eff_Monster/Eff_W2_Abomi02_00/Eff_Monster_W2_Abomi02_00_Skill03_Attack_H.prefab",
        "Effects/Eff_Prefab/Eff_Monster/Eff_W2_Abomi02_00/Eff_Monster_W2_Abomi02_00_Skill03_Attack_L.prefab",
        "Effects/Eff_Prefab/Eff_Monster/Eff_W2_Abomi02_00/Eff_Monster_W2_Abomi02_00_Skill03_Attack_R.prefab",
        "Effects/Eff_Prefab/Eff_Monster/Eff_W2_Abomi02_00/Eff_Monster_W2_Abomi02_00_Skill03_Hint.prefab",
        "Effects/Eff_Prefab/Eff_Monster/Eff_W2_Abomi02_00/Eff_Monster_W2_Abomi02_00_Skill03_Hit.prefab"
      ]
    },
    "Die": {
      "EffectTypes": [
        "Die"
      ],
      "EffectInstanceList": []
    },
    "Common": {
      "EffectTypes": [
        "Common"
      ],
      "EffectInstanceList": []
    }
  }
}