{
  "EffectAssetList": [],
  "EffectInstanceMap": {
    "MazeAttack": {
      "EffectTypes": [
        "MazeAttack"
      ],
      "EffectInstanceList": []
    },
    "Passive": {
      "EffectTypes": [
        "Passive"
      ],
      "EffectInstanceList": [
        "Effects/Eff_Prefab/Eff_Monster/Eff_W1_CocoliaP2_00/Eff_Monster_W1_CocoliaP2_00_PassiveSkill_Weapon_Mat.prefab"
      ]
    },
    "Skill": {
      "EffectTypes": [
        "Skill"
      ],
      "EffectInstanceList": [
        "Effects/Eff_Prefab/Eff_Monster/Eff_W1_CocoliaP2_00/Eff_Monster_W1_CocoliaP2_00_PassiveSkill_Weapon_Mat.prefab",
        "Effects/Eff_Prefab/Eff_Monster/Eff_W1_CocoliaP2_00/Eff_Monster_W1_CocoliaP2_00_Skill011_Camera.prefab",
        "Effects/Eff_Prefab/Eff_Monster/Eff_W1_CocoliaP2_00/Eff_Monster_W1_CocoliaP2_00_Skill011_Camera02.prefab",
        "Effects/Eff_Prefab/Eff_Monster/Eff_W1_CocoliaP2_00/Eff_Monster_W1_CocoliaP2_00_Skill011_Camera03.prefab",
        "Effects/Eff_Prefab/Eff_Monster/Eff_W1_CocoliaP2_00/Eff_Monster_W1_CocoliaP2_00_Skill01_Attack.prefab",
        "Effects/Eff_Prefab/Eff_Monster/Eff_W1_CocoliaP2_00/Eff_Monster_W1_CocoliaP2_00_Skill01_Attack02.prefab",
        "Effects/Eff_Prefab/Eff_Monster/Eff_W1_CocoliaP2_00/Eff_Monster_W1_CocoliaP2_00_Skill01_Attack03.prefab",
        "Effects/Eff_Prefab/Eff_Monster/Eff_W1_CocoliaP2_00/Eff_Monster_W1_CocoliaP2_00_Skill01_Bullet.prefab",
        "Effects/Eff_Prefab/Eff_Monster/Eff_W1_CocoliaP2_00/Eff_Monster_W1_CocoliaP2_00_Skill01_Hit.prefab",
        "Effects/Eff_Prefab/Eff_Monster/Eff_W1_CocoliaP2_00/Eff_Monster_W1_CocoliaP2_00_Skill02_Start01.prefab",
        "Effects/Eff_Prefab/Eff_Monster/Eff_W1_CocoliaP2_00/Eff_Monster_W1_CocoliaP2_00_Skill06_Bullet.prefab",
        "Effects/Eff_Prefab/Eff_Monster/Eff_W1_CocoliaP2_00/Eff_Monster_W1_CocoliaP2_00_Skill06_Dissolve.prefab",
        "Effects/Eff_Prefab/Eff_Monster/Eff_W1_CocoliaP2_00/Eff_Monster_W1_CocoliaP2_00_Skill06_Dissolve_02.prefab",
        "Effects/Eff_Prefab/Eff_Monster/Eff_W1_CocoliaP2_00/Eff_Monster_W1_CocoliaP2_00_Skill06_Hit.prefab",
        "Effects/Eff_Prefab/Eff_Monster/Eff_W1_CocoliaP2_00/Eff_Monster_W1_CocoliaP2_00_Skill06_Start.prefab",
        "Effects/Eff_Prefab/Eff_Monster/Eff_W1_CocoliaP2_00/Eff_Monster_W1_CocoliaP2_00_Skill06_Start02.prefab",
        "Effects/Eff_Prefab/Eff_Monster/Eff_W1_CocoliaP2_00/Eff_Monster_W1_CocoliaP2_00_Skill06_WeaponA.prefab",
        "Effects/Eff_Prefab/Eff_Monster/Eff_W1_CocoliaP2_00/Eff_Monster_W1_CocoliaP2_00_Skill06_WeaponA_On.prefab",
        "Effects/Eff_Prefab/Eff_Monster/Eff_W1_CocoliaP2_00/Eff_Monster_W1_CocoliaP2_00_Skill06_WeaponB.prefab",
        "Effects/Eff_Prefab/Eff_Monster/Eff_W1_CocoliaP2_00/Eff_Monster_W1_CocoliaP2_00_Skill06_WeaponB_On.prefab",
        "Effects/Eff_Prefab/Eff_Monster/Eff_W1_CocoliaP2_00/Eff_Monster_W1_CocoliaP2_00_Skill06_WeaponC.prefab",
        "Effects/Eff_Prefab/Eff_Monster/Eff_W1_CocoliaP2_00/Eff_Monster_W1_CocoliaP2_00_Skill06_WeaponC_On.prefab",
        "Effects/Eff_Prefab/Eff_Monster/Eff_W1_CocoliaP2_00/Eff_Monster_W1_CocoliaP2_00_Skill06_WeaponD.prefab",
        "Effects/Eff_Prefab/Eff_Monster/Eff_W1_CocoliaP2_00/Eff_Monster_W1_CocoliaP2_00_Skill06_WeaponD_On.prefab",
        "Effects/Eff_Prefab/Eff_Monster/Eff_W1_CocoliaP2_00/Eff_Monster_W1_CocoliaP2_00_Skill07_Attack.prefab",
        "Effects/Eff_Prefab/Eff_Monster/Eff_W1_CocoliaP2_00/Eff_Monster_W1_CocoliaP2_00_Skill07_Attack02.prefab",
        "Effects/Eff_Prefab/Eff_Monster/Eff_W1_CocoliaP2_00/Eff_Monster_W1_CocoliaP2_00_Skill07_Attack03.prefab",
        "Effects/Eff_Prefab/Eff_Monster/Eff_W1_CocoliaP2_00/Eff_Monster_W1_CocoliaP2_00_Skill07_Bullet.prefab",
        "Effects/Eff_Prefab/Eff_Monster/Eff_W1_CocoliaP2_00/Eff_Monster_W1_CocoliaP2_00_Skill07_Hit.prefab",
        "Effects/Eff_Prefab/Eff_Monster/Eff_W1_CocoliaP2_00/Eff_Monster_W1_CocoliaP2_00_Skill08_Loop.prefab",
        "Effects/Eff_Prefab/Eff_Monster/Eff_W1_CocoliaP2_00/Eff_Monster_W1_CocoliaP2_00_Skill08_Loop_Break.prefab",
        "Effects/Eff_Prefab/Eff_Monster/Eff_W1_CocoliaP2_00/Eff_Monster_W1_CocoliaP2_00_Skill08_Start01.prefab",
        "Effects/Eff_Prefab/Eff_Monster/Eff_W1_CocoliaP2_00/Eff_Monster_W1_CocoliaP2_00_Skill08_Start02.prefab",
        "Effects/Eff_Prefab/Eff_Monster/Eff_W1_CocoliaP2_00/Eff_Monster_W1_CocoliaP2_00_Skill09_Camera_01.prefab",
        "Effects/Eff_Prefab/Eff_Monster/Eff_W1_CocoliaP2_00/Eff_Monster_W1_CocoliaP2_00_Skill09_Camera_02.prefab",
        "Effects/Eff_Prefab/Eff_Monster/Eff_W1_CocoliaP2_00/Eff_Monster_W1_CocoliaP2_00_Skill09_Camera_03.prefab",
        "Effects/Eff_Prefab/Eff_Monster/Eff_W1_CocoliaP2_00/Eff_Monster_W1_CocoliaP2_00_Skill09_Camera_04.prefab",
        "Effects/Eff_Prefab/Eff_Monster/Eff_W1_CocoliaP2_00/Eff_Monster_W1_CocoliaP2_00_Skill09_Camera_05.prefab",
        "Effects/Eff_Prefab/Eff_Monster/Eff_W1_CocoliaP2_00/Eff_Monster_W1_CocoliaP2_00_Skill09_Camera_05_0.prefab",
        "Effects/Eff_Prefab/Eff_Monster/Eff_W1_CocoliaP2_00/Eff_Monster_W1_CocoliaP2_00_Skill10_Fade out.prefab",
        "Effects/Eff_Prefab/Eff_Monster/Eff_W1_CocoliaP2_00/Eff_Monster_W1_CocoliaP2_00_Skill10_Loop.prefab",
        "Effects/Eff_Prefab/Eff_Monster/Eff_W1_CocoliaP2_00/Eff_Monster_W1_CocoliaP2_00_Skill10_Start.prefab",
        "Effects/Eff_Prefab/Eff_Monster/Eff_W1_CocoliaP2_00/Eff_Monster_W1_CocoliaP2_00_Skill10_Start02.prefab",
        "Effects/Eff_Prefab/Eff_Monster/Eff_W1_CocoliaP2_00/Eff_Monster_W1_CocoliaP2_00_Skill10_Start03.prefab",
        "Effects/Eff_Prefab/Eff_Monster/Eff_W1_CocoliaP2_00/Eff_Monster_W1_CocoliaP2_00_Skill10_Start_Camera.prefab",
        "Effects/Eff_Prefab/Eff_Monster/Eff_W1_CocoliaP2_00/Eff_Monster_W1_CocoliaP2_00_Skill11_BackGround.prefab",
        "Effects/Eff_Prefab/Eff_Monster/Eff_W1_CocoliaP2_00/Eff_Monster_W1_CocoliaP2_00_Skill11_CocoliaP1_Model.prefab",
        "Effects/Eff_Prefab/Eff_Monster/Eff_W1_CocoliaP2_00/Eff_Monster_W1_CocoliaP2_00_Skill11_CocoliaP1_Model02.prefab",
        "Effects/Eff_Prefab/Eff_Monster/Eff_W1_CocoliaP2_00/Eff_Monster_W1_CocoliaP2_00_Skill11_Freeze.prefab",
        "Effects/Eff_Prefab/Eff_Monster/Eff_W1_CocoliaP2_00/Eff_Monster_W1_CocoliaP2_00_Skill11_Ground 1.prefab",
        "Effects/Eff_Prefab/Eff_Monster/Eff_W1_CocoliaP2_00/Eff_Monster_W1_CocoliaP2_00_Skill11_Ground.prefab",
        "Effects/Eff_Prefab/Eff_Monster/Eff_W1_CocoliaP2_00/Eff_Monster_W1_CocoliaP2_00_Skill11_Start01.prefab",
        "Effects/Eff_Prefab/Eff_Monster/Eff_W1_CocoliaP2_00/Eff_Monster_W1_CocoliaP2_00_Skill11_Start01_1.prefab",
        "Effects/Eff_Prefab/Eff_Monster/Eff_W1_CocoliaP2_00/Eff_Monster_W1_CocoliaP2_00_Skill11_Start02.prefab",
        "Effects/Eff_Prefab/Eff_Monster/Eff_W1_CocoliaP2_00/Eff_Monster_W1_CocoliaP2_00_Skill12_01.prefab",
        "Effects/Eff_Prefab/Eff_Monster/Eff_W1_CocoliaP2_00/Eff_Monster_W1_CocoliaP2_00_Skill12_Hand.prefab",
        "Effects/Eff_Prefab/Eff_Monster/Eff_W1_CocoliaP2_00/Eff_Monster_W1_CocoliaP2_00_Skill9_Body.prefab",
        "Effects/Eff_Prefab/Eff_Monster/Eff_W1_CocoliaP2_00/Eff_Monster_W1_CocoliaP2_00_Skill9_Crystal.prefab",
        "Effects/Eff_Prefab/Eff_Monster/Eff_W1_CocoliaP2_00/Eff_Monster_W1_CocoliaP2_00_Skill9_Crystal_01.prefab",
        "Effects/Eff_Prefab/Eff_Monster/Eff_W1_CocoliaP2_00/Eff_Monster_W1_CocoliaP2_00_Skill9_Scence.prefab",
        "Effects/Eff_Prefab/Eff_Monster/Eff_W1_CocoliaP2_00/Eff_Monster_W1_CocoliaP2_00_Skill9_Start01.prefab",
        "Effects/Eff_Prefab/Eff_Monster/Eff_W1_CocoliaP2_00/Eff_Monster_W1_CocoliaP2_00_Skill9_Start02.prefab",
        "Effects/Eff_Prefab/Eff_Monster/Eff_W1_CocoliaP2_00/Eff_Monster_W1_CocoliaP2_00_Skill9_Start04.prefab",
        "Effects/Eff_Prefab/Eff_Monster/Eff_W1_CocoliaP2_00/Eff_Monster_W1_CocoliaP2_00_Skill9_Start05.prefab",
        "Effects/Eff_Prefab/Eff_Monster/Eff_W1_CocoliaP2_00/Eff_Monster_W1_CocoliaP2_00_Skill9_Start06.prefab",
        "Effects/Eff_Prefab/Eff_Monster/Eff_W1_CocoliaP2_00/Eff_Monster_W1_CocoliaP2_00_Skill9_Start07.prefab",
        "Effects/Eff_Prefab/Eff_Monster/Eff_W1_CocoliaP2_00/Eff_Monster_W1_CocoliaP2_01_Skill01_Start02 _1.prefab",
        "Effects/Eff_Prefab/Eff_Monster/Eff_W1_CocoliaP2_00/Eff_Monster_W1_CocoliaP2_01_Skill01_Start02.prefab"
      ]
    },
    "Die": {
      "EffectTypes": [
        "Die"
      ],
      "EffectInstanceList": [
        "Effects/Eff_Prefab/Eff_Monster/Eff_W1_CocoliaP2_00/Eff_Monster_W1_CocoliaP2_01_Common_Die.prefab",
        "Effects/Eff_Prefab/Eff_Monster/Eff_W1_CocoliaP2_00/Eff_Monster_W1_CocoliaP2_01_Common_Die_Horizon.prefab",
        "Effects/Eff_Prefab/Eff_Monster/Eff_W1_CocoliaP2_00/Eff_Monster_W1_CocoliaP2_Die.prefab",
        "Effects/Eff_Prefab/Eff_Monster/Eff_W1_CocoliaP2_00/Eff_Monster_W1_CocoliaP2_Die_02.prefab",
        "Effects/Eff_Prefab/Eff_Monster/Eff_W1_CocoliaP2_00/Eff_Monster_W1_CocoliaP2_Die_03.prefab"
      ]
    },
    "Common": {
      "EffectTypes": [
        "Common"
      ],
      "EffectInstanceList": [
        "Effects/Eff_Prefab/Eff_Monster/Eff_W1_CocoliaP2_00/Eff_Monster_W1_CocoliaP2_00_Common_Camera_01.prefab",
        "Effects/Eff_Prefab/Eff_Monster/Eff_W1_CocoliaP2_00/Eff_Monster_W1_CocoliaP2_00_Common_Camera_02.prefab",
        "Effects/Eff_Prefab/Eff_Monster/Eff_W1_CocoliaP2_00/Eff_Monster_W1_CocoliaP2_00_Common_Scene01.prefab",
        "Effects/Eff_Prefab/Eff_Monster/Eff_W1_CocoliaP2_00/Eff_Monster_W1_CocoliaP2_00_Common_StandBy01.prefab",
        "Effects/Eff_Prefab/Eff_Monster/Eff_W1_CocoliaP2_00/Eff_Monster_W1_CocoliaP2_00_Common_StandBy02.prefab",
        "Effects/Eff_Prefab/Eff_Monster/Eff_W1_CocoliaP2_00/Eff_Monster_W1_CocoliaP2_01_Common_Appear.prefab",
        "Effects/Eff_Prefab/Eff_Monster/Eff_W1_CocoliaP2_00/Eff_Monster_W1_CocoliaP2_01_Common_Appear_Ground.prefab",
        "Effects/Eff_Prefab/Eff_Monster/Eff_W1_CocoliaP2_00/Eff_Monster_W1_CocoliaP2_01_Common_BeAttacked.prefab",
        "Effects/Eff_Prefab/Eff_Monster/Eff_W1_CocoliaP2_00/Eff_Monster_W1_CocoliaP2_01_Common_Die.prefab",
        "Effects/Eff_Prefab/Eff_Monster/Eff_W1_CocoliaP2_00/Eff_Monster_W1_CocoliaP2_01_Common_Die_Horizon.prefab",
        "Effects/Eff_Prefab/Eff_Monster/Eff_W1_CocoliaP2_00/Eff_Monster_W1_CocoliaP2_01_Common_StandBy.prefab",
        "Effects/Eff_Prefab/Eff_Monster/Eff_W1_CocoliaP2_00/Eff_Monster_W1_CocoliaP2_01_Common_StandBy_Ground.prefab"
      ]
    }
  }
}