{
  "EffectAssetList": [
    "Effects/Eff_Prefab/Eff_Monster/Eff_W1_Svarog_00/Eff_W1_Svarog_00_Revive_Loop.prefab",
    "Effects/Eff_Prefab/Eff_Monster/Eff_W1_Svarog_00/Eff_W1_Svarog_00_Revive_Start01.prefab",
    "Effects/Eff_Prefab/Eff_Monster/Eff_W1_Svarog_00/Eff_W1_Svarog_00_Revive_Start02.prefab"
  ],
  "EffectInstanceMap": {
    "MazeAttack": {
      "EffectTypes": [
        "MazeAttack"
      ],
      "EffectInstanceList": []
    },
    "Passive": {
      "EffectTypes": [
        "Passive"
      ],
      "EffectInstanceList": []
    },
    "Skill": {
      "EffectTypes": [
        "Skill"
      ],
      "EffectInstanceList": [
        "Effects/Eff_Prefab/Eff_Monster/Eff_W1_Svarog_00/Eff_W1_Svarog_00_Skill01_Attack.prefab",
        "Effects/Eff_Prefab/Eff_Monster/Eff_W1_Svarog_00/Eff_W1_Svarog_00_Skill01_Hit.prefab",
        "Effects/Eff_Prefab/Eff_Monster/Eff_W1_Svarog_00/Eff_W1_Svarog_00_Skill01_Start01.prefab",
        "Effects/Eff_Prefab/Eff_Monster/Eff_W1_Svarog_00/Eff_W1_Svarog_00_Skill01_Start02.prefab",
        "Effects/Eff_Prefab/Eff_Monster/Eff_W1_Svarog_00/Eff_W1_Svarog_00_Skill01_Start03.prefab",
        "Effects/Eff_Prefab/Eff_Monster/Eff_W1_Svarog_00/Eff_W1_Svarog_00_Skill01_Start04.prefab",
        "Effects/Eff_Prefab/Eff_Monster/Eff_W1_Svarog_00/Eff_W1_Svarog_00_Skill02_Attack.prefab",
        "Effects/Eff_Prefab/Eff_Monster/Eff_W1_Svarog_00/Eff_W1_Svarog_00_Skill02_Hit.prefab",
        "Effects/Eff_Prefab/Eff_Monster/Eff_W1_Svarog_00/Eff_W1_Svarog_00_Skill02_Start01.prefab",
        "Effects/Eff_Prefab/Eff_Monster/Eff_W1_Svarog_00/Eff_W1_Svarog_00_Skill03_Dot.prefab",
        "Effects/Eff_Prefab/Eff_Monster/Eff_W1_Svarog_00/Eff_W1_Svarog_00_Skill03_Shield_Hit01.prefab",
        "Effects/Eff_Prefab/Eff_Monster/Eff_W1_Svarog_00/Eff_W1_Svarog_00_Skill03_Shield_Hit01_1.prefab",
        "Effects/Eff_Prefab/Eff_Monster/Eff_W1_Svarog_00/Eff_W1_Svarog_00_Skill03_Shield_Hit01_2.prefab",
        "Effects/Eff_Prefab/Eff_Monster/Eff_W1_Svarog_00/Eff_W1_Svarog_00_Skill03_Shield_Hit02.prefab",
        "Effects/Eff_Prefab/Eff_Monster/Eff_W1_Svarog_00/Eff_W1_Svarog_00_Skill03_Shield_Loop.prefab",
        "Effects/Eff_Prefab/Eff_Monster/Eff_W1_Svarog_00/Eff_W1_Svarog_00_Skill03_Start01.prefab",
        "Effects/Eff_Prefab/Eff_Monster/Eff_W1_Svarog_00/Eff_W1_Svarog_00_Skill03_Teleport01.prefab",
        "Effects/Eff_Prefab/Eff_Monster/Eff_W1_Svarog_00/Eff_W1_Svarog_00_Skill03_Teleport02.prefab",
        "Effects/Eff_Prefab/Eff_Monster/Eff_W1_Svarog_00/Eff_W1_Svarog_00_Skill04_Bullet.prefab",
        "Effects/Eff_Prefab/Eff_Monster/Eff_W1_Svarog_00/Eff_W1_Svarog_00_Skill04_Camera.prefab",
        "Effects/Eff_Prefab/Eff_Monster/Eff_W1_Svarog_00/Eff_W1_Svarog_00_Skill04_Hit01.prefab",
        "Effects/Eff_Prefab/Eff_Monster/Eff_W1_Svarog_00/Eff_W1_Svarog_00_Skill04_Hit02.prefab",
        "Effects/Eff_Prefab/Eff_Monster/Eff_W1_Svarog_00/Eff_W1_Svarog_00_Skill04_Start01.prefab",
        "Effects/Eff_Prefab/Eff_Monster/Eff_W1_Svarog_00/Eff_W1_Svarog_00_Skill04_Start02.prefab",
        "Effects/Eff_Prefab/Eff_Monster/Eff_W1_Svarog_00/Eff_W1_Svarog_00_Skill05_Hit01.prefab",
        "Effects/Eff_Prefab/Eff_Monster/Eff_W1_Svarog_00/Eff_W1_Svarog_00_Skill05_Start01.prefab",
        "Effects/Eff_Prefab/Eff_Monster/Eff_W1_Svarog_00/Eff_W1_Svarog_00_Skill05_Teleport.prefab",
        "Effects/Eff_Prefab/Eff_Monster/Eff_W1_Svarog_00/Eff_W1_Svarog_00_Skill06_Start.prefab",
        "Effects/Eff_Prefab/Eff_Monster/Eff_W1_Svarog_00/Eff_W1_Svarog_00_Skill06_Start02.prefab",
        "Effects/Eff_Prefab/Eff_Monster/Eff_W1_Svarog_00/Eff_W1_Svarog_00_Skill06_Start03.prefab",
        "Effects/Eff_Prefab/Eff_Monster/Eff_W1_Svarog_00/Eff_W1_Svarog_00_Skill06_Start_Loop.prefab",
        "Effects/Eff_Prefab/Eff_Monster/Eff_W1_Svarog_00/Eff_W1_Svarog_00_Skill07_Start01.prefab",
        "Effects/Eff_Prefab/Eff_Monster/Eff_W1_Svarog_00/Eff_W1_Svarog_00_Skill07_Start02.prefab"
      ]
    },
    "Die": {
      "EffectTypes": [
        "Die"
      ],
      "EffectInstanceList": [
        "Effects/Eff_Prefab/Eff_Monster/Eff_W1_Svarog_00/Eff_W1_Svarog_00_Die_Start01.prefab",
        "Effects/Eff_Prefab/Eff_Monster/Eff_W1_Svarog_00/Eff_W1_Svarog_00_Die_Start02.prefab",
        "Effects/Eff_Prefab/Eff_Monster/Eff_W1_Svarog_00/Eff_W1_Svarog_00_Die_Start03.prefab",
        "Effects/Eff_Prefab/Eff_Monster/Eff_W1_Svarog_00/Eff_W1_Svarog_00_Die_Start04.prefab",
        "Effects/Eff_Prefab/Eff_Monster/Eff_W1_Svarog_00/Eff_W1_Svarog_00_Die_Start05.prefab"
      ]
    },
    "Common": {
      "EffectTypes": [
        "Common"
      ],
      "EffectInstanceList": []
    }
  }
}