{
  "EffectAssetList": [
    "Effects/Eff_Prefab/Eff_Monster/Eff_AML_Minion03_00/Eff_Monster_AML_Minion03_00_Appear.prefab",
    "Effects/Eff_Prefab/Eff_Monster/Eff_AML_Minion03_00/Eff_Monster_AML_Minion03_00_Appear_02.prefab",
    "Effects/Eff_Prefab/Eff_Monster/Eff_AML_Minion03_00/Eff_Monster_AML_Minion03_00_Break_Recover.prefab",
    "Effects/Eff_Prefab/Eff_Monster/Eff_AML_Minion03_00/Eff_Monster_AML_Minion03_00_Trail.prefab"
  ],
  "EffectInstanceMap": {
    "MazeAttack": {
      "EffectTypes": [
        "MazeAttack"
      ],
      "EffectInstanceList": [
        "Effects/Eff_Prefab/Eff_Monster/Eff_AML_Minion03_00/Eff_AML_Minion03_00_MazeAttack_Skill02_Hit.prefab",
        "Effects/Eff_Prefab/Eff_Monster/Eff_AML_Minion03_00/Eff_AML_Minion03_00_MazeAttack_Start_cubeA5_JNT.prefab"
      ]
    },
    "Passive": {
      "EffectTypes": [
        "Passive"
      ],
      "EffectInstanceList": []
    },
    "Skill": {
      "EffectTypes": [
        "Skill"
      ],
      "EffectInstanceList": [
        "Effects/Eff_Prefab/Eff_Monster/Eff_AML_Minion03_00/Eff_AML_Minion03_00_MazeAttack_Skill02_Hit.prefab",
        "Effects/Eff_Prefab/Eff_Monster/Eff_AML_Minion03_00/Eff_AML_Minion03_00_Skill02_Bullet.prefab",
        "Effects/Eff_Prefab/Eff_Monster/Eff_AML_Minion03_00/Eff_AML_Minion03_00_Skill02_Fire.prefab",
        "Effects/Eff_Prefab/Eff_Monster/Eff_AML_Minion03_00/Eff_AML_Minion03_00_Skill02_Fire_02.prefab",
        "Effects/Eff_Prefab/Eff_Monster/Eff_AML_Minion03_00/Eff_AML_Minion03_00_Skill02_Fire_03.prefab",
        "Effects/Eff_Prefab/Eff_Monster/Eff_AML_Minion03_00/Eff_AML_Minion03_00_Skill02_Hit.prefab",
        "Effects/Eff_Prefab/Eff_Monster/Eff_AML_Minion03_00/Eff_AML_Minion03_00_Skill02_Start_cubeA5_JNT.prefab",
        "Effects/Eff_Prefab/Eff_Monster/Eff_AML_Minion03_00/Eff_Monster_AML_Minion03_00_Skill02_Weapon.prefab"
      ]
    },
    "Die": {
      "EffectTypes": [
        "Die"
      ],
      "EffectInstanceList": [
        "Effects/Eff_Prefab/Eff_Monster/Eff_AML_Minion03_00/Eff_Monster_AML_Minion03_00_Die_01.prefab",
        "Effects/Eff_Prefab/Eff_Monster/Eff_AML_Minion03_00/Eff_Monster_AML_Minion03_00_Die_02.prefab"
      ]
    },
    "Common": {
      "EffectTypes": [
        "Common"
      ],
      "EffectInstanceList": []
    }
  }
}