{
  "EffectAssetList": [
    "Effects/Eff_Prefab/Eff_Monster/Eff_SW_Boss_00/Eff_Monster_SW_Boss_Idle_StandBy.prefab"
  ],
  "EffectInstanceMap": {
    "MazeAttack": {
      "EffectTypes": [
        "MazeAttack"
      ],
      "EffectInstanceList": []
    },
    "Passive": {
      "EffectTypes": [
        "Passive"
      ],
      "EffectInstanceList": [
        "Effects/Eff_Prefab/Eff_Monster/Eff_SW_Boss_00/Eff_Monster_SW_Boss_PassiveSkill01_Body.prefab",
        "Effects/Eff_Prefab/Eff_Monster/Eff_SW_Boss_00/Eff_Monster_SW_Boss_PassiveSkill01_Body_01.prefab",
        "Effects/Eff_Prefab/Eff_Monster/Eff_SW_Boss_00/Eff_Monster_SW_Boss_PassiveSkill01_Body_02.prefab",
        "Effects/Eff_Prefab/Eff_Monster/Eff_SW_Boss_00/Eff_Monster_SW_Boss_PassiveSkill01_Body_03.prefab",
        "Effects/Eff_Prefab/Eff_Monster/Eff_SW_Boss_00/Eff_Monster_SW_Boss_PassiveSkill01_Hit.prefab"
      ]
    },
    "Skill": {
      "EffectTypes": [
        "Skill"
      ],
      "EffectInstanceList": [
        "Effects/Eff_Prefab/Eff_Monster/Eff_SW_Boss_00/Eff_Monster_SW_Boss_PassiveSkill01_Body.prefab",
        "Effects/Eff_Prefab/Eff_Monster/Eff_SW_Boss_00/Eff_Monster_SW_Boss_PassiveSkill01_Body_01.prefab",
        "Effects/Eff_Prefab/Eff_Monster/Eff_SW_Boss_00/Eff_Monster_SW_Boss_PassiveSkill01_Body_02.prefab",
        "Effects/Eff_Prefab/Eff_Monster/Eff_SW_Boss_00/Eff_Monster_SW_Boss_PassiveSkill01_Body_03.prefab",
        "Effects/Eff_Prefab/Eff_Monster/Eff_SW_Boss_00/Eff_Monster_SW_Boss_PassiveSkill01_Hit.prefab",
        "Effects/Eff_Prefab/Eff_Monster/Eff_SW_Boss_00/Eff_Monster_SW_Boss_Skill01_Attack_00.prefab",
        "Effects/Eff_Prefab/Eff_Monster/Eff_SW_Boss_00/Eff_Monster_SW_Boss_Skill01_Attack_01.prefab",
        "Effects/Eff_Prefab/Eff_Monster/Eff_SW_Boss_00/Eff_Monster_SW_Boss_Skill01_Attack_02.prefab",
        "Effects/Eff_Prefab/Eff_Monster/Eff_SW_Boss_00/Eff_Monster_SW_Boss_Skill01_Attack_Hit.prefab",
        "Effects/Eff_Prefab/Eff_Monster/Eff_SW_Boss_00/Eff_Monster_SW_Boss_Skill02_Attack_00.prefab",
        "Effects/Eff_Prefab/Eff_Monster/Eff_SW_Boss_00/Eff_Monster_SW_Boss_Skill02_Attack_Buff.prefab",
        "Effects/Eff_Prefab/Eff_Monster/Eff_SW_Boss_00/Eff_Monster_SW_Boss_Skill02_Attack_Hit.prefab",
        "Effects/Eff_Prefab/Eff_Monster/Eff_SW_Boss_00/Eff_Monster_SW_Boss_Skill02_Attack_Start.prefab",
        "Effects/Eff_Prefab/Eff_Monster/Eff_SW_Boss_00/Eff_Monster_SW_Boss_Skill02_Attack_Start_02.prefab",
        "Effects/Eff_Prefab/Eff_Monster/Eff_SW_Boss_00/Eff_Monster_SW_Boss_Skill03_Attack_00.prefab",
        "Effects/Eff_Prefab/Eff_Monster/Eff_SW_Boss_00/Eff_Monster_SW_Boss_Skill03_Attack_01.prefab",
        "Effects/Eff_Prefab/Eff_Monster/Eff_SW_Boss_00/Eff_Monster_SW_Boss_Skill03_Attack_Body.prefab",
        "Effects/Eff_Prefab/Eff_Monster/Eff_SW_Boss_00/Eff_Monster_SW_Boss_Skill03_Attack_Hit.prefab",
        "Effects/Eff_Prefab/Eff_Monster/Eff_SW_Boss_00/Eff_Monster_SW_Boss_Skill03_Attack_Start.prefab",
        "Effects/Eff_Prefab/Eff_Monster/Eff_SW_Boss_00/Eff_Monster_SW_Boss_Skill03_Corner.prefab",
        "Effects/Eff_Prefab/Eff_Monster/Eff_SW_Boss_00/Eff_Monster_SW_Boss_Skill04_Bady.prefab",
        "Effects/Eff_Prefab/Eff_Monster/Eff_SW_Boss_00/Eff_Monster_SW_Boss_Skill04_Bady_02.prefab",
        "Effects/Eff_Prefab/Eff_Monster/Eff_SW_Boss_00/Eff_Monster_SW_Boss_Skill04_Ball_Appear.prefab",
        "Effects/Eff_Prefab/Eff_Monster/Eff_SW_Boss_00/Eff_Monster_SW_Boss_Skill04_Ball_Loop.prefab",
        "Effects/Eff_Prefab/Eff_Monster/Eff_SW_Boss_00/Eff_Monster_SW_Boss_Skill04_Ball_LoopBig.prefab",
        "Effects/Eff_Prefab/Eff_Monster/Eff_SW_Boss_00/Eff_Monster_SW_Boss_Skill04_Ball_LoopSmall.prefab",
        "Effects/Eff_Prefab/Eff_Monster/Eff_SW_Boss_00/Eff_Monster_SW_Boss_Skill04_Ball_Open.prefab",
        "Effects/Eff_Prefab/Eff_Monster/Eff_SW_Boss_00/Eff_Monster_SW_Boss_Skill04_Ball_OpenBig.prefab",
        "Effects/Eff_Prefab/Eff_Monster/Eff_SW_Boss_00/Eff_Monster_SW_Boss_Skill04_Ball_Start.prefab",
        "Effects/Eff_Prefab/Eff_Monster/Eff_SW_Boss_00/Eff_Monster_SW_Boss_Skill04_Ball_Up.prefab",
        "Effects/Eff_Prefab/Eff_Monster/Eff_SW_Boss_00/Eff_Monster_SW_Boss_Skill05_Attack_Corner.prefab",
        "Effects/Eff_Prefab/Eff_Monster/Eff_SW_Boss_00/Eff_Monster_SW_Boss_Skill05_Attack_On.prefab",
        "Effects/Eff_Prefab/Eff_Monster/Eff_SW_Boss_00/Eff_Monster_SW_Boss_Skill05_Attack_Start.prefab",
        "Effects/Eff_Prefab/Eff_Monster/Eff_SW_Boss_00/Eff_Monster_SW_Boss_Skill05_Body.prefab",
        "Effects/Eff_Prefab/Eff_Monster/Eff_SW_Boss_00/Eff_Monster_SW_Boss_Skill05_Body_Corner.prefab",
        "Effects/Eff_Prefab/Eff_Monster/Eff_SW_Boss_00/Eff_Monster_SW_Boss_Skill06_Attack_01.prefab",
        "Effects/Eff_Prefab/Eff_Monster/Eff_SW_Boss_00/Eff_Monster_SW_Boss_Skill06_Attack_02.prefab",
        "Effects/Eff_Prefab/Eff_Monster/Eff_SW_Boss_00/Eff_Monster_SW_Boss_Skill06_Attack_03.prefab",
        "Effects/Eff_Prefab/Eff_Monster/Eff_SW_Boss_00/Eff_Monster_SW_Boss_Skill06_Attack_04.prefab",
        "Effects/Eff_Prefab/Eff_Monster/Eff_SW_Boss_00/Eff_Monster_SW_Boss_Skill06_Attack_eye.prefab",
        "Effects/Eff_Prefab/Eff_Monster/Eff_SW_Boss_00/Eff_Monster_SW_Boss_Skill06_Attack_eye_02.prefab",
        "Effects/Eff_Prefab/Eff_Monster/Eff_SW_Boss_00/Eff_Monster_SW_Boss_Skill06_Attack_Hit.prefab",
        "Effects/Eff_Prefab/Eff_Monster/Eff_SW_Boss_00/Eff_Monster_SW_Boss_Skill06_Attack_Hit_02.prefab",
        "Effects/Eff_Prefab/Eff_Monster/Eff_SW_Boss_00/Eff_Monster_SW_Boss_Skill07_Attack_01.prefab",
        "Effects/Eff_Prefab/Eff_Monster/Eff_SW_Boss_00/Eff_Monster_SW_Boss_Skill07_Attack_03.prefab",
        "Effects/Eff_Prefab/Eff_Monster/Eff_SW_Boss_00/Eff_Monster_SW_Boss_Skill07_Attack_04.prefab",
        "Effects/Eff_Prefab/Eff_Monster/Eff_SW_Boss_00/Eff_Monster_SW_Boss_Skill07_Attack_eye.prefab",
        "Effects/Eff_Prefab/Eff_Monster/Eff_SW_Boss_00/Eff_Monster_SW_Boss_Skill07_Attack_eye_02.prefab",
        "Effects/Eff_Prefab/Eff_Monster/Eff_SW_Boss_00/Eff_Monster_SW_Boss_Skill07_Attack_Hit.prefab"
      ]
    },
    "Die": {
      "EffectTypes": [
        "Die"
      ],
      "EffectInstanceList": []
    },
    "Common": {
      "EffectTypes": [
        "Common"
      ],
      "EffectInstanceList": []
    }
  }
}