{
  "EffectAssetList": [
    "Effects/Eff_Prefab/Eff_Monster/Eff_W2_Xuanlu_04/Eff_Monster_W2_Xuanlu_04_Appear.prefab",
    "Effects/Eff_Prefab/Eff_Monster/Eff_W2_Xuanlu_04/Eff_Monster_W2_Xuanlu_04_Peach_01.prefab",
    "Effects/Eff_Prefab/Eff_Monster/Eff_W2_Xuanlu_04/Eff_Monster_W2_Xuanlu_04_Peach_02.prefab",
    "Effects/Eff_Prefab/Eff_Monster/Eff_W2_Xuanlu_04/Eff_Monster_W2_Xuanlu_04_Peach_Shine1.prefab",
    "Effects/Eff_Prefab/Eff_Monster/Eff_W2_Xuanlu_04/Eff_Monster_W2_Xuanlu_04_Peach_Shine2.prefab"
  ],
  "EffectInstanceMap": {
    "MazeAttack": {
      "EffectTypes": [
        "MazeAttack"
      ],
      "EffectInstanceList": []
    },
    "Passive": {
      "EffectTypes": [
        "Passive"
      ],
      "EffectInstanceList": []
    },
    "Skill": {
      "EffectTypes": [
        "Skill"
      ],
      "EffectInstanceList": [
        "Effects/Eff_Prefab/Eff_Monster/Eff_W2_Xuanlu_04/Eff_Monster_W2_Xuanlu_04_Skill01_Peach.prefab",
        "Effects/Eff_Prefab/Eff_Monster/Eff_W2_Xuanlu_04/Eff_Monster_W2_Xuanlu_04_Skill01_Start.prefab",
        "Effects/Eff_Prefab/Eff_Monster/Eff_W2_Xuanlu_04/Eff_Monster_W2_Xuanlu_04_Skill02_Peach.prefab",
        "Effects/Eff_Prefab/Eff_Monster/Eff_W2_Xuanlu_04/Eff_Monster_W2_Xuanlu_04_Skill02_Start.prefab"
      ]
    },
    "Die": {
      "EffectTypes": [
        "Die"
      ],
      "EffectInstanceList": [
        "Effects/Eff_Prefab/Eff_Monster/Eff_W2_Xuanlu_04/Eff_Monster_W2_Xuanlu_04_Die.prefab"
      ]
    },
    "Common": {
      "EffectTypes": [
        "Common"
      ],
      "EffectInstanceList": []
    }
  }
}