{
  "EffectAssetList": [
    "Effects/Eff_Prefab/Eff_Monster/Eff_SW_Minion01_01/Eff_Monster_SW_Minion01_01_Idle_StandBy.prefab"
  ],
  "EffectInstanceMap": {
    "MazeAttack": {
      "EffectTypes": [
        "MazeAttack"
      ],
      "EffectInstanceList": []
    },
    "Passive": {
      "EffectTypes": [
        "Passive"
      ],
      "EffectInstanceList": [
        "Effects/Eff_Prefab/Eff_Monster/Eff_SW_Minion01_01/Eff_Monster_SW_Minion01_01_PassiveSkill01_Body.prefab",
        "Effects/Eff_Prefab/Eff_Monster/Eff_SW_Minion01_01/Eff_Monster_SW_Minion01_01_PassiveSkill01_Body_01.prefab",
        "Effects/Eff_Prefab/Eff_Monster/Eff_SW_Minion01_01/Eff_Monster_SW_Minion01_01_PassiveSkill01_Body_02.prefab",
        "Effects/Eff_Prefab/Eff_Monster/Eff_SW_Minion01_01/Eff_Monster_SW_Minion01_01_PassiveSkill01_Body_03.prefab"
      ]
    },
    "Skill": {
      "EffectTypes": [
        "Skill"
      ],
      "EffectInstanceList": [
        "Effects/Eff_Prefab/Eff_Monster/Eff_SW_Minion01_01/Eff_Monster_SW_Minion01_01_PassiveSkill01_Body.prefab",
        "Effects/Eff_Prefab/Eff_Monster/Eff_SW_Minion01_01/Eff_Monster_SW_Minion01_01_PassiveSkill01_Body_01.prefab",
        "Effects/Eff_Prefab/Eff_Monster/Eff_SW_Minion01_01/Eff_Monster_SW_Minion01_01_PassiveSkill01_Body_02.prefab",
        "Effects/Eff_Prefab/Eff_Monster/Eff_SW_Minion01_01/Eff_Monster_SW_Minion01_01_PassiveSkill01_Body_03.prefab",
        "Effects/Eff_Prefab/Eff_Monster/Eff_SW_Minion01_01/Eff_Monster_SW_Minion01_01_Skill01_Body.prefab",
        "Effects/Eff_Prefab/Eff_Monster/Eff_SW_Minion01_01/Eff_Monster_SW_Minion01_01_Skill02_Attack_01.prefab",
        "Effects/Eff_Prefab/Eff_Monster/Eff_SW_Minion01_01/Eff_Monster_SW_Minion01_01_Skill02_Attack_02.prefab",
        "Effects/Eff_Prefab/Eff_Monster/Eff_SW_Minion01_01/Eff_Monster_SW_Minion01_01_Skill02_Attack_03.prefab",
        "Effects/Eff_Prefab/Eff_Monster/Eff_SW_Minion01_01/Eff_Monster_SW_Minion01_01_Skill02_Body.prefab",
        "Effects/Eff_Prefab/Eff_Monster/Eff_SW_Minion01_01/Eff_Monster_SW_Minion01_01_Skill02_Boom.prefab",
        "Effects/Eff_Prefab/Eff_Monster/Eff_SW_Minion01_01/Eff_Monster_SW_Minion01_01_Skill02_Floor.prefab",
        "Effects/Eff_Prefab/Eff_Monster/Eff_SW_Minion01_01/Eff_Monster_SW_Minion01_01_Skill02_Hit.prefab",
        "Effects/Eff_Prefab/Eff_Monster/Eff_SW_Minion01_01/Eff_Monster_SW_Minion01_01_Skill05_Body.prefab",
        "Effects/Eff_Prefab/Eff_Monster/Eff_SW_Minion01_01/Eff_Monster_SW_Minion01_01_Skill05_Body_Loop.prefab"
      ]
    },
    "Die": {
      "EffectTypes": [
        "Die"
      ],
      "EffectInstanceList": []
    },
    "Common": {
      "EffectTypes": [
        "Common"
      ],
      "EffectInstanceList": []
    }
  }
}