{
  "EffectAssetList": [],
  "EffectInstanceMap": {
    "MazeAttack": {
      "EffectTypes": [
        "MazeAttack"
      ],
      "EffectInstanceList": []
    },
    "Passive": {
      "EffectTypes": [
        "Passive"
      ],
      "EffectInstanceList": []
    },
    "Skill": {
      "EffectTypes": [
        "Skill"
      ],
      "EffectInstanceList": [
        "Effects/Eff_Prefab/Eff_Monster/Eff_XP_Minion01_01/Eff_Monster_XP_Minion01_01_Skill01_Hit.prefab",
        "Effects/Eff_Prefab/Eff_Monster/Eff_XP_Minion01_01/Eff_Monster_XP_Minion01_01_Skill01_Strike.prefab"
      ]
    },
    "Die": {
      "EffectTypes": [
        "Die"
      ],
      "EffectInstanceList": [
        "Effects/Eff_Prefab/Eff_Monster/Eff_XP_Minion01_01/Eff_Monster_XP_Minion01_01_Die_Ice.prefab"
      ]
    },
    "Common": {
      "EffectTypes": [
        "Common"
      ],
      "EffectInstanceList": [
        "Effects/Eff_Prefab/Eff_Monster/Eff_XP_Minion01_01/Eff_Monster_XP_Minion01_01_Common_Ball1_M.prefab",
        "Effects/Eff_Prefab/Eff_Monster/Eff_XP_Minion01_01/Eff_Monster_XP_Minion01_01_Common_wing2_L.prefab",
        "Effects/Eff_Prefab/Eff_Monster/Eff_XP_Minion01_01/Eff_Monster_XP_Minion01_01_Common_wing2_R.prefab"
      ]
    }
  }
}