{
  "EffectAssetList": [],
  "EffectInstanceMap": {
    "MazeAttack": {
      "EffectTypes": [
        "MazeAttack"
      ],
      "EffectInstanceList": [
        "Effects/Eff_Prefab/Eff_Monster/Eff_W2_Mecha01_00/Eff_Monster_W2_Mecha01_00_MazeAttack_Attack01.prefab",
        "Effects/Eff_Prefab/Eff_Monster/Eff_W2_Mecha01_00/Eff_Monster_W2_Mecha01_00_MazeAttack_Attack02.prefab",
        "Effects/Eff_Prefab/Eff_Monster/Eff_W2_Mecha01_00/Eff_Monster_W2_Mecha01_00_MazeAttack_Attack03.prefab",
        "Effects/Eff_Prefab/Eff_Monster/Eff_W2_Mecha01_00/Eff_Monster_W2_Mecha01_00_MazeAttack_Hit.prefab"
      ]
    },
    "Passive": {
      "EffectTypes": [
        "Passive"
      ],
      "EffectInstanceList": []
    },
    "Skill": {
      "EffectTypes": [
        "Skill"
      ],
      "EffectInstanceList": [
        "Effects/Eff_Prefab/Eff_Monster/Eff_W2_Mecha01_00/Eff_Monster_W2_Mecha01_00_Skill01_Attack_01.prefab",
        "Effects/Eff_Prefab/Eff_Monster/Eff_W2_Mecha01_00/Eff_Monster_W2_Mecha01_00_Skill01_Attack_02.prefab",
        "Effects/Eff_Prefab/Eff_Monster/Eff_W2_Mecha01_00/Eff_Monster_W2_Mecha01_00_Skill01_Hit.prefab"
      ]
    },
    "Die": {
      "EffectTypes": [
        "Die"
      ],
      "EffectInstanceList": [
        "Effects/Eff_Prefab/Eff_Monster/Eff_W2_Mecha01_00/Eff_Monster_W2_Mecha01_00_Common_Die.prefab",
        "Effects/Eff_Prefab/Eff_Monster/Eff_W2_Mecha01_00/Eff_Monster_W2_Mecha01_00_Common_DieFly.prefab",
        "Effects/Eff_Prefab/Eff_Monster/Eff_W2_Mecha01_00/Eff_Monster_W2_Mecha01_00_Common_Die_02.prefab",
        "Effects/Eff_Prefab/Eff_Monster/Eff_W2_Mecha01_00/Eff_Monster_W2_Mecha01_00_Common_Die_Smoke.prefab",
        "Effects/Eff_Prefab/Eff_Monster/Eff_W2_Mecha01_00/Eff_Monster_W2_Mecha01_00_Die.prefab"
      ]
    },
    "Common": {
      "EffectTypes": [
        "Common"
      ],
      "EffectInstanceList": [
        "Effects/Eff_Prefab/Eff_Monster/Eff_W2_Mecha01_00/Eff_Monster_W2_Mecha01_00_Common_Die.prefab",
        "Effects/Eff_Prefab/Eff_Monster/Eff_W2_Mecha01_00/Eff_Monster_W2_Mecha01_00_Common_DieFly.prefab",
        "Effects/Eff_Prefab/Eff_Monster/Eff_W2_Mecha01_00/Eff_Monster_W2_Mecha01_00_Common_Die_02.prefab",
        "Effects/Eff_Prefab/Eff_Monster/Eff_W2_Mecha01_00/Eff_Monster_W2_Mecha01_00_Common_Die_Smoke.prefab",
        "Effects/Eff_Prefab/Eff_Monster/Eff_W2_Mecha01_00/Eff_Monster_W2_Mecha01_00_Common_FlySmoke.prefab"
      ]
    }
  }
}