{
  "EffectAssetList": [
    "Effects/Eff_Prefab/Eff_Monster/Eff_XP_Elite02_01/Eff_Monster_XP_Elite02_01_Appear.prefab",
    "Effects/Eff_Prefab/Eff_Monster/Eff_XP_Elite02_01/Eff_Monster_XP_Elite02_01_Appear_02.prefab",
    "Effects/Eff_Prefab/Eff_Monster/Eff_XP_Elite02_01/Eff_Monster_XP_Elite02_01_Appear_Eff_02.prefab",
    "Effects/Eff_Prefab/Eff_Monster/Eff_XP_Elite02_01/Eff_Monster_XP_Elite02_01_Book.prefab",
    "Effects/Eff_Prefab/Eff_Monster/Eff_XP_Elite02_01/Eff_Monster_XP_Elite02_01_Cloak_01.prefab",
    "Effects/Eff_Prefab/Eff_Monster/Eff_XP_Elite02_01/Eff_Monster_XP_Elite02_01_Cloak_02.prefab",
    "Effects/Eff_Prefab/Eff_Monster/Eff_XP_Elite02_01/Eff_Monster_XP_Elite02_01_Cloak_03.prefab",
    "Effects/Eff_Prefab/Eff_Monster/Eff_XP_Elite02_01/Eff_Monster_XP_Elite02_01_Cloak_04.prefab",
    "Effects/Eff_Prefab/Eff_Monster/Eff_XP_Elite02_01/Eff_Monster_XP_Elite02_01_StandBy_Book_Appear.prefab",
    "Effects/Eff_Prefab/Eff_Monster/Eff_XP_Elite02_01/Eff_Monster_XP_Elite02_01_StandBy_Book_Disappear.prefab",
    "Effects/Eff_Prefab/Eff_Monster/Eff_XP_Elite02_01/Eff_Monster_XP_Elite02_01_StandBy_Weapon_Appear.prefab",
    "Effects/Eff_Prefab/Eff_Monster/Eff_XP_Elite02_01/Eff_Monster_XP_Elite02_01_StandBy_Weapon_Disappear.prefab"
  ],
  "EffectInstanceMap": {
    "MazeAttack": {
      "EffectTypes": [
        "MazeAttack"
      ],
      "EffectInstanceList": []
    },
    "Passive": {
      "EffectTypes": [
        "Passive"
      ],
      "EffectInstanceList": []
    },
    "Skill": {
      "EffectTypes": [
        "Skill"
      ],
      "EffectInstanceList": [
        "Effects/Eff_Prefab/Eff_Monster/Eff_XP_Elite02_01/Eff_Monster_XP_Elite02_01_Skill02_Hit.prefab",
        "Effects/Eff_Prefab/Eff_Monster/Eff_XP_Elite02_01/Eff_Monster_XP_Elite02_01_Skill02_Start01.prefab",
        "Effects/Eff_Prefab/Eff_Monster/Eff_XP_Elite02_01/Eff_Monster_XP_Elite02_01_Skill02_Start02.prefab",
        "Effects/Eff_Prefab/Eff_Monster/Eff_XP_Elite02_01/Eff_Monster_XP_Elite02_01_Skill03_Hit01.prefab",
        "Effects/Eff_Prefab/Eff_Monster/Eff_XP_Elite02_01/Eff_Monster_XP_Elite02_01_Skill03_Hit02.prefab",
        "Effects/Eff_Prefab/Eff_Monster/Eff_XP_Elite02_01/Eff_Monster_XP_Elite02_01_Skill03_Start01.prefab",
        "Effects/Eff_Prefab/Eff_Monster/Eff_XP_Elite02_01/Eff_Monster_XP_Elite02_01_Skill03_Start02.prefab",
        "Effects/Eff_Prefab/Eff_Monster/Eff_XP_Elite02_01/Eff_Monster_XP_Elite02_01_Skill04_Bullet.prefab",
        "Effects/Eff_Prefab/Eff_Monster/Eff_XP_Elite02_01/Eff_Monster_XP_Elite02_01_Skill04_Hit.prefab",
        "Effects/Eff_Prefab/Eff_Monster/Eff_XP_Elite02_01/Eff_Monster_XP_Elite02_01_Skill04_Pointer01_H.prefab",
        "Effects/Eff_Prefab/Eff_Monster/Eff_XP_Elite02_01/Eff_Monster_XP_Elite02_01_Skill04_Pointer02_H.prefab",
        "Effects/Eff_Prefab/Eff_Monster/Eff_XP_Elite02_01/Eff_Monster_XP_Elite02_01_Skill04_Pointer03_H.prefab",
        "Effects/Eff_Prefab/Eff_Monster/Eff_XP_Elite02_01/Eff_Monster_XP_Elite02_01_Skill04_Pointer04_H.prefab",
        "Effects/Eff_Prefab/Eff_Monster/Eff_XP_Elite02_01/Eff_Monster_XP_Elite02_01_Skill04_Pointer05_H.prefab",
        "Effects/Eff_Prefab/Eff_Monster/Eff_XP_Elite02_01/Eff_Monster_XP_Elite02_01_Skill04_Pointer06_H.prefab",
        "Effects/Eff_Prefab/Eff_Monster/Eff_XP_Elite02_01/Eff_Monster_XP_Elite02_01_Skill04_Pointer07_H.prefab",
        "Effects/Eff_Prefab/Eff_Monster/Eff_XP_Elite02_01/Eff_Monster_XP_Elite02_01_Skill04_Pointer08_H.prefab",
        "Effects/Eff_Prefab/Eff_Monster/Eff_XP_Elite02_01/Eff_Monster_XP_Elite02_01_Skill04_Pointer09_H.prefab",
        "Effects/Eff_Prefab/Eff_Monster/Eff_XP_Elite02_01/Eff_Monster_XP_Elite02_01_Skill04_Start01.prefab",
        "Effects/Eff_Prefab/Eff_Monster/Eff_XP_Elite02_01/Eff_Monster_XP_Elite02_01_Skill04_Start02.prefab",
        "Effects/Eff_Prefab/Eff_Monster/Eff_XP_Elite02_01/Eff_Monster_XP_Elite02_01_Skill04_Start03.prefab",
        "Effects/Eff_Prefab/Eff_Monster/Eff_XP_Elite02_01/Eff_Monster_XP_Elite02_01_Skill04_Start04.prefab",
        "Effects/Eff_Prefab/Eff_Monster/Eff_XP_Elite02_01/Eff_Monster_XP_Elite02_01_Skill04_Start05.prefab",
        "Effects/Eff_Prefab/Eff_Monster/Eff_XP_Elite02_01/Eff_Monster_XP_Elite02_01_Skill04_Start06.prefab",
        "Effects/Eff_Prefab/Eff_Monster/Eff_XP_Elite02_01/Eff_Monster_XP_Elite02_01_Skill04_Start07.prefab",
        "Effects/Eff_Prefab/Eff_Monster/Eff_XP_Elite02_01/Eff_Monster_XP_Elite02_01_Skill05_Horologe.prefab",
        "Effects/Eff_Prefab/Eff_Monster/Eff_XP_Elite02_01/Eff_Monster_XP_Elite02_01_Skill05_Pointer.prefab",
        "Effects/Eff_Prefab/Eff_Monster/Eff_XP_Elite02_01/Eff_Monster_XP_Elite02_01_Skill05_Pointer_Disappear.prefab",
        "Effects/Eff_Prefab/Eff_Monster/Eff_XP_Elite02_01/Eff_Monster_XP_Elite02_01_Skill05_Start01.prefab",
        "Effects/Eff_Prefab/Eff_Monster/Eff_XP_Elite02_01/Eff_Monster_XP_Elite02_01_Skill05_Start02.prefab",
        "Effects/Eff_Prefab/Eff_Monster/Eff_XP_Elite02_01/Eff_Monster_XP_Elite02_01_Skill05_Start03.prefab",
        "Effects/Eff_Prefab/Eff_Monster/Eff_XP_Elite02_01/Eff_Monster_XP_Elite02_01_Skill06_Start01.prefab",
        "Effects/Eff_Prefab/Eff_Monster/Eff_XP_Elite02_01/Eff_Monster_XP_Elite02_01_Skill06_Start02.prefab"
      ]
    },
    "Die": {
      "EffectTypes": [
        "Die"
      ],
      "EffectInstanceList": [
        "Effects/Eff_Prefab/Eff_Monster/Eff_XP_Elite02_01/Eff_Monster_XP_Elite02_01_Die.prefab",
        "Effects/Eff_Prefab/Eff_Monster/Eff_XP_Elite02_01/Eff_Monster_XP_Elite02_01_Die_01.prefab",
        "Effects/Eff_Prefab/Eff_Monster/Eff_XP_Elite02_01/Eff_Monster_XP_Elite02_01_Die_Weapon.prefab"
      ]
    },
    "Common": {
      "EffectTypes": [
        "Common"
      ],
      "EffectInstanceList": []
    }
  }
}