{
  "GroupConfigName": "Field",
  "ConfigEntityPath": "Config/ConfigEntity/SummonUnit/SummonUnit_Common_TeamField_Entity.json",
  "ResidentEffects": [
    {
      "$type": "TriggerEffect",
      "EffectPath": "Effects/Eff_Prefab/Eff_Avatar/Eff_Himeko/Eff_Avatar_Himeko_00_MazeSkill_01_Hit.prefab"
    }
  ],
  "OnCreate": [
    {
      "$type": "TriggerEffectList",
      "TargetType": {
        "$type": "TargetAlias",
        "Alias": "Caster"
      },
      "EffectList": [
        {
          "EffectPath": "Effects/Eff_Prefab/Eff_Avatar/Eff_Himeko/Eff_Avatar_Himeko_00_MazeSkill_01_Hit_Once.prefab"
        }
      ]
    },
    {
      "$type": "PropAttractEnemy",
      "Distance": 5.5,
      "BehaviourType": "AlertAddTo",
      "DeltaValue": 10.0
    }
  ],
  "TriggerConfig": {
    "CustomTriggers": [
      {
        "TriggerName": "AddDebuffOnEnemyTrigger",
        "Radius": {
          "IsDynamic": false,
          "FixedValue": {
            "Value": 5.500000000465661
          }
        },
        "UseVerticalBound": true,
        "NeedRaycast": true,
        "TargetTypes": [
          "NPCMonster"
        ],
        "ColliderRelativePath": "Trigger",
        "OnTriggerEnter": [
          {
            "$type": "AddMazeBuff",
            "TargetType": {
              "$type": "TargetAlias",
              "Alias": "TaskActionTarget"
            },
            "ID": 100301
          },
          {
            "$type": "TriggerSound",
            "SoundName": "Ev_sfx_avatar_skill_maze_hit_himeko"
          }
        ],
        "OnTriggerExit": [
          {
            "$type": "RemoveMazeBuff",
            "TargetType": {
              "$type": "TargetAlias",
              "Alias": "TaskActionTarget"
            },
            "ID": 100301
          }
        ]
      }
    ]
  }
}