{
  "EffectAssetList": [
    "Effects/Eff_Prefab/Eff_Monster/Eff_W2_Xuanlu_01/Eff_Monster_W2_Xuanlu_01_Appear.prefab",
    "Effects/Eff_Prefab/Eff_Monster/Eff_W2_Xuanlu_01/Eff_Monster_W2_Xuanlu_01_Ground.prefab"
  ],
  "EffectInstanceMap": {
    "MazeAttack": {
      "EffectTypes": [
        "MazeAttack"
      ],
      "EffectInstanceList": []
    },
    "Passive": {
      "EffectTypes": [
        "Passive"
      ],
      "EffectInstanceList": []
    },
    "Skill": {
      "EffectTypes": [
        "Skill"
      ],
      "EffectInstanceList": [
        "Effects/Eff_Prefab/Eff_Monster/Eff_W2_Xuanlu_01/Eff_Monster_W2_Xuanlu_01_Skill01_Attack.prefab",
        "Effects/Eff_Prefab/Eff_Monster/Eff_W2_Xuanlu_01/Eff_Monster_W2_Xuanlu_01_Skill01_Ground.prefab",
        "Effects/Eff_Prefab/Eff_Monster/Eff_W2_Xuanlu_01/Eff_Monster_W2_Xuanlu_01_Skill01_Hit.prefab",
        "Effects/Eff_Prefab/Eff_Monster/Eff_W2_Xuanlu_01/Eff_Monster_W2_Xuanlu_01_Skill01_Start.prefab"
      ]
    },
    "Die": {
      "EffectTypes": [
        "Die"
      ],
      "EffectInstanceList": [
        "Effects/Eff_Prefab/Eff_Monster/Eff_W2_Xuanlu_01/Eff_Monster_W2_Xuanlu_01_Die.prefab"
      ]
    },
    "Common": {
      "EffectTypes": [
        "Common"
      ],
      "EffectInstanceList": []
    }
  }
}