{
  "EffectAssetList": [],
  "EffectInstanceMap": {
    "MazeAttack": {
      "EffectTypes": [
        "MazeAttack"
      ],
      "EffectInstanceList": [
        "Effects/Eff_Prefab/Eff_Monster/Eff_W2_Valkyrie02_00/Eff_Monster_W2_Valkyrie02_00_MazeAttack_Attack01.prefab",
        "Effects/Eff_Prefab/Eff_Monster/Eff_W2_Valkyrie02_00/Eff_Monster_W2_Valkyrie02_00_MazeAttack_Hit01.prefab"
      ]
    },
    "Passive": {
      "EffectTypes": [
        "Passive"
      ],
      "EffectInstanceList": []
    },
    "Skill": {
      "EffectTypes": [
        "Skill"
      ],
      "EffectInstanceList": [
        "Effects/Eff_Prefab/Eff_Monster/Eff_W2_Valkyrie02_00/Eff_Monster_W2_Valkyrie02_00_Skill01_Attack01.prefab",
        "Effects/Eff_Prefab/Eff_Monster/Eff_W2_Valkyrie02_00/Eff_Monster_W2_Valkyrie02_00_Skill01_Attack02.prefab",
        "Effects/Eff_Prefab/Eff_Monster/Eff_W2_Valkyrie02_00/Eff_Monster_W2_Valkyrie02_00_Skill01_Hit01.prefab",
        "Effects/Eff_Prefab/Eff_Monster/Eff_W2_Valkyrie02_00/Eff_Monster_W2_Valkyrie02_00_Skill01_Hit02.prefab",
        "Effects/Eff_Prefab/Eff_Monster/Eff_W2_Valkyrie02_00/Eff_Monster_W2_Valkyrie02_00_Skill02_Hit01.prefab",
        "Effects/Eff_Prefab/Eff_Monster/Eff_W2_Valkyrie02_00/Eff_Monster_W2_Valkyrie02_00_Skill02_Start01.prefab",
        "Effects/Eff_Prefab/Eff_Monster/Eff_W2_Valkyrie02_00/Eff_Monster_W2_Valkyrie02_00_Skill02_Start02.prefab",
        "Effects/Eff_Prefab/Eff_Monster/Eff_W2_Valkyrie02_00/Eff_Monster_W2_Valkyrie02_00_Skill03_Attack02.prefab",
        "Effects/Eff_Prefab/Eff_Monster/Eff_W2_Valkyrie02_00/Eff_Monster_W2_Valkyrie02_00_Skill03_Hit01.prefab",
        "Effects/Eff_Prefab/Eff_Monster/Eff_W2_Valkyrie02_00/Eff_Monster_W2_Valkyrie02_00_Skill03_Hit02.prefab",
        "Effects/Eff_Prefab/Eff_Monster/Eff_W2_Valkyrie02_00/Eff_Monster_W2_Valkyrie02_00_Skill03_Start01.prefab",
        "Effects/Eff_Prefab/Eff_Monster/Eff_W2_Valkyrie02_00/Eff_Monster_W2_Valkyrie02_00_Skill03_Start02.prefab",
        "Effects/Eff_Prefab/Eff_Monster/Eff_W2_Valkyrie02_00/Eff_Monster_W2_Valkyrie02_00_Skill03_Weapon_L.prefab",
        "Effects/Eff_Prefab/Eff_Monster/Eff_W2_Valkyrie02_00/Eff_Monster_W2_Valkyrie02_00_Skill03_Weapon_R.prefab",
        "Effects/Eff_Prefab/Eff_Monster/Eff_W2_Valkyrie02_00/Eff_Monster_W2_Valkyrie02_00_Skill04_Appear.prefab",
        "Effects/Eff_Prefab/Eff_Monster/Eff_W2_Valkyrie02_00/Eff_Monster_W2_Valkyrie02_00_Skill04_Attack01.prefab",
        "Effects/Eff_Prefab/Eff_Monster/Eff_W2_Valkyrie02_00/Eff_Monster_W2_Valkyrie02_00_Skill04_Attack01_2.prefab",
        "Effects/Eff_Prefab/Eff_Monster/Eff_W2_Valkyrie02_00/Eff_Monster_W2_Valkyrie02_00_Skill04_Attack02.prefab",
        "Effects/Eff_Prefab/Eff_Monster/Eff_W2_Valkyrie02_00/Eff_Monster_W2_Valkyrie02_00_Skill04_Attack03.prefab",
        "Effects/Eff_Prefab/Eff_Monster/Eff_W2_Valkyrie02_00/Eff_Monster_W2_Valkyrie02_00_Skill04_Attack04.prefab",
        "Effects/Eff_Prefab/Eff_Monster/Eff_W2_Valkyrie02_00/Eff_Monster_W2_Valkyrie02_00_Skill04_Attack05.prefab",
        "Effects/Eff_Prefab/Eff_Monster/Eff_W2_Valkyrie02_00/Eff_Monster_W2_Valkyrie02_00_Skill04_Attack06.prefab",
        "Effects/Eff_Prefab/Eff_Monster/Eff_W2_Valkyrie02_00/Eff_Monster_W2_Valkyrie02_00_Skill04_Attack06_Camera.prefab",
        "Effects/Eff_Prefab/Eff_Monster/Eff_W2_Valkyrie02_00/Eff_Monster_W2_Valkyrie02_00_Skill04_Hit01_01.prefab",
        "Effects/Eff_Prefab/Eff_Monster/Eff_W2_Valkyrie02_00/Eff_Monster_W2_Valkyrie02_00_Skill04_Hit01_02.prefab",
        "Effects/Eff_Prefab/Eff_Monster/Eff_W2_Valkyrie02_00/Eff_Monster_W2_Valkyrie02_00_Skill04_Hit01_03.prefab",
        "Effects/Eff_Prefab/Eff_Monster/Eff_W2_Valkyrie02_00/Eff_Monster_W2_Valkyrie02_00_Skill04_Hit01_04.prefab",
        "Effects/Eff_Prefab/Eff_Monster/Eff_W2_Valkyrie02_00/Eff_Monster_W2_Valkyrie02_00_Skill04_Hit01_05.prefab",
        "Effects/Eff_Prefab/Eff_Monster/Eff_W2_Valkyrie02_00/Eff_Monster_W2_Valkyrie02_00_Skill04_Hit01_06.prefab",
        "Effects/Eff_Prefab/Eff_Monster/Eff_W2_Valkyrie02_00/Eff_Monster_W2_Valkyrie02_00_Skill04_Hit02.prefab",
        "Effects/Eff_Prefab/Eff_Monster/Eff_W2_Valkyrie02_00/Eff_Monster_W2_Valkyrie02_00_Skill04_Start01.prefab",
        "Effects/Eff_Prefab/Eff_Monster/Eff_W2_Valkyrie02_00/Eff_Monster_W2_Valkyrie02_00_Skill05_Hit01.prefab",
        "Effects/Eff_Prefab/Eff_Monster/Eff_W2_Valkyrie02_00/Eff_Monster_W2_Valkyrie02_00_Skill05_Start01.prefab",
        "Effects/Eff_Prefab/Eff_Monster/Eff_W2_Valkyrie02_00/Eff_Monster_W2_Valkyrie02_00_Skill06_Attack01.prefab",
        "Effects/Eff_Prefab/Eff_Monster/Eff_W2_Valkyrie02_00/Eff_Monster_W2_Valkyrie02_00_Skill06_Attack02.prefab",
        "Effects/Eff_Prefab/Eff_Monster/Eff_W2_Valkyrie02_00/Eff_Monster_W2_Valkyrie02_00_Skill06_Attack03.prefab",
        "Effects/Eff_Prefab/Eff_Monster/Eff_W2_Valkyrie02_00/Eff_Monster_W2_Valkyrie02_00_Skill06_Attack04.prefab",
        "Effects/Eff_Prefab/Eff_Monster/Eff_W2_Valkyrie02_00/Eff_Monster_W2_Valkyrie02_00_Skill06_Attack05.prefab",
        "Effects/Eff_Prefab/Eff_Monster/Eff_W2_Valkyrie02_00/Eff_Monster_W2_Valkyrie02_00_Skill06_Hit01_01.prefab",
        "Effects/Eff_Prefab/Eff_Monster/Eff_W2_Valkyrie02_00/Eff_Monster_W2_Valkyrie02_00_Skill06_Hit01_02.prefab",
        "Effects/Eff_Prefab/Eff_Monster/Eff_W2_Valkyrie02_00/Eff_Monster_W2_Valkyrie02_00_Skill06_Hit01_03.prefab",
        "Effects/Eff_Prefab/Eff_Monster/Eff_W2_Valkyrie02_00/Eff_Monster_W2_Valkyrie02_00_Skill06_Hit01_04.prefab",
        "Effects/Eff_Prefab/Eff_Monster/Eff_W2_Valkyrie02_00/Eff_Monster_W2_Valkyrie02_00_Skill06_Hit01_05.prefab"
      ]
    },
    "Die": {
      "EffectTypes": [
        "Die"
      ],
      "EffectInstanceList": [
        "Effects/Eff_Prefab/Eff_Monster/Eff_W2_Valkyrie02_00/Eff_Monster_W2_Valkyrie02_00_Common_Die01.prefab",
        "Effects/Eff_Prefab/Eff_Monster/Eff_W2_Valkyrie02_00/Eff_Monster_W2_Valkyrie02_00_Common_Die02.prefab",
        "Effects/Eff_Prefab/Eff_Monster/Eff_W2_Valkyrie02_00/Eff_Monster_W2_Valkyrie02_00_Common_Die03.prefab"
      ]
    },
    "Common": {
      "EffectTypes": [
        "Common"
      ],
      "EffectInstanceList": [
        "Effects/Eff_Prefab/Eff_Monster/Eff_W2_Valkyrie02_00/Eff_Monster_W2_Valkyrie02_00_Common_Die01.prefab",
        "Effects/Eff_Prefab/Eff_Monster/Eff_W2_Valkyrie02_00/Eff_Monster_W2_Valkyrie02_00_Common_Die02.prefab",
        "Effects/Eff_Prefab/Eff_Monster/Eff_W2_Valkyrie02_00/Eff_Monster_W2_Valkyrie02_00_Common_Die03.prefab",
        "Effects/Eff_Prefab/Eff_Monster/Eff_W2_Valkyrie02_00/Eff_Monster_W2_Valkyrie02_00_Common_MazeStandBy01AS.prefab",
        "Effects/Eff_Prefab/Eff_Monster/Eff_W2_Valkyrie02_00/Eff_Monster_W2_Valkyrie02_00_Common_MazeStandBy01BS.prefab"
      ]
    }
  }
}