{
  "EffectAssetList": [
    "Effects/Eff_Prefab/Eff_Monster/Eff_AML_Minion02_00/Eff_Monster_AML_Minion02_00_Trail.prefab"
  ],
  "EffectInstanceMap": {
    "MazeAttack": {
      "EffectTypes": [
        "MazeAttack"
      ],
      "EffectInstanceList": [
        "Effects/Eff_Prefab/Eff_Monster/Eff_AML_Minion02_00/Eff_Monster_AML_Minion02_00_MazeAttack_Attack.prefab",
        "Effects/Eff_Prefab/Eff_Monster/Eff_AML_Minion02_00/Eff_Monster_AML_Minion02_00_MazeAttack_Hit.prefab"
      ]
    },
    "Passive": {
      "EffectTypes": [
        "Passive"
      ],
      "EffectInstanceList": []
    },
    "Skill": {
      "EffectTypes": [
        "Skill"
      ],
      "EffectInstanceList": [
        "Effects/Eff_Prefab/Eff_Monster/Eff_AML_Minion02_00/Eff_Monster_AML_Minion02_00_Skill01_Attack01.prefab",
        "Effects/Eff_Prefab/Eff_Monster/Eff_AML_Minion02_00/Eff_Monster_AML_Minion02_00_Skill01_Attack02.prefab",
        "Effects/Eff_Prefab/Eff_Monster/Eff_AML_Minion02_00/Eff_Monster_AML_Minion02_00_Skill01_Attack03.prefab",
        "Effects/Eff_Prefab/Eff_Monster/Eff_AML_Minion02_00/Eff_Monster_AML_Minion02_00_Skill01_Hit.prefab",
        "Effects/Eff_Prefab/Eff_Monster/Eff_AML_Minion02_00/Eff_Monster_AML_Minion02_00_Skill01_Hit_02.prefab",
        "Effects/Eff_Prefab/Eff_Monster/Eff_AML_Minion02_00/Eff_Monster_AML_Minion02_00_Skill01_Smoke.prefab",
        "Effects/Eff_Prefab/Eff_Monster/Eff_AML_Minion02_00/Eff_Monster_AML_Minion02_00_Skill01_Smoke_2.prefab",
        "Effects/Eff_Prefab/Eff_Monster/Eff_AML_Minion02_00/Eff_Monster_AML_Minion02_00_Skill01_Weapon.prefab",
        "Effects/Eff_Prefab/Eff_Monster/Eff_AML_Minion02_00/Eff_Monster_AML_Minion02_00_Skill02_Attack01.prefab",
        "Effects/Eff_Prefab/Eff_Monster/Eff_AML_Minion02_00/Eff_Monster_AML_Minion02_00_Skill02_Attack02.prefab",
        "Effects/Eff_Prefab/Eff_Monster/Eff_AML_Minion02_00/Eff_Monster_AML_Minion02_00_Skill02_Attack03.prefab",
        "Effects/Eff_Prefab/Eff_Monster/Eff_AML_Minion02_00/Eff_Monster_AML_Minion02_00_Skill02_Hit.prefab",
        "Effects/Eff_Prefab/Eff_Monster/Eff_AML_Minion02_00/Eff_Monster_AML_Minion02_00_Skill02_Hit_02.prefab"
      ]
    },
    "Die": {
      "EffectTypes": [
        "Die"
      ],
      "EffectInstanceList": [
        "Effects/Eff_Prefab/Eff_Monster/Eff_AML_Minion02_00/Eff_Monster_AML_Minion02_00_Die_01.prefab",
        "Effects/Eff_Prefab/Eff_Monster/Eff_AML_Minion02_00/Eff_Monster_AML_Minion02_00_Die_02.prefab"
      ]
    },
    "Common": {
      "EffectTypes": [
        "Common"
      ],
      "EffectInstanceList": []
    }
  }
}