{
  "EffectAssetList": [],
  "EffectInstanceMap": {
    "MazeAttack": {
      "EffectTypes": [
        "MazeAttack"
      ],
      "EffectInstanceList": []
    },
    "Passive": {
      "EffectTypes": [
        "Passive"
      ],
      "EffectInstanceList": []
    },
    "Skill": {
      "EffectTypes": [
        "Skill"
      ],
      "EffectInstanceList": [
        "Effects/Eff_Prefab/Eff_Monster/Eff_W2_Beast01_02/Eff_Monster_W2_Beast01_02_Skill01_Smoke01.prefab",
        "Effects/Eff_Prefab/Eff_Monster/Eff_W2_Beast01_02/Eff_Monster_W2_Beast01_02_Skill01_Smoke02.prefab",
        "Effects/Eff_Prefab/Eff_Monster/Eff_W2_Beast01_02/Eff_Monster_W2_Beast01_02_Skill01_Start01.prefab"
      ]
    },
    "Die": {
      "EffectTypes": [
        "Die"
      ],
      "EffectInstanceList": [
        "Effects/Eff_Prefab/Eff_Monster/Eff_W2_Beast01_02/Eff_Monster_W2_Beast01_02_Common_Die.prefab",
        "Effects/Eff_Prefab/Eff_Monster/Eff_W2_Beast01_02/Eff_Monster_W2_Beast01_02_Common_Die_Fly.prefab"
      ]
    },
    "Common": {
      "EffectTypes": [
        "Common"
      ],
      "EffectInstanceList": [
        "Effects/Eff_Prefab/Eff_Monster/Eff_W2_Beast01_02/Eff_Monster_W2_Beast01_02_Common_Die.prefab",
        "Effects/Eff_Prefab/Eff_Monster/Eff_W2_Beast01_02/Eff_Monster_W2_Beast01_02_Common_Die_Fly.prefab",
        "Effects/Eff_Prefab/Eff_Monster/Eff_W2_Beast01_02/Eff_Monster_W2_Beast01_02_Common_Trail01.prefab",
        "Effects/Eff_Prefab/Eff_Monster/Eff_W2_Beast01_02/Eff_Monster_W2_Beast01_02_Common_Trail02.prefab",
        "Effects/Eff_Prefab/Eff_Monster/Eff_W2_Beast01_02/Eff_Monster_W2_Beast01_02_Maze_Common_Trail01.prefab",
        "Effects/Eff_Prefab/Eff_Monster/Eff_W2_Beast01_02/Eff_Monster_W2_Beast01_02_Maze_Common_Trail02.prefab"
      ]
    }
  }
}