{
  "EffectAssetList": [],
  "EffectInstanceMap": {
    "MazeAttack": {
      "EffectTypes": [
        "MazeAttack"
      ],
      "EffectInstanceList": []
    },
    "Passive": {
      "EffectTypes": [
        "Passive"
      ],
      "EffectInstanceList": []
    },
    "Skill": {
      "EffectTypes": [
        "Skill"
      ],
      "EffectInstanceList": [
        "Effects/Eff_Prefab/Eff_Monster/Eff_W2_Yanqing_00/Eff_Monster_W2_Yanqing_00_Skill01_Hit.prefab",
        "Effects/Eff_Prefab/Eff_Monster/Eff_W2_Yanqing_00/Eff_Monster_W2_Yanqing_00_Skill01_Start01_01.prefab",
        "Effects/Eff_Prefab/Eff_Monster/Eff_W2_Yanqing_00/Eff_Monster_W2_Yanqing_00_Skill01_Start01_02.prefab",
        "Effects/Eff_Prefab/Eff_Monster/Eff_W2_Yanqing_00/Eff_Monster_W2_Yanqing_00_Skill01_Start01_FingerL.prefab",
        "Effects/Eff_Prefab/Eff_Monster/Eff_W2_Yanqing_00/Eff_Monster_W2_Yanqing_00_Skill01_Start02.prefab",
        "Effects/Eff_Prefab/Eff_Monster/Eff_W2_Yanqing_00/Eff_Monster_W2_Yanqing_00_Skill02_Behit.prefab",
        "Effects/Eff_Prefab/Eff_Monster/Eff_W2_Yanqing_00/Eff_Monster_W2_Yanqing_00_Skill02_Disappear.prefab",
        "Effects/Eff_Prefab/Eff_Monster/Eff_W2_Yanqing_00/Eff_Monster_W2_Yanqing_00_Skill02_PowerUPSword.prefab",
        "Effects/Eff_Prefab/Eff_Monster/Eff_W2_Yanqing_00/Eff_Monster_W2_Yanqing_00_Skill02_Start01.prefab",
        "Effects/Eff_Prefab/Eff_Monster/Eff_W2_Yanqing_00/Eff_Monster_W2_Yanqing_00_Skill02_Start01_FingerL.prefab",
        "Effects/Eff_Prefab/Eff_Monster/Eff_W2_Yanqing_00/Eff_Monster_W2_Yanqing_00_Skill02_Start01_Lizi.prefab",
        "Effects/Eff_Prefab/Eff_Monster/Eff_W2_Yanqing_00/Eff_Monster_W2_Yanqing_00_Skill02_Start01_Shield.prefab",
        "Effects/Eff_Prefab/Eff_Monster/Eff_W2_Yanqing_00/Eff_Monster_W2_Yanqing_00_Skill02_Start01_Weapon.prefab",
        "Effects/Eff_Prefab/Eff_Monster/Eff_W2_Yanqing_00/Eff_Monster_W2_Yanqing_00_Skill03_End_Weapon.prefab",
        "Effects/Eff_Prefab/Eff_Monster/Eff_W2_Yanqing_00/Eff_Monster_W2_Yanqing_00_Skill03_FingerL.prefab",
        "Effects/Eff_Prefab/Eff_Monster/Eff_W2_Yanqing_00/Eff_Monster_W2_Yanqing_00_Skill03_Hit.prefab",
        "Effects/Eff_Prefab/Eff_Monster/Eff_W2_Yanqing_00/Eff_Monster_W2_Yanqing_00_Skill03_Start01_Ready.prefab",
        "Effects/Eff_Prefab/Eff_Monster/Eff_W2_Yanqing_00/Eff_Monster_W2_Yanqing_00_Skill03_Start01_Weapon.prefab",
        "Effects/Eff_Prefab/Eff_Monster/Eff_W2_Yanqing_00/Eff_Monster_W2_Yanqing_00_Skill03_Start01_Weapon_02.prefab",
        "Effects/Eff_Prefab/Eff_Monster/Eff_W2_Yanqing_00/Eff_Monster_W2_Yanqing_00_Skill03_Start01_Weapon_03.prefab",
        "Effects/Eff_Prefab/Eff_Monster/Eff_W2_Yanqing_00/Eff_Monster_W2_Yanqing_00_Skill03_Start02.prefab",
        "Effects/Eff_Prefab/Eff_Monster/Eff_W2_Yanqing_00/Eff_Monster_W2_Yanqing_00_Skill04_End_Weapon.prefab",
        "Effects/Eff_Prefab/Eff_Monster/Eff_W2_Yanqing_00/Eff_Monster_W2_Yanqing_00_Skill04_Hit.prefab",
        "Effects/Eff_Prefab/Eff_Monster/Eff_W2_Yanqing_00/Eff_Monster_W2_Yanqing_00_Skill04_Start01.prefab",
        "Effects/Eff_Prefab/Eff_Monster/Eff_W2_Yanqing_00/Eff_Monster_W2_Yanqing_00_Skill04_Start01_02.prefab",
        "Effects/Eff_Prefab/Eff_Monster/Eff_W2_Yanqing_00/Eff_Monster_W2_Yanqing_00_Skill04_Start01_02_Weapon.prefab",
        "Effects/Eff_Prefab/Eff_Monster/Eff_W2_Yanqing_00/Eff_Monster_W2_Yanqing_00_Skill04_Start01_Weapon.prefab",
        "Effects/Eff_Prefab/Eff_Monster/Eff_W2_Yanqing_00/Eff_Monster_W2_Yanqing_00_Skill04_Start02.prefab",
        "Effects/Eff_Prefab/Eff_Monster/Eff_W2_Yanqing_00/Eff_Monster_W2_Yanqing_00_Skill04_Weapon.prefab",
        "Effects/Eff_Prefab/Eff_Monster/Eff_W2_Yanqing_00/Eff_Monster_W2_Yanqing_00_Skill05_Cam.prefab",
        "Effects/Eff_Prefab/Eff_Monster/Eff_W2_Yanqing_00/Eff_Monster_W2_Yanqing_00_Skill05_Disapper.prefab",
        "Effects/Eff_Prefab/Eff_Monster/Eff_W2_Yanqing_00/Eff_Monster_W2_Yanqing_00_Skill05_Loop.prefab",
        "Effects/Eff_Prefab/Eff_Monster/Eff_W2_Yanqing_00/Eff_Monster_W2_Yanqing_00_Skill05_Start01.prefab",
        "Effects/Eff_Prefab/Eff_Monster/Eff_W2_Yanqing_00/Eff_Monster_W2_Yanqing_00_Skill05_Weapon.prefab",
        "Effects/Eff_Prefab/Eff_Monster/Eff_W2_Yanqing_00/Eff_Monster_W2_Yanqing_00_Skill05_Weapon_Trail.prefab",
        "Effects/Eff_Prefab/Eff_Monster/Eff_W2_Yanqing_00/Eff_Monster_W2_Yanqing_00_Skill06_Hit.prefab",
        "Effects/Eff_Prefab/Eff_Monster/Eff_W2_Yanqing_00/Eff_Monster_W2_Yanqing_00_Skill06_Hit_01.prefab",
        "Effects/Eff_Prefab/Eff_Monster/Eff_W2_Yanqing_00/Eff_Monster_W2_Yanqing_00_Skill06_Hit_02.prefab",
        "Effects/Eff_Prefab/Eff_Monster/Eff_W2_Yanqing_00/Eff_Monster_W2_Yanqing_00_Skill06_Hit_03.prefab",
        "Effects/Eff_Prefab/Eff_Monster/Eff_W2_Yanqing_00/Eff_Monster_W2_Yanqing_00_Skill06_Hit_Weapon.prefab",
        "Effects/Eff_Prefab/Eff_Monster/Eff_W2_Yanqing_00/Eff_Monster_W2_Yanqing_00_Skill06_Hit_Weapon_01.prefab",
        "Effects/Eff_Prefab/Eff_Monster/Eff_W2_Yanqing_00/Eff_Monster_W2_Yanqing_00_Skill06_Scene.prefab",
        "Effects/Eff_Prefab/Eff_Monster/Eff_W2_Yanqing_00/Eff_Monster_W2_Yanqing_00_Skill06_Scene_01.prefab",
        "Effects/Eff_Prefab/Eff_Monster/Eff_W2_Yanqing_00/Eff_Monster_W2_Yanqing_00_Skill06_Start_01.prefab",
        "Effects/Eff_Prefab/Eff_Monster/Eff_W2_Yanqing_00/Eff_Monster_W2_Yanqing_00_Skill06_Start_01_old.prefab",
        "Effects/Eff_Prefab/Eff_Monster/Eff_W2_Yanqing_00/Eff_Monster_W2_Yanqing_00_Skill06_Weapon.prefab",
        "Effects/Eff_Prefab/Eff_Monster/Eff_W2_Yanqing_00/Eff_Monster_W2_Yanqing_00_Skill06_Weapon_01.prefab",
        "Effects/Eff_Prefab/Eff_Monster/Eff_W2_Yanqing_00/Eff_Monster_W2_Yanqing_00_Skill06_Weapon_02.prefab",
        "Effects/Eff_Prefab/Eff_Monster/Eff_W2_Yanqing_00/Eff_Monster_W2_Yanqing_00_Skill06_Weapon_03.prefab",
        "Effects/Eff_Prefab/Eff_Monster/Eff_W2_Yanqing_00/Eff_Monster_W2_Yanqing_00_Skill06_Weapon_04.prefab",
        "Effects/Eff_Prefab/Eff_Monster/Eff_W2_Yanqing_00/Eff_Monster_W2_Yanqing_00_Skill06_Weapon_05.prefab",
        "Effects/Eff_Prefab/Eff_Monster/Eff_W2_Yanqing_00/Eff_Monster_W2_Yanqing_00_Skill06_weapon_shader.prefab",
        "Effects/Eff_Prefab/Eff_Monster/Eff_W2_Yanqing_00/Eff_Monster_W2_Yanqing_00_Skill08_Camera.prefab",
        "Effects/Eff_Prefab/Eff_Monster/Eff_W2_Yanqing_00/Eff_Monster_W2_Yanqing_00_Skill08_Caster_Start01_01.prefab",
        "Effects/Eff_Prefab/Eff_Monster/Eff_W2_Yanqing_00/Eff_Monster_W2_Yanqing_00_Skill08_Caster_Start01_02.prefab",
        "Effects/Eff_Prefab/Eff_Monster/Eff_W2_Yanqing_00/Eff_Monster_W2_Yanqing_00_Skill08_Caster_Start01_03.prefab",
        "Effects/Eff_Prefab/Eff_Monster/Eff_W2_Yanqing_00/Eff_Monster_W2_Yanqing_00_Skill08_Caster_Start01_04.prefab",
        "Effects/Eff_Prefab/Eff_Monster/Eff_W2_Yanqing_00/Eff_Monster_W2_Yanqing_00_Skill08_Caster_Start01_Dissolve.prefab",
        "Effects/Eff_Prefab/Eff_Monster/Eff_W2_Yanqing_00/Eff_Monster_W2_Yanqing_00_Skill08_Hit_01.prefab",
        "Effects/Eff_Prefab/Eff_Monster/Eff_W2_Yanqing_00/Eff_Monster_W2_Yanqing_00_Skill08_Hit_02.prefab",
        "Effects/Eff_Prefab/Eff_Monster/Eff_W2_Yanqing_00/Eff_Monster_W2_Yanqing_00_Skill08_Hit_Weapon.prefab",
        "Effects/Eff_Prefab/Eff_Monster/Eff_W2_Yanqing_00/Eff_Monster_W2_Yanqing_00_Skill08_Hit_Weapon_01.prefab",
        "Effects/Eff_Prefab/Eff_Monster/Eff_W2_Yanqing_00/Eff_Monster_W2_Yanqing_00_Skill08_Minion_Start01.prefab",
        "Effects/Eff_Prefab/Eff_Monster/Eff_W2_Yanqing_00/Eff_Monster_W2_Yanqing_00_Skill08_Minion_Start01_Finger.prefab",
        "Effects/Eff_Prefab/Eff_Monster/Eff_W2_Yanqing_00/Eff_Monster_W2_Yanqing_00_Skill08_Minion_Weapon3_1_JNT.prefab",
        "Effects/Eff_Prefab/Eff_Monster/Eff_W2_Yanqing_00/Eff_Monster_W2_Yanqing_00_Skill08_Minion_Weapon3_2_JNT.prefab",
        "Effects/Eff_Prefab/Eff_Monster/Eff_W2_Yanqing_00/Eff_Monster_W2_Yanqing_00_Skill08_Minion_Weapon3_3_JNT.prefab",
        "Effects/Eff_Prefab/Eff_Monster/Eff_W2_Yanqing_00/Eff_Monster_W2_Yanqing_00_Skill08_Minion_Weapon3_4_JNT.prefab",
        "Effects/Eff_Prefab/Eff_Monster/Eff_W2_Yanqing_00/Eff_Monster_W2_Yanqing_00_Skill08_Minion_Weapon3_5_JNT.prefab",
        "Effects/Eff_Prefab/Eff_Monster/Eff_W2_Yanqing_00/Eff_Monster_W2_Yanqing_00_Skill08_Scene.prefab",
        "Effects/Eff_Prefab/Eff_Monster/Eff_W2_Yanqing_00/Eff_Monster_W2_Yanqing_00_Skill08_Scene_01.prefab",
        "Effects/Eff_Prefab/Eff_Monster/Eff_W2_Yanqing_00/Eff_Monster_W2_Yanqing_00_Skill08_Target_Attack.prefab",
        "Effects/Eff_Prefab/Eff_Monster/Eff_W2_Yanqing_00/Eff_Monster_W2_Yanqing_00_Skill08_Weapon_01.prefab",
        "Effects/Eff_Prefab/Eff_Monster/Eff_W2_Yanqing_00/Eff_Monster_W2_Yanqing_00_Skill08_Weapon_02.prefab",
        "Effects/Eff_Prefab/Eff_Monster/Eff_W2_Yanqing_00/Eff_Monster_W2_Yanqing_00_Skill08_Weapon_03.prefab",
        "Effects/Eff_Prefab/Eff_Monster/Eff_W2_Yanqing_00/Eff_Monster_W2_Yanqing_00_Skill08_Weapon_04.prefab",
        "Effects/Eff_Prefab/Eff_Monster/Eff_W2_Yanqing_00/Eff_Monster_W2_Yanqing_00_Skill08_Weapon_05.prefab",
        "Effects/Eff_Prefab/Eff_Monster/Eff_W2_Yanqing_00/Eff_Monster_W2_Yanqing_01_Skill01_Bullet.prefab",
        "Effects/Eff_Prefab/Eff_Monster/Eff_W2_Yanqing_00/Eff_Monster_W2_Yanqing_01_Skill01_End.prefab",
        "Effects/Eff_Prefab/Eff_Monster/Eff_W2_Yanqing_00/Eff_Monster_W2_Yanqing_01_Skill01_Hit.prefab",
        "Effects/Eff_Prefab/Eff_Monster/Eff_W2_Yanqing_00/Eff_Monster_W2_Yanqing_01_Skill01_Start01.prefab",
        "Effects/Eff_Prefab/Eff_Monster/Eff_W2_Yanqing_00/Eff_Monster_W2_Yanqing_01_Skill01_Start02.prefab",
        "Effects/Eff_Prefab/Eff_Monster/Eff_W2_Yanqing_00/Eff_Monster_W2_Yanqing_01_Skill01_Weapon.prefab"
      ]
    },
    "Die": {
      "EffectTypes": [
        "Die"
      ],
      "EffectInstanceList": [
        "Effects/Eff_Prefab/Eff_Monster/Eff_W2_Yanqing_00/Eff_Monster_W2_Yanqing_00_Common_Die.prefab",
        "Effects/Eff_Prefab/Eff_Monster/Eff_W2_Yanqing_00/Eff_Monster_W2_Yanqing_00_Common_Die_Weapon.prefab",
        "Effects/Eff_Prefab/Eff_Monster/Eff_W2_Yanqing_00/Eff_Monster_W2_Yanqing_01_Common_Die.prefab",
        "Effects/Eff_Prefab/Eff_Monster/Eff_W2_Yanqing_00/Eff_Monster_W2_Yanqing_01_Common_Die_Extra.prefab"
      ]
    },
    "Common": {
      "EffectTypes": [
        "Common"
      ],
      "EffectInstanceList": [
        "Effects/Eff_Prefab/Eff_Monster/Eff_W2_Yanqing_00/Eff_Monster_W2_Yanqing_00_Common_Break.prefab",
        "Effects/Eff_Prefab/Eff_Monster/Eff_W2_Yanqing_00/Eff_Monster_W2_Yanqing_00_Common_Die.prefab",
        "Effects/Eff_Prefab/Eff_Monster/Eff_W2_Yanqing_00/Eff_Monster_W2_Yanqing_00_Common_Die_Weapon.prefab",
        "Effects/Eff_Prefab/Eff_Monster/Eff_W2_Yanqing_00/Eff_Monster_W2_Yanqing_00_Common_Freeze.prefab",
        "Effects/Eff_Prefab/Eff_Monster/Eff_W2_Yanqing_00/Eff_Monster_W2_Yanqing_00_Common_Revive.prefab",
        "Effects/Eff_Prefab/Eff_Monster/Eff_W2_Yanqing_00/Eff_Monster_W2_Yanqing_00_Common_StandBy.prefab",
        "Effects/Eff_Prefab/Eff_Monster/Eff_W2_Yanqing_00/Eff_Monster_W2_Yanqing_00_Common_StandBy_Phase03.prefab",
        "Effects/Eff_Prefab/Eff_Monster/Eff_W2_Yanqing_00/Eff_Monster_W2_Yanqing_00_Common_StandBy_Phase03_IceFloor.prefab",
        "Effects/Eff_Prefab/Eff_Monster/Eff_W2_Yanqing_00/Eff_Monster_W2_Yanqing_00_Common_StandBy_Phase03_WeaponLoop.prefab",
        "Effects/Eff_Prefab/Eff_Monster/Eff_W2_Yanqing_00/Eff_Monster_W2_Yanqing_00_Common_Sword.prefab",
        "Effects/Eff_Prefab/Eff_Monster/Eff_W2_Yanqing_00/Eff_Monster_W2_Yanqing_00_Common_Sword_Maze.prefab",
        "Effects/Eff_Prefab/Eff_Monster/Eff_W2_Yanqing_00/Eff_Monster_W2_Yanqing_00_Common_Trail.prefab",
        "Effects/Eff_Prefab/Eff_Monster/Eff_W2_Yanqing_00/Eff_Monster_W2_Yanqing_01_Common_Appear.prefab",
        "Effects/Eff_Prefab/Eff_Monster/Eff_W2_Yanqing_00/Eff_Monster_W2_Yanqing_01_Common_Die.prefab",
        "Effects/Eff_Prefab/Eff_Monster/Eff_W2_Yanqing_00/Eff_Monster_W2_Yanqing_01_Common_Die_Extra.prefab",
        "Effects/Eff_Prefab/Eff_Monster/Eff_W2_Yanqing_00/Eff_Monster_W2_Yanqing_01_Common_StandBy.prefab",
        "Effects/Eff_Prefab/Eff_Monster/Eff_W2_Yanqing_00/Eff_Monster_W2_Yanqing_02_Common_Appear.prefab"
      ]
    }
  }
}