{
  "EffectAssetList": [],
  "EffectInstanceMap": {
    "MazeAttack": {
      "EffectTypes": [
        "MazeAttack"
      ],
      "EffectInstanceList": [
        "Effects/Eff_Prefab/Eff_Monster/Eff_W2_Abomi04_00/Eff_Monster_W2_Abomi04_00_MazeAttack_Attack.prefab",
        "Effects/Eff_Prefab/Eff_Monster/Eff_W2_Abomi04_00/Eff_Monster_W2_Abomi04_00_MazeAttack_Hit.prefab",
        "Effects/Eff_Prefab/Eff_Monster/Eff_W2_Abomi04_00/Eff_Monster_W2_Abomi04_00_MazeAttack_Start.prefab",
        "Effects/Eff_Prefab/Eff_Monster/Eff_W2_Abomi04_00/Eff_Monster_W2_Abomi04_00_MazeAttack_Weapon.prefab"
      ]
    },
    "Passive": {
      "EffectTypes": [
        "Passive"
      ],
      "EffectInstanceList": []
    },
    "Skill": {
      "EffectTypes": [
        "Skill"
      ],
      "EffectInstanceList": [
        "Effects/Eff_Prefab/Eff_Monster/Eff_W2_Abomi04_00/Eff_Monster_W2_Abomi04_00_Skill01_Attack.prefab",
        "Effects/Eff_Prefab/Eff_Monster/Eff_W2_Abomi04_00/Eff_Monster_W2_Abomi04_00_Skill01_Hit.prefab",
        "Effects/Eff_Prefab/Eff_Monster/Eff_W2_Abomi04_00/Eff_Monster_W2_Abomi04_00_Skill01_Smoke.prefab",
        "Effects/Eff_Prefab/Eff_Monster/Eff_W2_Abomi04_00/Eff_Monster_W2_Abomi04_00_Skill02_Bullet.prefab",
        "Effects/Eff_Prefab/Eff_Monster/Eff_W2_Abomi04_00/Eff_Monster_W2_Abomi04_00_Skill02_Hit_Character.prefab",
        "Effects/Eff_Prefab/Eff_Monster/Eff_W2_Abomi04_00/Eff_Monster_W2_Abomi04_00_Skill02_Hit_Weapon.prefab",
        "Effects/Eff_Prefab/Eff_Monster/Eff_W2_Abomi04_00/Eff_Monster_W2_Abomi04_00_Skill02_Spear_Appear.prefab",
        "Effects/Eff_Prefab/Eff_Monster/Eff_W2_Abomi04_00/Eff_Monster_W2_Abomi04_00_Skill02_Spear_BulletStart.prefab",
        "Effects/Eff_Prefab/Eff_Monster/Eff_W2_Abomi04_00/Eff_Monster_W2_Abomi04_00_Skill02_StartCamera.prefab",
        "Effects/Eff_Prefab/Eff_Monster/Eff_W2_Abomi04_00/Eff_Monster_W2_Abomi04_00_Skill02_StartCamera_02.prefab",
        "Effects/Eff_Prefab/Eff_Monster/Eff_W2_Abomi04_00/Eff_Monster_W2_Abomi04_00_Skill02_Start_Weapon.prefab",
        "Effects/Eff_Prefab/Eff_Monster/Eff_W2_Abomi04_00/Eff_Monster_W2_Abomi04_00_Skill03_Attack.prefab",
        "Effects/Eff_Prefab/Eff_Monster/Eff_W2_Abomi04_00/Eff_Monster_W2_Abomi04_00_Skill03_Hit.prefab",
        "Effects/Eff_Prefab/Eff_Monster/Eff_W2_Abomi04_00/Eff_Monster_W2_Abomi04_00_Skill03_Start.prefab",
        "Effects/Eff_Prefab/Eff_Monster/Eff_W2_Abomi04_00/Eff_Monster_W2_Abomi04_00_SkillP01_Halo_Disappear.prefab",
        "Effects/Eff_Prefab/Eff_Monster/Eff_W2_Abomi04_00/Eff_Monster_W2_Abomi04_00_SkillP01_Halo_Loop.prefab",
        "Effects/Eff_Prefab/Eff_Monster/Eff_W2_Abomi04_00/Eff_Monster_W2_Abomi04_00_SkillP01_Halo_Loop_02.prefab",
        "Effects/Eff_Prefab/Eff_Monster/Eff_W2_Abomi04_00/Eff_Monster_W2_Abomi04_00_SkillP01_Spear_Disappear.prefab",
        "Effects/Eff_Prefab/Eff_Monster/Eff_W2_Abomi04_00/Eff_Monster_W2_Abomi04_00_SkillP01_Spear_Loop.prefab",
        "Effects/Eff_Prefab/Eff_Monster/Eff_W2_Abomi04_00/Eff_Monster_W2_Abomi04_00_SkillP01_Spear_Loop_02.prefab"
      ]
    },
    "Die": {
      "EffectTypes": [
        "Die"
      ],
      "EffectInstanceList": [
        "Effects/Eff_Prefab/Eff_Monster/Eff_W2_Abomi04_00/Eff_Monster_W2_Abomi04_00_Common_Die.prefab"
      ]
    },
    "Common": {
      "EffectTypes": [
        "Common"
      ],
      "EffectInstanceList": [
        "Effects/Eff_Prefab/Eff_Monster/Eff_W2_Abomi04_00/Eff_Monster_W2_Abomi04_00_Common_Die.prefab"
      ]
    }
  }
}