{
  "EffectAssetList": [],
  "EffectInstanceMap": {
    "MazeAttack": {
      "EffectTypes": [
        "MazeAttack"
      ],
      "EffectInstanceList": []
    },
    "Passive": {
      "EffectTypes": [
        "Passive"
      ],
      "EffectInstanceList": []
    },
    "Skill": {
      "EffectTypes": [
        "Skill"
      ],
      "EffectInstanceList": [
        "Effects/Eff_Prefab/Eff_Monster/Eff_W1_Bronya_00/Eff_Monster_Bronya_00_Skill01_Hit01.prefab",
        "Effects/Eff_Prefab/Eff_Monster/Eff_W1_Bronya_00/Eff_Monster_Bronya_00_Skill01_Start01.prefab",
        "Effects/Eff_Prefab/Eff_Monster/Eff_W1_Bronya_00/Eff_Monster_Bronya_00_Skill02_Buff.prefab",
        "Effects/Eff_Prefab/Eff_Monster/Eff_W1_Bronya_00/Eff_Monster_Bronya_00_Skill02_Ready.prefab",
        "Effects/Eff_Prefab/Eff_Monster/Eff_W1_Bronya_00/Eff_Monster_Bronya_00_Skill02_ReadyOut.prefab",
        "Effects/Eff_Prefab/Eff_Monster/Eff_W1_Bronya_00/Eff_Monster_Bronya_00_Skill02_Start01.prefab",
        "Effects/Eff_Prefab/Eff_Monster/Eff_W1_Bronya_00/Eff_Monster_Bronya_00_Skill03_Disappear.prefab",
        "Effects/Eff_Prefab/Eff_Monster/Eff_W1_Bronya_00/Eff_Monster_Bronya_00_Skill03_Loop.prefab",
        "Effects/Eff_Prefab/Eff_Monster/Eff_W1_Bronya_00/Eff_Monster_Bronya_00_Skill04_Bullet.prefab",
        "Effects/Eff_Prefab/Eff_Monster/Eff_W1_Bronya_00/Eff_Monster_Bronya_00_Skill04_Hit01.prefab",
        "Effects/Eff_Prefab/Eff_Monster/Eff_W1_Bronya_00/Eff_Monster_Bronya_00_Skill04_Start01.prefab",
        "Effects/Eff_Prefab/Eff_Monster/Eff_W1_Bronya_00/Eff_Monster_Bronya_00_Skill04_Start02.prefab"
      ]
    },
    "Die": {
      "EffectTypes": [
        "Die"
      ],
      "EffectInstanceList": [
        "Effects/Eff_Prefab/Eff_Monster/Eff_W1_Bronya_00/Eff_Monster_W1_Bronya_Die.prefab"
      ]
    },
    "Common": {
      "EffectTypes": [
        "Common"
      ],
      "EffectInstanceList": []
    }
  }
}