{
  "EffectAssetList": [
    "Effects/Eff_Prefab/Eff_Monster/Eff_W2_Kafka_00/Eff_Monster_W2_Kafka_00_Appear.prefab",
    "Effects/Eff_Prefab/Eff_Monster/Eff_W2_Kafka_00/Eff_Monster_W2_Kafka_00_DeBuff_Hit.prefab",
    "Effects/Eff_Prefab/Eff_Monster/Eff_W2_Kafka_00/Eff_Monster_W2_Kafka_00_Phase03_Loop.prefab",
    "Effects/Eff_Prefab/Eff_Monster/Eff_W2_Kafka_00/Eff_Monster_W2_Kafka_00_Phase03_WeaponLoop.prefab",
    "Effects/Eff_Prefab/Eff_Monster/Eff_W2_Kafka_00/Eff_Monster_W2_Kafka_00_Phase03_WeaponLoop_Start.prefab"
  ],
  "EffectInstanceMap": {
    "MazeAttack": {
      "EffectTypes": [
        "MazeAttack"
      ],
      "EffectInstanceList": []
    },
    "Passive": {
      "EffectTypes": [
        "Passive"
      ],
      "EffectInstanceList": [
        "Effects/Eff_Prefab/Eff_Monster/Eff_W2_Kafka_00/Eff_Monster_W2_Kafka_00_Skill04_Passive_01.prefab",
        "Effects/Eff_Prefab/Eff_Monster/Eff_W2_Kafka_00/Eff_Monster_W2_Kafka_00_Skill04_Passive_02.prefab",
        "Effects/Eff_Prefab/Eff_Monster/Eff_W2_Kafka_00/Eff_Monster_W2_Kafka_00_Skill04_Passive_Hit.prefab",
        "Effects/Eff_Prefab/Eff_Monster/Eff_W2_Kafka_00/Eff_Monster_W2_Kafka_00_Skill06_Passive_01.prefab",
        "Effects/Eff_Prefab/Eff_Monster/Eff_W2_Kafka_00/Eff_Monster_W2_Kafka_00_Skill06_Passive_Hit.prefab"
      ]
    },
    "Skill": {
      "EffectTypes": [
        "Skill"
      ],
      "EffectInstanceList": [
        "Effects/Eff_Prefab/Eff_Monster/Eff_W2_Kafka_00/Eff_Monster_W2_Kafka_00_Skill01_01.prefab",
        "Effects/Eff_Prefab/Eff_Monster/Eff_W2_Kafka_00/Eff_Monster_W2_Kafka_00_Skill01_01_Hit.prefab",
        "Effects/Eff_Prefab/Eff_Monster/Eff_W2_Kafka_00/Eff_Monster_W2_Kafka_00_Skill01_02.prefab",
        "Effects/Eff_Prefab/Eff_Monster/Eff_W2_Kafka_00/Eff_Monster_W2_Kafka_00_Skill01_02_Hit.prefab",
        "Effects/Eff_Prefab/Eff_Monster/Eff_W2_Kafka_00/Eff_Monster_W2_Kafka_00_Skill02_01.prefab",
        "Effects/Eff_Prefab/Eff_Monster/Eff_W2_Kafka_00/Eff_Monster_W2_Kafka_00_Skill02_01_Hit.prefab",
        "Effects/Eff_Prefab/Eff_Monster/Eff_W2_Kafka_00/Eff_Monster_W2_Kafka_00_Skill02_02.prefab",
        "Effects/Eff_Prefab/Eff_Monster/Eff_W2_Kafka_00/Eff_Monster_W2_Kafka_00_Skill02_02_Hit.prefab",
        "Effects/Eff_Prefab/Eff_Monster/Eff_W2_Kafka_00/Eff_Monster_W2_Kafka_00_Skill02_03.prefab",
        "Effects/Eff_Prefab/Eff_Monster/Eff_W2_Kafka_00/Eff_Monster_W2_Kafka_00_Skill02_03_Hit.prefab",
        "Effects/Eff_Prefab/Eff_Monster/Eff_W2_Kafka_00/Eff_Monster_W2_Kafka_00_Skill02_03_Hit_02.prefab",
        "Effects/Eff_Prefab/Eff_Monster/Eff_W2_Kafka_00/Eff_Monster_W2_Kafka_00_Skill02_Camera.prefab",
        "Effects/Eff_Prefab/Eff_Monster/Eff_W2_Kafka_00/Eff_Monster_W2_Kafka_00_Skill02_Dash.prefab",
        "Effects/Eff_Prefab/Eff_Monster/Eff_W2_Kafka_00/Eff_Monster_W2_Kafka_00_Skill02_Weapon.prefab",
        "Effects/Eff_Prefab/Eff_Monster/Eff_W2_Kafka_00/Eff_Monster_W2_Kafka_00_Skill03_Bomb.prefab",
        "Effects/Eff_Prefab/Eff_Monster/Eff_W2_Kafka_00/Eff_Monster_W2_Kafka_00_Skill03_Grenade.prefab",
        "Effects/Eff_Prefab/Eff_Monster/Eff_W2_Kafka_00/Eff_Monster_W2_Kafka_00_Skill03_Grenade_Light.prefab",
        "Effects/Eff_Prefab/Eff_Monster/Eff_W2_Kafka_00/Eff_Monster_W2_Kafka_00_Skill03_Grenade_Smoke.prefab",
        "Effects/Eff_Prefab/Eff_Monster/Eff_W2_Kafka_00/Eff_Monster_W2_Kafka_00_Skill03_Hit01.prefab",
        "Effects/Eff_Prefab/Eff_Monster/Eff_W2_Kafka_00/Eff_Monster_W2_Kafka_00_Skill03_Hit03.prefab",
        "Effects/Eff_Prefab/Eff_Monster/Eff_W2_Kafka_00/Eff_Monster_W2_Kafka_00_Skill03_Stars.prefab",
        "Effects/Eff_Prefab/Eff_Monster/Eff_W2_Kafka_00/Eff_Monster_W2_Kafka_00_Skill04_Hit.prefab",
        "Effects/Eff_Prefab/Eff_Monster/Eff_W2_Kafka_00/Eff_Monster_W2_Kafka_00_Skill04_Hit_02.prefab",
        "Effects/Eff_Prefab/Eff_Monster/Eff_W2_Kafka_00/Eff_Monster_W2_Kafka_00_Skill04_Hit_03.prefab",
        "Effects/Eff_Prefab/Eff_Monster/Eff_W2_Kafka_00/Eff_Monster_W2_Kafka_00_Skill04_Hit_04.prefab",
        "Effects/Eff_Prefab/Eff_Monster/Eff_W2_Kafka_00/Eff_Monster_W2_Kafka_00_Skill04_Passive_01.prefab",
        "Effects/Eff_Prefab/Eff_Monster/Eff_W2_Kafka_00/Eff_Monster_W2_Kafka_00_Skill04_Passive_02.prefab",
        "Effects/Eff_Prefab/Eff_Monster/Eff_W2_Kafka_00/Eff_Monster_W2_Kafka_00_Skill04_Passive_Hit.prefab",
        "Effects/Eff_Prefab/Eff_Monster/Eff_W2_Kafka_00/Eff_Monster_W2_Kafka_00_Skill04_WeaponEnd.prefab",
        "Effects/Eff_Prefab/Eff_Monster/Eff_W2_Kafka_00/Eff_Monster_W2_Kafka_00_Skill04_WeaponEnd02.prefab",
        "Effects/Eff_Prefab/Eff_Monster/Eff_W2_Kafka_00/Eff_Monster_W2_Kafka_00_Skill04_WeaponEnd03.prefab",
        "Effects/Eff_Prefab/Eff_Monster/Eff_W2_Kafka_00/Eff_Monster_W2_Kafka_00_Skill04_WeaponStart.prefab",
        "Effects/Eff_Prefab/Eff_Monster/Eff_W2_Kafka_00/Eff_Monster_W2_Kafka_00_Skill05_Buff.prefab",
        "Effects/Eff_Prefab/Eff_Monster/Eff_W2_Kafka_00/Eff_Monster_W2_Kafka_00_Skill05_Camera.prefab",
        "Effects/Eff_Prefab/Eff_Monster/Eff_W2_Kafka_00/Eff_Monster_W2_Kafka_00_Skill05_Faceblack.prefab",
        "Effects/Eff_Prefab/Eff_Monster/Eff_W2_Kafka_00/Eff_Monster_W2_Kafka_00_Skill05_IndexFinger1_R.prefab",
        "Effects/Eff_Prefab/Eff_Monster/Eff_W2_Kafka_00/Eff_Monster_W2_Kafka_00_Skill05_IndexFinger1_R_Ring.prefab",
        "Effects/Eff_Prefab/Eff_Monster/Eff_W2_Kafka_00/Eff_Monster_W2_Kafka_00_Skill05_RingFinger1_R.prefab",
        "Effects/Eff_Prefab/Eff_Monster/Eff_W2_Kafka_00/Eff_Monster_W2_Kafka_00_Skill05_RingFinger1_R_Ring.prefab",
        "Effects/Eff_Prefab/Eff_Monster/Eff_W2_Kafka_00/Eff_Monster_W2_Kafka_00_Skill05_Start01.prefab",
        "Effects/Eff_Prefab/Eff_Monster/Eff_W2_Kafka_00/Eff_Monster_W2_Kafka_00_Skill05_Start02.prefab",
        "Effects/Eff_Prefab/Eff_Monster/Eff_W2_Kafka_00/Eff_Monster_W2_Kafka_00_Skill05_Start03.prefab",
        "Effects/Eff_Prefab/Eff_Monster/Eff_W2_Kafka_00/Eff_Monster_W2_Kafka_00_Skill05_ThumbFinger2_R.prefab",
        "Effects/Eff_Prefab/Eff_Monster/Eff_W2_Kafka_00/Eff_Monster_W2_Kafka_00_Skill05_ThumbFinger2_R_Ring.prefab",
        "Effects/Eff_Prefab/Eff_Monster/Eff_W2_Kafka_00/Eff_Monster_W2_Kafka_00_Skill06_Passive_01.prefab",
        "Effects/Eff_Prefab/Eff_Monster/Eff_W2_Kafka_00/Eff_Monster_W2_Kafka_00_Skill06_Passive_Hit.prefab",
        "Effects/Eff_Prefab/Eff_Monster/Eff_W2_Kafka_00/Eff_Monster_W2_Kafka_00_Skill07_Camera.prefab",
        "Effects/Eff_Prefab/Eff_Monster/Eff_W2_Kafka_00/Eff_Monster_W2_Kafka_00_Skill07_Face.prefab",
        "Effects/Eff_Prefab/Eff_Monster/Eff_W2_Kafka_00/Eff_Monster_W2_Kafka_00_Skill07_Start01.prefab",
        "Effects/Eff_Prefab/Eff_Monster/Eff_W2_Kafka_00/Eff_Monster_W2_Kafka_00_Skill07_Start02.prefab",
        "Effects/Eff_Prefab/Eff_Monster/Eff_W2_Kafka_00/Eff_Monster_W2_Kafka_00_Skill07_Start03.prefab",
        "Effects/Eff_Prefab/Eff_Monster/Eff_W2_Kafka_00/Eff_Monster_W2_Kafka_00_Skill07_WeaponStart.prefab"
      ]
    },
    "Die": {
      "EffectTypes": [
        "Die"
      ],
      "EffectInstanceList": [
        "Effects/Eff_Prefab/Eff_Monster/Eff_W2_Kafka_00/Eff_Monster_W2_Kafka_00_Die.prefab"
      ]
    },
    "Common": {
      "EffectTypes": [
        "Common"
      ],
      "EffectInstanceList": []
    }
  }
}