{
  "EffectAssetList": [
    "Effects/Eff_Prefab/Eff_Monster/Eff_W1_Mecha01_00/Eff_Monster_W1_Mecha01_00_Born.prefab",
    "Effects/Eff_Prefab/Eff_Monster/Eff_W1_Mecha01_00/Eff_Monster_W1_Mecha01_00_WhiteBox_Hit_01.prefab",
    "Effects/Eff_Prefab/Eff_Monster/Eff_W1_Mecha01_00/Eff_Monster_W1_Mecha01_00_WhiteBox_Hit_02.prefab",
    "Effects/Eff_Prefab/Eff_Monster/Eff_W1_Mecha01_00/Eff_Monster_W1_Mecha01_00_WhiteBox_Loop_01.prefab",
    "Effects/Eff_Prefab/Eff_Monster/Eff_W1_Mecha01_00/Eff_Monster_W1_Mecha01_00_WhiteBox_Loop_02.prefab"
  ],
  "EffectInstanceMap": {
    "MazeAttack": {
      "EffectTypes": [
        "MazeAttack"
      ],
      "EffectInstanceList": []
    },
    "Passive": {
      "EffectTypes": [
        "Passive"
      ],
      "EffectInstanceList": []
    },
    "Skill": {
      "EffectTypes": [
        "Skill"
      ],
      "EffectInstanceList": [
        "Effects/Eff_Prefab/Eff_Monster/Eff_W1_Mecha01_00/Eff_Monster_W1_Mecha01_00_Skill01_Attack.prefab",
        "Effects/Eff_Prefab/Eff_Monster/Eff_W1_Mecha01_00/Eff_Monster_W1_Mecha01_00_Skill01_Start.prefab",
        "Effects/Eff_Prefab/Eff_Monster/Eff_W1_Mecha01_00/Eff_Monster_W1_Mecha01_00_Skill02_Charge.prefab",
        "Effects/Eff_Prefab/Eff_Monster/Eff_W1_Mecha01_00/Eff_Monster_W1_Mecha01_00_Skill03_Explode.prefab",
        "Effects/Eff_Prefab/Eff_Monster/Eff_W1_Mecha01_00/Eff_Monster_W1_Mecha01_00_Skill03_Hint.prefab",
        "Effects/Eff_Prefab/Eff_Monster/Eff_W1_Mecha01_00/Eff_Monster_W1_Mecha01_00_Skill03_Hit.prefab",
        "Effects/Eff_Prefab/Eff_Monster/Eff_W1_Mecha01_00/Eff_Monster_W1_Mecha01_00_Skill03_Start01.prefab",
        "Effects/Eff_Prefab/Eff_Monster/Eff_W1_Mecha01_00/Eff_Monster_W1_Mecha01_00_Skill03_Start02.prefab"
      ]
    },
    "Die": {
      "EffectTypes": [
        "Die"
      ],
      "EffectInstanceList": []
    },
    "Common": {
      "EffectTypes": [
        "Common"
      ],
      "EffectInstanceList": []
    }
  }
}