{
  "EffectAssetList": [
    "Effects/Eff_Prefab/Eff_Monster/Eff_AetherDivide_W2_Mecha01_00/Eff_AetherDivide_W2_Mecha01_00_Buff.prefab",
    "Effects/Eff_Prefab/Eff_Monster/Eff_AetherDivide_W2_Mecha01_00/Eff_AetherDivide_W2_Mecha01_00_Buff01.prefab",
    "Effects/Eff_Prefab/Eff_Monster/Eff_AetherDivide_W2_Mecha01_00/Eff_AetherDivide_W2_Mecha01_00_Buff02.prefab",
    "Effects/Eff_Prefab/Eff_Monster/Eff_AetherDivide_W2_Mecha01_00/Eff_AetherDivide_W2_Mecha01_00_Buff03.prefab",
    "Effects/Eff_Prefab/Eff_Monster/Eff_AetherDivide_W2_Mecha01_00/Eff_AetherDivide_W2_Mecha01_00_Line.prefab",
    "Effects/Eff_Prefab/Eff_Monster/Eff_AetherDivide_W2_Mecha01_00/Eff_AetherDivide_W2_Mecha01_00_Ready.prefab",
    "Effects/Eff_Prefab/Eff_Monster/Eff_AetherDivide_W2_Mecha01_00/Eff_AetherDivide_W2_Mecha01_00_Ready1.prefab",
    "Effects/Eff_Prefab/Eff_Monster/Eff_AetherDivide_W2_Mecha01_00/Eff_AetherDivide_W2_Mecha01_00_skill01_Hit.prefab"
  ],
  "EffectInstanceMap": {
    "MazeAttack": {
      "EffectTypes": [
        "MazeAttack"
      ],
      "EffectInstanceList": [
        "Effects/Eff_Prefab/Eff_Monster/Eff_AetherDivide_W2_Mecha01_00/Eff_AetherDivide_W2_Mecha01_00_MazeAttack_01.prefab"
      ]
    },
    "Passive": {
      "EffectTypes": [
        "Passive"
      ],
      "EffectInstanceList": []
    },
    "Skill": {
      "EffectTypes": [
        "Skill"
      ],
      "EffectInstanceList": [
        "Effects/Eff_Prefab/Eff_Monster/Eff_AetherDivide_W2_Mecha01_00/Eff_AetherDivide_W2_Mecha01_00_Skill01_Attack.prefab"
      ]
    },
    "Die": {
      "EffectTypes": [
        "Die"
      ],
      "EffectInstanceList": []
    },
    "Common": {
      "EffectTypes": [
        "Common"
      ],
      "EffectInstanceList": []
    }
  }
}