{
  "EffectAssetList": [],
  "EffectInstanceMap": {
    "MazeAttack": {
      "EffectTypes": [
        "MazeAttack"
      ],
      "EffectInstanceList": [
        "Effects/Eff_Prefab/Eff_Monster/Eff_W1_Mecha04_01/Eff_Monster_W1_Mecha04_01_MazeAttack_Attack.prefab"
      ]
    },
    "Passive": {
      "EffectTypes": [
        "Passive"
      ],
      "EffectInstanceList": []
    },
    "Skill": {
      "EffectTypes": [
        "Skill"
      ],
      "EffectInstanceList": [
        "Effects/Eff_Prefab/Eff_Monster/Eff_W1_Mecha04_01/Eff_Monster_W1_Mecha04_01_Skill01_01.prefab",
        "Effects/Eff_Prefab/Eff_Monster/Eff_W1_Mecha04_01/Eff_Monster_W1_Mecha04_01_Skill01_01_Fire.prefab",
        "Effects/Eff_Prefab/Eff_Monster/Eff_W1_Mecha04_01/Eff_Monster_W1_Mecha04_01_Skill01_01_Smoke.prefab",
        "Effects/Eff_Prefab/Eff_Monster/Eff_W1_Mecha04_01/Eff_Monster_W1_Mecha04_01_Skill01_01_Weapon.prefab",
        "Effects/Eff_Prefab/Eff_Monster/Eff_W1_Mecha04_01/Eff_Monster_W1_Mecha04_01_Skill01_Hit01.prefab",
        "Effects/Eff_Prefab/Eff_Monster/Eff_W1_Mecha04_01/Eff_Monster_W1_Mecha04_01_Skill03_01.prefab",
        "Effects/Eff_Prefab/Eff_Monster/Eff_W1_Mecha04_01/Eff_Monster_W1_Mecha04_01_Skill03_02.prefab",
        "Effects/Eff_Prefab/Eff_Monster/Eff_W1_Mecha04_01/Eff_Monster_W1_Mecha04_01_Skill03_Chest_M.prefab",
        "Effects/Eff_Prefab/Eff_Monster/Eff_W1_Mecha04_01/Eff_Monster_W1_Mecha04_01_Skill03_Chest_M_End.prefab",
        "Effects/Eff_Prefab/Eff_Monster/Eff_W1_Mecha04_01/Eff_Monster_W1_Mecha04_01_Skill03_Head_M.prefab",
        "Effects/Eff_Prefab/Eff_Monster/Eff_W1_Mecha04_01/Eff_Monster_W1_Mecha04_01_Skill03_Head_M_End.prefab",
        "Effects/Eff_Prefab/Eff_Monster/Eff_W1_Mecha04_01/Eff_Monster_W1_Mecha04_01_Skill03_Knee_L.prefab",
        "Effects/Eff_Prefab/Eff_Monster/Eff_W1_Mecha04_01/Eff_Monster_W1_Mecha04_01_Skill03_Knee_L_End.prefab",
        "Effects/Eff_Prefab/Eff_Monster/Eff_W1_Mecha04_01/Eff_Monster_W1_Mecha04_01_Skill03_Knee_R.prefab",
        "Effects/Eff_Prefab/Eff_Monster/Eff_W1_Mecha04_01/Eff_Monster_W1_Mecha04_01_Skill03_Knee_R_End.prefab",
        "Effects/Eff_Prefab/Eff_Monster/Eff_W1_Mecha04_01/Eff_Monster_W1_Mecha04_01_Skill03_Weapon_02.prefab",
        "Effects/Eff_Prefab/Eff_Monster/Eff_W1_Mecha04_01/Eff_Monster_W1_Mecha04_01_Skill03_Weapon_02_End.prefab",
        "Effects/Eff_Prefab/Eff_Monster/Eff_W1_Mecha04_01/Eff_Monster_W1_Mecha04_01_Skill03_Weapon_02_Loop.prefab",
        "Effects/Eff_Prefab/Eff_Monster/Eff_W1_Mecha04_01/Eff_Monster_W1_Mecha04_01_Skill04_01.prefab",
        "Effects/Eff_Prefab/Eff_Monster/Eff_W1_Mecha04_01/Eff_Monster_W1_Mecha04_01_Skill04_01_EX.prefab",
        "Effects/Eff_Prefab/Eff_Monster/Eff_W1_Mecha04_01/Eff_Monster_W1_Mecha04_01_Skill04_01_Smoke.prefab",
        "Effects/Eff_Prefab/Eff_Monster/Eff_W1_Mecha04_01/Eff_Monster_W1_Mecha04_01_Skill04_01_Smoke_2.prefab",
        "Effects/Eff_Prefab/Eff_Monster/Eff_W1_Mecha04_01/Eff_Monster_W1_Mecha04_01_Skill04_02.prefab",
        "Effects/Eff_Prefab/Eff_Monster/Eff_W1_Mecha04_01/Eff_Monster_W1_Mecha04_01_Skill04_02_EX.prefab",
        "Effects/Eff_Prefab/Eff_Monster/Eff_W1_Mecha04_01/Eff_Monster_W1_Mecha04_01_Skill04_02_EX_Ground.prefab",
        "Effects/Eff_Prefab/Eff_Monster/Eff_W1_Mecha04_01/Eff_Monster_W1_Mecha04_01_Skill04_02_Ground.prefab",
        "Effects/Eff_Prefab/Eff_Monster/Eff_W1_Mecha04_01/Eff_Monster_W1_Mecha04_01_Skill04_EX_Head_M.prefab",
        "Effects/Eff_Prefab/Eff_Monster/Eff_W1_Mecha04_01/Eff_Monster_W1_Mecha04_01_Skill04_EX_Weapon.prefab",
        "Effects/Eff_Prefab/Eff_Monster/Eff_W1_Mecha04_01/Eff_Monster_W1_Mecha04_01_Skill04_Hit01.prefab",
        "Effects/Eff_Prefab/Eff_Monster/Eff_W1_Mecha04_01/Eff_Monster_W1_Mecha04_01_Skill08_Head_M.prefab",
        "Effects/Eff_Prefab/Eff_Monster/Eff_W1_Mecha04_01/Eff_Monster_W1_Mecha04_01_Skill09_Hit01.prefab",
        "Effects/Eff_Prefab/Eff_Monster/Eff_W1_Mecha04_01/Eff_Monster_W1_Mecha04_01_Skill09_Hit02.prefab",
        "Effects/Eff_Prefab/Eff_Monster/Eff_W1_Mecha04_01/Eff_Monster_W1_Mecha04_01_Skill09_Hit03.prefab",
        "Effects/Eff_Prefab/Eff_Monster/Eff_W1_Mecha04_01/Eff_Monster_W1_Mecha04_01_Skill09_Hit04.prefab"
      ]
    },
    "Die": {
      "EffectTypes": [
        "Die"
      ],
      "EffectInstanceList": []
    },
    "Common": {
      "EffectTypes": [
        "Common"
      ],
      "EffectInstanceList": [
        "Effects/Eff_Prefab/Eff_Monster/Eff_W1_Mecha04_01/Eff_Monster_W1_Mecha04_01_Common_Appear.prefab",
        "Effects/Eff_Prefab/Eff_Monster/Eff_W1_Mecha04_01/Eff_Monster_W1_Mecha04_01_Common_Appear_Fire.prefab"
      ]
    }
  }
}