{
  "EffectAssetList": [],
  "EffectInstanceMap": {
    "MazeAttack": {
      "EffectTypes": [
        "MazeAttack"
      ],
      "EffectInstanceList": []
    },
    "Passive": {
      "EffectTypes": [
        "Passive"
      ],
      "EffectInstanceList": []
    },
    "Skill": {
      "EffectTypes": [
        "Skill"
      ],
      "EffectInstanceList": [
        "Effects/Eff_Prefab/Eff_Monster/Eff_W1_Mecha02_00/Eff_Monster_W1_Mecha02_00_Skill01_Charge.prefab",
        "Effects/Eff_Prefab/Eff_Monster/Eff_W1_Mecha02_00/Eff_Monster_W1_Mecha02_00_Skill01_Fire.prefab",
        "Effects/Eff_Prefab/Eff_Monster/Eff_W1_Mecha02_00/Eff_Monster_W1_Mecha02_00_Skill01_Hit.prefab",
        "Effects/Eff_Prefab/Eff_Monster/Eff_W1_Mecha02_00/Eff_Monster_W1_Mecha02_00_Skill05_Charge_Heal.prefab",
        "Effects/Eff_Prefab/Eff_Monster/Eff_W1_Mecha02_00/Eff_Monster_W1_Mecha02_00_Skill05_Fire_Heal.prefab",
        "Effects/Eff_Prefab/Eff_Monster/Eff_W1_Mecha02_00/Eff_Monster_W1_Mecha02_00_Skill05_Hit_Heal.prefab"
      ]
    },
    "Die": {
      "EffectTypes": [
        "Die"
      ],
      "EffectInstanceList": [
        "Effects/Eff_Prefab/Eff_Monster/Eff_W1_Mecha02_00/Eff_Monster_W1_Mecha02_00_Die_Explosion.prefab",
        "Effects/Eff_Prefab/Eff_Monster/Eff_W1_Mecha02_00/Eff_Monster_W1_Mecha02_00_Die_Explosion_02.prefab"
      ]
    },
    "Common": {
      "EffectTypes": [
        "Common"
      ],
      "EffectInstanceList": []
    }
  }
}