{
  "EffectAssetList": [],
  "EffectInstanceMap": {
    "MazeAttack": {
      "EffectTypes": [
        "MazeAttack"
      ],
      "EffectInstanceList": [
        "Effects/Eff_Prefab/Eff_Monster/Eff_W1_Soldier02_00/Eff_W1_Soldier02_00_MazeAttack_Bullet.prefab",
        "Effects/Eff_Prefab/Eff_Monster/Eff_W1_Soldier02_00/Eff_W1_Soldier02_00_MazeAttack_Bullet_Hit.prefab",
        "Effects/Eff_Prefab/Eff_Monster/Eff_W1_Soldier02_00/Eff_W1_Soldier02_00_MazeAttack_Hit.prefab"
      ]
    },
    "Passive": {
      "EffectTypes": [
        "Passive"
      ],
      "EffectInstanceList": []
    },
    "Skill": {
      "EffectTypes": [
        "Skill"
      ],
      "EffectInstanceList": [
        "Effects/Eff_Prefab/Eff_Monster/Eff_W1_Soldier02_00/Eff_W1_Soldier02_00_Skill01_Bullet.prefab",
        "Effects/Eff_Prefab/Eff_Monster/Eff_W1_Soldier02_00/Eff_W1_Soldier02_00_Skill01_Fire.prefab",
        "Effects/Eff_Prefab/Eff_Monster/Eff_W1_Soldier02_00/Eff_W1_Soldier02_00_Skill01_Hit.prefab",
        "Effects/Eff_Prefab/Eff_Monster/Eff_W1_Soldier02_00/Eff_W1_Soldier02_00_Skill02_Bullet.prefab",
        "Effects/Eff_Prefab/Eff_Monster/Eff_W1_Soldier02_00/Eff_W1_Soldier02_00_Skill02_Charge.prefab",
        "Effects/Eff_Prefab/Eff_Monster/Eff_W1_Soldier02_00/Eff_W1_Soldier02_00_Skill02_Fire.prefab",
        "Effects/Eff_Prefab/Eff_Monster/Eff_W1_Soldier02_00/Eff_W1_Soldier02_00_Skill02_Hit.prefab"
      ]
    },
    "Die": {
      "EffectTypes": [
        "Die"
      ],
      "EffectInstanceList": []
    },
    "Common": {
      "EffectTypes": [
        "Common"
      ],
      "EffectInstanceList": []
    }
  }
}