{
  "EffectAssetList": [],
  "EffectInstanceMap": {
    "MazeAttack": {
      "EffectTypes": [
        "MazeAttack"
      ],
      "EffectInstanceList": [
        "Effects/Eff_Prefab/Eff_Monster/Eff_W2_Abomi01_00/Eff_Monster_W2_Abomi01_00_MazeAttack_Skill01Attack.prefab",
        "Effects/Eff_Prefab/Eff_Monster/Eff_W2_Abomi01_00/Eff_Monster_W2_Abomi01_00_MazeAttack_Skill01Hit.prefab",
        "Effects/Eff_Prefab/Eff_Monster/Eff_W2_Abomi01_00/Eff_Monster_W2_Abomi01_00_MazeAttack_Weapon.prefab",
        "Effects/Eff_Prefab/Eff_Monster/Eff_W2_Abomi01_00/Eff_Monster_W2_Abomi01_00_MazeAttack_Weapon_01.prefab"
      ]
    },
    "Passive": {
      "EffectTypes": [
        "Passive"
      ],
      "EffectInstanceList": [
        "Effects/Eff_Prefab/Eff_Monster/Eff_W2_Abomi01_00/Eff_Monster_W2_Abomi01_00_Passive_buff.prefab",
        "Effects/Eff_Prefab/Eff_Monster/Eff_W2_Abomi01_00/Eff_Monster_W2_Abomi01_00_Passive_buffBody.prefab",
        "Effects/Eff_Prefab/Eff_Monster/Eff_W2_Abomi01_00/Eff_Monster_W2_Abomi01_00_Passive_buffMove.prefab",
        "Effects/Eff_Prefab/Eff_Monster/Eff_W2_Abomi01_00/Eff_Monster_W2_Abomi01_00_Passive_MazeBuff.prefab"
      ]
    },
    "Skill": {
      "EffectTypes": [
        "Skill"
      ],
      "EffectInstanceList": [
        "Effects/Eff_Prefab/Eff_Monster/Eff_W2_Abomi01_00/Eff_Monster_W2_Abomi01_00_MazeAttack_Skill01Attack.prefab",
        "Effects/Eff_Prefab/Eff_Monster/Eff_W2_Abomi01_00/Eff_Monster_W2_Abomi01_00_MazeAttack_Skill01Hit.prefab",
        "Effects/Eff_Prefab/Eff_Monster/Eff_W2_Abomi01_00/Eff_Monster_W2_Abomi01_00_Skill01_Attack01.prefab",
        "Effects/Eff_Prefab/Eff_Monster/Eff_W2_Abomi01_00/Eff_Monster_W2_Abomi01_00_Skill01_Attack01_01.prefab",
        "Effects/Eff_Prefab/Eff_Monster/Eff_W2_Abomi01_00/Eff_Monster_W2_Abomi01_00_Skill01_Attack02.prefab",
        "Effects/Eff_Prefab/Eff_Monster/Eff_W2_Abomi01_00/Eff_Monster_W2_Abomi01_00_Skill01_Attack02_01.prefab",
        "Effects/Eff_Prefab/Eff_Monster/Eff_W2_Abomi01_00/Eff_Monster_W2_Abomi01_00_Skill01_Attack03.prefab",
        "Effects/Eff_Prefab/Eff_Monster/Eff_W2_Abomi01_00/Eff_Monster_W2_Abomi01_00_Skill01_Attack03_01.prefab",
        "Effects/Eff_Prefab/Eff_Monster/Eff_W2_Abomi01_00/Eff_Monster_W2_Abomi01_00_Skill01_Die.prefab",
        "Effects/Eff_Prefab/Eff_Monster/Eff_W2_Abomi01_00/Eff_Monster_W2_Abomi01_00_Skill01_Hit.prefab",
        "Effects/Eff_Prefab/Eff_Monster/Eff_W2_Abomi01_00/Eff_Monster_W2_Abomi01_00_Skill01_Hit_01.prefab",
        "Effects/Eff_Prefab/Eff_Monster/Eff_W2_Abomi01_00/Eff_Monster_W2_Abomi01_00_Skill01_Hit_02.prefab",
        "Effects/Eff_Prefab/Eff_Monster/Eff_W2_Abomi01_00/Eff_Monster_W2_Abomi01_00_Skill01_Hit_02_01.prefab",
        "Effects/Eff_Prefab/Eff_Monster/Eff_W2_Abomi01_00/Eff_Monster_W2_Abomi01_00_Skill01_Weapon.prefab",
        "Effects/Eff_Prefab/Eff_Monster/Eff_W2_Abomi01_00/Eff_Monster_W2_Abomi01_00_Skill01_Weapon_01.prefab",
        "Effects/Eff_Prefab/Eff_Monster/Eff_W2_Abomi01_00/Eff_Monster_W2_Abomi01_00_Skill02.prefab",
        "Effects/Eff_Prefab/Eff_Monster/Eff_W2_Abomi01_00/Eff_Monster_W2_Abomi01_00_Skill02_01.prefab",
        "Effects/Eff_Prefab/Eff_Monster/Eff_W2_Abomi01_00/Eff_Monster_W2_Abomi01_00_Skill02_02.prefab",
        "Effects/Eff_Prefab/Eff_Monster/Eff_W2_Abomi01_00/Eff_Monster_W2_Abomi01_00_Skill02_03.prefab",
        "Effects/Eff_Prefab/Eff_Monster/Eff_W2_Abomi01_00/Eff_Monster_W2_Abomi01_00_Skill02_Die.prefab",
        "Effects/Eff_Prefab/Eff_Monster/Eff_W2_Abomi01_00/Eff_Monster_W2_Abomi01_00_Skill02_DieFly.prefab",
        "Effects/Eff_Prefab/Eff_Monster/Eff_W2_Abomi01_00/Eff_Monster_W2_Abomi01_00_Skill02_DieFly_01.prefab",
        "Effects/Eff_Prefab/Eff_Monster/Eff_W2_Abomi01_00/Eff_Monster_W2_Abomi01_00_Skill02_DieFly_02.prefab",
        "Effects/Eff_Prefab/Eff_Monster/Eff_W2_Abomi01_00/Eff_Monster_W2_Abomi01_00_Skill02_DieFly_03.prefab",
        "Effects/Eff_Prefab/Eff_Monster/Eff_W2_Abomi01_00/Eff_Monster_W2_Abomi01_00_Skill02_DieFly_04.prefab"
      ]
    },
    "Die": {
      "EffectTypes": [
        "Die"
      ],
      "EffectInstanceList": [
        "Effects/Eff_Prefab/Eff_Monster/Eff_W2_Abomi01_00/Eff_Monster_W2_Abomi01_00_DieFly.prefab",
        "Effects/Eff_Prefab/Eff_Monster/Eff_W2_Abomi01_00/Eff_Monster_W2_Abomi01_00_Skill01_Die.prefab",
        "Effects/Eff_Prefab/Eff_Monster/Eff_W2_Abomi01_00/Eff_Monster_W2_Abomi01_00_Skill02_Die.prefab",
        "Effects/Eff_Prefab/Eff_Monster/Eff_W2_Abomi01_00/Eff_Monster_W2_Abomi01_00_Skill02_DieFly.prefab",
        "Effects/Eff_Prefab/Eff_Monster/Eff_W2_Abomi01_00/Eff_Monster_W2_Abomi01_00_Skill02_DieFly_01.prefab",
        "Effects/Eff_Prefab/Eff_Monster/Eff_W2_Abomi01_00/Eff_Monster_W2_Abomi01_00_Skill02_DieFly_02.prefab",
        "Effects/Eff_Prefab/Eff_Monster/Eff_W2_Abomi01_00/Eff_Monster_W2_Abomi01_00_Skill02_DieFly_03.prefab",
        "Effects/Eff_Prefab/Eff_Monster/Eff_W2_Abomi01_00/Eff_Monster_W2_Abomi01_00_Skill02_DieFly_04.prefab"
      ]
    },
    "Common": {
      "EffectTypes": [
        "Common"
      ],
      "EffectInstanceList": []
    }
  }
}