{
  "EffectAssetList": [
    "Effects/Eff_Prefab/Eff_Monster/Eff_W2_HuanlongPart_01/Eff_Monster_W2_HuanlongPart_01_Ani_Appear_01.prefab",
    "Effects/Eff_Prefab/Eff_Monster/Eff_W2_HuanlongPart_01/Eff_Monster_W2_HuanlongPart_01_Boom_01.prefab",
    "Effects/Eff_Prefab/Eff_Monster/Eff_W2_HuanlongPart_01/Eff_Monster_W2_HuanlongPart_01_Boom_03.prefab",
    "Effects/Eff_Prefab/Eff_Monster/Eff_W2_HuanlongPart_01/Eff_Monster_W2_HuanlongPart_01_Break_Loop.prefab",
    "Effects/Eff_Prefab/Eff_Monster/Eff_W2_HuanlongPart_01/Eff_Monster_W2_HuanlongPart_01_StandBy_Loop.prefab",
    "Effects/Eff_Prefab/Eff_Monster/Eff_W2_HuanlongPart_01/Eff_Monster_W2_HuanlongPart_01_StandBy_Loop_02.prefab",
    "Effects/Eff_Prefab/Eff_Monster/Eff_W2_HuanlongPart_01/Eff_Monster_W2_HuanlongPart_02_StandBy_Loop.prefab",
    "Effects/Eff_Prefab/Eff_Monster/Eff_W2_HuanlongPart_01/Eff_Monster_W2_HuanlongPart_03_Ani_Appear_01.prefab",
    "Effects/Eff_Prefab/Eff_Monster/Eff_W2_HuanlongPart_01/Eff_Monster_W2_HuanlongPart_03_StandBy_Loop.prefab"
  ],
  "EffectInstanceMap": {
    "MazeAttack": {
      "EffectTypes": [
        "MazeAttack"
      ],
      "EffectInstanceList": []
    },
    "Passive": {
      "EffectTypes": [
        "Passive"
      ],
      "EffectInstanceList": [
        "Effects/Eff_Prefab/Eff_Monster/Eff_W2_HuanlongPart_01/Eff_Monster_W2_HuanlongPart_01_Passive.prefab",
        "Effects/Eff_Prefab/Eff_Monster/Eff_W2_HuanlongPart_01/Eff_Monster_W2_HuanlongPart_01_PassiveSkill01_Loop.prefab"
      ]
    },
    "Skill": {
      "EffectTypes": [
        "Skill"
      ],
      "EffectInstanceList": [
        "Effects/Eff_Prefab/Eff_Monster/Eff_W2_HuanlongPart_01/Eff_Monster_W2_HuanlongPart_01_PassiveSkill01_Loop.prefab",
        "Effects/Eff_Prefab/Eff_Monster/Eff_W2_HuanlongPart_01/Eff_Monster_W2_HuanlongPart_01_Skill01_Hit.prefab",
        "Effects/Eff_Prefab/Eff_Monster/Eff_W2_HuanlongPart_01/Eff_Monster_W2_HuanlongPart_01_Skill01_Start01.prefab",
        "Effects/Eff_Prefab/Eff_Monster/Eff_W2_HuanlongPart_01/Eff_Monster_W2_HuanlongPart_01_Skill01_Start02.prefab",
        "Effects/Eff_Prefab/Eff_Monster/Eff_W2_HuanlongPart_01/Eff_Monster_W2_HuanlongPart_01_Skill02_Hit_Body.prefab",
        "Effects/Eff_Prefab/Eff_Monster/Eff_W2_HuanlongPart_01/Eff_Monster_W2_HuanlongPart_01_Skill02_Hit_Special.prefab",
        "Effects/Eff_Prefab/Eff_Monster/Eff_W2_HuanlongPart_01/Eff_Monster_W2_HuanlongPart_01_Skill02_Hit_Special02.prefab",
        "Effects/Eff_Prefab/Eff_Monster/Eff_W2_HuanlongPart_01/Eff_Monster_W2_HuanlongPart_01_Skill09_Hit01.prefab",
        "Effects/Eff_Prefab/Eff_Monster/Eff_W2_HuanlongPart_01/Eff_Monster_W2_HuanlongPart_01_Skill09_Start01.prefab"
      ]
    },
    "Die": {
      "EffectTypes": [
        "Die"
      ],
      "EffectInstanceList": [
        "Effects/Eff_Prefab/Eff_Monster/Eff_W2_HuanlongPart_01/Eff_Monster_W2_HuanlongPart_01_Die_01.prefab",
        "Effects/Eff_Prefab/Eff_Monster/Eff_W2_HuanlongPart_01/Eff_Monster_W2_HuanlongPart_01_Die_03.prefab",
        "Effects/Eff_Prefab/Eff_Monster/Eff_W2_HuanlongPart_01/Eff_Monster_W2_HuanlongPart_02_Die.prefab",
        "Effects/Eff_Prefab/Eff_Monster/Eff_W2_HuanlongPart_01/Eff_Monster_W2_HuanlongPart_03_Die.prefab"
      ]
    },
    "Common": {
      "EffectTypes": [
        "Common"
      ],
      "EffectInstanceList": []
    }
  }
}