{
  "EffectAssetList": [
    "Effects/Eff_Prefab/Eff_Monster/Eff_W1_Colossus_00/Eff_Monster_W1_Colossus_00_PerformM33Call_Start01.prefab",
    "Effects/Eff_Prefab/Eff_Monster/Eff_W1_Colossus_00/Eff_Monster_W1_Colossus_00_PerformM33Call_Start02.prefab",
    "Effects/Eff_Prefab/Eff_Monster/Eff_W1_Colossus_00/Eff_Monster_W1_Colossus_00_PerformM33Call_Start03.prefab",
    "Effects/Eff_Prefab/Eff_Monster/Eff_W1_Colossus_00/Eff_Monster_W1_Colossus_00_PerformM33Call_Start04.prefab"
  ],
  "EffectInstanceMap": {
    "MazeAttack": {
      "EffectTypes": [
        "MazeAttack"
      ],
      "EffectInstanceList": []
    },
    "Passive": {
      "EffectTypes": [
        "Passive"
      ],
      "EffectInstanceList": []
    },
    "Skill": {
      "EffectTypes": [
        "Skill"
      ],
      "EffectInstanceList": [
        "Effects/Eff_Prefab/Eff_Monster/Eff_W1_Colossus_00/Eff_Monster_W1_Colossus_00_Skill01_Hit01.prefab",
        "Effects/Eff_Prefab/Eff_Monster/Eff_W1_Colossus_00/Eff_Monster_W1_Colossus_00_Skill01_Start01.prefab",
        "Effects/Eff_Prefab/Eff_Monster/Eff_W1_Colossus_00/Eff_Monster_W1_Colossus_00_Skill02_Hit.prefab",
        "Effects/Eff_Prefab/Eff_Monster/Eff_W1_Colossus_00/Eff_Monster_W1_Colossus_00_Skill02_Start01.prefab",
        "Effects/Eff_Prefab/Eff_Monster/Eff_W1_Colossus_00/Eff_Monster_W1_Colossus_00_Skill02_Start01_Camera.prefab",
        "Effects/Eff_Prefab/Eff_Monster/Eff_W1_Colossus_00/Eff_Monster_W1_Colossus_00_Skill02_Start02.prefab"
      ]
    },
    "Die": {
      "EffectTypes": [
        "Die"
      ],
      "EffectInstanceList": []
    },
    "Common": {
      "EffectTypes": [
        "Common"
      ],
      "EffectInstanceList": []
    }
  }
}