{
  "EffectAssetList": [
    "Effects/Eff_Prefab/Eff_Monster/Eff_W2_Xuanlu_03/Eff_Monster_W2_Xuanlu_03_Appear.prefab"
  ],
  "EffectInstanceMap": {
    "MazeAttack": {
      "EffectTypes": [
        "MazeAttack"
      ],
      "EffectInstanceList": []
    },
    "Passive": {
      "EffectTypes": [
        "Passive"
      ],
      "EffectInstanceList": []
    },
    "Skill": {
      "EffectTypes": [
        "Skill"
      ],
      "EffectInstanceList": [
        "Effects/Eff_Prefab/Eff_Monster/Eff_W2_Xuanlu_03/Eff_Monster_W2_Xuanlu_03_Skill01_Heal.prefab",
        "Effects/Eff_Prefab/Eff_Monster/Eff_W2_Xuanlu_03/Eff_Monster_W2_Xuanlu_03_Skill01_Start.prefab",
        "Effects/Eff_Prefab/Eff_Monster/Eff_W2_Xuanlu_03/Eff_Monster_W2_Xuanlu_03_Skill01_Start2.prefab"
      ]
    },
    "Die": {
      "EffectTypes": [
        "Die"
      ],
      "EffectInstanceList": [
        "Effects/Eff_Prefab/Eff_Monster/Eff_W2_Xuanlu_03/Eff_Monster_W2_Xuanlu_03_Die.prefab"
      ]
    },
    "Common": {
      "EffectTypes": [
        "Common"
      ],
      "EffectInstanceList": []
    }
  }
}