{
  "EffectAssetList": [
    "Effects/Eff_Prefab/Eff_Monster/Eff_W2_Argenti_00/Eff_Monster_W2_ArgentiTotem_00_Appear.prefab",
    "Effects/Eff_Prefab/Eff_Monster/Eff_W2_Argenti_00/Eff_Monster_W2_ArgentiTotem_00_Loop.prefab",
    "Effects/Eff_Prefab/Eff_Monster/Eff_W2_Argenti_00/Eff_Monster_W2_ArgentiTotem_00_Power.prefab",
    "Effects/Eff_Prefab/Eff_Monster/Eff_W2_Argenti_00/Eff_Monster_W2_ArgentiTotem_01_Flower_UI.prefab",
    "Effects/Eff_Prefab/Eff_Monster/Eff_W2_Argenti_00/Eff_Monster_W2_ArgentiTotem_01_Loop.prefab",
    "Effects/Eff_Prefab/Eff_Monster/Eff_W2_Argenti_00/Eff_Monster_W2_ArgentiTotem_01_Power.prefab",
    "Effects/Eff_Prefab/Eff_Monster/Eff_W2_Argenti_00/Eff_Monster_W2_ArgentiTotem_02_Loop.prefab",
    "Effects/Eff_Prefab/Eff_Monster/Eff_W2_Argenti_00/Eff_Monster_W2_ArgentiTotem_02_Power.prefab",
    "Effects/Eff_Prefab/Eff_Monster/Eff_W2_Argenti_00/Eff_Monster_W2_ArgentiTotem_02_Shield_UI.prefab",
    "Effects/Eff_Prefab/Eff_Monster/Eff_W2_Argenti_00/Eff_Monster_W2_ArgentiTotem_All_Power_Strat.prefab",
    "Effects/Eff_Prefab/Eff_Monster/Eff_W2_Argenti_00/Eff_Monster_W2_Argenti_00_Appear_01.prefab",
    "Effects/Eff_Prefab/Eff_Monster/Eff_W2_Argenti_00/Eff_Monster_W2_Argenti_00_Appear_02.prefab",
    "Effects/Eff_Prefab/Eff_Monster/Eff_W2_Argenti_00/Eff_Monster_W2_Argenti_00_Appear_FlowerEnd.prefab",
    "Effects/Eff_Prefab/Eff_Monster/Eff_W2_Argenti_00/Eff_Monster_W2_Argenti_00_Appear_WeaponStart.prefab"
  ],
  "EffectInstanceMap": {
    "MazeAttack": {
      "EffectTypes": [
        "MazeAttack"
      ],
      "EffectInstanceList": []
    },
    "Passive": {
      "EffectTypes": [
        "Passive"
      ],
      "EffectInstanceList": []
    },
    "Skill": {
      "EffectTypes": [
        "Skill"
      ],
      "EffectInstanceList": [
        "Effects/Eff_Prefab/Eff_Monster/Eff_W2_Argenti_00/Eff_Monster_W2_ArgentiTotem_00_Skill01Hit01.prefab",
        "Effects/Eff_Prefab/Eff_Monster/Eff_W2_Argenti_00/Eff_Monster_W2_ArgentiTotem_00_Skill01Hit02.prefab",
        "Effects/Eff_Prefab/Eff_Monster/Eff_W2_Argenti_00/Eff_Monster_W2_ArgentiTotem_00_Skill01Start.prefab",
        "Effects/Eff_Prefab/Eff_Monster/Eff_W2_Argenti_00/Eff_Monster_W2_ArgentiTotem_00_Skill01Start_Appear.prefab",
        "Effects/Eff_Prefab/Eff_Monster/Eff_W2_Argenti_00/Eff_Monster_W2_ArgentiTotem_00_Skill01Trigger.prefab",
        "Effects/Eff_Prefab/Eff_Monster/Eff_W2_Argenti_00/Eff_Monster_W2_ArgentiTotem_00_Skill01Trigger_02.prefab",
        "Effects/Eff_Prefab/Eff_Monster/Eff_W2_Argenti_00/Eff_Monster_W2_ArgentiTotem_01_Skill01Hit.prefab",
        "Effects/Eff_Prefab/Eff_Monster/Eff_W2_Argenti_00/Eff_Monster_W2_ArgentiTotem_01_Skill01Start.prefab",
        "Effects/Eff_Prefab/Eff_Monster/Eff_W2_Argenti_00/Eff_Monster_W2_ArgentiTotem_01_Skill01Start_02.prefab",
        "Effects/Eff_Prefab/Eff_Monster/Eff_W2_Argenti_00/Eff_Monster_W2_ArgentiTotem_01_Skill01Start_Appear.prefab",
        "Effects/Eff_Prefab/Eff_Monster/Eff_W2_Argenti_00/Eff_Monster_W2_ArgentiTotem_01_Skill01Start_Cam.prefab",
        "Effects/Eff_Prefab/Eff_Monster/Eff_W2_Argenti_00/Eff_Monster_W2_ArgentiTotem_02_Skill01Start.prefab",
        "Effects/Eff_Prefab/Eff_Monster/Eff_W2_Argenti_00/Eff_Monster_W2_Argenti_00_Skill01_01.prefab",
        "Effects/Eff_Prefab/Eff_Monster/Eff_W2_Argenti_00/Eff_Monster_W2_Argenti_00_Skill01_02.prefab",
        "Effects/Eff_Prefab/Eff_Monster/Eff_W2_Argenti_00/Eff_Monster_W2_Argenti_00_Skill01_Hit.prefab",
        "Effects/Eff_Prefab/Eff_Monster/Eff_W2_Argenti_00/Eff_Monster_W2_Argenti_00_Skill02_DG01.prefab",
        "Effects/Eff_Prefab/Eff_Monster/Eff_W2_Argenti_00/Eff_Monster_W2_Argenti_00_Skill02_Hit.prefab",
        "Effects/Eff_Prefab/Eff_Monster/Eff_W2_Argenti_00/Eff_Monster_W2_Argenti_00_Skill02_Hit02.prefab",
        "Effects/Eff_Prefab/Eff_Monster/Eff_W2_Argenti_00/Eff_Monster_W2_Argenti_00_Skill02_Weapon_JNT.prefab",
        "Effects/Eff_Prefab/Eff_Monster/Eff_W2_Argenti_00/Eff_Monster_W2_Argenti_00_Skill03_01.prefab",
        "Effects/Eff_Prefab/Eff_Monster/Eff_W2_Argenti_00/Eff_Monster_W2_Argenti_00_Skill03_Weapon.prefab",
        "Effects/Eff_Prefab/Eff_Monster/Eff_W2_Argenti_00/Eff_Monster_W2_Argenti_00_Skill04_01.prefab",
        "Effects/Eff_Prefab/Eff_Monster/Eff_W2_Argenti_00/Eff_Monster_W2_Argenti_00_Skill04_FlowerEnd.prefab",
        "Effects/Eff_Prefab/Eff_Monster/Eff_W2_Argenti_00/Eff_Monster_W2_Argenti_00_Skill04_RoseA_01_JNT.prefab",
        "Effects/Eff_Prefab/Eff_Monster/Eff_W2_Argenti_00/Eff_Monster_W2_Argenti_00_Skill04_RoseA_04_JNT.prefab",
        "Effects/Eff_Prefab/Eff_Monster/Eff_W2_Argenti_00/Eff_Monster_W2_Argenti_00_Skill05_Camera_01.prefab",
        "Effects/Eff_Prefab/Eff_Monster/Eff_W2_Argenti_00/Eff_Monster_W2_Argenti_00_Skill05_Camera_02.prefab",
        "Effects/Eff_Prefab/Eff_Monster/Eff_W2_Argenti_00/Eff_Monster_W2_Argenti_00_Skill05_Camera_05.prefab",
        "Effects/Eff_Prefab/Eff_Monster/Eff_W2_Argenti_00/Eff_Monster_W2_Argenti_00_Skill05_DG01.prefab",
        "Effects/Eff_Prefab/Eff_Monster/Eff_W2_Argenti_00/Eff_Monster_W2_Argenti_00_Skill05_DG02.prefab",
        "Effects/Eff_Prefab/Eff_Monster/Eff_W2_Argenti_00/Eff_Monster_W2_Argenti_00_Skill05_DG04.prefab",
        "Effects/Eff_Prefab/Eff_Monster/Eff_W2_Argenti_00/Eff_Monster_W2_Argenti_00_Skill05_DG04_02.prefab",
        "Effects/Eff_Prefab/Eff_Monster/Eff_W2_Argenti_00/Eff_Monster_W2_Argenti_00_Skill05_DG04_Bloom.prefab",
        "Effects/Eff_Prefab/Eff_Monster/Eff_W2_Argenti_00/Eff_Monster_W2_Argenti_00_Skill05_Hit.prefab",
        "Effects/Eff_Prefab/Eff_Monster/Eff_W2_Argenti_00/Eff_Monster_W2_Argenti_00_Skill05_Hit01.prefab",
        "Effects/Eff_Prefab/Eff_Monster/Eff_W2_Argenti_00/Eff_Monster_W2_Argenti_00_Skill05_Plugin01.prefab",
        "Effects/Eff_Prefab/Eff_Monster/Eff_W2_Argenti_00/Eff_Monster_W2_Argenti_00_Skill05_Root_M.prefab",
        "Effects/Eff_Prefab/Eff_Monster/Eff_W2_Argenti_00/Eff_Monster_W2_Argenti_00_Skill05_Sky.prefab"
      ]
    },
    "Die": {
      "EffectTypes": [
        "Die"
      ],
      "EffectInstanceList": [
        "Effects/Eff_Prefab/Eff_Monster/Eff_W2_Argenti_00/Eff_Monster_W2_ArgentiTotem_00_Die01_Dissolve.prefab",
        "Effects/Eff_Prefab/Eff_Monster/Eff_W2_Argenti_00/Eff_Monster_W2_ArgentiTotem_00_Die02_Appear.prefab",
        "Effects/Eff_Prefab/Eff_Monster/Eff_W2_Argenti_00/Eff_Monster_W2_ArgentiTotem_00_Die03.prefab",
        "Effects/Eff_Prefab/Eff_Monster/Eff_W2_Argenti_00/Eff_Monster_W2_ArgentiTotem_01_Die01_Dissolve.prefab",
        "Effects/Eff_Prefab/Eff_Monster/Eff_W2_Argenti_00/Eff_Monster_W2_ArgentiTotem_01_Die02_Appear.prefab",
        "Effects/Eff_Prefab/Eff_Monster/Eff_W2_Argenti_00/Eff_Monster_W2_ArgentiTotem_01_Die03.prefab",
        "Effects/Eff_Prefab/Eff_Monster/Eff_W2_Argenti_00/Eff_Monster_W2_ArgentiTotem_02_Die01_Dissolve.prefab",
        "Effects/Eff_Prefab/Eff_Monster/Eff_W2_Argenti_00/Eff_Monster_W2_ArgentiTotem_02_Die02_Appear.prefab",
        "Effects/Eff_Prefab/Eff_Monster/Eff_W2_Argenti_00/Eff_Monster_W2_ArgentiTotem_02_Die03.prefab",
        "Effects/Eff_Prefab/Eff_Monster/Eff_W2_Argenti_00/Eff_Monster_W2_Argenti_00_Die.prefab",
        "Effects/Eff_Prefab/Eff_Monster/Eff_W2_Argenti_00/Eff_Monster_W2_Argenti_00_Die_01.prefab",
        "Effects/Eff_Prefab/Eff_Monster/Eff_W2_Argenti_00/Eff_Monster_W2_Argenti_00_Die_02.prefab"
      ]
    },
    "Common": {
      "EffectTypes": [
        "Common"
      ],
      "EffectInstanceList": []
    }
  }
}