{
  "EffectAssetList": [
    "Effects/Eff_Prefab/Eff_Monster/Eff_W1_CocoliaP1_00/Eff_Monster_W1_CocoliaP1_00_Battleevent_Hit.prefab",
    "Effects/Eff_Prefab/Eff_Monster/Eff_W1_CocoliaP1_00/Eff_Monster_W1_CocoliaP1_00_BattleEvent_Start01.prefab",
    "Effects/Eff_Prefab/Eff_Monster/Eff_W1_CocoliaP1_00/Eff_Monster_W1_CocoliaP1_00_Unuse_01.prefab",
    "Effects/Eff_Prefab/Eff_Monster/Eff_W1_CocoliaP1_00/Eff_Monster_W1_CocoliaP1_00_Unuse_02.prefab",
    "Effects/Eff_Prefab/Eff_Monster/Eff_W1_CocoliaP1_00/Eff_Monster_W1_CocoliaP1_00_Unuse_03.prefab",
    "Effects/Eff_Prefab/Eff_Monster/Eff_W1_CocoliaP1_00/Eff_Monster_W1_CocoliaP1_00_Unuse_04.prefab",
    "Effects/Eff_Prefab/Eff_Monster/Eff_W1_CocoliaP1_00/Eff_W1_CocoliaP1_00_Revive_Start01.prefab"
  ],
  "EffectInstanceMap": {
    "MazeAttack": {
      "EffectTypes": [
        "MazeAttack"
      ],
      "EffectInstanceList": []
    },
    "Passive": {
      "EffectTypes": [
        "Passive"
      ],
      "EffectInstanceList": []
    },
    "Skill": {
      "EffectTypes": [
        "Skill"
      ],
      "EffectInstanceList": [
        "Effects/Eff_Prefab/Eff_Monster/Eff_W1_CocoliaP1_00/Eff_Monster_W1_CocoliaP1_00_Common_Lance_Skill01.prefab",
        "Effects/Eff_Prefab/Eff_Monster/Eff_W1_CocoliaP1_00/Eff_Monster_W1_CocoliaP1_00_Common_Lance_Skill01_Loop.prefab",
        "Effects/Eff_Prefab/Eff_Monster/Eff_W1_CocoliaP1_00/Eff_Monster_W1_CocoliaP1_00_Common_Lance_Skill02_Loop.prefab",
        "Effects/Eff_Prefab/Eff_Monster/Eff_W1_CocoliaP1_00/Eff_Monster_W1_CocoliaP1_00_Common_Lance_Skill03.prefab",
        "Effects/Eff_Prefab/Eff_Monster/Eff_W1_CocoliaP1_00/Eff_Monster_W1_CocoliaP1_00_Common_Weapon_Skill02.prefab",
        "Effects/Eff_Prefab/Eff_Monster/Eff_W1_CocoliaP1_00/Eff_Monster_W1_CocoliaP1_00_Common_Weapon_Skill02_Horizon.prefab",
        "Effects/Eff_Prefab/Eff_Monster/Eff_W1_CocoliaP1_00/Eff_Monster_W1_CocoliaP1_00_Common_Weapon_Skill02_Horizon_1.prefab",
        "Effects/Eff_Prefab/Eff_Monster/Eff_W1_CocoliaP1_00/Eff_Monster_W1_CocoliaP1_00_Common_Weapon_Skill02_Horizon_2.prefab",
        "Effects/Eff_Prefab/Eff_Monster/Eff_W1_CocoliaP1_00/Eff_Monster_W1_CocoliaP1_00_Common_Weapon_Skill02_Loop.prefab",
        "Effects/Eff_Prefab/Eff_Monster/Eff_W1_CocoliaP1_00/Eff_Monster_W1_CocoliaP1_00_Common_Weapon_Skill02_Loop_Root.prefab",
        "Effects/Eff_Prefab/Eff_Monster/Eff_W1_CocoliaP1_00/Eff_Monster_W1_CocoliaP1_00_Common_Weapon_Skill02_Ready.prefab",
        "Effects/Eff_Prefab/Eff_Monster/Eff_W1_CocoliaP1_00/Eff_Monster_W1_CocoliaP1_00_Skill01.prefab",
        "Effects/Eff_Prefab/Eff_Monster/Eff_W1_CocoliaP1_00/Eff_Monster_W1_CocoliaP1_00_Skill01_Star.prefab",
        "Effects/Eff_Prefab/Eff_Monster/Eff_W1_CocoliaP1_00/Eff_Monster_W1_CocoliaP1_00_Skill01_Star_2.prefab",
        "Effects/Eff_Prefab/Eff_Monster/Eff_W1_CocoliaP1_00/Eff_Monster_W1_CocoliaP1_00_Skill01_Star_3.prefab",
        "Effects/Eff_Prefab/Eff_Monster/Eff_W1_CocoliaP1_00/Eff_Monster_W1_CocoliaP1_00_Skill01_Star_ImaginaryYellow.prefab",
        "Effects/Eff_Prefab/Eff_Monster/Eff_W1_CocoliaP1_00/Eff_Monster_W1_CocoliaP1_00_Skill01_Star_ThunderPurple.prefab",
        "Effects/Eff_Prefab/Eff_Monster/Eff_W1_CocoliaP1_00/Eff_Monster_W1_CocoliaP1_00_Skill01_Star_WindGreen.prefab",
        "Effects/Eff_Prefab/Eff_Monster/Eff_W1_CocoliaP1_00/Eff_Monster_W1_CocoliaP1_00_Skill02.prefab",
        "Effects/Eff_Prefab/Eff_Monster/Eff_W1_CocoliaP1_00/Eff_Monster_W1_CocoliaP1_00_Skill02_Horizon.prefab",
        "Effects/Eff_Prefab/Eff_Monster/Eff_W1_CocoliaP1_00/Eff_Monster_W1_CocoliaP1_00_Skill03.prefab",
        "Effects/Eff_Prefab/Eff_Monster/Eff_W1_CocoliaP1_00/Eff_Monster_W1_CocoliaP1_00_Skill03_Camera.prefab",
        "Effects/Eff_Prefab/Eff_Monster/Eff_W1_CocoliaP1_00/Eff_Monster_W1_CocoliaP1_00_Skill03_Fire_02.prefab",
        "Effects/Eff_Prefab/Eff_Monster/Eff_W1_CocoliaP1_00/Eff_Monster_W1_CocoliaP1_00_Skill03_Hit.prefab",
        "Effects/Eff_Prefab/Eff_Monster/Eff_W1_CocoliaP1_00/Eff_Monster_W1_CocoliaP1_00_Skill03_Star.prefab",
        "Effects/Eff_Prefab/Eff_Monster/Eff_W1_CocoliaP1_00/Eff_Monster_W1_CocoliaP1_00_Skill03_Star2.prefab",
        "Effects/Eff_Prefab/Eff_Monster/Eff_W1_CocoliaP1_00/Eff_Monster_W1_CocoliaP1_00_Skill03_Star3.prefab",
        "Effects/Eff_Prefab/Eff_Monster/Eff_W1_CocoliaP1_00/Eff_Monster_W1_CocoliaP1_00_Skill03_WeaponEnd.prefab",
        "Effects/Eff_Prefab/Eff_Monster/Eff_W1_CocoliaP1_00/Eff_Monster_W1_CocoliaP1_00_Skill04.prefab",
        "Effects/Eff_Prefab/Eff_Monster/Eff_W1_CocoliaP1_00/Eff_Monster_W1_CocoliaP1_00_Skill04_Bullet.prefab",
        "Effects/Eff_Prefab/Eff_Monster/Eff_W1_CocoliaP1_00/Eff_Monster_W1_CocoliaP1_00_Skill04_Debuff.prefab",
        "Effects/Eff_Prefab/Eff_Monster/Eff_W1_CocoliaP1_00/Eff_Monster_W1_CocoliaP1_00_Skill04_Hit.prefab",
        "Effects/Eff_Prefab/Eff_Monster/Eff_W1_CocoliaP1_00/Eff_Monster_W1_CocoliaP1_00_Skill04_Lhand.prefab",
        "Effects/Eff_Prefab/Eff_Monster/Eff_W1_CocoliaP1_00/Eff_Monster_W1_CocoliaP1_00_Skill04_Revive01.prefab",
        "Effects/Eff_Prefab/Eff_Monster/Eff_W1_CocoliaP1_00/Eff_Monster_W1_CocoliaP1_00_Skill04_Revive02.prefab",
        "Effects/Eff_Prefab/Eff_Monster/Eff_W1_CocoliaP1_00/Eff_Monster_W1_CocoliaP1_00_Skill04_Start01.prefab",
        "Effects/Eff_Prefab/Eff_Monster/Eff_W1_CocoliaP1_00/Eff_Monster_W1_CocoliaP1_00_Skill04_Start02.prefab",
        "Effects/Eff_Prefab/Eff_Monster/Eff_W1_CocoliaP1_00/Eff_Monster_W1_CocoliaP1_00_Skill06_Attack.prefab",
        "Effects/Eff_Prefab/Eff_Monster/Eff_W1_CocoliaP1_00/Eff_Monster_W1_CocoliaP1_00_Skill06_Hit.prefab",
        "Effects/Eff_Prefab/Eff_Monster/Eff_W1_CocoliaP1_00/Eff_Monster_W1_CocoliaP1_00_Skill06_Hit01.prefab",
        "Effects/Eff_Prefab/Eff_Monster/Eff_W1_CocoliaP1_00/Eff_Monster_W1_CocoliaP1_00_Skill06_Hit02.prefab",
        "Effects/Eff_Prefab/Eff_Monster/Eff_W1_CocoliaP1_00/Eff_Monster_W1_CocoliaP1_00_Skill06_WeaponStart.prefab"
      ]
    },
    "Die": {
      "EffectTypes": [
        "Die"
      ],
      "EffectInstanceList": [
        "Effects/Eff_Prefab/Eff_Monster/Eff_W1_CocoliaP1_00/Eff_Monster_W1_CocoliaP1_00_Common_Lance_Die.prefab",
        "Effects/Eff_Prefab/Eff_Monster/Eff_W1_CocoliaP1_00/Eff_Monster_W1_CocoliaP1_00_Common_Lance_Die_Horizon.prefab",
        "Effects/Eff_Prefab/Eff_Monster/Eff_W1_CocoliaP1_00/Eff_Monster_W1_CocoliaP1_00_Die_Weapon.prefab",
        "Effects/Eff_Prefab/Eff_Monster/Eff_W1_CocoliaP1_00/Eff_Monster_W1_CocoliaP1_Die.prefab"
      ]
    },
    "Common": {
      "EffectTypes": [
        "Common"
      ],
      "EffectInstanceList": [
        "Effects/Eff_Prefab/Eff_Monster/Eff_W1_CocoliaP1_00/Eff_Monster_W1_CocoliaP1_00_Common_Energy_Disappear_01.prefab",
        "Effects/Eff_Prefab/Eff_Monster/Eff_W1_CocoliaP1_00/Eff_Monster_W1_CocoliaP1_00_Common_Energy_Disappear_02.prefab",
        "Effects/Eff_Prefab/Eff_Monster/Eff_W1_CocoliaP1_00/Eff_Monster_W1_CocoliaP1_00_Common_Energy_Disappear_03.prefab",
        "Effects/Eff_Prefab/Eff_Monster/Eff_W1_CocoliaP1_00/Eff_Monster_W1_CocoliaP1_00_Common_idle_Horizon.prefab",
        "Effects/Eff_Prefab/Eff_Monster/Eff_W1_CocoliaP1_00/Eff_Monster_W1_CocoliaP1_00_Common_idle_Lhand.prefab",
        "Effects/Eff_Prefab/Eff_Monster/Eff_W1_CocoliaP1_00/Eff_Monster_W1_CocoliaP1_00_Common_Lance_Die.prefab",
        "Effects/Eff_Prefab/Eff_Monster/Eff_W1_CocoliaP1_00/Eff_Monster_W1_CocoliaP1_00_Common_Lance_Die_Horizon.prefab",
        "Effects/Eff_Prefab/Eff_Monster/Eff_W1_CocoliaP1_00/Eff_Monster_W1_CocoliaP1_00_Common_Lance_Skill01.prefab",
        "Effects/Eff_Prefab/Eff_Monster/Eff_W1_CocoliaP1_00/Eff_Monster_W1_CocoliaP1_00_Common_Lance_Skill01_Loop.prefab",
        "Effects/Eff_Prefab/Eff_Monster/Eff_W1_CocoliaP1_00/Eff_Monster_W1_CocoliaP1_00_Common_Lance_Skill02_Loop.prefab",
        "Effects/Eff_Prefab/Eff_Monster/Eff_W1_CocoliaP1_00/Eff_Monster_W1_CocoliaP1_00_Common_Lance_Skill03.prefab",
        "Effects/Eff_Prefab/Eff_Monster/Eff_W1_CocoliaP1_00/Eff_Monster_W1_CocoliaP1_00_Common_Standby.prefab",
        "Effects/Eff_Prefab/Eff_Monster/Eff_W1_CocoliaP1_00/Eff_Monster_W1_CocoliaP1_00_Common_Standby_Root.prefab",
        "Effects/Eff_Prefab/Eff_Monster/Eff_W1_CocoliaP1_00/Eff_Monster_W1_CocoliaP1_00_Common_Weapon_Skill02.prefab",
        "Effects/Eff_Prefab/Eff_Monster/Eff_W1_CocoliaP1_00/Eff_Monster_W1_CocoliaP1_00_Common_Weapon_Skill02_Horizon.prefab",
        "Effects/Eff_Prefab/Eff_Monster/Eff_W1_CocoliaP1_00/Eff_Monster_W1_CocoliaP1_00_Common_Weapon_Skill02_Horizon_1.prefab",
        "Effects/Eff_Prefab/Eff_Monster/Eff_W1_CocoliaP1_00/Eff_Monster_W1_CocoliaP1_00_Common_Weapon_Skill02_Horizon_2.prefab",
        "Effects/Eff_Prefab/Eff_Monster/Eff_W1_CocoliaP1_00/Eff_Monster_W1_CocoliaP1_00_Common_Weapon_Skill02_Loop.prefab",
        "Effects/Eff_Prefab/Eff_Monster/Eff_W1_CocoliaP1_00/Eff_Monster_W1_CocoliaP1_00_Common_Weapon_Skill02_Loop_Root.prefab",
        "Effects/Eff_Prefab/Eff_Monster/Eff_W1_CocoliaP1_00/Eff_Monster_W1_CocoliaP1_00_Common_Weapon_Skill02_Ready.prefab"
      ]
    }
  }
}