{
  "EffectAssetList": [
    "Effects/Eff_Prefab/Eff_Monster/Eff_XP_Minion03_00/Eff_Monster_XP_Minion03_00_MazeStandBy_Loop.prefab",
    "Effects/Eff_Prefab/Eff_Monster/Eff_XP_Minion03_00/Eff_Monster_XP_Minion03_00_StandBy_Loop.prefab",
    "Effects/Eff_Prefab/Eff_Monster/Eff_XP_Minion03_00/Eff_Monster_XP_Minion03_00_StandBy_Loop_02.prefab"
  ],
  "EffectInstanceMap": {
    "MazeAttack": {
      "EffectTypes": [
        "MazeAttack"
      ],
      "EffectInstanceList": [
        "Effects/Eff_Prefab/Eff_Monster/Eff_XP_Minion03_00/Eff_Monster_XP_Minion03_01_MazeAttack_Fire.prefab",
        "Effects/Eff_Prefab/Eff_Monster/Eff_XP_Minion03_00/Eff_Monster_XP_Minion03_01_MazeAttack_Start.prefab"
      ]
    },
    "Passive": {
      "EffectTypes": [
        "Passive"
      ],
      "EffectInstanceList": [
        "Effects/Eff_Prefab/Eff_Monster/Eff_XP_Minion03_00/Eff_Monster_XP_Minion03_01_PassiveSkill01.prefab",
        "Effects/Eff_Prefab/Eff_Monster/Eff_XP_Minion03_00/Eff_Monster_XP_Minion03_01_PassiveSkill01_01.prefab"
      ]
    },
    "Skill": {
      "EffectTypes": [
        "Skill"
      ],
      "EffectInstanceList": [
        "Effects/Eff_Prefab/Eff_Monster/Eff_XP_Minion03_00/Eff_Monster_XP_Minion03_00_Skill01_Hit.prefab",
        "Effects/Eff_Prefab/Eff_Monster/Eff_XP_Minion03_00/Eff_Monster_XP_Minion03_01_PassiveSkill01.prefab",
        "Effects/Eff_Prefab/Eff_Monster/Eff_XP_Minion03_00/Eff_Monster_XP_Minion03_01_PassiveSkill01_01.prefab",
        "Effects/Eff_Prefab/Eff_Monster/Eff_XP_Minion03_00/Eff_Monster_XP_Minion03_01_Skill01_Fire.prefab",
        "Effects/Eff_Prefab/Eff_Monster/Eff_XP_Minion03_00/Eff_Monster_XP_Minion03_01_Skill01_Start.prefab",
        "Effects/Eff_Prefab/Eff_Monster/Eff_XP_Minion03_00/Eff_Monster_XP_Minion03_01_Skill02_01.prefab",
        "Effects/Eff_Prefab/Eff_Monster/Eff_XP_Minion03_00/Eff_Monster_XP_Minion03_01_Skill02_02.prefab",
        "Effects/Eff_Prefab/Eff_Monster/Eff_XP_Minion03_00/Eff_Monster_XP_Minion03_01_Skill02_03.prefab"
      ]
    },
    "Die": {
      "EffectTypes": [
        "Die"
      ],
      "EffectInstanceList": []
    },
    "Common": {
      "EffectTypes": [
        "Common"
      ],
      "EffectInstanceList": []
    }
  }
}