{
  "EffectAssetList": [],
  "EffectInstanceMap": {
    "MazeAttack": {
      "EffectTypes": [
        "MazeAttack"
      ],
      "EffectInstanceList": []
    },
    "Passive": {
      "EffectTypes": [
        "Passive"
      ],
      "EffectInstanceList": []
    },
    "Skill": {
      "EffectTypes": [
        "Skill"
      ],
      "EffectInstanceList": [
        "Effects/Eff_Prefab/Eff_Monster/Eff_W1_Gepard_00/Eff_Monster_W1_Gepard_00_Skill01_01.prefab",
        "Effects/Eff_Prefab/Eff_Monster/Eff_W1_Gepard_00/Eff_Monster_W1_Gepard_00_Skill01_Hit.prefab",
        "Effects/Eff_Prefab/Eff_Monster/Eff_W1_Gepard_00/Eff_Monster_W1_Gepard_00_Skill01_Smoke.prefab",
        "Effects/Eff_Prefab/Eff_Monster/Eff_W1_Gepard_00/Eff_Monster_W1_Gepard_00_Skill02_01.prefab",
        "Effects/Eff_Prefab/Eff_Monster/Eff_W1_Gepard_00/Eff_Monster_W1_Gepard_00_Skill02_Hit.prefab",
        "Effects/Eff_Prefab/Eff_Monster/Eff_W1_Gepard_00/Eff_Monster_W1_Gepard_00_Skill02_Smoke.prefab",
        "Effects/Eff_Prefab/Eff_Monster/Eff_W1_Gepard_00/Eff_Monster_W1_Gepard_00_Skill03_01.prefab",
        "Effects/Eff_Prefab/Eff_Monster/Eff_W1_Gepard_00/Eff_Monster_W1_Gepard_00_Skill03_01_Weapon.prefab",
        "Effects/Eff_Prefab/Eff_Monster/Eff_W1_Gepard_00/Eff_Monster_W1_Gepard_00_Skill03_02.prefab",
        "Effects/Eff_Prefab/Eff_Monster/Eff_W1_Gepard_00/Eff_Monster_W1_Gepard_00_Skill04_01.prefab",
        "Effects/Eff_Prefab/Eff_Monster/Eff_W1_Gepard_00/Eff_Monster_W1_Gepard_00_Skill04_02.prefab",
        "Effects/Eff_Prefab/Eff_Monster/Eff_W1_Gepard_00/Eff_Monster_W1_Gepard_00_Skill04_03.prefab",
        "Effects/Eff_Prefab/Eff_Monster/Eff_W1_Gepard_00/Eff_Monster_W1_Gepard_00_Skill04_03_Camera.prefab",
        "Effects/Eff_Prefab/Eff_Monster/Eff_W1_Gepard_00/Eff_Monster_W1_Gepard_00_Skill05_01.prefab"
      ]
    },
    "Die": {
      "EffectTypes": [
        "Die"
      ],
      "EffectInstanceList": [
        "Effects/Eff_Prefab/Eff_Monster/Eff_W1_Gepard_00/Eff_Monster_W1_Gepard_Die.prefab"
      ]
    },
    "Common": {
      "EffectTypes": [
        "Common"
      ],
      "EffectInstanceList": [
        "Effects/Eff_Prefab/Eff_Monster/Eff_W1_Gepard_00/Eff_Monster_W1_Gepard_00_Common_Halo.prefab",
        "Effects/Eff_Prefab/Eff_Monster/Eff_W1_Gepard_00/Eff_Monster_W1_Gepard_00_Common_Halo_Affected.prefab",
        "Effects/Eff_Prefab/Eff_Monster/Eff_W1_Gepard_00/Eff_Monster_W1_Gepard_00_Common_Halo_Loop.prefab",
        "Effects/Eff_Prefab/Eff_Monster/Eff_W1_Gepard_00/Eff_Monster_W1_Gepard_00_Common_Halo_Trigger.prefab",
        "Effects/Eff_Prefab/Eff_Monster/Eff_W1_Gepard_00/Eff_Monster_W1_Gepard_00_Common_Halo_Trigger_02.prefab",
        "Effects/Eff_Prefab/Eff_Monster/Eff_W1_Gepard_00/Eff_Monster_W1_Gepard_00_Common_Shield.prefab",
        "Effects/Eff_Prefab/Eff_Monster/Eff_W1_Gepard_00/Eff_Monster_W1_Gepard_00_Common_Shield_01.prefab",
        "Effects/Eff_Prefab/Eff_Monster/Eff_W1_Gepard_00/Eff_Monster_W1_Gepard_00_Common_Shield_Halo.prefab",
        "Effects/Eff_Prefab/Eff_Monster/Eff_W1_Gepard_00/Eff_Monster_W1_Gepard_00_Common_Shield_Loop.prefab",
        "Effects/Eff_Prefab/Eff_Monster/Eff_W1_Gepard_00/Eff_Monster_W1_Gepard_00_Common_Shield_Trigger_02.prefab",
        "Effects/Eff_Prefab/Eff_Monster/Eff_W1_Gepard_00/Eff_Monster_W1_Gepard_00_Common_Shield_Trigger_03.prefab",
        "Effects/Eff_Prefab/Eff_Monster/Eff_W1_Gepard_00/Eff_Monster_W1_Gepard_00_Common_Shield_Weapon.prefab",
        "Effects/Eff_Prefab/Eff_Monster/Eff_W1_Gepard_00/Eff_Monster_W1_Gepard_00_Common_Smoke.prefab"
      ]
    }
  }
}