{
  "EffectAssetList": [
    "Effects/Eff_Prefab/Eff_Monster/Eff_XP_Elite02_02/Eff_Monster_XP_Elite02_02_Appear.prefab",
    "Effects/Eff_Prefab/Eff_Monster/Eff_XP_Elite02_02/Eff_Monster_XP_Elite02_02_Appear_01.prefab",
    "Effects/Eff_Prefab/Eff_Monster/Eff_XP_Elite02_02/Eff_Monster_XP_Elite02_02_Hit.prefab",
    "Effects/Eff_Prefab/Eff_Monster/Eff_XP_Elite02_02/Eff_Monster_XP_Elite02_02_Maze_Hit.prefab",
    "Effects/Eff_Prefab/Eff_Monster/Eff_XP_Elite02_02/Eff_Monster_XP_Elite02_02_Maze_StandBy_01.prefab",
    "Effects/Eff_Prefab/Eff_Monster/Eff_XP_Elite02_02/Eff_Monster_XP_Elite02_02_Maze_StandBy_01AS_01.prefab",
    "Effects/Eff_Prefab/Eff_Monster/Eff_XP_Elite02_02/Eff_Monster_XP_Elite02_02_Maze_StandBy_01AS_EffectEnd.prefab",
    "Effects/Eff_Prefab/Eff_Monster/Eff_XP_Elite02_02/Eff_Monster_XP_Elite02_02_Maze_StandBy_01AS_Weapon.prefab",
    "Effects/Eff_Prefab/Eff_Monster/Eff_XP_Elite02_02/Eff_Monster_XP_Elite02_02_Maze_StandBy_By01_01.prefab",
    "Effects/Eff_Prefab/Eff_Monster/Eff_XP_Elite02_02/Eff_Monster_XP_Elite02_02_Maze_StandBy_By01_Effect.prefab",
    "Effects/Eff_Prefab/Eff_Monster/Eff_XP_Elite02_02/Eff_Monster_XP_Elite02_02_Maze_StandBy_By01_WeaponEnd.prefab",
    "Effects/Eff_Prefab/Eff_Monster/Eff_XP_Elite02_02/Eff_Monster_XP_Elite02_02_WeaponEnd.prefab"
  ],
  "EffectInstanceMap": {
    "MazeAttack": {
      "EffectTypes": [
        "MazeAttack"
      ],
      "EffectInstanceList": []
    },
    "Passive": {
      "EffectTypes": [
        "Passive"
      ],
      "EffectInstanceList": []
    },
    "Skill": {
      "EffectTypes": [
        "Skill"
      ],
      "EffectInstanceList": [
        "Effects/Eff_Prefab/Eff_Monster/Eff_XP_Elite02_02/Eff_Monster_XP_Elite02_02_Skill01.prefab",
        "Effects/Eff_Prefab/Eff_Monster/Eff_XP_Elite02_02/Eff_Monster_XP_Elite02_02_Skill01_01.prefab",
        "Effects/Eff_Prefab/Eff_Monster/Eff_XP_Elite02_02/Eff_Monster_XP_Elite02_02_Skill01_Hit.prefab",
        "Effects/Eff_Prefab/Eff_Monster/Eff_XP_Elite02_02/Eff_Monster_XP_Elite02_02_Skill01_Hit_02.prefab",
        "Effects/Eff_Prefab/Eff_Monster/Eff_XP_Elite02_02/Eff_Monster_XP_Elite02_02_Skill01_Hit_03.prefab",
        "Effects/Eff_Prefab/Eff_Monster/Eff_XP_Elite02_02/Eff_Monster_XP_Elite02_02_Skill02.prefab",
        "Effects/Eff_Prefab/Eff_Monster/Eff_XP_Elite02_02/Eff_Monster_XP_Elite02_02_Skill02_01.prefab",
        "Effects/Eff_Prefab/Eff_Monster/Eff_XP_Elite02_02/Eff_Monster_XP_Elite02_02_Skill02_02.prefab",
        "Effects/Eff_Prefab/Eff_Monster/Eff_XP_Elite02_02/Eff_Monster_XP_Elite02_02_Skill02_03.prefab",
        "Effects/Eff_Prefab/Eff_Monster/Eff_XP_Elite02_02/Eff_Monster_XP_Elite02_02_Skill02_Hit01.prefab",
        "Effects/Eff_Prefab/Eff_Monster/Eff_XP_Elite02_02/Eff_Monster_XP_Elite02_02_Skill03.prefab",
        "Effects/Eff_Prefab/Eff_Monster/Eff_XP_Elite02_02/Eff_Monster_XP_Elite02_02_Skill03_02.prefab",
        "Effects/Eff_Prefab/Eff_Monster/Eff_XP_Elite02_02/Eff_Monster_XP_Elite02_02_Skill03_Hit.prefab",
        "Effects/Eff_Prefab/Eff_Monster/Eff_XP_Elite02_02/Eff_Monster_XP_Elite02_02_Skill04_01.prefab",
        "Effects/Eff_Prefab/Eff_Monster/Eff_XP_Elite02_02/Eff_Monster_XP_Elite02_02_Skill04_02.prefab",
        "Effects/Eff_Prefab/Eff_Monster/Eff_XP_Elite02_02/Eff_Monster_XP_Elite02_02_Skill04_03.prefab",
        "Effects/Eff_Prefab/Eff_Monster/Eff_XP_Elite02_02/Eff_Monster_XP_Elite02_02_Skill04_04.prefab",
        "Effects/Eff_Prefab/Eff_Monster/Eff_XP_Elite02_02/Eff_Monster_XP_Elite02_02_Skill04_Loop.prefab",
        "Effects/Eff_Prefab/Eff_Monster/Eff_XP_Elite02_02/Eff_Monster_XP_Elite02_02_Skill05_01.prefab",
        "Effects/Eff_Prefab/Eff_Monster/Eff_XP_Elite02_02/Eff_Monster_XP_Elite02_02_Skill05_02.prefab",
        "Effects/Eff_Prefab/Eff_Monster/Eff_XP_Elite02_02/Eff_Monster_XP_Elite02_02_Skill05_Hit.prefab"
      ]
    },
    "Die": {
      "EffectTypes": [
        "Die"
      ],
      "EffectInstanceList": [
        "Effects/Eff_Prefab/Eff_Monster/Eff_XP_Elite02_02/Eff_Monster_XP_Elite02_02_Die.prefab",
        "Effects/Eff_Prefab/Eff_Monster/Eff_XP_Elite02_02/Eff_Monster_XP_Elite02_02_Die_03.prefab"
      ]
    },
    "Common": {
      "EffectTypes": [
        "Common"
      ],
      "EffectInstanceList": [
        "Effects/Eff_Prefab/Eff_Monster/Eff_XP_Elite02_02/Eff_Monster_XP_Elite02_02_Buff_Common.prefab"
      ]
    }
  }
}