{
  "EffectAssetList": [
    "Effects/Eff_Prefab/Eff_Monster/Eff_AetherDivide_W2_Mecha02_00/Eff_AetherDivide_W2_Mecha02_00_ReadyFail.prefab"
  ],
  "EffectInstanceMap": {
    "MazeAttack": {
      "EffectTypes": [
        "MazeAttack"
      ],
      "EffectInstanceList": []
    },
    "Passive": {
      "EffectTypes": [
        "Passive"
      ],
      "EffectInstanceList": []
    },
    "Skill": {
      "EffectTypes": [
        "Skill"
      ],
      "EffectInstanceList": []
    },
    "Die": {
      "EffectTypes": [
        "Die"
      ],
      "EffectInstanceList": []
    },
    "Common": {
      "EffectTypes": [
        "Common"
      ],
      "EffectInstanceList": []
    }
  }
}