{
  "AvatarId": 9098,
  "KeyLevelConfigList": [
    {
      "Level": 1
    },
    {
      "Level": 10,
      "EquipmentConfigList": [
        {
          "Id": 20003,
          "Level": 1,
          "Rank": 1
        }
      ]
    },
    {
      "Level": 20,
      "EquipmentConfigList": [
        {
          "Id": 20003,
          "Level": 20,
          "Rank": 1
        }
      ],
      "RelicPropertyTypeList": [
        31060200
      ]
    },
    {
      "Level": 30,
      "Promotion": 1,
      "SkillTreePointPreset": "W0_Standard_20-30",
      "EquipmentConfigList": [
        {
          "Id": 20003,
          "Level": 30,
          "Rank": 1
        }
      ],
      "RelicPropertyTypeList": [
        41060200
      ]
    },
    {
      "Level": 40,
      "Promotion": 2,
      "SkillTreePointPreset": "W1_Standard_30-40",
      "EquipmentConfigList": [
        {
          "Id": 21002,
          "Level": 40,
          "Rank": 1
        }
      ],
      "RelicPropertyTypeList": [
        41060203
      ]
    },
    {
      "Level": 50,
      "Promotion": 3,
      "Rank": 1,
      "SkillTreePointPreset": "W2_Standard_40-50",
      "EquipmentConfigList": [
        {
          "Id": 21002,
          "Level": 50,
          "Rank": 1
        }
      ],
      "RelicPropertyTypeList": [
        51060206,
        53049406
      ]
    },
    {
      "Level": 60,
      "Promotion": 4,
      "Rank": 2,
      "SkillTreePointPreset": "W3_Standard_50-60",
      "EquipmentConfigList": [
        {
          "Id": 21002,
          "Level": 60,
          "Rank": 1
        }
      ],
      "RelicPropertyTypeList": [
        51060210,
        53049410
      ]
    },
    {
      "Level": 70,
      "Promotion": 5,
      "Rank": 3,
      "SkillTreePointPreset": "W4_Standard_60-70",
      "EquipmentConfigList": [
        {
          "Id": 21002,
          "Level": 70,
          "Rank": 2
        }
      ],
      "RelicPropertyTypeList": [
        61060210,
        63049410
      ]
    },
    {
      "Level": 79,
      "Promotion": 6,
      "Rank": 4,
      "SkillTreePointPreset": "W5_Standard_70-80",
      "EquipmentConfigList": [
        {
          "Id": 21002,
          "Level": 79,
          "Rank": 3
        }
      ],
      "RelicPropertyTypeList": [
        61060213,
        63049413
      ]
    },
    {
      "Level": 80,
      "Promotion": 6,
      "Rank": 6,
      "SkillTreePointPreset": "LvMax",
      "EquipmentConfigList": [
        {
          "Id": 21002,
          "Level": 80,
          "Rank": 5
        }
      ],
      "RelicPropertyTypeList": [
        61060215,
        63049415
      ]
    }
  ]
}