{
  "AvatarId": 9111,
  "KeyLevelConfigList": [
    {
      "Level": 1
    },
    {
      "Level": 10,
      "EquipmentConfigList": [
        {
          "Id": 20005,
          "Level": 1,
          "Rank": 1
        }
      ]
    },
    {
      "Level": 20,
      "EquipmentConfigList": [
        {
          "Id": 20005,
          "Level": 20,
          "Rank": 1
        }
      ],
      "RelicPropertyTypeList": [
        31080400
      ]
    },
    {
      "Level": 30,
      "Promotion": 1,
      "SkillTreePointPreset": "W0_Standard_20-30",
      "EquipmentConfigList": [
        {
          "Id": 20005,
          "Level": 30,
          "Rank": 1
        }
      ],
      "RelicPropertyTypeList": [
        41080400
      ]
    },
    {
      "Level": 40,
      "Promotion": 2,
      "SkillTreePointPreset": "W1_Standard_30-40",
      "EquipmentConfigList": [
        {
          "Id": 21004,
          "Level": 40,
          "Rank": 1
        }
      ],
      "RelicPropertyTypeList": [
        41080403
      ]
    },
    {
      "Level": 50,
      "Promotion": 3,
      "Rank": 1,
      "SkillTreePointPreset": "W2_Standard_40-50",
      "EquipmentConfigList": [
        {
          "Id": 21004,
          "Level": 50,
          "Rank": 1
        }
      ],
      "RelicPropertyTypeList": [
        51080406,
        53079606
      ]
    },
    {
      "Level": 60,
      "Promotion": 4,
      "Rank": 2,
      "SkillTreePointPreset": "W3_Standard_50-60",
      "EquipmentConfigList": [
        {
          "Id": 21004,
          "Level": 60,
          "Rank": 1
        }
      ],
      "RelicPropertyTypeList": [
        51080410,
        53079610
      ]
    },
    {
      "Level": 70,
      "Promotion": 5,
      "Rank": 3,
      "SkillTreePointPreset": "W4_Standard_60-70",
      "EquipmentConfigList": [
        {
          "Id": 21004,
          "Level": 70,
          "Rank": 2
        }
      ],
      "RelicPropertyTypeList": [
        61080410,
        63079610
      ]
    },
    {
      "Level": 79,
      "Promotion": 6,
      "Rank": 4,
      "SkillTreePointPreset": "W5_Standard_70-80",
      "EquipmentConfigList": [
        {
          "Id": 21004,
          "Level": 79,
          "Rank": 3
        }
      ],
      "RelicPropertyTypeList": [
        61080413,
        63079613
      ]
    },
    {
      "Level": 80,
      "Promotion": 6,
      "Rank": 6,
      "SkillTreePointPreset": "LvMax",
      "EquipmentConfigList": [
        {
          "Id": 21004,
          "Level": 80,
          "Rank": 5
        }
      ],
      "RelicPropertyTypeList": [
        61080415,
        63079615
      ]
    }
  ]
}