{
  "AvatarId": 9901,
  "KeyLevelConfigList": [
    {
      "Level": 1
    },
    {
      "Level": 40,
      "Promotion": 2,
      "EquipmentConfigList": [
        {
          "Id": 29000,
          "Level": 40,
          "Rank": 1
        }
      ],
      "RelicPropertyTypeList": [
        410203
      ],
      "RelicMainValue": 4422303,
      "RelicSubValue": 303
    },
    {
      "Level": 60,
      "Promotion": 4,
      "EquipmentConfigList": [
        {
          "Id": 29000,
          "Level": 60,
          "Rank": 1
        }
      ],
      "RelicPropertyTypeList": [
        610210,
        630110
      ],
      "RelicMainValue": 4422510,
      "RelicSubValue": 510
    },
    {
      "Level": 80,
      "Promotion": 6,
      "EquipmentConfigList": [
        {
          "Id": 29000,
          "Level": 80,
          "Rank": 5
        }
      ],
      "RelicPropertyTypeList": [
        610210,
        630110
      ],
      "RelicMainValue": 4422515,
      "RelicSubValue": 515
    }
  ]
}