{
  "AvatarId": 1101,
  "KeyLevelConfigList": [
    {
      "Level": 1
    },
    {
      "Level": 10,
      "EquipmentConfigList": [
        {
          "Id": 20005,
          "Level": 1,
          "Rank": 1
        }
      ]
    },
    {
      "Level": 20,
      "EquipmentConfigList": [
        {
          "Id": 20005,
          "Level": 20,
          "Rank": 1
        }
      ],
      "RelicPropertyTypeList": [
        311400
      ],
      "RelicMainValue": 5412200,
      "RelicSubValue": 200
    },
    {
      "Level": 30,
      "Promotion": 1,
      "SkillTreePointPreset": "W0_Standard_20-30",
      "EquipmentConfigList": [
        {
          "Id": 20005,
          "Level": 30,
          "Rank": 1
        }
      ],
      "RelicPropertyTypeList": [
        411400
      ],
      "RelicMainValue": 5412200,
      "RelicSubValue": 300
    },
    {
      "Level": 40,
      "Promotion": 2,
      "SkillTreePointPreset": "W1_Standard_30-40",
      "EquipmentConfigList": [
        {
          "Id": 21018,
          "Level": 40,
          "Rank": 1
        }
      ],
      "RelicPropertyTypeList": [
        411403
      ],
      "RelicMainValue": 5412303,
      "RelicSubValue": 303
    },
    {
      "Level": 50,
      "Promotion": 3,
      "SkillTreePointPreset": "W2_Standard_40-50",
      "EquipmentConfigList": [
        {
          "Id": 21018,
          "Level": 50,
          "Rank": 1
        }
      ],
      "RelicPropertyTypeList": [
        511406,
        531006
      ],
      "RelicMainValue": 5412406,
      "RelicSubValue": 406
    },
    {
      "Level": 60,
      "Promotion": 4,
      "SkillTreePointPreset": "W3_Standard_50-60",
      "EquipmentConfigList": [
        {
          "Id": 21018,
          "Level": 60,
          "Rank": 1
        }
      ],
      "RelicPropertyTypeList": [
        511410,
        531010
      ],
      "RelicMainValue": 5412410,
      "RelicSubValue": 410
    },
    {
      "Level": 70,
      "Promotion": 5,
      "SkillTreePointPreset": "W4_Standard_60-70",
      "EquipmentConfigList": [
        {
          "Id": 21018,
          "Level": 70,
          "Rank": 2
        }
      ],
      "RelicPropertyTypeList": [
        611410,
        631010
      ],
      "RelicMainValue": 5412510,
      "RelicSubValue": 510
    },
    {
      "Level": 79,
      "Promotion": 6,
      "SkillTreePointPreset": "W5_Standard_70-80",
      "EquipmentConfigList": [
        {
          "Id": 21018,
          "Level": 79,
          "Rank": 3
        }
      ],
      "RelicPropertyTypeList": [
        611413,
        631013
      ],
      "RelicMainValue": 5412513,
      "RelicSubValue": 513
    },
    {
      "Level": 80,
      "Promotion": 6,
      "SkillTreePointPreset": "LvMax",
      "EquipmentConfigList": [
        {
          "Id": 23003,
          "Level": 80,
          "Rank": 1
        }
      ],
      "RelicPropertyTypeList": [
        611415,
        631015
      ],
      "RelicMainValue": 5412515,
      "RelicSubValue": 515
    }
  ]
}