{
  "AvatarId": 1002,
  "KeyLevelConfigList": [
    {
      "Level": 1
    },
    {
      "Level": 10,
      "EquipmentConfigList": [
        {
          "Id": 20000,
          "Level": 1,
          "Rank": 1
        }
      ]
    },
    {
      "Level": 20,
      "EquipmentConfigList": [
        {
          "Id": 20000,
          "Level": 20,
          "Rank": 1
        }
      ],
      "RelicPropertyTypeList": [
        311000
      ],
      "RelicMainValue": 4484200,
      "RelicSubValue": 200
    },
    {
      "Level": 30,
      "Promotion": 1,
      "SkillTreePointPreset": "W0_Standard_20-30",
      "EquipmentConfigList": [
        {
          "Id": 20000,
          "Level": 30,
          "Rank": 1
        }
      ],
      "RelicPropertyTypeList": [
        411000
      ],
      "RelicMainValue": 4484300,
      "RelicSubValue": 300
    },
    {
      "Level": 40,
      "Promotion": 2,
      "SkillTreePointPreset": "W1_Standard_30-40",
      "EquipmentConfigList": [
        {
          "Id": 21003,
          "Level": 40,
          "Rank": 1
        }
      ],
      "RelicPropertyTypeList": [
        411003
      ],
      "RelicMainValue": 4484303,
      "RelicSubValue": 303
    },
    {
      "Level": 50,
      "Promotion": 3,
      "Rank": 1,
      "SkillTreePointPreset": "W2_Standard_40-50",
      "EquipmentConfigList": [
        {
          "Id": 21003,
          "Level": 50,
          "Rank": 1
        }
      ],
      "RelicPropertyTypeList": [
        511006,
        530106
      ],
      "RelicMainValue": 4484406,
      "RelicSubValue": 406
    },
    {
      "Level": 60,
      "Promotion": 4,
      "Rank": 2,
      "SkillTreePointPreset": "W3_Standard_50-60",
      "EquipmentConfigList": [
        {
          "Id": 21003,
          "Level": 60,
          "Rank": 1
        }
      ],
      "RelicPropertyTypeList": [
        511010,
        530110
      ],
      "RelicMainValue": 4484410,
      "RelicSubValue": 410
    },
    {
      "Level": 70,
      "Promotion": 5,
      "Rank": 3,
      "SkillTreePointPreset": "W4_Standard_60-70",
      "EquipmentConfigList": [
        {
          "Id": 21003,
          "Level": 70,
          "Rank": 2
        }
      ],
      "RelicPropertyTypeList": [
        611010,
        630110
      ],
      "RelicMainValue": 4484510,
      "RelicSubValue": 510
    },
    {
      "Level": 79,
      "Promotion": 6,
      "Rank": 4,
      "SkillTreePointPreset": "W5_Standard_70-80",
      "EquipmentConfigList": [
        {
          "Id": 21003,
          "Level": 79,
          "Rank": 3
        }
      ],
      "RelicPropertyTypeList": [
        611013,
        630113
      ],
      "RelicMainValue": 4484513,
      "RelicSubValue": 513
    },
    {
      "Level": 80,
      "Promotion": 6,
      "Rank": 6,
      "SkillTreePointPreset": "LvMax",
      "EquipmentConfigList": [
        {
          "Id": 21003,
          "Level": 80,
          "Rank": 5
        }
      ],
      "RelicPropertyTypeList": [
        611015,
        630115
      ],
      "RelicMainValue": 4484515,
      "RelicSubValue": 515
    }
  ]
}