{
  "GroupGUID": "f00a54f2-c015-4907-85a7-006664428c46",
  "GroupName": "MainMission2010201_02",
  "Category": "Mission",
  "AreaAnchorName": "LevelArea_P10000_F10000002_G17",
  "SaveType": "Reset",
  "LoadCondition": {
    "Conditions": [
      {
        "Type": "SubMission",
        "ID": 201020102
      }
    ]
  },
  "UnloadCondition": {
    "Conditions": [
      {
        "Type": "SubMission",
        "Phase": "Finish",
        "ID": 201020102
      }
    ]
  },
  "OwnerMainMissionID": 2010201,
  "ConflictIDList": [],
  "AnchorList": [
    {
      "ID": 1,
      "PosX": -4.377,
      "PosY": 0.025,
      "PosZ": 15.263,
      "Name": "Anchor1",
      "MapLayerID": 1,
      "Usage": "Actor"
    },
    {
      "ID": 2,
      "PosX": 4.455,
      "PosY": 0.242228,
      "PosZ": 14.654,
      "Name": "Anchor2",
      "RotY": 54.6,
      "MapLayerID": 1,
      "Usage": "Actor"
    },
    {
      "ID": 3,
      "PosX": 3.402,
      "PosY": 2.59382,
      "PosZ": 12.803,
      "Name": "Anchor3",
      "RotY": 30.99527,
      "RotX": 25.21078,
      "RotZ": 1.0E-6,
      "MapLayerID": 1,
      "Usage": "Camera"
    }
  ],
  "MonsterList": [],
  "PropList": [
    {
      "ID": 300001,
      "PosX": 5.857,
      "PosY": 0.242228,
      "PosZ": 13.98,
      "Name": "Prop1",
      "PropID": 100,
      "IsOverrideInitLevelGraph": true,
      "Trigger": {
        "Radius": 3.0,
        "DimX": 1.0,
        "DimY": 1.0,
        "DimZ": 1.0,
        "PointList": []
      },
      "CampID": 4,
      "MapLayerID": 1,
      "CustomTriggerMap": {},
      "CustomTriggerMapV2": {},
      "BridgeStateRotations": [],
      "DialogueGroups": [],
      "TalkDialogGroupIDList": [],
      "ServerInteractVerificationIDList": []
    }
  ],
  "NPCList": [
    {
      "ID": 400001,
      "PosX": 6.018,
      "PosY": 0.242227,
      "PosZ": 15.629,
      "Name": "NPC1",
      "RotY": 88.4,
      "NPCID": 1002,
      "DialogueGroups": [],
      "ServerInteractVerificationIDList": [],
      "MapLayerID": 1,
      "BoardShowList": [],
      "TalkDialogGroupIDList": [],
      "DefaultIdleFreeStyleMotionID": 310020222,
      "InitialHiddenNodeList": [],
      "SpawnConfig": {
        "EntitySpawnConfig": {},
        "CaptureDistanceTolerance": 10.0
      }
    },
    {
      "ID": 400002,
      "PosX": -3.872,
      "PosY": 0.025,
      "PosZ": 16.58,
      "Name": "NPC2",
      "RotY": 200.7,
      "NPCID": 1001,
      "DialogueGroups": [],
      "ServerInteractVerificationIDList": [],
      "MapLayerID": 1,
      "BoardShowList": [],
      "TalkDialogGroupIDList": [],
      "DefaultIdleFreeStyleMotionID": 310010237,
      "InitialHiddenNodeList": [],
      "SpawnConfig": {
        "EntitySpawnConfig": {},
        "CaptureDistanceTolerance": 10.0
      }
    },
    {
      "ID": 400003,
      "PosX": 5.793,
      "PosY": 0.242227,
      "PosZ": 15.521,
      "Name": "NPC3",
      "RotY": 80.5,
      "NPCID": 1002,
      "DialogueGroups": [],
      "ServerInteractVerificationIDList": [],
      "MapLayerID": 1,
      "BoardShowList": [],
      "TalkDialogGroupIDList": [],
      "DefaultIdleFreeStyleMotionID": 310020222,
      "InitialHiddenNodeList": [],
      "SpawnConfig": {
        "EntitySpawnConfig": {},
        "CaptureDistanceTolerance": 10.0
      }
    },
    {
      "ID": 400004,
      "PosX": 4.295,
      "PosY": 0.242228,
      "PosZ": 15.683,
      "Name": "NPC4",
      "RotY": 89.2,
      "NPCID": 1001,
      "DialogueGroups": [],
      "ServerInteractVerificationIDList": [],
      "MapLayerID": 1,
      "BoardShowList": [],
      "TalkDialogGroupIDList": [],
      "DefaultIdleFreeStyleMotionID": 310010210,
      "InitialHiddenNodeList": [],
      "SpawnConfig": {
        "EntitySpawnConfig": {},
        "CaptureDistanceTolerance": 10.0
      }
    }
  ]
}