{
  "GroupGUID": "cc23f80c-375b-4fc2-8629-0d7bcd45e8c0",
  "GroupName": "RoomStop",
  "AreaAnchorName": "LevelArea_P10000_F10000002_G12",
  "SaveType": "Reset",
  "LoadCondition": {
    "Conditions": [
      {
        "Phase": "Finish",
        "ID": 1000501
      }
    ]
  },
  "ConflictIDList": [],
  "AnchorList": [
    {
      "ID": 1,
      "PosX": 3.358559,
      "PosY": 1.0,
      "PosZ": 4.796013,
      "Name": "Anchor1",
      "MapLayerID": 1
    }
  ],
  "MonsterList": [],
  "PropList": [
    {
      "ID": 300001,
      "PosX": -2.16,
      "PosY": -1.0E-6,
      "PosZ": -5.28,
      "Name": "Prop1",
      "PropID": 100,
      "IsOverrideInitLevelGraph": true,
      "Trigger": {
        "Radius": 2.0,
        "DimX": 1.0,
        "DimY": 1.0,
        "DimZ": 1.0,
        "PointList": []
      },
      "CampID": 4,
      "MapLayerID": 1,
      "CustomTriggerMap": {},
      "BridgeStateRotations": [],
      "DialogueGroups": [],
      "TalkDialogGroupIDList": [],
      "ServerInteractVerificationIDList": [],
      "Dialog": {
        "LevelGraph": "Config/Level/PropDialogue/P10000/F10000002_G12/DialogueMain_F10000002_G12_P300001.json",
        "PackList": []
      },
      "InteractIconType": "CheckIcon",
      "InteractTitle": {
        "Hash": 278713937
      }
    },
    {
      "ID": 300002,
      "PosX": -2.16,
      "PosY": -1.0E-6,
      "PosZ": -15.92,
      "Name": "Prop2",
      "PropID": 100,
      "IsOverrideInitLevelGraph": true,
      "Trigger": {
        "Radius": 2.0,
        "DimX": 1.0,
        "DimY": 1.0,
        "DimZ": 1.0,
        "PointList": []
      },
      "CampID": 4,
      "MapLayerID": 1,
      "CustomTriggerMap": {},
      "BridgeStateRotations": [],
      "DialogueGroups": [],
      "TalkDialogGroupIDList": [],
      "ServerInteractVerificationIDList": [],
      "Dialog": {
        "LevelGraph": "Config/Level/PropDialogue/P10000/F10000002_G12/DialogueMain_F10000002_G12_P300002.json",
        "PackList": []
      },
      "InteractIconType": "CheckIcon",
      "InteractTitle": {
        "Hash": 278713937
      }
    },
    {
      "ID": 300007,
      "PosX": -2.16,
      "PosY": -1.0E-6,
      "PosZ": 5.28,
      "Name": "Prop7",
      "PropID": 100,
      "IsOverrideInitLevelGraph": true,
      "Trigger": {
        "Radius": 2.0,
        "DimX": 1.0,
        "DimY": 1.0,
        "DimZ": 1.0,
        "PointList": []
      },
      "CampID": 4,
      "MapLayerID": 1,
      "CustomTriggerMap": {},
      "BridgeStateRotations": [],
      "DialogueGroups": [],
      "TalkDialogGroupIDList": [],
      "ServerInteractVerificationIDList": [],
      "Dialog": {
        "LevelGraph": "Config/Level/PropDialogue/P10000/F10000002_G12/DialogueMain_F10000002_G12_P300007.json",
        "PackList": []
      },
      "InteractIconType": "CheckIcon",
      "InteractTitle": {
        "Hash": 278713937
      }
    },
    {
      "ID": 300003,
      "PosX": 4.755,
      "PosY": 1.529,
      "PosZ": 11.712,
      "Name": "Prop3",
      "PropID": 100,
      "IsOverrideInitLevelGraph": true,
      "Trigger": {
        "Radius": 1.5,
        "DimX": 1.0,
        "DimY": 1.0,
        "DimZ": 1.0,
        "PointList": []
      },
      "CampID": 4,
      "MapLayerID": 1,
      "CustomTriggerMap": {},
      "BridgeStateRotations": [],
      "DialogueGroups": [],
      "TalkDialogGroupIDList": [],
      "ServerInteractVerificationIDList": [],
      "Dialog": {
        "LevelGraph": "Config/Level/PropDialogue/P10000/F10000002_G12/DialogueMain_F10000002_G12_P300003.json",
        "PackList": []
      },
      "InteractIconType": "CheckIcon",
      "InteractTitle": {
        "Hash": 1723370561
      }
    },
    {
      "ID": 300004,
      "PosX": 5.761,
      "PosY": 0.535,
      "PosZ": 19.16,
      "Name": "Prop4",
      "PropID": 100,
      "IsOverrideInitLevelGraph": true,
      "Trigger": {
        "Radius": 1.5,
        "DimX": 1.0,
        "DimY": 1.0,
        "DimZ": 1.0,
        "PointList": []
      },
      "CampID": 4,
      "MapLayerID": 1,
      "CustomTriggerMap": {},
      "BridgeStateRotations": [],
      "DialogueGroups": [],
      "TalkDialogGroupIDList": [],
      "ServerInteractVerificationIDList": [],
      "Dialog": {
        "LevelGraph": "Config/Level/PropDialogue/P10000/F10000002_G12/DialogueMain_F10000002_G12_P300004.json",
        "PackList": []
      },
      "InteractIconType": "CheckIcon",
      "InteractTitle": {
        "Hash": 1723370558
      }
    },
    {
      "ID": 300005,
      "PosX": 5.761,
      "PosY": 0.535,
      "PosZ": 19.16,
      "Name": "Prop5",
      "PropID": 100,
      "IsOverrideInitLevelGraph": true,
      "Trigger": {
        "Radius": 1.5,
        "DimX": 1.0,
        "DimY": 1.0,
        "DimZ": 1.0,
        "PointList": []
      },
      "CampID": 4,
      "MapLayerID": 1,
      "OverrideHintRange": 25.0,
      "CustomTriggerMap": {},
      "BridgeStateRotations": [],
      "DialogueGroups": [],
      "TalkDialogGroupIDList": [],
      "ServerInteractVerificationIDList": []
    },
    {
      "ID": 300006,
      "PosX": -1.226,
      "PosY": 0.966,
      "PosZ": 9.525,
      "Name": "Prop6",
      "PropID": 100,
      "IsOverrideInitLevelGraph": true,
      "Trigger": {
        "Radius": 1.0,
        "DimX": 1.0,
        "DimY": 1.0,
        "DimZ": 1.0,
        "PointList": []
      },
      "CampID": 4,
      "MapLayerID": 1,
      "CustomTriggerMap": {},
      "BridgeStateRotations": [],
      "DialogueGroups": [],
      "TalkDialogGroupIDList": [],
      "ServerInteractVerificationIDList": [],
      "Dialog": {
        "LevelGraph": "Config/Level/PropDialogue/P10000/F10000002_G12/DialogueMain_F10000002_G12_P300006.json",
        "PackList": []
      },
      "InteractIconType": "CheckIcon",
      "InteractTitle": {
        "Hash": 1723370559
      }
    },
    {
      "ID": 300008,
      "PosX": 3.274,
      "PosY": 1.379,
      "PosZ": 10.224,
      "Name": "Prop8",
      "PropID": 100,
      "IsOverrideInitLevelGraph": true,
      "Trigger": {
        "Radius": 1.5,
        "DimX": 1.0,
        "DimY": 1.0,
        "DimZ": 1.0,
        "PointList": []
      },
      "CampID": 4,
      "MapLayerID": 1,
      "CustomTriggerMap": {},
      "BridgeStateRotations": [],
      "DialogueGroups": [],
      "TalkDialogGroupIDList": [],
      "ServerInteractVerificationIDList": [],
      "Dialog": {
        "LevelGraph": "Config/Level/PropDialogue/P10000/F10000002_G12/DialogueMain_F10000002_G12_P300008.json",
        "PackList": []
      },
      "InteractIconType": "CheckIcon",
      "InteractTitle": {
        "Hash": 1723370564
      }
    },
    {
      "ID": 300009,
      "PosX": 5.635,
      "PosY": 0.826,
      "PosZ": 7.609,
      "Name": "Prop9",
      "PropID": 100,
      "IsOverrideInitLevelGraph": true,
      "Trigger": {
        "Radius": 1.4,
        "DimX": 1.0,
        "DimY": 1.0,
        "DimZ": 1.0,
        "PointList": []
      },
      "CampID": 4,
      "MapLayerID": 1,
      "CustomTriggerMap": {},
      "BridgeStateRotations": [],
      "DialogueGroups": [],
      "TalkDialogGroupIDList": [],
      "ServerInteractVerificationIDList": [],
      "Dialog": {
        "LevelGraph": "Config/Level/PropDialogue/P10000/F10000002_G12/DialogueMain_F10000002_G12_P300009.json",
        "PackList": []
      },
      "InteractIconType": "CheckIcon",
      "InteractTitle": {
        "Hash": 1723370565
      }
    },
    {
      "ID": 300010,
      "PosX": 7.773,
      "PosY": 1.182,
      "PosZ": 3.454,
      "Name": "Prop10",
      "PropID": 100,
      "IsOverrideInitLevelGraph": true,
      "Trigger": {
        "Radius": 1.4,
        "DimX": 1.0,
        "DimY": 1.0,
        "DimZ": 1.0,
        "PointList": []
      },
      "CampID": 4,
      "MapLayerID": 1,
      "CustomTriggerMap": {},
      "BridgeStateRotations": [],
      "DialogueGroups": [],
      "TalkDialogGroupIDList": [],
      "ServerInteractVerificationIDList": [],
      "Dialog": {
        "LevelGraph": "Config/Level/PropDialogue/P10000/F10000002_G12/DialogueMain_F10000002_G12_P300010.json",
        "PackList": []
      },
      "InteractIconType": "CheckIcon",
      "InteractTitle": {
        "Hash": 1723370562
      }
    },
    {
      "ID": 300011,
      "PosX": 5.061,
      "PosY": 0.869342,
      "PosZ": 1.956,
      "Name": "Prop11",
      "PropID": 100,
      "IsOverrideInitLevelGraph": true,
      "Trigger": {
        "Shape": "Box",
        "Radius": 1.4,
        "DimX": 3.4,
        "DimY": 1.0,
        "DimZ": 5.0,
        "PointList": []
      },
      "CampID": 4,
      "MapLayerID": 1,
      "CustomTriggerMap": {},
      "BridgeStateRotations": [],
      "DialogueGroups": [],
      "TalkDialogGroupIDList": [],
      "ServerInteractVerificationIDList": [],
      "Dialog": {
        "LevelGraph": "Config/Level/PropDialogue/P10000/F10000002_G12/DialogueMain_F10000002_G12_P300011.json",
        "PackList": []
      },
      "InteractIconType": "CheckIcon",
      "InteractTitle": {
        "Hash": 1723370563
      }
    },
    {
      "ID": 300012,
      "PosX": 0.143,
      "PosY": 0.844,
      "PosZ": 1.28,
      "Name": "Prop12",
      "PropID": 100,
      "IsOverrideInitLevelGraph": true,
      "Trigger": {
        "Radius": 1.4,
        "DimX": 1.0,
        "DimY": 1.0,
        "DimZ": 1.0,
        "PointList": []
      },
      "CampID": 4,
      "MapLayerID": 1,
      "CustomTriggerMap": {},
      "BridgeStateRotations": [],
      "DialogueGroups": [],
      "TalkDialogGroupIDList": [],
      "ServerInteractVerificationIDList": [],
      "Dialog": {
        "LevelGraph": "Config/Level/PropDialogue/P10000/F10000002_G12/DialogueMain_F10000002_G12_P300012.json",
        "PackList": []
      },
      "InteractIconType": "CheckIcon",
      "InteractTitle": {
        "Hash": 1723370568
      }
    }
  ],
  "NPCList": []
}