{
  "GroupGUID": "45a3a487-1f0d-4c88-8e85-b8b667a0de49",
  "GroupName": "Door",
  "AreaAnchorName": "LevelArea_P10000_F10000002_G9",
  "LoadSide": "Server",
  "LoadOnInitial": true,
  "AnchorList": [],
  "MonsterList": [],
  "PropList": [
    {
      "ID": 300001,
      "PosX": -2.1631,
      "PosZ": 15.762,
      "Name": "Prop1",
      "RotY": 270.0,
      "PropID": 2003,
      "IsOverrideInitLevelGraph": true,
      "InitLevelGraph": "Config/Level/Props/ChapTrain/InitLevelGraph_Prop_ChapTrain_Door_01.json",
      "CampID": 4,
      "State": "Open",
      "MapLayerID": 1,
      "CustomTriggerMap": {},
      "BridgeStateRotations": [],
      "DialogueGroups": [],
      "TalkDialogGroupIDList": [],
      "ServerInteractVerificationIDList": []
    },
    {
      "ID": 300002,
      "PosX": -2.163,
      "PosZ": 5.264,
      "Name": "Prop2",
      "RotY": 270.0,
      "PropID": 2003,
      "IsOverrideInitLevelGraph": true,
      "InitLevelGraph": "Config/Level/Props/ChapTrain/InitLevelGraph_Prop_ChapTrain_Door_01.json",
      "CampID": 4,
      "State": "Open",
      "MapLayerID": 1,
      "CustomTriggerMap": {},
      "BridgeStateRotations": [],
      "DialogueGroups": [],
      "TalkDialogGroupIDList": [],
      "ServerInteractVerificationIDList": []
    }
  ],
  "NPCList": []
}