{
  "GroupGUID": "67374987-b57d-48f1-a53b-e0b205d08953",
  "GroupName": "FunctionProps",
  "AreaAnchorName": "LevelArea_P10000_F10000002_G11",
  "LoadSide": "Server",
  "LoadOnInitial": true,
  "ConflictIDList": [],
  "AnchorList": [],
  "MonsterList": [],
  "PropList": [
    {
      "ID": 300001,
      "PosX": 1.205,
      "PosY": 1.0371,
      "PosZ": 19.8417,
      "Name": "Prop1",
      "RotY": 180.0,
      "PropID": 2005,
      "IsOverrideInitLevelGraph": true,
      "InitLevelGraph": "Config/Level/Maze/Chapter00/Train/Train_Chapter00_Library.json",
      "Trigger": {
        "Shape": "Box",
        "Radius": 1.0,
        "DimX": 2.0,
        "DimY": 2.0,
        "DimZ": 1.0,
        "PointList": []
      },
      "CampID": 4,
      "MapLayerID": 1,
      "CustomTriggerMap": {},
      "BridgeStateRotations": [],
      "DialogueGroups": [],
      "TalkDialogGroupIDList": [],
      "ServerInteractVerificationIDList": []
    },
    {
      "ID": 300002,
      "PosX": 1.225,
      "PosY": 1.0371,
      "PosZ": 11.6844,
      "Name": "Prop2",
      "RotY": 180.0,
      "PropID": 2005,
      "IsOverrideInitLevelGraph": true,
      "InitLevelGraph": "Config/Level/Maze/Chapter00/Train/Train_Chapter00_Library.json",
      "Trigger": {
        "Shape": "Box",
        "Radius": 1.0,
        "DimX": 2.0,
        "DimY": 2.0,
        "DimZ": 1.0,
        "PointList": []
      },
      "CampID": 4,
      "MapLayerID": 1,
      "CustomTriggerMap": {},
      "BridgeStateRotations": [],
      "DialogueGroups": [],
      "TalkDialogGroupIDList": [],
      "ServerInteractVerificationIDList": []
    },
    {
      "ID": 300004,
      "PosX": 3.947,
      "PosY": 0.924,
      "PosZ": 10.27,
      "Name": "Prop4",
      "PropID": 2005,
      "IsOverrideInitLevelGraph": true,
      "InitLevelGraph": "Config/Level/Maze/Chapter00/Train/Train_Chapter00_PerformanceRecall.json",
      "CampID": 4,
      "MapLayerID": 1,
      "CustomTriggerMap": {},
      "BridgeStateRotations": [],
      "DialogueGroups": [],
      "TalkDialogGroupIDList": [],
      "ServerInteractVerificationIDList": []
    }
  ],
  "NPCList": []
}