{
  "GroupGUID": "1cac0964-70d2-418a-ba70-abae519bd277",
  "GroupName": "Default",
  "AreaAnchorName": "LevelArea_P10000_F10000002_G1",
  "SaveType": "Reset",
  "LoadOnInitial": true,
  "ConflictIDList": [],
  "AnchorList": [
    {
      "ID": 1,
      "PosX": -0.01,
      "PosY": 0.006584,
      "PosZ": 28.22999,
      "Name": "Anchor1",
      "RotY": 180.0,
      "MapLayerID": 1
    }
  ],
  "MonsterList": [],
  "PropList": [
    {
      "ID": 300001,
      "PosX": 7.708002,
      "PosY": 0.746,
      "PosZ": 6.639,
      "Name": "Prop1",
      "RotY": 239.0439,
      "PropID": 100,
      "IsOverrideInitLevelGraph": true,
      "InitLevelGraph": "Config/Level/Maze/Chapter00/Train/Train_Room_Mar_7th_Doll.json",
      "ValueSource": {
        "Values": [
          {
            "$type": "SharedString",
            "Key": "Male",
            "Value": "1,300001"
          },
          {
            "$type": "SharedString",
            "Key": "Female",
            "Value": "1,300002"
          },
          {
            "$type": "SharedString",
            "Key": "Others",
            "Value": "1,300003"
          }
        ]
      },
      "CampID": 4,
      "MapLayerID": 1,
      "CustomTriggerMap": {},
      "BridgeStateRotations": [],
      "DialogueGroups": [],
      "TalkDialogGroupIDList": [],
      "ServerInteractVerificationIDList": [],
      "StageObjectCapture": {
        "BlockAlias": "Room_Mar_7th",
        "PrefabAlias": "Prop_Doll_PlayerBoy_0"
      }
    },
    {
      "ID": 300002,
      "PosX": 7.708002,
      "PosY": 0.746,
      "PosZ": 6.639,
      "Name": "Prop2",
      "RotY": 239.0439,
      "PropID": 100,
      "IsOverrideInitLevelGraph": true,
      "CampID": 4,
      "MapLayerID": 1,
      "CustomTriggerMap": {},
      "BridgeStateRotations": [],
      "DialogueGroups": [],
      "TalkDialogGroupIDList": [],
      "ServerInteractVerificationIDList": [],
      "StageObjectCapture": {
        "BlockAlias": "Room_Mar_7th",
        "PrefabAlias": "Prop_Doll_PlayerGirl_0"
      }
    },
    {
      "ID": 300003,
      "PosX": 7.888001,
      "PosY": 0.747,
      "PosZ": 5.899,
      "Name": "Prop3",
      "RotY": 264.9049,
      "PropID": 100,
      "IsOverrideInitLevelGraph": true,
      "CampID": 4,
      "MapLayerID": 1,
      "CustomTriggerMap": {},
      "BridgeStateRotations": [],
      "DialogueGroups": [],
      "TalkDialogGroupIDList": [],
      "ServerInteractVerificationIDList": [],
      "StageObjectCapture": {
        "BlockAlias": "Room_Mar_7th",
        "PrefabAlias": "Prop_Doll_Others_0"
      }
    }
  ],
  "NPCList": []
}