{
  "GroupGUID": "94ab6cd8-bd25-42da-ba67-12a1e9a00db3",
  "GroupName": "MainMission1020101_",
  "Category": "Mission",
  "AreaAnchorName": "LevelArea_P10000_F10000002_G5",
  "SaveType": "Reset",
  "LoadCondition": {
    "Conditions": [
      {
        "ID": 1020101
      }
    ]
  },
  "UnloadCondition": {
    "Conditions": [
      {
        "Phase": "Finish",
        "ID": 1020101
      }
    ]
  },
  "OwnerMainMissionID": 1020101,
  "ConflictIDList": [],
  "AnchorList": [
    {
      "ID": 1,
      "PosX": -4.76,
      "PosZ": 15.94543,
      "Name": "Anchor1",
      "MapLayerID": 1
    },
    {
      "ID": 2,
      "PosX": -4.792,
      "PosZ": 15.771,
      "Name": "Anchor2",
      "RotY": 172.8,
      "MapLayerID": 1
    }
  ],
  "MonsterList": [],
  "PropList": [],
  "NPCList": []
}