{
  "GroupGUID": "66bc2f0b-c2bb-417a-b813-3b0b279ee7f1",
  "GroupName": "Exit",
  "AreaAnchorName": "LevelArea_P10000_F10000002_G2",
  "LoadSide": "Server",
  "LoadOnInitial": true,
  "ValueSource": {
    "Values": [
      {
        "$type": "SharedFloat",
        "Key": "MazeDF_CurrentGroup",
        "Value": 1.0
      }
    ]
  },
  "AnchorList": [],
  "MonsterList": [],
  "PropList": [
    {
      "ID": 300001,
      "PosX": 0.11,
      "PosY": 2.0,
      "PosZ": 32.137,
      "Name": "Prop1",
      "PropID": 108,
      "IsOverrideInitLevelGraph": true,
      "InitLevelGraph": "Config/Level/Maze/Chapter01/Town/Town_Chapter01_Entry.json",
      "ValueSource": {
        "Values": [
          {
            "$type": "SharedString",
            "Key": "ButtonTextFloorName",
            "Value": "FloorName_10000000 "
          },
          {
            "$type": "SharedUint",
            "Key": "EnterMapEntranceID",
            "Value": 200000204
          }
        ]
      },
      "Trigger": {
        "Radius": 2.0,
        "DimX": 1.0,
        "DimY": 1.0,
        "DimZ": 1.0
      },
      "CampID": 4,
      "CustomTriggerMap": {},
      "BridgeStateRotations": [],
      "DialogueGroups": [],
      "TalkDialogGroupIDList": [],
      "ServerInteractVerificationIDList": []
    }
  ],
  "NPCList": []
}