{
  "GroupGUID": "7e9b4cbe-2452-425d-93b0-1f55a58fd1a3",
  "GroupName": "MainMission2021001_",
  "Category": "Mission",
  "AreaAnchorName": "LevelArea_P10000_F10000002_G23",
  "SaveType": "Reset",
  "LoadCondition": {
    "Conditions": [
      {
        "Type": "SubMission",
        "ID": 202100102
      },
      {
        "Type": "SubMission",
        "ID": 202100103
      }
    ],
    "Operation": "Or"
  },
  "UnloadCondition": {
    "Conditions": [
      {
        "Type": "SubMission",
        "Phase": "Finish",
        "ID": 202100103
      }
    ]
  },
  "OwnerMainMissionID": 2021001,
  "ValueSource": {},
  "ConflictIDList": [],
  "AnchorList": [
    {
      "ID": 1,
      "PosX": 1.841,
      "PosY": 1.59,
      "PosZ": 13.433,
      "Name": "Anchor1",
      "RotY": 179.7122,
      "RotX": 10.60684,
      "MapLayerID": 1,
      "Usage": "Camera",
      "CustomParameter": {
        "$type": "LevelAnchorCameraParameter"
      }
    },
    {
      "ID": 2,
      "PosX": 0.193,
      "PosY": 1.354,
      "PosZ": 13.824,
      "Name": "Anchor2",
      "RotY": 156.5244,
      "MapLayerID": 1,
      "Usage": "Camera",
      "CustomParameter": {
        "$type": "LevelAnchorCameraParameter"
      }
    }
  ],
  "MonsterList": [],
  "PropList": [
    {
      "ID": 300001,
      "PosX": 1.88,
      "PosY": -1.0E-6,
      "PosZ": 12.43,
      "Name": "Prop1",
      "PropID": 100,
      "IsOverrideInitLevelGraph": true,
      "ValueSource": {},
      "Trigger": {
        "Radius": 4.0,
        "DimX": 1.0,
        "DimY": 1.0,
        "DimZ": 1.0,
        "PointList": []
      },
      "CampID": 4,
      "MapLayerID": 1,
      "CustomTriggerMap": {},
      "CustomTriggerMapV2": {},
      "BridgeStateRotations": [],
      "DialogueGroups": [],
      "TalkDialogGroupIDList": [],
      "ServerInteractVerificationIDList": []
    }
  ],
  "NPCList": [
    {
      "ID": 400001,
      "PosX": 1.091,
      "PosY": -1.0E-6,
      "PosZ": 12.609,
      "Name": "NPC1",
      "RotY": 152.8355,
      "NPCID": 1002,
      "ValueSource": {},
      "DialogueGroups": [],
      "ServerInteractVerificationIDList": [],
      "MapLayerID": 1,
      "BoardShowList": [],
      "TalkDialogGroupIDList": [],
      "DefaultIdleFreeStyleMotionID": 310020000,
      "InitialHiddenNodeList": [],
      "Dialog": {
        "LevelGraph": "Config/Level/NPCDialogue/P10000/F10000002_G23/DialogueMain_F10000002_G23_N400001.json",
        "PackList": []
      },
      "SpawnConfig": {
        "EntitySpawnConfig": {},
        "CaptureDistanceTolerance": 10.0
      }
    },
    {
      "ID": 400002,
      "PosX": 1.865,
      "PosY": -1.0E-6,
      "PosZ": 12.609,
      "Name": "NPC2",
      "RotY": 333.6739,
      "NPCID": 1002,
      "ValueSource": {},
      "DialogueGroups": [],
      "ServerInteractVerificationIDList": [],
      "MapLayerID": 1,
      "BoardShowList": [],
      "TalkDialogGroupIDList": [],
      "DefaultIdleFreeStyleMotionID": 310020000,
      "InitialHiddenNodeList": [],
      "SpawnConfig": {
        "EntitySpawnConfig": {},
        "CaptureDistanceTolerance": 10.0
      }
    }
  ]
}