{
  "GroupGUID": "bdf265ec-8e9c-408f-bd5e-1747d4e2e15e",
  "GroupName": "MainMission8002107_2",
  "Category": "Mission",
  "LevelGraph": "Config/Level/GroupGraph/F10000002/Group_F10000002_G31.json",
  "AreaAnchorName": "LevelArea_P10000_F10000002_G31",
  "SaveType": "Reset",
  "SavedValueCondition": {
    "Operation": "And"
  },
  "OwnerMainMissionID": 8002107,
  "ValueSource": {},
  "ConflictIDList": [],
  "IsHoyoGroup": true,
  "SpatialInfo": {
    "GridList": [
      {
        "y": 3
      },
      {
        "x": 1,
        "y": 3
      },
      {
        "x": 2,
        "y": 3
      },
      {
        "y": 4
      },
      {
        "x": 1,
        "y": 4
      },
      {
        "x": 2,
        "y": 4
      },
      {
        "y": 5
      },
      {
        "x": 1,
        "y": 5
      },
      {
        "x": 2,
        "y": 5
      }
    ],
    "LowerUpperBounds": {
      "y": 2
    }
  },
  "ConflictWhiteList": [],
  "AnchorList": [
    {
      "ID": 1,
      "PosX": 3.109,
      "PosZ": 7.405,
      "Name": "Anchor1",
      "RotY": 0.719062,
      "MapLayerID": 1,
      "Usage": "Actor"
    },
    {
      "ID": 2,
      "PosX": 1.987281,
      "PosY": 1.598341,
      "PosZ": 6.547897,
      "Name": "Anchor2",
      "RotY": 7.718384,
      "RotX": 9.453626,
      "RotZ": 0.073659,
      "MapLayerID": 1,
      "Usage": "Camera",
      "CustomParameter": {
        "$type": "LevelAnchorCameraParameter"
      }
    },
    {
      "ID": 3,
      "PosX": 1.825,
      "PosZ": 8.159,
      "Name": "Anchor3",
      "RotY": 37.5,
      "MapLayerID": 1,
      "Usage": "Actor"
    },
    {
      "ID": 4,
      "PosX": -0.069999,
      "PosZ": 3.199999,
      "Name": "Anchor4",
      "RotY": 6.86,
      "MapLayerID": 1,
      "Usage": "Actor"
    },
    {
      "ID": 5,
      "PosX": 0.246001,
      "PosZ": 3.504999,
      "Name": "Anchor5",
      "RotY": 309.3441,
      "MapLayerID": 1,
      "Usage": "Actor"
    },
    {
      "ID": 6,
      "PosX": 3.120002,
      "PosZ": 8.989002,
      "Name": "Anchor6",
      "RotY": 206.8081,
      "MapLayerID": 1,
      "Usage": "Actor"
    },
    {
      "ID": 7,
      "PosX": 2.625002,
      "PosZ": 8.92,
      "Name": "Anchor7",
      "RotY": 150.1884,
      "MapLayerID": 1,
      "Usage": "Actor"
    },
    {
      "ID": 8,
      "PosX": 4.418,
      "PosZ": 8.273,
      "Name": "Anchor8",
      "RotY": 233.3298,
      "MapLayerID": 1,
      "Usage": "Actor"
    },
    {
      "ID": 9,
      "PosX": 4.62,
      "PosZ": 7.8,
      "Name": "Anchor9",
      "RotY": 265.1526,
      "MapLayerID": 1,
      "Usage": "Actor"
    },
    {
      "ID": 10,
      "PosX": -0.705,
      "PosZ": 4.45,
      "Name": "Anchor10",
      "RotY": 335.0,
      "MapLayerID": 1,
      "Usage": "Actor"
    }
  ],
  "MonsterList": [],
  "PropList": [
    {
      "ID": 300001,
      "PosX": 3.22,
      "PosZ": 7.77,
      "Name": "Prop1",
      "PropID": 100,
      "IsOverrideInitLevelGraph": true,
      "InitLevelGraph": "Config/Level/LevelInstanceGraph/F10000002/LG_Prop_F10000002_G31_300001.json",
      "ValueSource": {},
      "Trigger": {
        "Radius": 1.3,
        "DimX": 1.0,
        "DimY": 1.0,
        "DimZ": 1.0,
        "PointList": []
      },
      "CampID": 4,
      "MapLayerID": 1,
      "CustomTriggerMap": {},
      "CustomTriggerMapV2": {},
      "BridgeStateRotations": [],
      "DialogueGroups": [],
      "TalkDialogGroupIDList": [],
      "ServerInteractVerificationIDList": []
    },
    {
      "ID": 300002,
      "PosX": 0.398,
      "PosY": 1.492,
      "PosZ": 2.884,
      "Name": "Prop2",
      "RotY": 180.3987,
      "Scale": {
        "x": 0.1,
        "y": 0.1,
        "z": 0.1
      },
      "PropID": 100,
      "IsOverrideInitLevelGraph": true,
      "ValueSource": {},
      "CampID": 4,
      "MapLayerID": 1,
      "CustomTriggerMap": {},
      "CustomTriggerMapV2": {},
      "BridgeStateRotations": [],
      "DialogueGroups": [],
      "TalkDialogGroupIDList": [],
      "ServerInteractVerificationIDList": []
    },
    {
      "ID": 300003,
      "PosX": 2.773,
      "PosY": 1.492,
      "PosZ": 9.24,
      "Name": "Prop3",
      "RotY": 180.3987,
      "Scale": {
        "x": 0.1,
        "y": 0.1,
        "z": 0.1
      },
      "PropID": 100,
      "IsOverrideInitLevelGraph": true,
      "ValueSource": {},
      "CampID": 4,
      "MapLayerID": 1,
      "CustomTriggerMap": {},
      "CustomTriggerMapV2": {},
      "BridgeStateRotations": [],
      "DialogueGroups": [],
      "TalkDialogGroupIDList": [],
      "ServerInteractVerificationIDList": []
    },
    {
      "ID": 300004,
      "PosX": 4.875,
      "PosY": 1.492,
      "PosZ": 8.185,
      "Name": "Prop4",
      "RotY": 180.3987,
      "Scale": {
        "x": 0.1,
        "y": 0.1,
        "z": 0.1
      },
      "PropID": 100,
      "IsOverrideInitLevelGraph": true,
      "ValueSource": {},
      "CampID": 4,
      "MapLayerID": 1,
      "CustomTriggerMap": {},
      "CustomTriggerMapV2": {},
      "BridgeStateRotations": [],
      "DialogueGroups": [],
      "TalkDialogGroupIDList": [],
      "ServerInteractVerificationIDList": []
    },
    {
      "ID": 300005,
      "PosX": 0.37,
      "PosZ": 4.12,
      "Name": "Prop5",
      "PropID": 100,
      "IsOverrideInitLevelGraph": true,
      "InitLevelGraph": "Config/Level/LevelInstanceGraph/F10000002/LG_Prop_F10000002_G31_300001.json",
      "ValueSource": {
        "Values": []
      },
      "Trigger": {
        "Radius": 1.3,
        "DimX": 1.0,
        "DimY": 1.0,
        "DimZ": 1.0,
        "PointList": []
      },
      "CampID": 4,
      "MapLayerID": 1,
      "CustomTriggerMap": {},
      "CustomTriggerMapV2": {},
      "BridgeStateRotations": [],
      "DialogueGroups": [],
      "TalkDialogGroupIDList": [],
      "ServerInteractVerificationIDList": []
    }
  ],
  "NPCList": [
    {
      "ID": 400001,
      "PosX": 3.120002,
      "PosZ": 8.989002,
      "Name": "NPC1",
      "RotY": 206.8081,
      "NPCID": 1001,
      "ValueSource": {},
      "DialogueGroups": [],
      "ServerInteractVerificationIDList": [],
      "MapLayerID": 1,
      "BoardShowList": [],
      "TalkDialogGroupIDList": [],
      "DefaultIdleFreeStyleMotionID": 310010209,
      "InitialHiddenNodeList": [],
      "SpawnConfig": {
        "EntitySpawnConfig": {},
        "CaptureDistanceTolerance": 10.0
      }
    },
    {
      "ID": 400002,
      "PosX": 2.625002,
      "PosZ": 8.92,
      "Name": "NPC2",
      "RotY": 150.1884,
      "NPCID": 1990,
      "ValueSource": {},
      "DialogueGroups": [],
      "ServerInteractVerificationIDList": [],
      "DefaultLookAtMode": "Closed",
      "MapLayerID": 1,
      "BoardShowList": [],
      "TalkDialogGroupIDList": [],
      "DefaultIdleFreeStyleMotionID": 200,
      "InitialHiddenNodeList": [],
      "SpawnConfig": {
        "EntitySpawnConfig": {},
        "CaptureDistanceTolerance": 10.0
      }
    }
  ]
}