{
  "GroupGUID": "fd743c9d-2549-416a-b508-60b67664dd0f",
  "GroupName": "MainMission8002101_",
  "Category": "Mission",
  "AreaAnchorName": "LevelArea_P10000_F10000002_G34",
  "SaveType": "Reset",
  "SavedValueCondition": {
    "Operation": "And"
  },
  "OwnerMainMissionID": 8002101,
  "ValueSource": {},
  "ConflictIDList": [],
  "IsHoyoGroup": true,
  "AnchorList": [],
  "MonsterList": [],
  "PropList": [],
  "NPCList": [
    {
      "ID": 400001,
      "PosX": 3.119004,
      "PosZ": 9.491001,
      "Name": "NPC1",
      "NPCID": 1001,
      "ValueSource": {},
      "DialogueGroups": [],
      "ServerInteractVerificationIDList": [],
      "DefaultLookAtMode": "Closed",
      "MapLayerID": 1,
      "BoardShowList": [],
      "TalkDialogGroupIDList": [],
      "DefaultIdleFreeStyleMotionID": 310010221,
      "InitialHiddenNodeList": [],
      "Dialog": {
        "LevelGraph": "Config/Level/NPCDialogue/P10000/F10000002_G20/DialogueMain_F10000002_G20_N400001.json",
        "PackList": []
      },
      "SpawnConfig": {
        "EntitySpawnConfig": {},
        "CaptureDistanceTolerance": 10.0
      }
    }
  ]
}