{
  "GroupGUID": "bad5af31-435a-494c-a5c9-846bf4d71c05",
  "GroupName": "MainMission2020507_02",
  "Category": "Mission",
  "AreaAnchorName": "LevelArea_P10000_F10000002_G15",
  "SaveType": "Reset",
  "LoadCondition": {
    "Conditions": [
      {
        "Type": "SubMission",
        "ID": 202050702
      }
    ]
  },
  "UnloadCondition": {
    "Conditions": [
      {
        "Type": "SubMission",
        "Phase": "Finish",
        "ID": 202050702
      }
    ],
    "DelayToLevelReload": true
  },
  "OwnerMainMissionID": 2020507,
  "ConflictIDList": [],
  "AnchorList": [],
  "MonsterList": [],
  "PropList": [],
  "NPCList": [
    {
      "ID": 400001,
      "PosX": 1.869,
      "PosZ": 8.637,
      "Name": "NPC1",
      "NPCID": 1001,
      "DialogueGroups": [],
      "ServerInteractVerificationIDList": [],
      "MapLayerID": 1,
      "BoardShowList": [],
      "TalkDialogGroupIDList": [],
      "DefaultIdleFreeStyleMotionID": 310010250,
      "InitialHiddenNodeList": [],
      "Dialog": {
        "LevelGraph": "Config/Level/NPCDialogue/P10000/F10000002_G15/DialogueMain_F10000002_G15_N400001.json",
        "PackList": []
      }
    }
  ]
}