{
  "GroupGUID": "84764d5b-97c8-4844-a236-80d2533bd348",
  "GroupName": "MainMission1020101_",
  "Category": "Mission",
  "AreaAnchorName": "LevelArea_P10000_F10000002_G6",
  "SaveType": "Reset",
  "LoadCondition": {
    "Conditions": [
      {
        "Type": "SubMission",
        "ID": 102010104
      },
      {
        "Type": "SubMission",
        "ID": 102010105
      }
    ],
    "Operation": "Or"
  },
  "UnloadCondition": {
    "Conditions": [
      {
        "Type": "SubMission",
        "Phase": "Finish",
        "ID": 102010105
      }
    ]
  },
  "OwnerMainMissionID": 1020101,
  "ConflictIDList": [],
  "AnchorList": [],
  "MonsterList": [],
  "PropList": [
    {
      "ID": 300001,
      "PosX": -2.55,
      "PosY": 1.14,
      "PosZ": 15.723,
      "Name": "Prop1",
      "PropID": 100,
      "IsOverrideInitLevelGraph": true,
      "Trigger": {
        "Radius": 2.0,
        "DimX": 1.0,
        "DimY": 1.0,
        "DimZ": 1.0,
        "PointList": []
      },
      "CampID": 4,
      "MapLayerID": 1,
      "OverrideHintRange": 10.0,
      "CustomTriggerMap": {},
      "BridgeStateRotations": [],
      "DialogueGroups": [
        102010198
      ],
      "TalkDialogGroupIDList": [],
      "ServerInteractVerificationIDList": []
    }
  ],
  "NPCList": []
}