{
  "GroupGUID": "01bb5d34-edb5-498d-b828-7ae531117c55",
  "GroupName": "MainMission2010201_04",
  "Category": "Mission",
  "AreaAnchorName": "LevelArea_P10000_F10000002_G19",
  "SaveType": "Reset",
  "LoadCondition": {
    "Conditions": [
      {
        "Type": "SubMission",
        "ID": 201020104
      },
      {
        "Type": "SubMission",
        "ID": 201020129
      }
    ],
    "Operation": "Or"
  },
  "UnloadCondition": {
    "Conditions": [
      {
        "Type": "SubMission",
        "Phase": "Finish",
        "ID": 201020104
      }
    ]
  },
  "OwnerMainMissionID": 2010201,
  "ValueSource": {},
  "ConflictIDList": [],
  "AnchorList": [
    {
      "ID": 1,
      "PosX": 1.536624,
      "PosZ": 7.379934,
      "Name": "Anchor1",
      "RotY": 35.2,
      "MapLayerID": 1,
      "Usage": "Actor"
    }
  ],
  "MonsterList": [],
  "PropList": [
    {
      "ID": 300001,
      "PosX": 3.26,
      "PosZ": 5.17,
      "Name": "Prop1",
      "PropID": 100,
      "IsOverrideInitLevelGraph": true,
      "ValueSource": {},
      "Trigger": {
        "Radius": 5.0,
        "DimX": 1.0,
        "DimY": 1.0,
        "DimZ": 1.0,
        "PointList": []
      },
      "CampID": 4,
      "MapLayerID": 1,
      "CustomTriggerMap": {},
      "CustomTriggerMapV2": {},
      "BridgeStateRotations": [],
      "DialogueGroups": [],
      "TalkDialogGroupIDList": [],
      "ServerInteractVerificationIDList": []
    }
  ],
  "NPCList": [
    {
      "ID": 400001,
      "PosX": 2.566,
      "PosZ": 8.908,
      "Name": "NPC1",
      "RotY": 342.7,
      "NPCID": 1993,
      "ValueSource": {},
      "DialogueGroups": [],
      "ServerInteractVerificationIDList": [],
      "MapLayerID": 1,
      "BoardShowList": [],
      "TalkDialogGroupIDList": [],
      "DefaultIdleFreeStyleMotionID": 390010221,
      "InitialHiddenNodeList": [],
      "Dialog": {
        "LevelGraph": "Config/Level/NPCDialogue/P10000/F10000002_G19/DialogueMain_F10000002_G19_N400001.json",
        "PackList": []
      },
      "SpawnConfig": {
        "EntitySpawnConfig": {},
        "CaptureDistanceTolerance": 10.0
      }
    }
  ]
}