{
  "GroupGUID": "580e94b9-9e8f-43ff-824a-8c1d11ecb07f",
  "GroupName": "MainMission8002100_",
  "Category": "Mission",
  "AreaAnchorName": "LevelArea_P10000_F10000002_G25",
  "SaveType": "Reset",
  "SavedValueCondition": {
    "Conditions": [],
    "Operation": "And"
  },
  "OwnerMainMissionID": 8002100,
  "ValueSource": {},
  "ConflictIDList": [],
  "IsHoyoGroup": true,
  "SpatialInfo": {
    "GridList": [
      {
        "y": 4
      },
      {
        "x": 1,
        "y": 4
      },
      {
        "x": 2,
        "y": 4
      },
      {
        "y": 5
      },
      {
        "x": 1,
        "y": 5
      },
      {
        "x": 2,
        "y": 5
      }
    ],
    "LowerUpperBounds": {
      "y": 2
    }
  },
  "ConflictWhiteList": [],
  "AnchorList": [
    {
      "ID": 1,
      "PosX": 1.825,
      "PosZ": 8.159,
      "Name": "Anchor1",
      "RotY": 37.5,
      "MapLayerID": 1,
      "Usage": "Actor"
    },
    {
      "ID": 2,
      "PosX": 1.987281,
      "PosY": 1.598341,
      "PosZ": 6.547897,
      "Name": "Anchor2",
      "RotY": 7.718384,
      "RotX": 9.453626,
      "RotZ": 0.073659,
      "MapLayerID": 1,
      "Usage": "Camera",
      "CustomParameter": {
        "$type": "LevelAnchorCameraParameter"
      }
    },
    {
      "ID": 3,
      "PosX": 4.85,
      "PosY": -0.13,
      "PosZ": 14.89,
      "Name": "Anchor3",
      "MapLayerID": 1,
      "Usage": "Camera",
      "CustomParameter": {
        "$type": "LevelAnchorCameraParameter"
      }
    }
  ],
  "MonsterList": [],
  "PropList": [],
  "NPCList": [
    {
      "ID": 400001,
      "PosX": 3.119002,
      "PosZ": 9.491,
      "Name": "NPC1",
      "NPCID": 1001,
      "ValueSource": {},
      "DialogueGroups": [],
      "ServerInteractVerificationIDList": [],
      "DefaultLookAtMode": "Closed",
      "MapLayerID": 1,
      "BoardShowList": [],
      "TalkDialogGroupIDList": [],
      "DefaultIdleFreeStyleMotionID": 310010221,
      "InitialHiddenNodeList": [],
      "Dialog": {
        "LevelGraph": "Config/Level/NPCDialogue/P10000/F10000002_G20/DialogueMain_F10000002_G20_N400001.json",
        "PackList": [],
        "EnableCondition": {
          "Conditions": [
            {
              "Type": "SubMission",
              "ID": 800210002
            },
            {
              "Type": "SubMission",
              "ID": 800210004
            },
            {
              "Type": "SubMission",
              "ID": 800210001
            },
            {
              "Type": "SubMission",
              "ID": 800210103
            }
          ],
          "Operation": "Or"
        }
      },
      "SpawnConfig": {
        "EntitySpawnConfig": {},
        "CaptureDistanceTolerance": 10.0
      },
      "TriggerValidGuest": {}
    }
  ]
}