{
  "GroupGUID": "23c993a8-da3a-4e4e-a870-203bfdd53365",
  "GroupName": "MainMission8002107_2",
  "Category": "Mission",
  "LevelGraph": "Config/Level/GroupGraph/F10000002/Group_F10000002_G30.json",
  "AreaAnchorName": "LevelArea_P10000_F10000002_G30",
  "SaveType": "Reset",
  "SavedValueCondition": {
    "Operation": "And"
  },
  "OwnerMainMissionID": 8002107,
  "ValueSource": {},
  "ConflictIDList": [],
  "IsHoyoGroup": true,
  "SpatialInfo": {
    "GridList": [
      {
        "y": 3
      },
      {
        "x": 1,
        "y": 3
      },
      {
        "x": 2,
        "y": 3
      },
      {
        "y": 4
      },
      {
        "x": 1,
        "y": 4
      },
      {
        "x": 2,
        "y": 4
      },
      {
        "y": 5
      },
      {
        "x": 1,
        "y": 5
      },
      {
        "x": 2,
        "y": 5
      }
    ],
    "LowerUpperBounds": {
      "y": 2
    }
  },
  "ConflictWhiteList": [],
  "AnchorList": [
    {
      "ID": 1,
      "PosX": -1.407048,
      "PosY": 1.358842,
      "PosZ": 3.392403,
      "Name": "Anchor1",
      "MapLayerID": 1
    },
    {
      "ID": 2,
      "PosX": 3.109,
      "PosZ": 7.405,
      "Name": "Anchor2",
      "RotY": 0.719062,
      "MapLayerID": 1,
      "Usage": "Actor"
    },
    {
      "ID": 3,
      "PosX": 1.825,
      "PosZ": 8.159,
      "IsDelete": true,
      "Name": "Anchor3",
      "RotY": 15.3421,
      "MapLayerID": 1,
      "Usage": "Actor"
    },
    {
      "ID": 4,
      "PosX": 1.987281,
      "PosY": 1.598341,
      "PosZ": 6.547897,
      "IsDelete": true,
      "Name": "Anchor4",
      "RotY": 7.718384,
      "RotX": 9.453626,
      "RotZ": 0.073659,
      "MapLayerID": 1,
      "Usage": "Camera",
      "CustomParameter": {
        "$type": "LevelAnchorCameraParameter"
      }
    },
    {
      "ID": 5,
      "PosX": 1.987281,
      "PosY": 1.598341,
      "PosZ": 6.547897,
      "Name": "Anchor5",
      "RotY": 7.718384,
      "RotX": 9.453626,
      "RotZ": 0.073659,
      "MapLayerID": 1,
      "Usage": "Camera",
      "CustomParameter": {
        "$type": "LevelAnchorCameraParameter"
      }
    },
    {
      "ID": 6,
      "PosX": 1.825,
      "PosZ": 8.159,
      "Name": "Anchor6",
      "RotY": 37.5,
      "MapLayerID": 1,
      "Usage": "Actor"
    }
  ],
  "MonsterList": [],
  "PropList": [
    {
      "ID": 300001,
      "PosX": 3.09,
      "PosZ": 5.61,
      "Name": "Prop1",
      "PropID": 100,
      "IsOverrideInitLevelGraph": true,
      "InitLevelGraph": "Config/Level/LevelInstanceGraph/F10000002/LG_Prop_F10000002_G30_300001.json",
      "ValueSource": {},
      "Trigger": {
        "Radius": 6.0,
        "DimX": 1.0,
        "DimY": 1.0,
        "DimZ": 1.0,
        "PointList": []
      },
      "CampID": 4,
      "MapLayerID": 1,
      "CustomTriggerMap": {},
      "CustomTriggerMapV2": {},
      "BridgeStateRotations": [],
      "DialogueGroups": [],
      "TalkDialogGroupIDList": [],
      "ServerInteractVerificationIDList": []
    },
    {
      "ID": 300002,
      "PosX": -2.417731,
      "PosY": 1.338578,
      "PosZ": 5.259,
      "Name": "Prop2",
      "PropID": 100,
      "IsOverrideInitLevelGraph": true,
      "InitLevelGraph": "Config/Level/LevelInstanceGraph/F10000002/LG_Prop_F10000002_G30_300002.json",
      "ValueSource": {},
      "Trigger": {
        "Radius": 1.0,
        "DimX": 1.0,
        "DimY": 1.0,
        "DimZ": 1.0,
        "PointList": []
      },
      "CampID": 4,
      "MapLayerID": 1,
      "CustomTriggerMap": {},
      "CustomTriggerMapV2": {},
      "BridgeStateRotations": [],
      "DialogueGroups": [],
      "TalkDialogGroupIDList": [],
      "ServerInteractVerificationIDList": []
    },
    {
      "ID": 300003,
      "PosX": 3.09,
      "PosZ": 5.632,
      "Name": "Prop3",
      "PropID": 100,
      "IsOverrideInitLevelGraph": true,
      "InitLevelGraph": "Config/Level/LevelInstanceGraph/F10000002/LG_Prop_F10000002_G30_300003.json",
      "ValueSource": {},
      "Trigger": {
        "Radius": 4.0,
        "DimX": 1.0,
        "DimY": 1.0,
        "DimZ": 1.0,
        "PointList": []
      },
      "CampID": 4,
      "MapLayerID": 1,
      "CustomTriggerMap": {},
      "CustomTriggerMapV2": {},
      "BridgeStateRotations": [],
      "DialogueGroups": [],
      "TalkDialogGroupIDList": [],
      "ServerInteractVerificationIDList": []
    }
  ],
  "NPCList": [
    {
      "ID": 400001,
      "PosX": 3.119004,
      "PosZ": 8.989001,
      "Name": "NPC1",
      "RotY": 179.0616,
      "NPCID": 1001,
      "ValueSource": {},
      "DialogueGroups": [],
      "ServerInteractVerificationIDList": [],
      "DefaultLookAtMode": "Closed",
      "MapLayerID": 1,
      "BoardShowList": [],
      "TalkDialogGroupIDList": [],
      "DefaultIdleFreeStyleMotionID": 310010245,
      "InitialHiddenNodeList": [],
      "SpawnConfig": {
        "EntitySpawnConfig": {},
        "CaptureDistanceTolerance": 10.0
      }
    }
  ]
}