{
  "GroupGUID": "e9975bd7-e94b-44ea-b473-e2cffe2233b8",
  "GroupName": "Books",
  "AreaAnchorName": "LevelArea_P10000_F10000002_G21",
  "LoadCondition": {
    "Conditions": [
      {
        "Type": "SubMission",
        "Phase": "Finish",
        "ID": 102010110
      },
      {
        "Phase": "Finish",
        "ID": 1020101
      }
    ],
    "Operation": "Or"
  },
  "LoadSide": "Server",
  "ConflictIDList": [],
  "AnchorList": [],
  "MonsterList": [],
  "PropList": [
    {
      "ID": 300001,
      "PosX": 5.329051,
      "PosY": 1.26,
      "PosZ": 12.183,
      "Name": "Prop1",
      "PropID": 101028,
      "IsOverrideInitLevelGraph": true,
      "InitLevelGraph": "Config/Level/Props/Common/InitLevelGraph_Prop_Common_PickupReadings.json",
      "Trigger": {
        "Radius": 1.5,
        "PointList": []
      },
      "CampID": 4,
      "State": "EventClose",
      "EventID": 20221510,
      "MapLayerID": 1,
      "CustomTriggerMap": {},
      "BridgeStateRotations": [],
      "DialogueGroups": [],
      "TalkDialogGroupIDList": [],
      "ServerInteractVerificationIDList": []
    }
  ],
  "NPCList": []
}