{
  "AvatarId": 9113,
  "KeyLevelConfigList": [
    {
      "Level": 1
    },
    {
      "Level": 10,
      "EquipmentConfigList": [
        {
          "Id": 20020,
          "Level": 1,
          "Rank": 1
        }
      ]
    },
    {
      "Level": 20,
      "EquipmentConfigList": [
        {
          "Id": 20020,
          "Level": 20,
          "Rank": 1
        }
      ],
      "RelicPropertyTypeList": [
        31120100
      ]
    },
    {
      "Level": 30,
      "Promotion": 1,
      "SkillTreePointPreset": "W0_Standard_20-30",
      "EquipmentConfigList": [
        {
          "Id": 20020,
          "Level": 30,
          "Rank": 1
        }
      ],
      "RelicPropertyTypeList": [
        41120100
      ]
    },
    {
      "Level": 40,
      "Promotion": 2,
      "SkillTreePointPreset": "W1_Standard_30-40",
      "EquipmentConfigList": [
        {
          "Id": 21027,
          "Level": 40,
          "Rank": 1
        }
      ],
      "RelicPropertyTypeList": [
        41120103
      ]
    },
    {
      "Level": 50,
      "Promotion": 3,
      "SkillTreePointPreset": "W2_Standard_40-50",
      "EquipmentConfigList": [
        {
          "Id": 21027,
          "Level": 50,
          "Rank": 1
        }
      ],
      "RelicPropertyTypeList": [
        51120106,
        53019706
      ]
    },
    {
      "Level": 60,
      "Promotion": 4,
      "SkillTreePointPreset": "W3_Standard_50-60",
      "EquipmentConfigList": [
        {
          "Id": 21027,
          "Level": 60,
          "Rank": 1
        }
      ],
      "RelicPropertyTypeList": [
        51120110,
        53019710
      ]
    },
    {
      "Level": 70,
      "Promotion": 5,
      "SkillTreePointPreset": "W4_Standard_60-70",
      "EquipmentConfigList": [
        {
          "Id": 21027,
          "Level": 70,
          "Rank": 2
        }
      ],
      "RelicPropertyTypeList": [
        61120110,
        63019710
      ]
    },
    {
      "Level": 79,
      "Promotion": 6,
      "SkillTreePointPreset": "W5_Standard_70-80",
      "EquipmentConfigList": [
        {
          "Id": 21027,
          "Level": 79,
          "Rank": 3
        }
      ],
      "RelicPropertyTypeList": [
        61120113,
        63019713
      ]
    },
    {
      "Level": 80,
      "Promotion": 6,
      "Rank": 1,
      "SkillTreePointPreset": "LvMax",
      "EquipmentConfigList": [
        {
          "Id": 21027,
          "Level": 80,
          "Rank": 5
        }
      ],
      "RelicPropertyTypeList": [
        61120115,
        63019715
      ]
    }
  ]
}