{
  "AvatarId": 9122,
  "KeyLevelConfigList": [
    {
      "Level": 1
    },
    {
      "Level": 10,
      "EquipmentConfigList": [
        {
          "Id": 20012,
          "Level": 1,
          "Rank": 1
        }
      ]
    },
    {
      "Level": 20,
      "EquipmentConfigList": [
        {
          "Id": 20012,
          "Level": 20,
          "Rank": 1
        }
      ],
      "RelicPropertyTypeList": [
        211100
      ],
      "RelicMainValue": 1431200,
      "RelicSubValue": 200
    },
    {
      "Level": 30,
      "Promotion": 1,
      "SkillTreePointPreset": "W0_Standard_20-30",
      "EquipmentConfigList": [
        {
          "Id": 20012,
          "Level": 30,
          "Rank": 1
        }
      ],
      "RelicPropertyTypeList": [
        411102
      ],
      "RelicMainValue": 1431302,
      "RelicSubValue": 302
    },
    {
      "Level": 40,
      "Promotion": 2,
      "SkillTreePointPreset": "W1_Standard_30-40",
      "EquipmentConfigList": [
        {
          "Id": 21004,
          "Level": 40,
          "Rank": 1
        }
      ],
      "RelicPropertyTypeList": [
        411102
      ],
      "RelicMainValue": 1431302,
      "RelicSubValue": 302
    },
    {
      "Level": 50,
      "Promotion": 3,
      "SkillTreePointPreset": "W2_Standard_40-50",
      "EquipmentConfigList": [
        {
          "Id": 21004,
          "Level": 50,
          "Rank": 1
        }
      ],
      "RelicPropertyTypeList": [
        511106,
        530706
      ],
      "RelicMainValue": 1431406,
      "RelicSubValue": 406
    },
    {
      "Level": 60,
      "Promotion": 4,
      "SkillTreePointPreset": "W3_Standard_50-60",
      "EquipmentConfigList": [
        {
          "Id": 21004,
          "Level": 60,
          "Rank": 1
        }
      ],
      "RelicPropertyTypeList": [
        511109,
        530709
      ],
      "RelicMainValue": 1431409,
      "RelicSubValue": 409
    },
    {
      "Level": 70,
      "Promotion": 5,
      "SkillTreePointPreset": "W4_Standard_60-70",
      "EquipmentConfigList": [
        {
          "Id": 21004,
          "Level": 70,
          "Rank": 2
        }
      ],
      "RelicPropertyTypeList": [
        611109,
        630709
      ],
      "RelicMainValue": 1431509,
      "RelicSubValue": 509
    },
    {
      "Level": 79,
      "Promotion": 6,
      "SkillTreePointPreset": "W5_Standard_70-80",
      "EquipmentConfigList": [
        {
          "Id": 21004,
          "Level": 79,
          "Rank": 3
        }
      ],
      "RelicPropertyTypeList": [
        611112,
        630712
      ],
      "RelicMainValue": 1431512,
      "RelicSubValue": 512
    },
    {
      "Level": 80,
      "Promotion": 6,
      "SkillTreePointPreset": "LvMax",
      "EquipmentConfigList": [
        {
          "Id": 21004,
          "Level": 80,
          "Rank": 5
        }
      ],
      "RelicPropertyTypeList": [
        611115,
        630715
      ],
      "RelicMainValue": 1431515,
      "RelicSubValue": 515
    }
  ]
}