{
  "AvatarId": 1003,
  "KeyLevelConfigList": [
    {
      "Level": 1
    },
    {
      "Level": 10,
      "EquipmentConfigList": [
        {
          "Id": 20006,
          "Level": 1,
          "Rank": 1
        }
      ]
    },
    {
      "Level": 20,
      "EquipmentConfigList": [
        {
          "Id": 20006,
          "Level": 20,
          "Rank": 1
        }
      ],
      "RelicPropertyTypeList": [
        310700
      ],
      "RelicMainValue": 4454200,
      "RelicSubValue": 200
    },
    {
      "Level": 30,
      "Promotion": 1,
      "SkillTreePointPreset": "W0_Standard_20-30",
      "EquipmentConfigList": [
        {
          "Id": 20006,
          "Level": 30,
          "Rank": 1
        }
      ],
      "RelicPropertyTypeList": [
        410700
      ],
      "RelicMainValue": 4454300,
      "RelicSubValue": 300
    },
    {
      "Level": 40,
      "Promotion": 2,
      "SkillTreePointPreset": "W1_Standard_30-40",
      "EquipmentConfigList": [
        {
          "Id": 21013,
          "Level": 40,
          "Rank": 1
        }
      ],
      "RelicPropertyTypeList": [
        410703
      ],
      "RelicMainValue": 4454303,
      "RelicSubValue": 303
    },
    {
      "Level": 50,
      "Promotion": 3,
      "SkillTreePointPreset": "W2_Standard_40-50",
      "EquipmentConfigList": [
        {
          "Id": 21013,
          "Level": 50,
          "Rank": 1
        }
      ],
      "RelicPropertyTypeList": [
        510706,
        530606
      ],
      "RelicMainValue": 4454406,
      "RelicSubValue": 406
    },
    {
      "Level": 60,
      "Promotion": 4,
      "SkillTreePointPreset": "W3_Standard_50-60",
      "EquipmentConfigList": [
        {
          "Id": 21013,
          "Level": 60,
          "Rank": 1
        }
      ],
      "RelicPropertyTypeList": [
        510710,
        530610
      ],
      "RelicMainValue": 4454410,
      "RelicSubValue": 410
    },
    {
      "Level": 70,
      "Promotion": 5,
      "SkillTreePointPreset": "W4_Standard_60-70",
      "EquipmentConfigList": [
        {
          "Id": 21013,
          "Level": 70,
          "Rank": 2
        }
      ],
      "RelicPropertyTypeList": [
        610710,
        630610
      ],
      "RelicMainValue": 4454510,
      "RelicSubValue": 510
    },
    {
      "Level": 79,
      "Promotion": 6,
      "SkillTreePointPreset": "W5_Standard_70-80",
      "EquipmentConfigList": [
        {
          "Id": 21013,
          "Level": 79,
          "Rank": 3
        }
      ],
      "RelicPropertyTypeList": [
        610713,
        630613
      ],
      "RelicMainValue": 4454513,
      "RelicSubValue": 513
    },
    {
      "Level": 80,
      "Promotion": 6,
      "SkillTreePointPreset": "LvMax",
      "EquipmentConfigList": [
        {
          "Id": 23000,
          "Level": 80,
          "Rank": 1
        }
      ],
      "RelicPropertyTypeList": [
        610715,
        630615
      ],
      "RelicMainValue": 4454515,
      "RelicSubValue": 515
    }
  ]
}