{
  "AvatarId": 1213,
  "KeyLevelConfigList": [
    {
      "Level": 1
    },
    {
      "Level": 10,
      "EquipmentConfigList": [
        {
          "Id": 20002,
          "Level": 1,
          "Rank": 1
        }
      ]
    },
    {
      "Level": 20,
      "EquipmentConfigList": [
        {
          "Id": 20002,
          "Level": 20,
          "Rank": 1
        }
      ],
      "RelicPropertyTypeList": [
        310200
      ],
      "RelicMainValue": 4404200,
      "RelicSubValue": 200
    },
    {
      "Level": 30,
      "Promotion": 1,
      "SkillTreePointPreset": "W0_Standard_20-30",
      "EquipmentConfigList": [
        {
          "Id": 20002,
          "Level": 30,
          "Rank": 1
        }
      ],
      "RelicPropertyTypeList": [
        410200
      ],
      "RelicMainValue": 4404300,
      "RelicSubValue": 300
    },
    {
      "Level": 40,
      "Promotion": 2,
      "SkillTreePointPreset": "W1_Standard_30-40",
      "EquipmentConfigList": [
        {
          "Id": 21019,
          "Level": 40,
          "Rank": 1
        }
      ],
      "RelicPropertyTypeList": [
        410203
      ],
      "RelicMainValue": 4404303,
      "RelicSubValue": 303
    },
    {
      "Level": 50,
      "Promotion": 3,
      "SkillTreePointPreset": "W2_Standard_40-50",
      "EquipmentConfigList": [
        {
          "Id": 21019,
          "Level": 50,
          "Rank": 1
        }
      ],
      "RelicPropertyTypeList": [
        510206,
        530906
      ],
      "RelicMainValue": 4404406,
      "RelicSubValue": 406
    },
    {
      "Level": 60,
      "Promotion": 4,
      "SkillTreePointPreset": "W3_Standard_50-60",
      "EquipmentConfigList": [
        {
          "Id": 21019,
          "Level": 60,
          "Rank": 1
        }
      ],
      "RelicPropertyTypeList": [
        510210,
        530910
      ],
      "RelicMainValue": 4404410,
      "RelicSubValue": 410
    },
    {
      "Level": 70,
      "Promotion": 5,
      "SkillTreePointPreset": "W4_Standard_60-70",
      "EquipmentConfigList": [
        {
          "Id": 21019,
          "Level": 70,
          "Rank": 2
        }
      ],
      "RelicPropertyTypeList": [
        610210,
        630910
      ],
      "RelicMainValue": 4404510,
      "RelicSubValue": 510
    },
    {
      "Level": 79,
      "Promotion": 6,
      "SkillTreePointPreset": "W5_Standard_70-80",
      "EquipmentConfigList": [
        {
          "Id": 21019,
          "Level": 79,
          "Rank": 3
        }
      ],
      "RelicPropertyTypeList": [
        610213,
        630913
      ],
      "RelicMainValue": 4404513,
      "RelicSubValue": 513
    },
    {
      "Level": 80,
      "Promotion": 6,
      "SkillTreePointPreset": "LvMax",
      "EquipmentConfigList": [
        {
          "Id": 23015,
          "Level": 80,
          "Rank": 1
        }
      ],
      "RelicPropertyTypeList": [
        610215,
        630915
      ],
      "RelicMainValue": 4404515,
      "RelicSubValue": 515
    }
  ]
}