{
  "AvatarId": 1106,
  "KeyLevelConfigList": [
    {
      "Level": 1
    },
    {
      "Level": 10,
      "EquipmentConfigList": [
        {
          "Id": 20004,
          "Level": 1,
          "Rank": 1
        }
      ]
    },
    {
      "Level": 20,
      "EquipmentConfigList": [
        {
          "Id": 20004,
          "Level": 20,
          "Rank": 1
        }
      ],
      "RelicPropertyTypeList": [
        310400
      ],
      "RelicMainValue": 4464200,
      "RelicSubValue": 200
    },
    {
      "Level": 30,
      "Promotion": 1,
      "SkillTreePointPreset": "W0_Standard_20-30",
      "EquipmentConfigList": [
        {
          "Id": 20004,
          "Level": 30,
          "Rank": 1
        }
      ],
      "RelicPropertyTypeList": [
        410400
      ],
      "RelicMainValue": 4464300,
      "RelicSubValue": 300
    },
    {
      "Level": 40,
      "Promotion": 2,
      "SkillTreePointPreset": "W1_Standard_30-40",
      "EquipmentConfigList": [
        {
          "Id": 21001,
          "Level": 40,
          "Rank": 1
        }
      ],
      "RelicPropertyTypeList": [
        410403
      ],
      "RelicMainValue": 4464303,
      "RelicSubValue": 303
    },
    {
      "Level": 50,
      "Promotion": 3,
      "Rank": 1,
      "SkillTreePointPreset": "W2_Standard_40-50",
      "EquipmentConfigList": [
        {
          "Id": 21001,
          "Level": 50,
          "Rank": 1
        }
      ],
      "RelicPropertyTypeList": [
        510406,
        530906
      ],
      "RelicMainValue": 4464406,
      "RelicSubValue": 406
    },
    {
      "Level": 60,
      "Promotion": 4,
      "Rank": 2,
      "SkillTreePointPreset": "W3_Standard_50-60",
      "EquipmentConfigList": [
        {
          "Id": 21001,
          "Level": 60,
          "Rank": 1
        }
      ],
      "RelicPropertyTypeList": [
        510410,
        530910
      ],
      "RelicMainValue": 4464410,
      "RelicSubValue": 410
    },
    {
      "Level": 70,
      "Promotion": 5,
      "Rank": 3,
      "SkillTreePointPreset": "W4_Standard_60-70",
      "EquipmentConfigList": [
        {
          "Id": 21001,
          "Level": 70,
          "Rank": 2
        }
      ],
      "RelicPropertyTypeList": [
        610410,
        630910
      ],
      "RelicMainValue": 4464510,
      "RelicSubValue": 510
    },
    {
      "Level": 79,
      "Promotion": 6,
      "Rank": 4,
      "SkillTreePointPreset": "W5_Standard_70-80",
      "EquipmentConfigList": [
        {
          "Id": 21001,
          "Level": 79,
          "Rank": 3
        }
      ],
      "RelicPropertyTypeList": [
        610413,
        630913
      ],
      "RelicMainValue": 4464513,
      "RelicSubValue": 513
    },
    {
      "Level": 80,
      "Promotion": 6,
      "Rank": 6,
      "SkillTreePointPreset": "LvMax",
      "EquipmentConfigList": [
        {
          "Id": 21001,
          "Level": 80,
          "Rank": 5
        }
      ],
      "RelicPropertyTypeList": [
        610415,
        630915
      ],
      "RelicMainValue": 4464515,
      "RelicSubValue": 515
    }
  ]
}