{
  "AvatarId": 1205,
  "KeyLevelConfigList": [
    {
      "Level": 1
    },
    {
      "Level": 10,
      "EquipmentConfigList": [
        {
          "Id": 20002,
          "Level": 1,
          "Rank": 1
        }
      ]
    },
    {
      "Level": 20,
      "EquipmentConfigList": [
        {
          "Id": 20002,
          "Level": 20,
          "Rank": 1
        }
      ],
      "RelicPropertyTypeList": [
        311300
      ],
      "RelicMainValue": 5483200,
      "RelicSubValue": 200
    },
    {
      "Level": 30,
      "Promotion": 1,
      "SkillTreePointPreset": "W0_Standard_20-30",
      "EquipmentConfigList": [
        {
          "Id": 20002,
          "Level": 30,
          "Rank": 1
        }
      ],
      "RelicPropertyTypeList": [
        411300
      ],
      "RelicMainValue": 5483300,
      "RelicSubValue": 300
    },
    {
      "Level": 40,
      "Promotion": 2,
      "SkillTreePointPreset": "W1_Standard_30-40",
      "EquipmentConfigList": [
        {
          "Id": 21005,
          "Level": 40,
          "Rank": 1
        }
      ],
      "RelicPropertyTypeList": [
        411303
      ],
      "RelicMainValue": 5483303,
      "RelicSubValue": 303
    },
    {
      "Level": 50,
      "Promotion": 3,
      "SkillTreePointPreset": "W2_Standard_40-50",
      "EquipmentConfigList": [
        {
          "Id": 21005,
          "Level": 50,
          "Rank": 1
        }
      ],
      "RelicPropertyTypeList": [
        511306,
        530606
      ],
      "RelicMainValue": 5483406,
      "RelicSubValue": 406
    },
    {
      "Level": 60,
      "Promotion": 4,
      "SkillTreePointPreset": "W3_Standard_50-60",
      "EquipmentConfigList": [
        {
          "Id": 21005,
          "Level": 60,
          "Rank": 1
        }
      ],
      "RelicPropertyTypeList": [
        511310,
        530610
      ],
      "RelicMainValue": 5483410,
      "RelicSubValue": 410
    },
    {
      "Level": 70,
      "Promotion": 5,
      "SkillTreePointPreset": "W4_Standard_60-70",
      "EquipmentConfigList": [
        {
          "Id": 21005,
          "Level": 70,
          "Rank": 2
        }
      ],
      "RelicPropertyTypeList": [
        611310,
        630610
      ],
      "RelicMainValue": 5483510,
      "RelicSubValue": 510
    },
    {
      "Level": 79,
      "Promotion": 6,
      "SkillTreePointPreset": "W5_Standard_70-80",
      "EquipmentConfigList": [
        {
          "Id": 21005,
          "Level": 79,
          "Rank": 3
        }
      ],
      "RelicPropertyTypeList": [
        611313,
        630613
      ],
      "RelicMainValue": 5483513,
      "RelicSubValue": 513
    },
    {
      "Level": 80,
      "Promotion": 6,
      "SkillTreePointPreset": "LvMax",
      "EquipmentConfigList": [
        {
          "Id": 23009,
          "Level": 80,
          "Rank": 1
        }
      ],
      "RelicPropertyTypeList": [
        611315,
        630615
      ],
      "RelicMainValue": 5483515,
      "RelicSubValue": 515
    }
  ]
}