{
  "AvatarId": 1202,
  "KeyLevelConfigList": [
    {
      "Level": 1
    },
    {
      "Level": 10,
      "EquipmentConfigList": [
        {
          "Id": 20005,
          "Level": 1,
          "Rank": 1
        }
      ]
    },
    {
      "Level": 20,
      "EquipmentConfigList": [
        {
          "Id": 20005,
          "Level": 20,
          "Rank": 1
        }
      ],
      "RelicPropertyTypeList": [
        311400
      ],
      "RelicMainValue": 1422200,
      "RelicSubValue": 200
    },
    {
      "Level": 30,
      "Promotion": 1,
      "SkillTreePointPreset": "W0_Standard_20-30",
      "EquipmentConfigList": [
        {
          "Id": 20005,
          "Level": 30,
          "Rank": 1
        }
      ],
      "RelicPropertyTypeList": [
        411400
      ],
      "RelicMainValue": 1422300,
      "RelicSubValue": 300
    },
    {
      "Level": 40,
      "Promotion": 2,
      "SkillTreePointPreset": "W1_Standard_30-40",
      "EquipmentConfigList": [
        {
          "Id": 21011,
          "Level": 40,
          "Rank": 1
        }
      ],
      "RelicPropertyTypeList": [
        411403
      ],
      "RelicMainValue": 1422303,
      "RelicSubValue": 303
    },
    {
      "Level": 50,
      "Promotion": 3,
      "Rank": 1,
      "SkillTreePointPreset": "W2_Standard_40-50",
      "EquipmentConfigList": [
        {
          "Id": 21011,
          "Level": 50,
          "Rank": 1
        }
      ],
      "RelicPropertyTypeList": [
        511406,
        530106
      ],
      "RelicMainValue": 1422406,
      "RelicSubValue": 406
    },
    {
      "Level": 60,
      "Promotion": 4,
      "Rank": 2,
      "SkillTreePointPreset": "W3_Standard_50-60",
      "EquipmentConfigList": [
        {
          "Id": 21011,
          "Level": 60,
          "Rank": 1
        }
      ],
      "RelicPropertyTypeList": [
        511410,
        530110
      ],
      "RelicMainValue": 1422410,
      "RelicSubValue": 410
    },
    {
      "Level": 70,
      "Promotion": 5,
      "Rank": 3,
      "SkillTreePointPreset": "W4_Standard_60-70",
      "EquipmentConfigList": [
        {
          "Id": 21011,
          "Level": 70,
          "Rank": 2
        }
      ],
      "RelicPropertyTypeList": [
        611410,
        630110
      ],
      "RelicMainValue": 1422510,
      "RelicSubValue": 510
    },
    {
      "Level": 79,
      "Promotion": 6,
      "Rank": 4,
      "SkillTreePointPreset": "W5_Standard_70-80",
      "EquipmentConfigList": [
        {
          "Id": 21011,
          "Level": 79,
          "Rank": 3
        }
      ],
      "RelicPropertyTypeList": [
        611413,
        630113
      ],
      "RelicMainValue": 1422513,
      "RelicSubValue": 513
    },
    {
      "Level": 80,
      "Promotion": 6,
      "Rank": 6,
      "SkillTreePointPreset": "LvMax",
      "EquipmentConfigList": [
        {
          "Id": 21011,
          "Level": 80,
          "Rank": 5
        }
      ],
      "RelicPropertyTypeList": [
        611415,
        630115
      ],
      "RelicMainValue": 1422515,
      "RelicSubValue": 515
    }
  ]
}