{
  "EffectAssetList": [
    "Effects/Eff_Prefab/Eff_Avatar/Eff_Bailu/Eff_Avatar_Bailu_00_IdleShow_01_End.prefab",
    "Effects/Eff_Prefab/Eff_Avatar/Eff_Bailu/Eff_Avatar_Bailu_00_IdleShow_01_Start.prefab"
  ],
  "EffectInstanceMap": {
    "Common": {
      "EffectTypes": [
        "Common"
      ],
      "EffectInstanceList": []
    },
    "MazeAttack": {
      "EffectTypes": [
        "MazeAttack"
      ],
      "EffectInstanceList": [
        "Effects/Eff_Prefab/Eff_Avatar/Eff_Bailu/Eff_Avatar_Bailu_00_MazeAttack_01.prefab",
        "Effects/Eff_Prefab/Eff_Avatar/Eff_Bailu/Eff_Avatar_Bailu_00_MazeAttack_02.prefab",
        "Effects/Eff_Prefab/Eff_Avatar/Eff_Bailu/Eff_Avatar_Bailu_00_MazeAttack_Hit_01.prefab"
      ]
    },
    "MazeSkill": {
      "EffectTypes": [
        "MazeSkill"
      ],
      "EffectInstanceList": [
        "Effects/Eff_Prefab/Eff_Avatar/Eff_Bailu/Eff_Avatar_Bailu_00_MazeSkill01_Start01.prefab",
        "Effects/Eff_Prefab/Eff_Avatar/Eff_Bailu/Eff_Avatar_Bailu_00_MazeSkill01_Start02.prefab",
        "Effects/Eff_Prefab/Eff_Avatar/Eff_Bailu/Eff_Avatar_Bailu_00_MazeSkill01_Start03.prefab",
        "Effects/Eff_Prefab/Eff_Avatar/Eff_Bailu/Eff_Avatar_Bailu_00_MazeSkill01_Weapon_End.prefab"
      ]
    },
    "Ultra": {
      "EffectTypes": [
        "Skill03"
      ],
      "EffectInstanceList": [
        "Effects/Eff_Prefab/Eff_Avatar/Eff_Bailu/Eff_Avatar_Bailu_00_Skill03_Ready.prefab",
        "Effects/Eff_Prefab/Eff_Avatar/Eff_Bailu/Eff_Avatar_Bailu_00_Skill03_01.prefab",
        "Effects/Eff_Prefab/Eff_Avatar/Eff_Bailu/Eff_Avatar_Bailu_00_Skill03_02.prefab",
        "Effects/Eff_Prefab/Eff_Avatar/Eff_Bailu/Eff_Avatar_Bailu_00_Skill03_03.prefab",
        "Effects/Eff_Prefab/Eff_Avatar/Eff_Bailu/Eff_Avatar_Bailu_00_Skill03_04.prefab",
        "Effects/Eff_Prefab/Eff_Avatar/Eff_Bailu/Eff_Avatar_Bailu_00_Skill03_Buff.prefab",
        "Effects/Eff_Prefab/Eff_Avatar/Eff_Bailu/Eff_Avatar_Bailu_00_Skill03_Cam_01.prefab",
        "Effects/Eff_Prefab/Eff_Avatar/Eff_Bailu/Eff_Avatar_Bailu_00_Skill03_Cam_Fish.prefab",
        "Effects/Eff_Prefab/Eff_Avatar/Eff_Bailu/Eff_Avatar_Bailu_00_Skill03_Cam_Water.prefab",
        "Effects/Eff_Prefab/Eff_Avatar/Eff_Bailu/Eff_Avatar_Bailu_00_Skill03_Fish_01.prefab",
        "Effects/Eff_Prefab/Eff_Avatar/Eff_Bailu/Eff_Avatar_Bailu_00_Skill03_Scene_01.prefab",
        "Effects/Eff_Prefab/Eff_Avatar/Eff_Bailu/Eff_Avatar_Bailu_00_Skill03_Scene_02.prefab",
        "Effects/Eff_Prefab/Eff_Avatar/Eff_Bailu/Eff_Avatar_Bailu_00_Skill03_Scene_03.prefab",
        "Effects/Eff_Prefab/Eff_Avatar/Eff_Bailu/Eff_Avatar_Bailu_00_Skill03_ShuiZhu_01.prefab",
        "Effects/Eff_Prefab/Eff_Avatar/Eff_Bailu/Eff_Avatar_Bailu_00_Skill03_Weapon_01.prefab",
        "Effects/Eff_Prefab/Eff_Avatar/Eff_Bailu/Eff_Avatar_Bailu_00_Skill03_Weapon_02.prefab"
      ],
      "AssetList": [
        "Camera/TimeLine/Avatar/Character_Bailu_00_Skill03_TimeLine.playable"
      ]
    },
    "Skill": {
      "EffectTypes": [
        "Skill02"
      ],
      "EffectInstanceList": [
        "Effects/Eff_Prefab/Eff_Avatar/Eff_Bailu/Eff_Avatar_Bailu_00_Skill02_Buff_02.prefab",
        "Effects/Eff_Prefab/Eff_Avatar/Eff_Bailu/Eff_Avatar_Bailu_00_Skill02_Buff_03.prefab",
        "Effects/Eff_Prefab/Eff_Avatar/Eff_Bailu/Eff_Avatar_Bailu_00_Skill02_Raedy.prefab",
        "Effects/Eff_Prefab/Eff_Avatar/Eff_Bailu/Eff_Avatar_Bailu_00_Skill02_Start01.prefab",
        "Effects/Eff_Prefab/Eff_Avatar/Eff_Bailu/Eff_Avatar_Bailu_00_Skill02_Start02.prefab",
        "Effects/Eff_Prefab/Eff_Avatar/Eff_Bailu/Eff_Avatar_Bailu_00_Skill02_Start02_Camera.prefab",
        "Effects/Eff_Prefab/Eff_Avatar/Eff_Bailu/Eff_Avatar_Bailu_00_Skill02_Start03.prefab",
        "Effects/Eff_Prefab/Eff_Avatar/Eff_Bailu/Eff_Avatar_Bailu_00_Skill02_Start04.prefab",
        "Effects/Eff_Prefab/Eff_Avatar/Eff_Bailu/Eff_Avatar_Bailu_00_Skill02_Trail.prefab",
        "Effects/Eff_Prefab/Eff_Avatar/Eff_Bailu/Eff_Avatar_Bailu_00_Skill02_Trail_02.prefab",
        "Effects/Eff_Prefab/Eff_Avatar/Eff_Bailu/Eff_Avatar_Bailu_00_Skill02_Trail_03.prefab"
      ]
    },
    "Passive": {
      "EffectTypes": [
        "Passive"
      ],
      "EffectInstanceList": [
        "Effects/Eff_Prefab/Eff_Avatar/Eff_Bailu/Eff_Avatar_Bailu_00_PassiveSkill_01.prefab",
        "Effects/Eff_Prefab/Eff_Avatar/Eff_Bailu/Eff_Avatar_Bailu_00_PassiveSkill_01_L.prefab",
        "Effects/Eff_Prefab/Eff_Avatar/Eff_Bailu/Eff_Avatar_Bailu_00_PassiveSkill_01_R.prefab",
        "Effects/Eff_Prefab/Eff_Avatar/Eff_Bailu/Eff_Avatar_Bailu_00_PassiveSkill_02_L.prefab",
        "Effects/Eff_Prefab/Eff_Avatar/Eff_Bailu/Eff_Avatar_Bailu_00_PassiveSkill_02_R.prefab",
        "Effects/Eff_Prefab/Eff_Avatar/Eff_Bailu/Eff_Avatar_Bailu_00_PassiveSkill_03.prefab",
        "Effects/Eff_Prefab/Eff_Avatar/Eff_Bailu/Eff_Avatar_Bailu_00_PassiveSkill_Buff_01.prefab",
        "Effects/Eff_Prefab/Eff_Avatar/Eff_Bailu/Eff_Avatar_Bailu_00_PassiveSkill_Hair.prefab",
        "Effects/Eff_Prefab/Eff_Avatar/Eff_Bailu/Eff_Avatar_Bailu_00_PassiveSkill_Scene_01.prefab"
      ],
      "AssetList": [
        "Camera/TimeLine/Avatar/Character_Bailu_00_PassiveSkill_TimeLine.playable",
        "Camera/TimeLine/Avatar/Character_Bailu_00_PassiveSkill_TimeLine2.playable"
      ]
    },
    "Normal": {
      "EffectTypes": [
        "Skill01"
      ],
      "EffectInstanceList": [
        "Effects/Eff_Prefab/Eff_Avatar/Eff_Bailu/Eff_Avatar_Bailu_00_Skill01_01_Appear_01.prefab",
        "Effects/Eff_Prefab/Eff_Avatar/Eff_Bailu/Eff_Avatar_Bailu_00_Skill01_02.prefab",
        "Effects/Eff_Prefab/Eff_Avatar/Eff_Bailu/Eff_Avatar_Bailu_00_Skill01_03.prefab",
        "Effects/Eff_Prefab/Eff_Avatar/Eff_Bailu/Eff_Avatar_Bailu_00_Skill01_Hit.prefab"
      ]
    }
  }
}