{
  "EffectAssetList": [
    "Effects/Eff_Prefab/Eff_Avatar/Eff_PlayerBoy/Eff_Avatar_PlayerBoy_00_IdleShow_01.prefab",
    "Effects/Eff_Prefab/Eff_Avatar/Eff_PlayerBoy/Eff_Avatar_PlayerBoy_00_IdleShow_02.prefab"
  ],
  "EffectInstanceMap": {
    "Common": {
      "EffectTypes": [
        "Common"
      ],
      "EffectInstanceList": [
        "Effects/Eff_Prefab/Eff_Avatar/Eff_PlayerBoy/Eff_Avatar_PlayerBoy_00_Common_WeaponEnd.prefab",
        "Effects/Eff_Prefab/Eff_Avatar/Eff_PlayerBoy/Eff_Avatar_PlayerBoy_00_Common_WeaponStart.prefab",
        "Effects/Eff_Prefab/Eff_Avatar/Eff_PlayerBoy/Eff_Avatar_PlayerBoy_00_Common_weapon_End.prefab"
      ]
    },
    "MazeAttack": {
      "EffectTypes": [
        "MazeAttack"
      ],
      "EffectInstanceList": [
        "Effects/Eff_Prefab/Eff_Avatar/Eff_PlayerBoy/Eff_Avatar_PlayerBoy_00_MazeAttack.prefab",
        "Effects/Eff_Prefab/Eff_Avatar/Eff_PlayerBoy/Eff_Avatar_PlayerBoy_00_MazeAttack_Hit.prefab"
      ]
    },
    "MazeSkill": {
      "EffectTypes": [
        "MazeSkill"
      ],
      "EffectInstanceList": [
        "Effects/Eff_Prefab/Eff_Avatar/Eff_PlayerBoy/Eff_Avatar_PlayerBoy_00_MazeSkill_01.prefab",
        "Effects/Eff_Prefab/Eff_Avatar/Eff_PlayerBoy/Eff_Avatar_PlayerBoy_00_MazeSkill_02.prefab"
      ]
    },
    "Ultra": {
      "EffectTypes": [
        "Skill03"
      ],
      "EffectInstanceList": [
        "Effects/Eff_Prefab/Eff_Avatar/Eff_PlayerBoy/Eff_Avatar_PlayerBoy_00_Skill03_Ready.prefab",
        "Effects/Eff_Prefab/Eff_Avatar/Eff_PlayerBoy/Eff_Avatar_PlayerBoy_00_Skill03_Ready_02.prefab",
        "Effects/Eff_Prefab/Eff_Avatar/Eff_PlayerBoy/Eff_Avatar_PlayerBoy_00_Skill03_Lightning.prefab",
        "Effects/Eff_Prefab/Eff_Avatar/Eff_PlayerBoy/Eff_Avatar_PlayerBoy_00_Skill03_Projection.prefab",
        "Effects/Eff_Prefab/Eff_Avatar/Eff_PlayerBoy/Eff_Avatar_PlayerBoy_00_Skill03_Smoke_01.prefab",
        "Effects/Eff_Prefab/Eff_Avatar/Eff_PlayerBoy/Eff_Avatar_PlayerBoy_00_Skill03_Smoke_02.prefab",
        "Effects/Eff_Prefab/Eff_Avatar/Eff_PlayerBoy/Eff_Avatar_PlayerBoy_00_Skill03_Strong.prefab",
        "Effects/Eff_Prefab/Eff_Avatar/Eff_PlayerBoy/Eff_Avatar_PlayerBoy_00_Skill03_Weapon_JNT.prefab",
        "Effects/Eff_Prefab/Eff_Avatar/Eff_PlayerBoy/Eff_Avatar_PlayerBoy_00_Skill03_Weapon_JNT_2.prefab",
        "Effects/Eff_Prefab/Eff_Avatar/Eff_PlayerBoy/Eff_Avatar_PlayerBoy_00_Skill03_Weapon_Mat_E_1.prefab",
        "Effects/Eff_Prefab/Eff_Avatar/Eff_PlayerBoy/Eff_Avatar_PlayerBoy_00_Skill03_Wrist_L.prefab"
      ],
      "AssetList": [
        "Camera/TimeLine/Avatar/Character_PlayerBoy_10_Skill03_TimeLine.playable"
      ]
    },
    "Skill": {
      "EffectTypes": [
        "Skill02"
      ],
      "EffectInstanceList": [
        "Effects/Eff_Prefab/Eff_Avatar/Eff_PlayerBoy/Eff_Avatar_PlayerBoy_00_Skill02_V1_1.prefab",
        "Effects/Eff_Prefab/Eff_Avatar/Eff_PlayerBoy/Eff_Avatar_PlayerBoy_00_Skill02_V2_1.prefab",
        "Effects/Eff_Prefab/Eff_Avatar/Eff_PlayerBoy/Eff_Avatar_PlayerBoy_00_Skill02_V2_2.prefab",
        "Effects/Eff_Prefab/Eff_Avatar/Eff_PlayerBoy/Eff_Avatar_PlayerBoy_00_Skill02_V2_3.prefab",
        "Effects/Eff_Prefab/Eff_Avatar/Eff_PlayerBoy/Eff_Avatar_PlayerBoy_00_Skill02_V2_4.prefab"
      ]
    },
    "Passive": {
      "EffectTypes": [
        "Passive"
      ],
      "EffectInstanceList": []
    },
    "Normal": {
      "EffectTypes": [
        "Skill01"
      ],
      "EffectInstanceList": [
        "Effects/Eff_Prefab/Eff_Avatar/Eff_PlayerBoy/Eff_Avatar_PlayerBoy_00_Skill01_V1_1.prefab",
        "Effects/Eff_Prefab/Eff_Avatar/Eff_PlayerBoy/Eff_Avatar_PlayerBoy_00_Skill01_V1_Hit.prefab",
        "Effects/Eff_Prefab/Eff_Avatar/Eff_PlayerBoy/Eff_Avatar_PlayerBoy_00_Skill01_V2_1.prefab",
        "Effects/Eff_Prefab/Eff_Avatar/Eff_PlayerBoy/Eff_Avatar_PlayerBoy_00_Skill01_V2_2_Hit.prefab",
        "Effects/Eff_Prefab/Eff_Avatar/Eff_PlayerBoy/Eff_Avatar_PlayerBoy_00_Skill01_V2_Hit.prefab",
        "Effects/Eff_Prefab/Eff_Avatar/Eff_PlayerBoy/Eff_Avatar_PlayerBoy_00_Skill01_V2_Ready.prefab"
      ]
    }
  }
}