{
  "EffectAssetList": [
    "Effects/Eff_Prefab/Eff_Avatar/Eff_Himeko/Eff_Avatar_Himeko_00_IdleShow_02_End.prefab",
    "Effects/Eff_Prefab/Eff_Avatar/Eff_Himeko/Eff_Avatar_Himeko_00_IdleShow_02_Start.prefab"
  ],
  "EffectInstanceMap": {
    "Common": {
      "EffectTypes": [
        "Common"
      ],
      "EffectInstanceList": [
        "Effects/Eff_Prefab/Eff_Avatar/Eff_Himeko/Eff_Avatar_Himeko_00_Common_WeaponStart.prefab"
      ]
    },
    "MazeAttack": {
      "EffectTypes": [
        "MazeAttack"
      ],
      "EffectInstanceList": [
        "Effects/Eff_Prefab/Eff_Avatar/Eff_Himeko/Eff_Avatar_Himeko_00_MazeAttack_Hit01.prefab",
        "Effects/Eff_Prefab/Eff_Avatar/Eff_Himeko/Eff_Avatar_Himeko_00_MazeAttack_Trail01.prefab",
        "Effects/Eff_Prefab/Eff_Avatar/Eff_Himeko/Eff_Avatar_Himeko_00_MazeAttack_weapon_End.prefab",
        "Effects/Eff_Prefab/Eff_Avatar/Eff_Himeko/Eff_Avatar_Himeko_00_MazeAttack_weapon_End2.prefab"
      ]
    },
    "MazeSkill": {
      "EffectTypes": [
        "MazeSkill"
      ],
      "EffectInstanceList": [
        "Effects/Eff_Prefab/Eff_Avatar/Eff_Himeko/Eff_Avatar_Himeko_00_MazeSkill_01.prefab",
        "Effects/Eff_Prefab/Eff_Avatar/Eff_Himeko/Eff_Avatar_Himeko_00_MazeSkill_01_Hit.prefab",
        "Effects/Eff_Prefab/Eff_Avatar/Eff_Himeko/Eff_Avatar_Himeko_00_MazeSkill_01_Hit_Once.prefab"
      ]
    },
    "Ultra": {
      "EffectTypes": [
        "Skill03"
      ],
      "EffectInstanceList": [
        "Effects/Eff_Prefab/Eff_Avatar/Eff_Himeko/Eff_Avatar_Himeko_00_Skill03_Ready.prefab",
        "Effects/Eff_Prefab/Eff_Avatar/Eff_Himeko/Eff_Avatar_Himeko_00_Skill03_Camera02_P.prefab",
        "Effects/Eff_Prefab/Eff_Avatar/Eff_Himeko/Eff_Avatar_Himeko_00_Skill03_Camera_P.prefab",
        "Effects/Eff_Prefab/Eff_Avatar/Eff_Himeko/Eff_Avatar_Himeko_00_Skill03_Start01_P.prefab"
      ],
      "AssetList": [
        "Camera/TimeLine/Avatar/Character_Himeko_00_Skill03_Timeline.playable",
        "Camera/TimeLine/Avatar/Character_Himeko_00_Skill03_Timeline_P.playable"
      ]
    },
    "Skill": {
      "EffectTypes": [
        "Skill02"
      ],
      "EffectInstanceList": [
        "Effects/Eff_Prefab/Eff_Avatar/Eff_Himeko/Eff_Avatar_Himeko_00_Skill02_Ready.prefab",
        "Effects/Eff_Prefab/Eff_Avatar/Eff_Himeko/Eff_Avatar_Himeko_00_Skill02_Start01.prefab",
        "Effects/Eff_Prefab/Eff_Avatar/Eff_Himeko/Eff_Avatar_Himeko_00_Skill02_Start02.prefab",
        "Effects/Eff_Prefab/Eff_Avatar/Eff_Himeko/Eff_Avatar_Himeko_00_Skill02_Start03.prefab",
        "Effects/Eff_Prefab/Eff_Avatar/Eff_Himeko/Eff_Avatar_Himeko_00_Skill02_Start04.prefab"
      ]
    },
    "Passive": {
      "EffectTypes": [
        "Passive"
      ],
      "EffectInstanceList": [
        "Effects/Eff_Prefab/Eff_Avatar/Eff_Himeko/Eff_Avatar_Himeko_00_Passive_Hit01.prefab",
        "Effects/Eff_Prefab/Eff_Avatar/Eff_Himeko/Eff_Avatar_Himeko_00_Passive_Hit02.prefab",
        "Effects/Eff_Prefab/Eff_Avatar/Eff_Himeko/Eff_Avatar_Himeko_00_Passive_Hit02_Screen.prefab",
        "Effects/Eff_Prefab/Eff_Avatar/Eff_Himeko/Eff_Avatar_Himeko_00_Passive_Start01.prefab",
        "Effects/Eff_Prefab/Eff_Avatar/Eff_Himeko/Eff_Avatar_Himeko_00_Passive_Start02.prefab",
        "Effects/Eff_Prefab/Eff_Avatar/Eff_Himeko/Eff_Avatar_Himeko_00_Passive_Start03.prefab",
        "Effects/Eff_Prefab/Eff_Avatar/Eff_Himeko/Eff_Avatar_Himeko_00_Passive_Start04.prefab",
        "Effects/Eff_Prefab/Eff_Avatar/Eff_Himeko/Eff_Avatar_Himeko_00_Passive_Start05.prefab"
      ],
      "AssetList": [
        "Camera/TimeLine/Avatar/Character_Himeko_00_PassiveSkill_TimeLine.playable"
      ]
    },
    "Normal": {
      "EffectTypes": [
        "Skill01"
      ],
      "EffectInstanceList": [
        "Effects/Eff_Prefab/Eff_Avatar/Eff_Himeko/Eff_Avatar_Himeko_00_Skill01_Hit01.prefab",
        "Effects/Eff_Prefab/Eff_Avatar/Eff_Himeko/Eff_Avatar_Himeko_00_Skill01_Hit02.prefab",
        "Effects/Eff_Prefab/Eff_Avatar/Eff_Himeko/Eff_Avatar_Himeko_00_Skill01_Ready01.prefab",
        "Effects/Eff_Prefab/Eff_Avatar/Eff_Himeko/Eff_Avatar_Himeko_00_Skill01_Start01.prefab",
        "Effects/Eff_Prefab/Eff_Avatar/Eff_Himeko/Eff_Avatar_Himeko_00_Skill01_Start02.prefab",
        "Effects/Eff_Prefab/Eff_Avatar/Eff_Himeko/Eff_Avatar_Himeko_00_Skill01_Start03.prefab"
      ]
    }
  }
}