{
  "EffectAssetList": [
    "Effects/Eff_Prefab/Eff_Avatar/Eff_Sampo/Eff_Avatar_Sampo_00_IdlwShow_01.prefab"
  ],
  "EffectInstanceMap": {
    "Common": {
      "EffectTypes": [
        "Common"
      ],
      "EffectInstanceList": [
        "Effects/Eff_Prefab/Eff_Avatar/Eff_Sampo/Eff_Avatar_Sampo_00_Common_WeaponStart.prefab"
      ]
    },
    "MazeAttack": {
      "EffectTypes": [
        "MazeAttack"
      ],
      "EffectInstanceList": [
        "Effects/Eff_Prefab/Eff_Avatar/Eff_Sampo/Eff_Avatar_Sampo_00_MazeAttack_Hit01.prefab",
        "Effects/Eff_Prefab/Eff_Avatar/Eff_Sampo/Eff_Avatar_Sampo_00_MazeAttack_Hit02.prefab",
        "Effects/Eff_Prefab/Eff_Avatar/Eff_Sampo/Eff_Avatar_Sampo_00_MazeAttack_WeaponAEnd.prefab",
        "Effects/Eff_Prefab/Eff_Avatar/Eff_Sampo/Eff_Avatar_Sampo_00_MazeAttack_WeaponBEnd.prefab"
      ]
    },
    "MazeSkill": {
      "EffectTypes": [
        "MazeSkill"
      ],
      "EffectInstanceList": [
        "Effects/Eff_Prefab/Eff_Avatar/Eff_Sampo/Eff_Avatar_Sampo_00_MazeSkill_Bomb.prefab",
        "Effects/Eff_Prefab/Eff_Avatar/Eff_Sampo/Eff_Avatar_Sampo_00_MazeSkill_Camera.prefab",
        "Effects/Eff_Prefab/Eff_Avatar/Eff_Sampo/Eff_Avatar_Sampo_00_MazeSkill_Hit.prefab",
        "Effects/Eff_Prefab/Eff_Avatar/Eff_Sampo/Eff_Avatar_Sampo_00_MazeSkill_HitLoop.prefab"
      ]
    },
    "Ultra": {
      "EffectTypes": [
        "Skill03"
      ],
      "EffectInstanceList": [
        "Effects/Eff_Prefab/Eff_Avatar/Eff_Sampo/Eff_Avatar_Sampo_00_Skill03_Ready.prefab",
        "Effects/Eff_Prefab/Eff_Avatar/Eff_Sampo/Eff_Avatar_Sampo_00_Skill03_Flash.prefab",
        "Effects/Eff_Prefab/Eff_Avatar/Eff_Sampo/Eff_Avatar_Sampo_00_Skill03_Hint.prefab",
        "Effects/Eff_Prefab/Eff_Avatar/Eff_Sampo/Eff_Avatar_Sampo_00_Skill03_Hint_2.prefab",
        "Effects/Eff_Prefab/Eff_Avatar/Eff_Sampo/Eff_Avatar_Sampo_00_Skill03_Hint_3.prefab",
        "Effects/Eff_Prefab/Eff_Avatar/Eff_Sampo/Eff_Avatar_Sampo_00_Skill03_Smoke.prefab",
        "Effects/Eff_Prefab/Eff_Avatar/Eff_Sampo/Eff_Avatar_Sampo_00_Skill03_Start01.prefab",
        "Effects/Eff_Prefab/Eff_Avatar/Eff_Sampo/Eff_Avatar_Sampo_00_Skill03_Start01_Ground.prefab",
        "Effects/Eff_Prefab/Eff_Avatar/Eff_Sampo/Eff_Avatar_Sampo_00_Skill03_Start02.prefab",
        "Effects/Eff_Prefab/Eff_Avatar/Eff_Sampo/Eff_Avatar_Sampo_00_Skill03_Start02_Text.prefab",
        "Effects/Eff_Prefab/Eff_Avatar/Eff_Sampo/Eff_Avatar_Sampo_00_Skill03_Transition.prefab",
        "Effects/Eff_Prefab/Eff_Avatar/Eff_Sampo/Eff_Avatar_Sampo_00_Skill03_v1_Hit.prefab",
        "Effects/Eff_Prefab/Eff_Avatar/Eff_Sampo/Eff_Avatar_Sampo_00_Skill03_YanWu_Skin_01.prefab"
      ],
      "AssetList": [
        "Camera/TimeLine/Avatar/Character_Sampo_00_Skill03_TimeLine.playable"
      ]
    },
    "Skill": {
      "EffectTypes": [
        "Skill02"
      ],
      "EffectInstanceList": [
        "Effects/Eff_Prefab/Eff_Avatar/Eff_Sampo/Eff_Avatar_Sampo_00_Skill02_Bullet.prefab",
        "Effects/Eff_Prefab/Eff_Avatar/Eff_Sampo/Eff_Avatar_Sampo_00_Skill02_BulletEnd.prefab",
        "Effects/Eff_Prefab/Eff_Avatar/Eff_Sampo/Eff_Avatar_Sampo_00_Skill02_Hit.prefab",
        "Effects/Eff_Prefab/Eff_Avatar/Eff_Sampo/Eff_Avatar_Sampo_00_Skill02_Hit_Rotation.prefab",
        "Effects/Eff_Prefab/Eff_Avatar/Eff_Sampo/Eff_Avatar_Sampo_00_Skill02_Ready.prefab",
        "Effects/Eff_Prefab/Eff_Avatar/Eff_Sampo/Eff_Avatar_Sampo_00_Skill02_Ready_WeaponB.prefab"
      ]
    },
    "Passive": {
      "EffectTypes": [
        "Passive"
      ],
      "EffectInstanceList": []
    },
    "Normal": {
      "EffectTypes": [
        "Skill01"
      ],
      "EffectInstanceList": [
        "Effects/Eff_Prefab/Eff_Avatar/Eff_Sampo/Eff_Avatar_Sampo_00_Skill01_01.prefab",
        "Effects/Eff_Prefab/Eff_Avatar/Eff_Sampo/Eff_Avatar_Sampo_00_Skill01_02.prefab",
        "Effects/Eff_Prefab/Eff_Avatar/Eff_Sampo/Eff_Avatar_Sampo_00_Skill01_03.prefab",
        "Effects/Eff_Prefab/Eff_Avatar/Eff_Sampo/Eff_Avatar_Sampo_00_Skill01_v1_Hit.prefab",
        "Effects/Eff_Prefab/Eff_Avatar/Eff_Sampo/Eff_Avatar_Sampo_00_Skill01_v2_Hit.prefab",
        "Effects/Eff_Prefab/Eff_Avatar/Eff_Sampo/Eff_Avatar_Sampo_00_Skill01_v3_Hit.prefab",
        "Effects/Eff_Prefab/Eff_Avatar/Eff_Sampo/Eff_Avatar_Sampo_00_Skill01_WeaponA.prefab",
        "Effects/Eff_Prefab/Eff_Avatar/Eff_Sampo/Eff_Avatar_Sampo_00_Skill01_WeaponB.prefab"
      ]
    }
  }
}