{
  "EffectAssetList": [
    "Effects/Eff_Prefab/Eff_Avatar/Eff_Sushang/Eff_Avatar_Sushang_00_IdleShow_01_End.prefab",
    "Effects/Eff_Prefab/Eff_Avatar/Eff_Sushang/Eff_Avatar_Sushang_00_IdleShow_01_Start.prefab"
  ],
  "EffectInstanceMap": {
    "Common": {
      "EffectTypes": [
        "Common"
      ],
      "EffectInstanceList": [
        "Effects/Eff_Prefab/Eff_Avatar/Eff_Sushang/Eff_Avatar_Sushang_00_Common_Weapon.prefab",
        "Effects/Eff_Prefab/Eff_Avatar/Eff_Sushang/Eff_Avatar_Sushang_00_Common_WeaponEnd.prefab",
        "Effects/Eff_Prefab/Eff_Avatar/Eff_Sushang/Eff_Avatar_Sushang_00_Common_WeaponStart.prefab"
      ]
    },
    "MazeAttack": {
      "EffectTypes": [
        "MazeAttack"
      ],
      "EffectInstanceList": [
        "Effects/Eff_Prefab/Eff_Avatar/Eff_Sushang/Eff_Avatar_Sushang_00_MazeAttack.prefab",
        "Effects/Eff_Prefab/Eff_Avatar/Eff_Sushang/Eff_Avatar_Sushang_00_MazeAttack_Hit.prefab"
      ]
    },
    "MazeSkill": {
      "EffectTypes": [
        "MazeSkill"
      ],
      "EffectInstanceList": [
        "Effects/Eff_Prefab/Eff_Avatar/Eff_Sushang/Eff_Avatar_Sushang_00_MazeSkill.prefab",
        "Effects/Eff_Prefab/Eff_Avatar/Eff_Sushang/Eff_Avatar_Sushang_00_MazeSkillHit.prefab",
        "Effects/Eff_Prefab/Eff_Avatar/Eff_Sushang/Eff_Avatar_Sushang_00_MazeSkill_02.prefab",
        "Effects/Eff_Prefab/Eff_Avatar/Eff_Sushang/Eff_Avatar_Sushang_00_MazeSkill_03.prefab",
        "Effects/Eff_Prefab/Eff_Avatar/Eff_Sushang/Eff_Avatar_Sushang_00_MazeSkill_04.prefab"
      ]
    },
    "Ultra": {
      "EffectTypes": [
        "Skill03"
      ],
      "EffectInstanceList": [
        "Effects/Eff_Prefab/Eff_Avatar/Eff_Sushang/Eff_Avatar_Sushang_00_Skill03_Ready.prefab",
        "Effects/Eff_Prefab/Eff_Avatar/Eff_Sushang/Eff_Avatar_Sushang_00_Skill03_black.prefab",
        "Effects/Eff_Prefab/Eff_Avatar/Eff_Sushang/Eff_Avatar_Sushang_00_Skill03_CameraVFX.prefab",
        "Effects/Eff_Prefab/Eff_Avatar/Eff_Sushang/Eff_Avatar_Sushang_00_Skill03_Lights.prefab",
        "Effects/Eff_Prefab/Eff_Avatar/Eff_Sushang/Eff_Avatar_Sushang_00_Skill03_SKY.prefab",
        "Effects/Eff_Prefab/Eff_Avatar/Eff_Sushang/Eff_Avatar_Sushang_00_Skill03_Spirit.prefab",
        "Effects/Eff_Prefab/Eff_Avatar/Eff_Sushang/Eff_Avatar_Sushang_00_Skill03_Spirit_F.prefab",
        "Effects/Eff_Prefab/Eff_Avatar/Eff_Sushang/Eff_Avatar_Sushang_00_Skill03_Start01.prefab",
        "Effects/Eff_Prefab/Eff_Avatar/Eff_Sushang/Eff_Avatar_Sushang_00_Skill03_Start01_01.prefab",
        "Effects/Eff_Prefab/Eff_Avatar/Eff_Sushang/Eff_Avatar_Sushang_00_Skill03_Start02.prefab",
        "Effects/Eff_Prefab/Eff_Avatar/Eff_Sushang/Eff_Avatar_Sushang_00_Skill03_Start03.prefab",
        "Effects/Eff_Prefab/Eff_Avatar/Eff_Sushang/Eff_Avatar_Sushang_00_Skill03_Start04.prefab",
        "Effects/Eff_Prefab/Eff_Avatar/Eff_Sushang/Eff_Avatar_Sushang_00_Skill03_Start05.prefab",
        "Effects/Eff_Prefab/Eff_Avatar/Eff_Sushang/Eff_Avatar_Sushang_00_Skill03_Start06.prefab",
        "Effects/Eff_Prefab/Eff_Avatar/Eff_Sushang/Eff_Avatar_Sushang_00_Skill03_Start07.prefab",
        "Effects/Eff_Prefab/Eff_Avatar/Eff_Sushang/Eff_Avatar_Sushang_00_Skill03_Start08.prefab",
        "Effects/Eff_Prefab/Eff_Avatar/Eff_Sushang/Eff_Avatar_Sushang_00_Skill03_Start09.prefab",
        "Effects/Eff_Prefab/Eff_Avatar/Eff_Sushang/Eff_Avatar_Sushang_00_Skill03_WeaponStart.prefab"
      ],
      "AssetList": [
        "Camera/TimeLine/Avatar/Character_Sushang_00_Skill03_TimeLine.playable"
      ]
    },
    "Skill": {
      "EffectTypes": [
        "Skill02"
      ],
      "EffectInstanceList": [
        "Effects/Eff_Prefab/Eff_Avatar/Eff_Sushang/Eff_Avatar_Sushang_00_Skill02_01.prefab",
        "Effects/Eff_Prefab/Eff_Avatar/Eff_Sushang/Eff_Avatar_Sushang_00_Skill02_02.prefab",
        "Effects/Eff_Prefab/Eff_Avatar/Eff_Sushang/Eff_Avatar_Sushang_00_Skill02_03.prefab",
        "Effects/Eff_Prefab/Eff_Avatar/Eff_Sushang/Eff_Avatar_Sushang_00_Skill02_04.prefab",
        "Effects/Eff_Prefab/Eff_Avatar/Eff_Sushang/Eff_Avatar_Sushang_00_Skill02_05.prefab",
        "Effects/Eff_Prefab/Eff_Avatar/Eff_Sushang/Eff_Avatar_Sushang_00_Skill02_Hit_01.prefab",
        "Effects/Eff_Prefab/Eff_Avatar/Eff_Sushang/Eff_Avatar_Sushang_00_Skill02_Hit_02.prefab",
        "Effects/Eff_Prefab/Eff_Avatar/Eff_Sushang/Eff_Avatar_Sushang_00_Skill02_Hit_03.prefab",
        "Effects/Eff_Prefab/Eff_Avatar/Eff_Sushang/Eff_Avatar_Sushang_00_Skill02_Weapon_02.prefab",
        "Effects/Eff_Prefab/Eff_Avatar/Eff_Sushang/Eff_Avatar_Sushang_00_Skill02_Weapon_03.prefab"
      ]
    },
    "Passive": {
      "EffectTypes": [
        "Passive"
      ],
      "EffectInstanceList": [
        "Effects/Eff_Prefab/Eff_Avatar/Eff_Sushang/Eff_Avatar_Sushang_00_Passive_Ultrabuff.prefab"
      ]
    },
    "Normal": {
      "EffectTypes": [
        "Skill01"
      ],
      "EffectInstanceList": [
        "Effects/Eff_Prefab/Eff_Avatar/Eff_Sushang/Eff_Avatar_Sushang_00_Skill01.prefab",
        "Effects/Eff_Prefab/Eff_Avatar/Eff_Sushang/Eff_Avatar_Sushang_00_Skill01_02.prefab",
        "Effects/Eff_Prefab/Eff_Avatar/Eff_Sushang/Eff_Avatar_Sushang_00_Skill01_03.prefab",
        "Effects/Eff_Prefab/Eff_Avatar/Eff_Sushang/Eff_Avatar_Sushang_00_Skill01_Hit.prefab",
        "Effects/Eff_Prefab/Eff_Avatar/Eff_Sushang/Eff_Avatar_Sushang_00_Skill01_Weapon.prefab",
        "Effects/Eff_Prefab/Eff_Avatar/Eff_Sushang/Eff_Avatar_Sushang_00_Skill01_Weapon_02.prefab"
      ]
    }
  }
}