{
  "EffectAssetList": [
    "Effects/Eff_Prefab/Eff_Avatar/Eff_Guinaifen/Eff_Avatar_Guinaifen_00_IdleShow01_01.prefab",
    "Effects/Eff_Prefab/Eff_Avatar/Eff_Guinaifen/Eff_Avatar_Guinaifen_00_IdleShow01_01_1.prefab",
    "Effects/Eff_Prefab/Eff_Avatar/Eff_Guinaifen/Eff_Avatar_Guinaifen_00_IdleShow01_02.prefab",
    "Effects/Eff_Prefab/Eff_Avatar/Eff_Guinaifen/Eff_Avatar_Guinaifen_00_IdleShow01_03.prefab",
    "Effects/Eff_Prefab/Eff_Avatar/Eff_Guinaifen/Eff_Avatar_Guinaifen_00_IdleShow02_01.prefab",
    "Effects/Eff_Prefab/Eff_Avatar/Eff_Guinaifen/Eff_Avatar_Guinaifen_00_IdleShow02_lizi.prefab",
    "Effects/Eff_Prefab/Eff_Avatar/Eff_Guinaifen/Eff_Avatar_Guinaifen_00_skill01_Hit.prefab",
    "Effects/Eff_Prefab/Eff_Avatar/Eff_Guinaifen/Eff_Avatar_Guinaifen_00_skill01_Start02.prefab",
    "Effects/Eff_Prefab/Eff_Avatar/Eff_Guinaifen/Eff_Avatar_Guinaifen_00_skill01_Start04.prefab"
  ],
  "EffectInstanceMap": {
    "Common": {
      "EffectTypes": [
        "Common"
      ],
      "EffectInstanceList": []
    },
    "MazeAttack": {
      "EffectTypes": [
        "MazeAttack"
      ],
      "EffectInstanceList": [
        "Effects/Eff_Prefab/Eff_Avatar/Eff_Guinaifen/Eff_Avatar_Guinaifen_00_MazeAttack_Hit01.prefab",
        "Effects/Eff_Prefab/Eff_Avatar/Eff_Guinaifen/Eff_Avatar_Guinaifen_00_MazeAttack_Start01.prefab",
        "Effects/Eff_Prefab/Eff_Avatar/Eff_Guinaifen/Eff_Avatar_Guinaifen_00_MazeAttack_WeaponEnd.prefab",
        "Effects/Eff_Prefab/Eff_Avatar/Eff_Guinaifen/Eff_Avatar_Guinaifen_00_MazeAttack_WeaponEnd02.prefab",
        "Effects/Eff_Prefab/Eff_Avatar/Eff_Guinaifen/Eff_Avatar_Guinaifen_00_MazeAttack_WeaponStart.prefab"
      ]
    },
    "MazeSkill": {
      "EffectTypes": [
        "MazeSkill"
      ],
      "EffectInstanceList": [
        "Effects/Eff_Prefab/Eff_Avatar/Eff_Guinaifen/Eff_Avatar_Guinaifen_00_MazeSkill_Boom.prefab",
        "Effects/Eff_Prefab/Eff_Avatar/Eff_Guinaifen/Eff_Avatar_Guinaifen_00_MazeSkill_Firecracker_bullet.prefab",
        "Effects/Eff_Prefab/Eff_Avatar/Eff_Guinaifen/Eff_Avatar_Guinaifen_00_MazeSkill_Firecracker_fire.prefab"
      ]
    },
    "Ultra": {
      "EffectTypes": [
        "Skill03"
      ],
      "EffectInstanceList": [
        "Effects/Eff_Prefab/Eff_Avatar/Eff_Guinaifen/Eff_Avatar_Guinaifen_00_Skill03_Ready.prefab",
        "Effects/Eff_Prefab/Eff_Avatar/Eff_Guinaifen/Eff_Avatar_Guinaifen_00_Skill03_Boom.prefab",
        "Effects/Eff_Prefab/Eff_Avatar/Eff_Guinaifen/Eff_Avatar_Guinaifen_00_Skill03_Puppies.prefab",
        "Effects/Eff_Prefab/Eff_Avatar/Eff_Guinaifen/Eff_Avatar_Guinaifen_00_Skill03_Scene.prefab",
        "Effects/Eff_Prefab/Eff_Avatar/Eff_Guinaifen/Eff_Avatar_Guinaifen_00_Skill03_Start01.prefab",
        "Effects/Eff_Prefab/Eff_Avatar/Eff_Guinaifen/Eff_Avatar_Guinaifen_00_Skill03_Start02.prefab",
        "Effects/Eff_Prefab/Eff_Avatar/Eff_Guinaifen/Eff_Avatar_Guinaifen_00_Skill03_Start03.prefab",
        "Effects/Eff_Prefab/Eff_Avatar/Eff_Guinaifen/Eff_Avatar_Guinaifen_00_Skill03_Start04.prefab",
        "Effects/Eff_Prefab/Eff_Avatar/Eff_Guinaifen/Eff_Avatar_Guinaifen_00_Skill03_Start04_Camera.prefab",
        "Effects/Eff_Prefab/Eff_Avatar/Eff_Guinaifen/Eff_Avatar_Guinaifen_00_Skill03_Start05.prefab",
        "Effects/Eff_Prefab/Eff_Avatar/Eff_Guinaifen/Eff_Avatar_Guinaifen_00_Skill03_Start05_Smoke.prefab",
        "Effects/Eff_Prefab/Eff_Avatar/Eff_Guinaifen/Eff_Avatar_Guinaifen_00_Skill03_Start05_Weapon.prefab",
        "Effects/Eff_Prefab/Eff_Avatar/Eff_Guinaifen/Eff_Avatar_Guinaifen_00_Skill03_Start06.prefab",
        "Effects/Eff_Prefab/Eff_Avatar/Eff_Guinaifen/Eff_Avatar_Guinaifen_00_Skill03_Start07_Camera.prefab"
      ],
      "AssetList": [
        "Camera/TimeLine/Avatar/Character_Guinaifen_00_Skill03_TimeLine.playable"
      ]
    },
    "Skill": {
      "EffectTypes": [
        "Skill02"
      ],
      "EffectInstanceList": [
        "Effects/Eff_Prefab/Eff_Avatar/Eff_Guinaifen/Eff_Avatar_Guinaifen_00_Skill01toSkill02_Firecracker02.prefab",
        "Effects/Eff_Prefab/Eff_Avatar/Eff_Guinaifen/Eff_Avatar_Guinaifen_00_Skill01toSkill02_Firecracker_fire.prefab",
        "Effects/Eff_Prefab/Eff_Avatar/Eff_Guinaifen/Eff_Avatar_Guinaifen_00_Skill01toSkill02_Start01.prefab",
        "Effects/Eff_Prefab/Eff_Avatar/Eff_Guinaifen/Eff_Avatar_Guinaifen_00_Skill01toSkill02_WeaponStart.prefab",
        "Effects/Eff_Prefab/Eff_Avatar/Eff_Guinaifen/Eff_Avatar_Guinaifen_00_Skill02toSkill01_FirecrackerEnd.prefab",
        "Effects/Eff_Prefab/Eff_Avatar/Eff_Guinaifen/Eff_Avatar_Guinaifen_00_Skill02toSkill01_WeaponStart.prefab",
        "Effects/Eff_Prefab/Eff_Avatar/Eff_Guinaifen/Eff_Avatar_Guinaifen_00_Skill02_Boom.prefab",
        "Effects/Eff_Prefab/Eff_Avatar/Eff_Guinaifen/Eff_Avatar_Guinaifen_00_Skill02_Boom02.prefab",
        "Effects/Eff_Prefab/Eff_Avatar/Eff_Guinaifen/Eff_Avatar_Guinaifen_00_Skill02_Boom_Hit.prefab",
        "Effects/Eff_Prefab/Eff_Avatar/Eff_Guinaifen/Eff_Avatar_Guinaifen_00_Skill02_Boom_Hit_02.prefab",
        "Effects/Eff_Prefab/Eff_Avatar/Eff_Guinaifen/Eff_Avatar_Guinaifen_00_Skill02_Firecracker_bullet.prefab",
        "Effects/Eff_Prefab/Eff_Avatar/Eff_Guinaifen/Eff_Avatar_Guinaifen_00_Skill02_Firecracker_fire.prefab",
        "Effects/Eff_Prefab/Eff_Avatar/Eff_Guinaifen/Eff_Avatar_Guinaifen_00_Skill02_Firecracker_fire01.prefab",
        "Effects/Eff_Prefab/Eff_Avatar/Eff_Guinaifen/Eff_Avatar_Guinaifen_00_Skill02_Firecracker_fire_Loop.prefab",
        "Effects/Eff_Prefab/Eff_Avatar/Eff_Guinaifen/Eff_Avatar_Guinaifen_00_Skill02_Fire_Trigger.prefab",
        "Effects/Eff_Prefab/Eff_Avatar/Eff_Guinaifen/Eff_Avatar_Guinaifen_00_Skill02_Ready.prefab",
        "Effects/Eff_Prefab/Eff_Avatar/Eff_Guinaifen/Eff_Avatar_Guinaifen_00_Skill02_Ready_Weapon.prefab",
        "Effects/Eff_Prefab/Eff_Avatar/Eff_Guinaifen/Eff_Avatar_Guinaifen_00_Skill02_Smoke.prefab",
        "Effects/Eff_Prefab/Eff_Avatar/Eff_Guinaifen/Eff_Avatar_Guinaifen_00_Skill02_WeaponEnd.prefab"
      ]
    },
    "Passive": {
      "EffectTypes": [
        "Passive"
      ],
      "EffectInstanceList": []
    },
    "Normal": {
      "EffectTypes": [
        "Skill01"
      ],
      "EffectInstanceList": [
        "Effects/Eff_Prefab/Eff_Avatar/Eff_Guinaifen/Eff_Avatar_Guinaifen_00_Skill01_Start01.prefab",
        "Effects/Eff_Prefab/Eff_Avatar/Eff_Guinaifen/Eff_Avatar_Guinaifen_00_Skill01_Start03.prefab"
      ]
    }
  }
}