{
  "EffectAssetList": [
    "Effects/Eff_Prefab/Eff_Avatar/Eff_Seele/Eff_Avatar_Seele_00_IdleShow_02_End.prefab",
    "Effects/Eff_Prefab/Eff_Avatar/Eff_Seele/Eff_Avatar_Seele_00_IdleShow_02_Start.prefab"
  ],
  "EffectInstanceMap": {
    "Common": {
      "EffectTypes": [
        "Common"
      ],
      "EffectInstanceList": [
        "Effects/Eff_Prefab/Eff_Avatar/Eff_Seele/Eff_Avatar_Seele_00_Common_Weapon.prefab",
        "Effects/Eff_Prefab/Eff_Avatar/Eff_Seele/Eff_Avatar_Seele_00_Common_Weapon2.prefab",
        "Effects/Eff_Prefab/Eff_Avatar/Eff_Seele/Eff_Avatar_Seele_00_Common_WeaponEnd.prefab",
        "Effects/Eff_Prefab/Eff_Avatar/Eff_Seele/Eff_Avatar_Seele_00_Common_WeaponStart.prefab"
      ]
    },
    "MazeAttack": {
      "EffectTypes": [
        "MazeAttack"
      ],
      "EffectInstanceList": [
        "Effects/Eff_Prefab/Eff_Avatar/Eff_Seele/Eff_Avatar_Seele_00_MazeAttack_Hit.prefab",
        "Effects/Eff_Prefab/Eff_Avatar/Eff_Seele/Eff_Avatar_Seele_00_MazeAttack_Start01.prefab"
      ]
    },
    "MazeSkill": {
      "EffectTypes": [
        "MazeSkill"
      ],
      "EffectInstanceList": [
        "Effects/Eff_Prefab/Eff_Avatar/Eff_Seele/Eff_Avatar_Seele_00_MazeSkill_Body.prefab",
        "Effects/Eff_Prefab/Eff_Avatar/Eff_Seele/Eff_Avatar_Seele_00_MazeSkill_Face.prefab",
        "Effects/Eff_Prefab/Eff_Avatar/Eff_Seele/Eff_Avatar_Seele_00_MazeSkill_Hair.prefab",
        "Effects/Eff_Prefab/Eff_Avatar/Eff_Seele/Eff_Avatar_Seele_00_MazeSkill_Spark01.prefab",
        "Effects/Eff_Prefab/Eff_Avatar/Eff_Seele/Eff_Avatar_Seele_00_MazeSkill_Spark02.prefab",
        "Effects/Eff_Prefab/Eff_Avatar/Eff_Seele/Eff_Avatar_Seele_00_MazeSkill_Spark03.prefab",
        "Effects/Eff_Prefab/Eff_Avatar/Eff_Seele/Eff_Avatar_Seele_00_MazeSkill_Start01.prefab",
        "Effects/Eff_Prefab/Eff_Avatar/Eff_Seele/Eff_Avatar_Seele_00_MazeSkill_Start02.prefab"
      ]
    },
    "Ultra": {
      "EffectTypes": [
        "Skill03"
      ],
      "EffectInstanceList": [
        "Effects/Eff_Prefab/Eff_Avatar/Eff_Seele/Eff_Avatar_Seele_00_Skill01_ToSkill03Ready.prefab",
        "Effects/Eff_Prefab/Eff_Avatar/Eff_Seele/Eff_Avatar_Seele_00_Skill03_Ready.prefab",
        "Effects/Eff_Prefab/Eff_Avatar/Eff_Seele/Eff_Avatar_Seele_00_Skill03_Hit.prefab",
        "Effects/Eff_Prefab/Eff_Avatar/Eff_Seele/Eff_Avatar_Seele_00_Skill03_Projection.prefab",
        "Effects/Eff_Prefab/Eff_Avatar/Eff_Seele/Eff_Avatar_Seele_00_Skill03_Start01.prefab",
        "Effects/Eff_Prefab/Eff_Avatar/Eff_Seele/Eff_Avatar_Seele_00_Skill03_Start02.prefab",
        "Effects/Eff_Prefab/Eff_Avatar/Eff_Seele/Eff_Avatar_Seele_00_Skill03_Start03.prefab",
        "Effects/Eff_Prefab/Eff_Avatar/Eff_Seele/Eff_Avatar_Seele_00_Skill03_Start04.prefab",
        "Effects/Eff_Prefab/Eff_Avatar/Eff_Seele/Eff_Avatar_Seele_00_Skill03_Start04_0.prefab",
        "Effects/Eff_Prefab/Eff_Avatar/Eff_Seele/Eff_Avatar_Seele_00_Skill03_Start04_1.prefab",
        "Effects/Eff_Prefab/Eff_Avatar/Eff_Seele/Eff_Avatar_Seele_00_Skill03_Start05.prefab",
        "Effects/Eff_Prefab/Eff_Avatar/Eff_Seele/Eff_Avatar_Seele_00_Skill03_Start06.prefab",
        "Effects/Eff_Prefab/Eff_Avatar/Eff_Seele/Eff_Avatar_Seele_00_Skill03_Start06_1.prefab",
        "Effects/Eff_Prefab/Eff_Avatar/Eff_Seele/Eff_Avatar_Seele_00_Skill03_Start07.prefab",
        "Effects/Eff_Prefab/Eff_Avatar/Eff_Seele/Eff_Avatar_Seele_00_Skill03_Start08_1.prefab",
        "Effects/Eff_Prefab/Eff_Avatar/Eff_Seele/Eff_Avatar_Seele_00_Skill03_Start09.prefab"
      ],
      "AssetList": [
        "Camera/TimeLine/Avatar/Character_Seele_00_Skill03_TimeLine.playable"
      ]
    },
    "Skill": {
      "EffectTypes": [
        "Skill02"
      ],
      "EffectInstanceList": [
        "Effects/Eff_Prefab/Eff_Avatar/Eff_Seele/Eff_Avatar_Seele_00_Skill02_Hit01.prefab",
        "Effects/Eff_Prefab/Eff_Avatar/Eff_Seele/Eff_Avatar_Seele_00_Skill02_Ready.prefab",
        "Effects/Eff_Prefab/Eff_Avatar/Eff_Seele/Eff_Avatar_Seele_00_Skill02_Ready_Body.prefab",
        "Effects/Eff_Prefab/Eff_Avatar/Eff_Seele/Eff_Avatar_Seele_00_Skill02_Ready_Face.prefab",
        "Effects/Eff_Prefab/Eff_Avatar/Eff_Seele/Eff_Avatar_Seele_00_Skill02_Ready_Hair.prefab",
        "Effects/Eff_Prefab/Eff_Avatar/Eff_Seele/Eff_Avatar_Seele_00_Skill02_Ready_Weapon.prefab",
        "Effects/Eff_Prefab/Eff_Avatar/Eff_Seele/Eff_Avatar_Seele_00_Skill02_Start01.prefab",
        "Effects/Eff_Prefab/Eff_Avatar/Eff_Seele/Eff_Avatar_Seele_00_Skill02_Start02.prefab",
        "Effects/Eff_Prefab/Eff_Avatar/Eff_Seele/Eff_Avatar_Seele_00_Skill02_Start03.prefab",
        "Effects/Eff_Prefab/Eff_Avatar/Eff_Seele/Eff_Avatar_Seele_00_Skill02_Start04.prefab",
        "Effects/Eff_Prefab/Eff_Avatar/Eff_Seele/Eff_Avatar_Seele_00_Skill02_Start05.prefab",
        "Effects/Eff_Prefab/Eff_Avatar/Eff_Seele/Eff_Avatar_Seele_00_Skill02_Start06.prefab",
        "Effects/Eff_Prefab/Eff_Avatar/Eff_Seele/Eff_Avatar_Seele_00_Skill02_Start07.prefab"
      ]
    },
    "Passive": {
      "EffectTypes": [
        "Passive"
      ],
      "EffectInstanceList": [
        "Effects/Eff_Prefab/Eff_Avatar/Eff_Seele/Eff_Avatar_Seele_00_Skill_Passive.prefab"
      ]
    },
    "Normal": {
      "EffectTypes": [
        "Skill01"
      ],
      "EffectInstanceList": [
        "Effects/Eff_Prefab/Eff_Avatar/Eff_Seele/Eff_Avatar_Seele_00_Skill01_Dash.prefab",
        "Effects/Eff_Prefab/Eff_Avatar/Eff_Seele/Eff_Avatar_Seele_00_Skill01_Hit01.prefab",
        "Effects/Eff_Prefab/Eff_Avatar/Eff_Seele/Eff_Avatar_Seele_00_Skill01_Hit02.prefab",
        "Effects/Eff_Prefab/Eff_Avatar/Eff_Seele/Eff_Avatar_Seele_00_Skill01_Hit03.prefab",
        "Effects/Eff_Prefab/Eff_Avatar/Eff_Seele/Eff_Avatar_Seele_00_Skill01_Start01.prefab",
        "Effects/Eff_Prefab/Eff_Avatar/Eff_Seele/Eff_Avatar_Seele_00_Skill01_Start02.prefab"
      ]
    }
  }
}