{
  "EffectAssetList": [
    "Effects/Eff_Prefab/Eff_Avatar/Eff_Hanya/Eff_Avatar_Hanya_00_Idle_Show_02_Model.prefab",
    "Effects/Eff_Prefab/Eff_Avatar/Eff_Hanya/Eff_Avatar_Hanya_00_Idle_Show_02_Start01.prefab",
    "Effects/Eff_Prefab/Eff_Avatar/Eff_Hanya/Eff_Avatar_Hanya_00_Idle_Show_02_WeaponEnd1.prefab",
    "Effects/Eff_Prefab/Eff_Avatar/Eff_Hanya/Eff_Avatar_Hanya_00_Idle_Show_02_WeaponEnd2.prefab",
    "Effects/Eff_Prefab/Eff_Avatar/Eff_Hanya/Eff_Avatar_Hanya_00_Idle_Show_02_WeaponEnd3.prefab"
  ],
  "EffectInstanceMap": {
    "Common": {
      "EffectTypes": [
        "Common"
      ],
      "EffectInstanceList": [
        "Effects/Eff_Prefab/Eff_Avatar/Eff_Hanya/Eff_Avatar_Hanya_00_Common_WeaponEnd.prefab",
        "Effects/Eff_Prefab/Eff_Avatar/Eff_Hanya/Eff_Avatar_Hanya_00_Common_WeaponStart.prefab"
      ]
    },
    "MazeAttack": {
      "EffectTypes": [
        "MazeAttack"
      ],
      "EffectInstanceList": [
        "Effects/Eff_Prefab/Eff_Avatar/Eff_Hanya/Eff_Avatar_Hanya_00_MazeAttack_01.prefab",
        "Effects/Eff_Prefab/Eff_Avatar/Eff_Hanya/Eff_Avatar_Hanya_00_MazeAttack_02.prefab",
        "Effects/Eff_Prefab/Eff_Avatar/Eff_Hanya/Eff_Avatar_Hanya_00_MazeAttack_Hit.prefab",
        "Effects/Eff_Prefab/Eff_Avatar/Eff_Hanya/Eff_Avatar_Hanya_00_MazeAttack_Weapon.prefab"
      ]
    },
    "MazeSkill": {
      "EffectTypes": [
        "MazeSkill"
      ],
      "EffectInstanceList": [
        "Effects/Eff_Prefab/Eff_Avatar/Eff_Hanya/Eff_Avatar_Hanya_00_MazeSkill01_Bullet.prefab",
        "Effects/Eff_Prefab/Eff_Avatar/Eff_Hanya/Eff_Avatar_Hanya_00_MazeSkill01_Hit.prefab",
        "Effects/Eff_Prefab/Eff_Avatar/Eff_Hanya/Eff_Avatar_Hanya_00_MazeSkill01_Token.prefab"
      ]
    },
    "Ultra": {
      "EffectTypes": [
        "Skill03"
      ],
      "EffectInstanceList": [
        "Effects/Eff_Prefab/Eff_Avatar/Eff_Hanya/Eff_Avatar_Hanya_00_Skill03__Ready.prefab",
        "Effects/Eff_Prefab/Eff_Avatar/Eff_Hanya/Eff_Avatar_Hanya_00_Skill03_AttackBuff.prefab",
        "Effects/Eff_Prefab/Eff_Avatar/Eff_Hanya/Eff_Avatar_Hanya_00_Skill03_Start01.prefab",
        "Effects/Eff_Prefab/Eff_Avatar/Eff_Hanya/Eff_Avatar_Hanya_00_Skill03_Start02.prefab",
        "Effects/Eff_Prefab/Eff_Avatar/Eff_Hanya/Eff_Avatar_Hanya_00_Skill03_Start02_Camera.prefab",
        "Effects/Eff_Prefab/Eff_Avatar/Eff_Hanya/Eff_Avatar_Hanya_00_Skill03_Start03.prefab",
        "Effects/Eff_Prefab/Eff_Avatar/Eff_Hanya/Eff_Avatar_Hanya_00_Skill03_Start04.prefab",
        "Effects/Eff_Prefab/Eff_Avatar/Eff_Hanya/Eff_Avatar_Hanya_00_Skill03_Start05.prefab",
        "Effects/Eff_Prefab/Eff_Avatar/Eff_Hanya/Eff_Avatar_Hanya_00_Skill03_Start05_Eye.prefab",
        "Effects/Eff_Prefab/Eff_Avatar/Eff_Hanya/Eff_Avatar_Hanya_00_Skill03_Start05_Light.prefab",
        "Effects/Eff_Prefab/Eff_Avatar/Eff_Hanya/Eff_Avatar_Hanya_00_Skill03_Start06.prefab",
        "Effects/Eff_Prefab/Eff_Avatar/Eff_Hanya/Eff_Avatar_Hanya_00_Skill03_Start07.prefab"
      ],
      "AssetList": [
        "Camera/TimeLine/Avatar/Character_Hanya_00_Skill03_TimeLine.playable"
      ]
    },
    "Skill": {
      "EffectTypes": [
        "Skill02"
      ],
      "EffectInstanceList": [
        "Effects/Eff_Prefab/Eff_Avatar/Eff_Hanya/Eff_Avatar_Hanya_00_Skill02to01_WeaponEnd.prefab",
        "Effects/Eff_Prefab/Eff_Avatar/Eff_Hanya/Eff_Avatar_Hanya_00_Skill02_Hit.prefab",
        "Effects/Eff_Prefab/Eff_Avatar/Eff_Hanya/Eff_Avatar_Hanya_00_Skill02_Start01.prefab",
        "Effects/Eff_Prefab/Eff_Avatar/Eff_Hanya/Eff_Avatar_Hanya_00_Skill02_Start02.prefab",
        "Effects/Eff_Prefab/Eff_Avatar/Eff_Hanya/Eff_Avatar_Hanya_00_Skill02_Token_01.prefab",
        "Effects/Eff_Prefab/Eff_Avatar/Eff_Hanya/Eff_Avatar_Hanya_00_Skill02_Token_01_All.prefab",
        "Effects/Eff_Prefab/Eff_Avatar/Eff_Hanya/Eff_Avatar_Hanya_00_Skill02_Token_01_Loop.prefab",
        "Effects/Eff_Prefab/Eff_Avatar/Eff_Hanya/Eff_Avatar_Hanya_00_Skill02_Token_02.prefab",
        "Effects/Eff_Prefab/Eff_Avatar/Eff_Hanya/Eff_Avatar_Hanya_00_Skill02_Token_03.prefab"
      ]
    },
    "Passive": {
      "EffectTypes": [
        "Passive"
      ],
      "EffectInstanceList": []
    },
    "Normal": {
      "EffectTypes": [
        "Skill01"
      ],
      "EffectInstanceList": [
        "Effects/Eff_Prefab/Eff_Avatar/Eff_Hanya/Eff_Avatar_Hanya_00_Skill01_Hit.prefab",
        "Effects/Eff_Prefab/Eff_Avatar/Eff_Hanya/Eff_Avatar_Hanya_00_Skill01_Hit_Start01.prefab",
        "Effects/Eff_Prefab/Eff_Avatar/Eff_Hanya/Eff_Avatar_Hanya_00_Skill01_Hit_Start02.prefab",
        "Effects/Eff_Prefab/Eff_Avatar/Eff_Hanya/Eff_Avatar_Hanya_00_Skill01_Hit_Start03.prefab",
        "Effects/Eff_Prefab/Eff_Avatar/Eff_Hanya/Eff_Avatar_Hanya_00_Skill01_Start01.prefab",
        "Effects/Eff_Prefab/Eff_Avatar/Eff_Hanya/Eff_Avatar_Hanya_00_Skill01_Weapon.prefab"
      ]
    }
  }
}