{
  "EffectAssetList": [
    "Effects/Eff_Prefab/Eff_Avatar/Eff_Kafka/Eff_Avatar_Kafka_00_IdleShow_01.prefab"
  ],
  "EffectInstanceMap": {
    "Common": {
      "EffectTypes": [
        "Common"
      ],
      "EffectInstanceList": [
        "Effects/Eff_Prefab/Eff_Avatar/Eff_Kafka/Eff_Avatar_Kafka_00_Common_WeaponAEnd.prefab",
        "Effects/Eff_Prefab/Eff_Avatar/Eff_Kafka/Eff_Avatar_Kafka_00_Common_WeaponAStart.prefab",
        "Effects/Eff_Prefab/Eff_Avatar/Eff_Kafka/Eff_Avatar_Kafka_00_Common_WeaponBEnd.prefab",
        "Effects/Eff_Prefab/Eff_Avatar/Eff_Kafka/Eff_Avatar_Kafka_00_Common_WeaponBStart.prefab",
        "Effects/Eff_Prefab/Eff_Avatar/Eff_Kafka/Eff_Avatar_Kafka_00_Common_WeaponCEnd.prefab",
        "Effects/Eff_Prefab/Eff_Avatar/Eff_Kafka/Eff_Avatar_Kafka_00_Common_WeaponCStart.prefab"
      ]
    },
    "MazeAttack": {
      "EffectTypes": [
        "MazeAttack"
      ],
      "EffectInstanceList": [
        "Effects/Eff_Prefab/Eff_Avatar/Eff_Kafka/Eff_Avatar_Kafka_00_MazeAttack_01.prefab",
        "Effects/Eff_Prefab/Eff_Avatar/Eff_Kafka/Eff_Avatar_Kafka_00_MazeAttack_01_Hit.prefab"
      ]
    },
    "MazeSkill": {
      "EffectTypes": [
        "MazeSkill"
      ],
      "EffectInstanceList": [
        "Effects/Eff_Prefab/Eff_Avatar/Eff_Kafka/Eff_Avatar_Kafka_00_MazeSkill01_01.prefab",
        "Effects/Eff_Prefab/Eff_Avatar/Eff_Kafka/Eff_Avatar_Kafka_00_MazeSkill01_01_Hit.prefab",
        "Effects/Eff_Prefab/Eff_Avatar/Eff_Kafka/Eff_Avatar_Kafka_00_MazeSkill01_02.prefab",
        "Effects/Eff_Prefab/Eff_Avatar/Eff_Kafka/Eff_Avatar_Kafka_00_MazeSkill01_Bullet.prefab",
        "Effects/Eff_Prefab/Eff_Avatar/Eff_Kafka/Eff_Avatar_Kafka_00_MazeSkill01_Gun_01.prefab",
        "Effects/Eff_Prefab/Eff_Avatar/Eff_Kafka/Eff_Avatar_Kafka_00_MazeSkill01_Gun_02.prefab",
        "Effects/Eff_Prefab/Eff_Avatar/Eff_Kafka/Eff_Avatar_Kafka_00_MazeSkill01_Hit.prefab"
      ]
    },
    "Ultra": {
      "EffectTypes": [
        "Skill03"
      ],
      "EffectInstanceList": [
        "Effects/Eff_Prefab/Eff_Avatar/Eff_Kafka/Eff_Avatar_Kafka_00_Skill03_Ready.prefab",
        "Effects/Eff_Prefab/Eff_Avatar/Eff_Kafka/Eff_Avatar_Kafka_00_Skill03_All.prefab",
        "Effects/Eff_Prefab/Eff_Avatar/Eff_Kafka/Eff_Avatar_Kafka_00_Skill03_Camera01.prefab",
        "Effects/Eff_Prefab/Eff_Avatar/Eff_Kafka/Eff_Avatar_Kafka_00_Skill03_Camera02.prefab",
        "Effects/Eff_Prefab/Eff_Avatar/Eff_Kafka/Eff_Avatar_Kafka_00_Skill03_Projection.prefab",
        "Effects/Eff_Prefab/Eff_Avatar/Eff_Kafka/Eff_Avatar_Kafka_00_Skill03_Start01.prefab",
        "Effects/Eff_Prefab/Eff_Avatar/Eff_Kafka/Eff_Avatar_Kafka_00_Skill03_Start02.prefab",
        "Effects/Eff_Prefab/Eff_Avatar/Eff_Kafka/Eff_Avatar_Kafka_00_Skill03_Start03.prefab",
        "Effects/Eff_Prefab/Eff_Avatar/Eff_Kafka/Eff_Avatar_Kafka_00_Skill03_Start04.prefab",
        "Effects/Eff_Prefab/Eff_Avatar/Eff_Kafka/Eff_Avatar_Kafka_00_Skill03_Start05.prefab",
        "Effects/Eff_Prefab/Eff_Avatar/Eff_Kafka/Eff_Avatar_Kafka_00_Skill03_Start06.prefab",
        "Effects/Eff_Prefab/Eff_Avatar/Eff_Kafka/Eff_Avatar_Kafka_00_Skill03_Start07.prefab",
        "Effects/Eff_Prefab/Eff_Avatar/Eff_Kafka/Eff_Avatar_Kafka_00_Skill03_Start08.prefab",
        "Effects/Eff_Prefab/Eff_Avatar/Eff_Kafka/Eff_Avatar_Kafka_00_Skill03_Variant.prefab",
        "Effects/Eff_Prefab/Eff_Avatar/Eff_Kafka/Eff_Avatar_Kafka_00_Skill03_VATBullet.prefab"
      ],
      "AssetList": [
        "Camera/TimeLine/Avatar/Character_Kafka_00_Skill03_TimeLine.playable"
      ]
    },
    "Skill": {
      "EffectTypes": [
        "Skill02"
      ],
      "EffectInstanceList": [
        "Effects/Eff_Prefab/Eff_Avatar/Eff_Kafka/Eff_Avatar_Kafka_00_Skill02_00.prefab",
        "Effects/Eff_Prefab/Eff_Avatar/Eff_Kafka/Eff_Avatar_Kafka_00_Skill02_01.prefab",
        "Effects/Eff_Prefab/Eff_Avatar/Eff_Kafka/Eff_Avatar_Kafka_00_Skill02_01_Hit.prefab",
        "Effects/Eff_Prefab/Eff_Avatar/Eff_Kafka/Eff_Avatar_Kafka_00_Skill02_02.prefab",
        "Effects/Eff_Prefab/Eff_Avatar/Eff_Kafka/Eff_Avatar_Kafka_00_Skill02_02_Hit.prefab",
        "Effects/Eff_Prefab/Eff_Avatar/Eff_Kafka/Eff_Avatar_Kafka_00_Skill02_03.prefab",
        "Effects/Eff_Prefab/Eff_Avatar/Eff_Kafka/Eff_Avatar_Kafka_00_Skill02_03_Hit.prefab",
        "Effects/Eff_Prefab/Eff_Avatar/Eff_Kafka/Eff_Avatar_Kafka_00_Skill02_03_Hit_02.prefab",
        "Effects/Eff_Prefab/Eff_Avatar/Eff_Kafka/Eff_Avatar_Kafka_00_Skill02_Camera.prefab",
        "Effects/Eff_Prefab/Eff_Avatar/Eff_Kafka/Eff_Avatar_Kafka_00_Skill02_Dash.prefab",
        "Effects/Eff_Prefab/Eff_Avatar/Eff_Kafka/Eff_Avatar_Kafka_00_Skill02_DeBuff_Hit.prefab",
        "Effects/Eff_Prefab/Eff_Avatar/Eff_Kafka/Eff_Avatar_Kafka_00_Skill02_Ready_Weapon.prefab",
        "Effects/Eff_Prefab/Eff_Avatar/Eff_Kafka/Eff_Avatar_Kafka_00_Skill02_Weapon.prefab"
      ]
    },
    "Passive": {
      "EffectTypes": [
        "Passive"
      ],
      "EffectInstanceList": [
        "Effects/Eff_Prefab/Eff_Avatar/Eff_Kafka/Eff_Avatar_Kafka_00_Passive_01.prefab",
        "Effects/Eff_Prefab/Eff_Avatar/Eff_Kafka/Eff_Avatar_Kafka_00_Passive_Hit.prefab"
      ],
      "AssetList": [
        "Camera/TimeLine/Avatar/Character_Kafka_00_PassiveSkill_TimeLine.playable"
      ]
    },
    "Normal": {
      "EffectTypes": [
        "Skill01"
      ],
      "EffectInstanceList": [
        "Effects/Eff_Prefab/Eff_Avatar/Eff_Kafka/Eff_Avatar_Kafka_00_Skill01_01.prefab",
        "Effects/Eff_Prefab/Eff_Avatar/Eff_Kafka/Eff_Avatar_Kafka_00_Skill01_01_Hit.prefab",
        "Effects/Eff_Prefab/Eff_Avatar/Eff_Kafka/Eff_Avatar_Kafka_00_Skill01_02.prefab",
        "Effects/Eff_Prefab/Eff_Avatar/Eff_Kafka/Eff_Avatar_Kafka_00_Skill01_02_Hit.prefab"
      ]
    }
  }
}