{
  "EffectAssetList": [
    "Effects/Eff_Prefab/Eff_Avatar/Eff_Yanqing/Eff_Avatar_Yanqing_00_IdleShow_01_End.prefab",
    "Effects/Eff_Prefab/Eff_Avatar/Eff_Yanqing/Eff_Avatar_Yanqing_00_IdleShow_01_Start.prefab",
    "Effects/Eff_Prefab/Eff_Avatar/Eff_Yanqing/Eff_Avatar_Yanqing_00_IdleShow_02.prefab",
    "Effects/Eff_Prefab/Eff_Avatar/Eff_Yanqing/Eff_Avatar_Yanqing_00_Skill_03_Hit_06.prefab"
  ],
  "EffectInstanceMap": {
    "Common": {
      "EffectTypes": [
        "Common"
      ],
      "EffectInstanceList": [
        "Effects/Eff_Prefab/Eff_Avatar/Eff_Yanqing/Eff_Avatar_Yanqing_00_Common_WeaponEnd.prefab",
        "Effects/Eff_Prefab/Eff_Avatar/Eff_Yanqing/Eff_Avatar_Yanqing_00_Common_WeaponStart.prefab",
        "Effects/Eff_Prefab/Eff_Avatar/Eff_Yanqing/Eff_Avatar_Yanqing_00_Common_WeaponSword01End.prefab",
        "Effects/Eff_Prefab/Eff_Avatar/Eff_Yanqing/Eff_Avatar_Yanqing_00_Common_WeaponSword02End.prefab"
      ]
    },
    "MazeAttack": {
      "EffectTypes": [
        "MazeAttack"
      ],
      "EffectInstanceList": [
        "Effects/Eff_Prefab/Eff_Avatar/Eff_Yanqing/Eff_Avatar_Yanqing_00_MazeAttack.prefab",
        "Effects/Eff_Prefab/Eff_Avatar/Eff_Yanqing/Eff_Avatar_Yanqing_00_MazeAttack_02.prefab",
        "Effects/Eff_Prefab/Eff_Avatar/Eff_Yanqing/Eff_Avatar_Yanqing_00_MazeAttack_03.prefab",
        "Effects/Eff_Prefab/Eff_Avatar/Eff_Yanqing/Eff_Avatar_Yanqing_00_MazeAttack_Hit.prefab"
      ]
    },
    "MazeSkill": {
      "EffectTypes": [
        "MazeSkill"
      ],
      "EffectInstanceList": [
        "Effects/Eff_Prefab/Eff_Avatar/Eff_Yanqing/Eff_Avatar_Yanqing_00_MazeSkill01.prefab",
        "Effects/Eff_Prefab/Eff_Avatar/Eff_Yanqing/Eff_Avatar_Yanqing_00_MazeSkill01_01.prefab",
        "Effects/Eff_Prefab/Eff_Avatar/Eff_Yanqing/Eff_Avatar_Yanqing_00_MazeSkill01_02.prefab",
        "Effects/Eff_Prefab/Eff_Avatar/Eff_Yanqing/Eff_Avatar_Yanqing_00_MazeSkill_Hit.prefab"
      ]
    },
    "Ultra": {
      "EffectTypes": [
        "Skill03"
      ],
      "EffectInstanceList": [
        "Effects/Eff_Prefab/Eff_Avatar/Eff_Yanqing/Eff_Avatar_Yanqing_00_Skill03_Ready.prefab",
        "Effects/Eff_Prefab/Eff_Avatar/Eff_Yanqing/Eff_Avatar_Yanqing_00_Skill03_01.prefab",
        "Effects/Eff_Prefab/Eff_Avatar/Eff_Yanqing/Eff_Avatar_Yanqing_00_Skill03_02.prefab",
        "Effects/Eff_Prefab/Eff_Avatar/Eff_Yanqing/Eff_Avatar_Yanqing_00_Skill03_03.prefab",
        "Effects/Eff_Prefab/Eff_Avatar/Eff_Yanqing/Eff_Avatar_Yanqing_00_Skill03_04.prefab",
        "Effects/Eff_Prefab/Eff_Avatar/Eff_Yanqing/Eff_Avatar_Yanqing_00_Skill03_05.prefab",
        "Effects/Eff_Prefab/Eff_Avatar/Eff_Yanqing/Eff_Avatar_Yanqing_00_Skill03_06.prefab",
        "Effects/Eff_Prefab/Eff_Avatar/Eff_Yanqing/Eff_Avatar_Yanqing_00_Skill03_07.prefab",
        "Effects/Eff_Prefab/Eff_Avatar/Eff_Yanqing/Eff_Avatar_Yanqing_00_Skill03_08.prefab",
        "Effects/Eff_Prefab/Eff_Avatar/Eff_Yanqing/Eff_Avatar_Yanqing_00_Skill03_09.prefab",
        "Effects/Eff_Prefab/Eff_Avatar/Eff_Yanqing/Eff_Avatar_Yanqing_00_Skill03_body.prefab",
        "Effects/Eff_Prefab/Eff_Avatar/Eff_Yanqing/Eff_Avatar_Yanqing_00_Skill03_Face.prefab",
        "Effects/Eff_Prefab/Eff_Avatar/Eff_Yanqing/Eff_Avatar_Yanqing_00_Skill03_hand.prefab",
        "Effects/Eff_Prefab/Eff_Avatar/Eff_Yanqing/Eff_Avatar_Yanqing_00_Skill03_Hit.prefab",
        "Effects/Eff_Prefab/Eff_Avatar/Eff_Yanqing/Eff_Avatar_Yanqing_00_Skill03_Hit_01.prefab",
        "Effects/Eff_Prefab/Eff_Avatar/Eff_Yanqing/Eff_Avatar_Yanqing_00_Skill03_Hit_02.prefab",
        "Effects/Eff_Prefab/Eff_Avatar/Eff_Yanqing/Eff_Avatar_Yanqing_00_Skill03_Hit_03.prefab",
        "Effects/Eff_Prefab/Eff_Avatar/Eff_Yanqing/Eff_Avatar_Yanqing_00_Skill03_Hit_04.prefab",
        "Effects/Eff_Prefab/Eff_Avatar/Eff_Yanqing/Eff_Avatar_Yanqing_00_Skill03_Hit_05.prefab",
        "Effects/Eff_Prefab/Eff_Avatar/Eff_Yanqing/Eff_Avatar_Yanqing_00_Skill03_Scene.prefab",
        "Effects/Eff_Prefab/Eff_Avatar/Eff_Yanqing/Eff_Avatar_Yanqing_00_Skill03_Scene_02.prefab",
        "Effects/Eff_Prefab/Eff_Avatar/Eff_Yanqing/Eff_Avatar_Yanqing_00_Skill03_Scene_Light.prefab",
        "Effects/Eff_Prefab/Eff_Avatar/Eff_Yanqing/Eff_Avatar_Yanqing_00_Skill03_Scene_Light_02.prefab"
      ],
      "AssetList": [
        "Camera/TimeLine/Avatar/Character_Yanqing_00_Skill03_TimeLine.playable"
      ]
    },
    "Skill": {
      "EffectTypes": [
        "Skill02"
      ],
      "EffectInstanceList": [
        "Effects/Eff_Prefab/Eff_Avatar/Eff_Yanqing/Eff_Avatar_Yanqing_00_Skill02_01.prefab",
        "Effects/Eff_Prefab/Eff_Avatar/Eff_Yanqing/Eff_Avatar_Yanqing_00_Skill02_03.prefab",
        "Effects/Eff_Prefab/Eff_Avatar/Eff_Yanqing/Eff_Avatar_Yanqing_00_Skill02_03_02.prefab",
        "Effects/Eff_Prefab/Eff_Avatar/Eff_Yanqing/Eff_Avatar_Yanqing_00_Skill02_04.prefab",
        "Effects/Eff_Prefab/Eff_Avatar/Eff_Yanqing/Eff_Avatar_Yanqing_00_Skill02_05.prefab",
        "Effects/Eff_Prefab/Eff_Avatar/Eff_Yanqing/Eff_Avatar_Yanqing_00_Skill02_06.prefab",
        "Effects/Eff_Prefab/Eff_Avatar/Eff_Yanqing/Eff_Avatar_Yanqing_00_Skill02_07.prefab",
        "Effects/Eff_Prefab/Eff_Avatar/Eff_Yanqing/Eff_Avatar_Yanqing_00_Skill02_08.prefab",
        "Effects/Eff_Prefab/Eff_Avatar/Eff_Yanqing/Eff_Avatar_Yanqing_00_Skill02_CameraVFX.prefab",
        "Effects/Eff_Prefab/Eff_Avatar/Eff_Yanqing/Eff_Avatar_Yanqing_00_Skill02_DG.prefab",
        "Effects/Eff_Prefab/Eff_Avatar/Eff_Yanqing/Eff_Avatar_Yanqing_00_Skill02_Hit.prefab",
        "Effects/Eff_Prefab/Eff_Avatar/Eff_Yanqing/Eff_Avatar_Yanqing_00_Skill02_Hit_02.prefab",
        "Effects/Eff_Prefab/Eff_Avatar/Eff_Yanqing/Eff_Avatar_Yanqing_00_Skill02_Ready.prefab"
      ]
    },
    "Passive": {
      "EffectTypes": [
        "Passive"
      ],
      "EffectInstanceList": [
        "Effects/Eff_Prefab/Eff_Avatar/Eff_Yanqing/Eff_Avatar_Yanqing_00_PassiveSkill.prefab",
        "Effects/Eff_Prefab/Eff_Avatar/Eff_Yanqing/Eff_Avatar_Yanqing_00_PassiveSkill_01.prefab",
        "Effects/Eff_Prefab/Eff_Avatar/Eff_Yanqing/Eff_Avatar_Yanqing_00_PassiveSkill_02.prefab",
        "Effects/Eff_Prefab/Eff_Avatar/Eff_Yanqing/Eff_Avatar_Yanqing_00_PassiveSkill_03.prefab",
        "Effects/Eff_Prefab/Eff_Avatar/Eff_Yanqing/Eff_Avatar_Yanqing_00_PassiveSkill_03_hit.prefab",
        "Effects/Eff_Prefab/Eff_Avatar/Eff_Yanqing/Eff_Avatar_Yanqing_00_PassiveSkill_03_hit02.prefab",
        "Effects/Eff_Prefab/Eff_Avatar/Eff_Yanqing/Eff_Avatar_Yanqing_00_PassiveSkill_Buff.prefab",
        "Effects/Eff_Prefab/Eff_Avatar/Eff_Yanqing/Eff_Avatar_Yanqing_00_PassiveSkill_Camera.prefab",
        "Effects/Eff_Prefab/Eff_Avatar/Eff_Yanqing/Eff_Avatar_Yanqing_00_PassiveSkill_CameraEnd.prefab"
      ]
    },
    "Normal": {
      "EffectTypes": [
        "Skill01"
      ],
      "EffectInstanceList": [
        "Effects/Eff_Prefab/Eff_Avatar/Eff_Yanqing/Eff_Avatar_Yanqing_00_Skill01.prefab",
        "Effects/Eff_Prefab/Eff_Avatar/Eff_Yanqing/Eff_Avatar_Yanqing_00_Skill01_01.prefab",
        "Effects/Eff_Prefab/Eff_Avatar/Eff_Yanqing/Eff_Avatar_Yanqing_00_Skill01_01_Hit.prefab",
        "Effects/Eff_Prefab/Eff_Avatar/Eff_Yanqing/Eff_Avatar_Yanqing_00_Skill01_02.prefab",
        "Effects/Eff_Prefab/Eff_Avatar/Eff_Yanqing/Eff_Avatar_Yanqing_00_Skill01_02_Hit.prefab",
        "Effects/Eff_Prefab/Eff_Avatar/Eff_Yanqing/Eff_Avatar_Yanqing_00_Skill01_03.prefab",
        "Effects/Eff_Prefab/Eff_Avatar/Eff_Yanqing/Eff_Avatar_Yanqing_00_Skill01_03_Hit.prefab",
        "Effects/Eff_Prefab/Eff_Avatar/Eff_Yanqing/Eff_Avatar_Yanqing_00_Skill01_DG02.prefab",
        "Effects/Eff_Prefab/Eff_Avatar/Eff_Yanqing/Eff_Avatar_Yanqing_00_Skill01_DG03.prefab",
        "Effects/Eff_Prefab/Eff_Avatar/Eff_Yanqing/Eff_Avatar_Yanqing_00_Skill01_Hit.prefab",
        "Effects/Eff_Prefab/Eff_Avatar/Eff_Yanqing/Eff_Avatar_Yanqing_00_Skill01_swallow.prefab",
        "Effects/Eff_Prefab/Eff_Avatar/Eff_Yanqing/Eff_Avatar_Yanqing_00_Skill01_Weapon01.prefab",
        "Effects/Eff_Prefab/Eff_Avatar/Eff_Yanqing/Eff_Avatar_Yanqing_00_Skill01_Weapon02.prefab"
      ]
    }
  }
}