{
  "EffectAssetList": [
    "Effects/Eff_Prefab/Eff_Avatar/Eff_Tingyun/Eff_Avatar_Tingyun_00_IdleShow_01.prefab",
    "Effects/Eff_Prefab/Eff_Avatar/Eff_Tingyun/Eff_Avatar_Tingyun_00_IdleShow_01_End.prefab",
    "Effects/Eff_Prefab/Eff_Avatar/Eff_Tingyun/Eff_Avatar_Tingyun_00_IdleShow_01_Start.prefab"
  ],
  "EffectInstanceMap": {
    "Common": {
      "EffectTypes": [
        "Common"
      ],
      "EffectInstanceList": [
        "Effects/Eff_Prefab/Eff_Avatar/Eff_Tingyun/Eff_Avatar_Tingyun_00_Common_WeaponA_End.prefab",
        "Effects/Eff_Prefab/Eff_Avatar/Eff_Tingyun/Eff_Avatar_Tingyun_00_Common_WeaponA_Start.prefab",
        "Effects/Eff_Prefab/Eff_Avatar/Eff_Tingyun/Eff_Avatar_Tingyun_00_Common_WeaponB_End.prefab",
        "Effects/Eff_Prefab/Eff_Avatar/Eff_Tingyun/Eff_Avatar_Tingyun_00_Common_WeaponB_Start.prefab"
      ]
    },
    "MazeAttack": {
      "EffectTypes": [
        "MazeAttack"
      ],
      "EffectInstanceList": [
        "Effects/Eff_Prefab/Eff_Avatar/Eff_Tingyun/Eff_Avatar_Tingyun_00_MazeAttack.prefab",
        "Effects/Eff_Prefab/Eff_Avatar/Eff_Tingyun/Eff_Avatar_Tingyun_00_MazeAttack_Hit_01.prefab"
      ]
    },
    "MazeSkill": {
      "EffectTypes": [
        "MazeSkill"
      ],
      "EffectInstanceList": [
        "Effects/Eff_Prefab/Eff_Avatar/Eff_Tingyun/Eff_Avatar_Tingyun_00_MazeSkill01.prefab"
      ]
    },
    "Ultra": {
      "EffectTypes": [
        "Skill03"
      ],
      "EffectInstanceList": [
        "Effects/Eff_Prefab/Eff_Avatar/Eff_Tingyun/Eff_Avatar_Tingyun_00_Skill03_Ready.prefab",
        "Effects/Eff_Prefab/Eff_Avatar/Eff_Tingyun/Eff_Avatar_Tingyun_00_Skill03_Buff.prefab",
        "Effects/Eff_Prefab/Eff_Avatar/Eff_Tingyun/Eff_Avatar_Tingyun_00_Skill03_Cam01.prefab",
        "Effects/Eff_Prefab/Eff_Avatar/Eff_Tingyun/Eff_Avatar_Tingyun_00_Skill03_Cam02.prefab",
        "Effects/Eff_Prefab/Eff_Avatar/Eff_Tingyun/Eff_Avatar_Tingyun_00_Skill03_Scene.prefab",
        "Effects/Eff_Prefab/Eff_Avatar/Eff_Tingyun/Eff_Avatar_Tingyun_00_Skill03_Trail_01.prefab",
        "Effects/Eff_Prefab/Eff_Avatar/Eff_Tingyun/Eff_Avatar_Tingyun_00_Skill03_Trail_02.prefab",
        "Effects/Eff_Prefab/Eff_Avatar/Eff_Tingyun/Eff_Avatar_Tingyun_00_Skill03_Trail_03.prefab",
        "Effects/Eff_Prefab/Eff_Avatar/Eff_Tingyun/Eff_Avatar_Tingyun_00_Skill03_Weapon.prefab"
      ],
      "AssetList": [
        "Camera/TimeLine/Avatar/Character_Tingyun_00_Skill03_TimeLine.playable"
      ]
    },
    "Skill": {
      "EffectTypes": [
        "Skill02"
      ],
      "EffectInstanceList": [
        "Effects/Eff_Prefab/Eff_Avatar/Eff_Tingyun/Eff_Avatar_Tingyun_00_Skill02_01.prefab",
        "Effects/Eff_Prefab/Eff_Avatar/Eff_Tingyun/Eff_Avatar_Tingyun_00_Skill02_01_Appear_01.prefab",
        "Effects/Eff_Prefab/Eff_Avatar/Eff_Tingyun/Eff_Avatar_Tingyun_00_Skill02_02.prefab",
        "Effects/Eff_Prefab/Eff_Avatar/Eff_Tingyun/Eff_Avatar_Tingyun_00_Skill02_03.prefab",
        "Effects/Eff_Prefab/Eff_Avatar/Eff_Tingyun/Eff_Avatar_Tingyun_00_Skill02_Buff.prefab",
        "Effects/Eff_Prefab/Eff_Avatar/Eff_Tingyun/Eff_Avatar_Tingyun_00_Skill02_Buff_Loop.prefab",
        "Effects/Eff_Prefab/Eff_Avatar/Eff_Tingyun/Eff_Avatar_Tingyun_00_Skill02_Hit_01.prefab",
        "Effects/Eff_Prefab/Eff_Avatar/Eff_Tingyun/Eff_Avatar_Tingyun_00_Skill02_Ready.prefab",
        "Effects/Eff_Prefab/Eff_Avatar/Eff_Tingyun/Eff_Avatar_Tingyun_00_Skill02_Start01.prefab"
      ]
    },
    "Passive": {
      "EffectTypes": [
        "Passive"
      ],
      "EffectInstanceList": []
    },
    "Normal": {
      "EffectTypes": [
        "Skill01"
      ],
      "EffectInstanceList": [
        "Effects/Eff_Prefab/Eff_Avatar/Eff_Tingyun/Eff_Avatar_Tingyun_00_Skill01_01.prefab",
        "Effects/Eff_Prefab/Eff_Avatar/Eff_Tingyun/Eff_Avatar_Tingyun_00_Skill01_01_Bullet.prefab",
        "Effects/Eff_Prefab/Eff_Avatar/Eff_Tingyun/Eff_Avatar_Tingyun_00_Skill01_02.prefab",
        "Effects/Eff_Prefab/Eff_Avatar/Eff_Tingyun/Eff_Avatar_Tingyun_00_Skill01_03.prefab",
        "Effects/Eff_Prefab/Eff_Avatar/Eff_Tingyun/Eff_Avatar_Tingyun_00_Skill01_Hit_01.prefab",
        "Effects/Eff_Prefab/Eff_Avatar/Eff_Tingyun/Eff_Avatar_Tingyun_00_Skill01_Hit_02.prefab",
        "Effects/Eff_Prefab/Eff_Avatar/Eff_Tingyun/Eff_Avatar_Tingyun_00_Skill01_Hit_03.prefab"
      ]
    }
  }
}