{
  "EffectAssetList": [
    "Effects/Eff_Prefab/Eff_Avatar/Eff_Mar_7th/Eff_Avatar_Mar_7th_00_IdleShow_02.prefab"
  ],
  "EffectInstanceMap": {
    "Common": {
      "EffectTypes": [
        "Common"
      ],
      "EffectInstanceList": [
        "Effects/Eff_Prefab/Eff_Avatar/Eff_Mar_7th/Eff_Avatar_Mar_7th_00_Common_Halo_Trigger.prefab",
        "Effects/Eff_Prefab/Eff_Avatar/Eff_Mar_7th/Eff_Avatar_Mar_7th_00_Common_WeaponEnd.prefab",
        "Effects/Eff_Prefab/Eff_Avatar/Eff_Mar_7th/Eff_Avatar_Mar_7th_00_Common_WeaponStart.prefab"
      ]
    },
    "MazeAttack": {
      "EffectTypes": [
        "MazeAttack"
      ],
      "EffectInstanceList": [
        "Effects/Eff_Prefab/Eff_Avatar/Eff_Mar_7th/Eff_Avatar_Mar_7th_00_MazeAttack_Start01.prefab",
        "Effects/Eff_Prefab/Eff_Avatar/Eff_Mar_7th/Eff_Avatar_Mar_7th_00_MazeAttack_Trail01.prefab"
      ]
    },
    "MazeSkill": {
      "EffectTypes": [
        "MazeSkill"
      ],
      "EffectInstanceList": [
        "Effects/Eff_Prefab/Eff_Avatar/Eff_Mar_7th/Eff_Avatar_Mar_7th_00_MazeSkill01_Hit01.prefab",
        "Effects/Eff_Prefab/Eff_Avatar/Eff_Mar_7th/Eff_Avatar_Mar_7th_00_MazeSkill01_Hit02.prefab",
        "Effects/Eff_Prefab/Eff_Avatar/Eff_Mar_7th/Eff_Avatar_Mar_7th_00_MazeSkill01_Hit03.prefab",
        "Effects/Eff_Prefab/Eff_Avatar/Eff_Mar_7th/Eff_Avatar_Mar_7th_00_MazeSkill01_Start01.prefab",
        "Effects/Eff_Prefab/Eff_Avatar/Eff_Mar_7th/Eff_Avatar_Mar_7th_00_MazeSkill01_Start02.prefab",
        "Effects/Eff_Prefab/Eff_Avatar/Eff_Mar_7th/Eff_Avatar_Mar_7th_00_MazeSkill01_Start03.prefab"
      ]
    },
    "Ultra": {
      "EffectTypes": [
        "Skill03"
      ],
      "EffectInstanceList": [
        "Effects/Eff_Prefab/Eff_Avatar/Eff_Mar_7th/Eff_Avatar_Mar_7th_00_Skill03_Ready.prefab",
        "Effects/Eff_Prefab/Eff_Avatar/Eff_Mar_7th/Eff_Avatar_Mar_7th_00_Skill03_Start01.prefab",
        "Effects/Eff_Prefab/Eff_Avatar/Eff_Mar_7th/Eff_Avatar_Mar_7th_00_Skill03_Start02.prefab"
      ],
      "AssetList": [
        "Camera/TimeLine/Avatar/Character_Mar_7th_00_Skill03_TimeLine.playable"
      ]
    },
    "Skill": {
      "EffectTypes": [
        "Skill02"
      ],
      "EffectInstanceList": [
        "Effects/Eff_Prefab/Eff_Avatar/Eff_Mar_7th/Eff_Avatar_Mar_7th_00_Skill02_Buff.prefab",
        "Effects/Eff_Prefab/Eff_Avatar/Eff_Mar_7th/Eff_Avatar_Mar_7th_00_Skill02_Camera.prefab",
        "Effects/Eff_Prefab/Eff_Avatar/Eff_Mar_7th/Eff_Avatar_Mar_7th_00_Skill02_Ready01.prefab",
        "Effects/Eff_Prefab/Eff_Avatar/Eff_Mar_7th/Eff_Avatar_Mar_7th_00_Skill02_Ready02.prefab",
        "Effects/Eff_Prefab/Eff_Avatar/Eff_Mar_7th/Eff_Avatar_Mar_7th_00_Skill02_Start01.prefab",
        "Effects/Eff_Prefab/Eff_Avatar/Eff_Mar_7th/Eff_Avatar_Mar_7th_00_Skill02_Start02.prefab",
        "Effects/Eff_Prefab/Eff_Avatar/Eff_Mar_7th/Eff_Avatar_Mar_7th_00_Skill02_Trail.prefab",
        "Effects/Eff_Prefab/Eff_Avatar/Eff_Mar_7th/Eff_Avatar_Mar_7th_00_Skill02_Trail02.prefab"
      ]
    },
    "Passive": {
      "EffectTypes": [
        "Passive"
      ],
      "EffectInstanceList": [
        "Effects/Eff_Prefab/Eff_Avatar/Eff_Mar_7th/Eff_Avatar_Mar_7th_00_PassiveSkill_Hit01.prefab",
        "Effects/Eff_Prefab/Eff_Avatar/Eff_Mar_7th/Eff_Avatar_Mar_7th_00_PassiveSkill_Start01.prefab",
        "Effects/Eff_Prefab/Eff_Avatar/Eff_Mar_7th/Eff_Avatar_Mar_7th_00_PassiveSkill_Start02.prefab",
        "Effects/Eff_Prefab/Eff_Avatar/Eff_Mar_7th/Eff_Avatar_Mar_7th_00_PassiveSkill_Trail.prefab"
      ]
    },
    "Normal": {
      "EffectTypes": [
        "Skill01"
      ],
      "EffectInstanceList": [
        "Effects/Eff_Prefab/Eff_Avatar/Eff_Mar_7th/Eff_Avatar_Mar_7th_00_Skill01_Hit01.prefab",
        "Effects/Eff_Prefab/Eff_Avatar/Eff_Mar_7th/Eff_Avatar_Mar_7th_00_Skill01_Start01.prefab",
        "Effects/Eff_Prefab/Eff_Avatar/Eff_Mar_7th/Eff_Avatar_Mar_7th_00_Skill01_Start02.prefab",
        "Effects/Eff_Prefab/Eff_Avatar/Eff_Mar_7th/Eff_Avatar_Mar_7th_00_Skill01_Trail.prefab"
      ]
    }
  }
}