{
  "EffectAssetList": [],
  "EffectInstanceMap": {
    "Common": {
      "EffectTypes": [
        "Common"
      ],
      "EffectInstanceList": [
        "Effects/Eff_Prefab/Eff_Avatar/Eff_Arlan/Eff_Avatar_Arlan_00_Common_WeaponEnd.prefab",
        "Effects/Eff_Prefab/Eff_Avatar/Eff_Arlan/Eff_Avatar_Arlan_00_Common_WeaponStart.prefab"
      ]
    },
    "MazeAttack": {
      "EffectTypes": [
        "MazeAttack"
      ],
      "EffectInstanceList": [
        "Effects/Eff_Prefab/Eff_Avatar/Eff_Arlan/Eff_Avatar_Arlan_00_MazeAttack_Hit01.prefab",
        "Effects/Eff_Prefab/Eff_Avatar/Eff_Arlan/Eff_Avatar_Arlan_00_MazeAttack_Start01.prefab"
      ]
    },
    "MazeSkill": {
      "EffectTypes": [
        "MazeSkill"
      ],
      "EffectInstanceList": [
        "Effects/Eff_Prefab/Eff_Avatar/Eff_Arlan/Eff_Avatar_Arlan_00_MazeSkill01_Hit01.prefab",
        "Effects/Eff_Prefab/Eff_Avatar/Eff_Arlan/Eff_Avatar_Arlan_00_MazeSkill01_Start01.prefab"
      ]
    },
    "Ultra": {
      "EffectTypes": [
        "Skill03"
      ],
      "EffectInstanceList": [
        "Effects/Eff_Prefab/Eff_Avatar/Eff_Arlan/Eff_Avatar_Arlan_00_Skill03_Ready.prefab",
        "Effects/Eff_Prefab/Eff_Avatar/Eff_Arlan/Eff_Avatar_Arlan_00_Skill03_camera01.prefab",
        "Effects/Eff_Prefab/Eff_Avatar/Eff_Arlan/Eff_Avatar_Arlan_00_Skill03_camera02.prefab",
        "Effects/Eff_Prefab/Eff_Avatar/Eff_Arlan/Eff_Avatar_Arlan_00_Skill03_camera03.prefab",
        "Effects/Eff_Prefab/Eff_Avatar/Eff_Arlan/Eff_Avatar_Arlan_00_Skill03_camera04.prefab",
        "Effects/Eff_Prefab/Eff_Avatar/Eff_Arlan/Eff_Avatar_Arlan_00_Skill03_camera05.prefab",
        "Effects/Eff_Prefab/Eff_Avatar/Eff_Arlan/Eff_Avatar_Arlan_00_Skill03_Face.prefab",
        "Effects/Eff_Prefab/Eff_Avatar/Eff_Arlan/Eff_Avatar_Arlan_00_Skill03_Hit01.prefab",
        "Effects/Eff_Prefab/Eff_Avatar/Eff_Arlan/Eff_Avatar_Arlan_00_Skill03_self.prefab",
        "Effects/Eff_Prefab/Eff_Avatar/Eff_Arlan/Eff_Avatar_Arlan_00_Skill03_Start01_scene.prefab",
        "Effects/Eff_Prefab/Eff_Avatar/Eff_Arlan/Eff_Avatar_Arlan_00_Skill03_Start1.prefab",
        "Effects/Eff_Prefab/Eff_Avatar/Eff_Arlan/Eff_Avatar_Arlan_00_Skill03_Start2.prefab",
        "Effects/Eff_Prefab/Eff_Avatar/Eff_Arlan/Eff_Avatar_Arlan_00_Skill03_Start3.prefab",
        "Effects/Eff_Prefab/Eff_Avatar/Eff_Arlan/Eff_Avatar_Arlan_00_Skill03_Start3_1.prefab",
        "Effects/Eff_Prefab/Eff_Avatar/Eff_Arlan/Eff_Avatar_Arlan_00_Skill03_Start3_2.prefab",
        "Effects/Eff_Prefab/Eff_Avatar/Eff_Arlan/Eff_Avatar_Arlan_00_Skill03_Start4.prefab",
        "Effects/Eff_Prefab/Eff_Avatar/Eff_Arlan/Eff_Avatar_Arlan_00_Skill03_weapon01.prefab",
        "Effects/Eff_Prefab/Eff_Avatar/Eff_Arlan/Eff_Avatar_Arlan_00_Skill03_weapon_light.prefab",
        "Effects/Eff_Prefab/Eff_Avatar/Eff_Arlan/Eff_Avatar_Arlan_00_Skill03_weapon_lighting01.prefab",
        "Effects/Eff_Prefab/Eff_Avatar/Eff_Arlan/Eff_Avatar_Arlan_00_Skill03_weapon_main.prefab"
      ],
      "AssetList": [
        "Camera/TimeLine/Avatar/Character_Arlan_00_Skill03_TimeLine.playable"
      ]
    },
    "Skill": {
      "EffectTypes": [
        "Skill02"
      ],
      "EffectInstanceList": [
        "Effects/Eff_Prefab/Eff_Avatar/Eff_Arlan/Eff_Avatar_Arlan_00_Skill02_camera01.prefab",
        "Effects/Eff_Prefab/Eff_Avatar/Eff_Arlan/Eff_Avatar_Arlan_00_Skill02_Hit01.prefab",
        "Effects/Eff_Prefab/Eff_Avatar/Eff_Arlan/Eff_Avatar_Arlan_00_Skill02_Ready.prefab",
        "Effects/Eff_Prefab/Eff_Avatar/Eff_Arlan/Eff_Avatar_Arlan_00_Skill02_Self.prefab",
        "Effects/Eff_Prefab/Eff_Avatar/Eff_Arlan/Eff_Avatar_Arlan_00_Skill02_Self01.prefab",
        "Effects/Eff_Prefab/Eff_Avatar/Eff_Arlan/Eff_Avatar_Arlan_00_Skill02_Start01.prefab",
        "Effects/Eff_Prefab/Eff_Avatar/Eff_Arlan/Eff_Avatar_Arlan_00_Skill02_Start01_01.prefab",
        "Effects/Eff_Prefab/Eff_Avatar/Eff_Arlan/Eff_Avatar_Arlan_00_Skill02_Start02.prefab",
        "Effects/Eff_Prefab/Eff_Avatar/Eff_Arlan/Eff_Avatar_Arlan_00_Skill02_Weapon.prefab"
      ]
    },
    "Passive": {
      "EffectTypes": [
        "Passive"
      ],
      "EffectInstanceList": []
    },
    "Normal": {
      "EffectTypes": [
        "Skill01"
      ],
      "EffectInstanceList": [
        "Effects/Eff_Prefab/Eff_Avatar/Eff_Arlan/Eff_Avatar_Arlan_00_Skill01_Attack01.prefab",
        "Effects/Eff_Prefab/Eff_Avatar/Eff_Arlan/Eff_Avatar_Arlan_00_Skill01_Attack02.prefab",
        "Effects/Eff_Prefab/Eff_Avatar/Eff_Arlan/Eff_Avatar_Arlan_00_Skill01_Hit01.prefab",
        "Effects/Eff_Prefab/Eff_Avatar/Eff_Arlan/Eff_Avatar_Arlan_00_Skill01_Hit02.prefab",
        "Effects/Eff_Prefab/Eff_Avatar/Eff_Arlan/Eff_Avatar_Arlan_00_Skill01_Start01.prefab",
        "Effects/Eff_Prefab/Eff_Avatar/Eff_Arlan/Eff_Avatar_Arlan_00_Skill01_Weaponlight.prefab"
      ]
    }
  }
}