{
  "EffectAssetList": [
    "Effects/Eff_Prefab/Eff_Avatar/Eff_Huohuo/Eff_Avatar_Huohuo_00_IdleShow_01.prefab",
    "Effects/Eff_Prefab/Eff_Avatar/Eff_Huohuo/Eff_Avatar_Huohuo_00_IdleShow_01_02.prefab",
    "Effects/Eff_Prefab/Eff_Avatar/Eff_Huohuo/Eff_Avatar_Huohuo_00_IdleShow_02.prefab",
    "Effects/Eff_Prefab/Eff_Avatar/Eff_Huohuo/Eff_Avatar_Huohuo_00_IdleShow_02_02.prefab",
    "Effects/Eff_Prefab/Eff_Avatar/Eff_Huohuo/Eff_Avatar_Huohuo_00_IdleShow_02_03.prefab"
  ],
  "EffectInstanceMap": {
    "Common": {
      "EffectTypes": [
        "Common"
      ],
      "EffectInstanceList": [
        "Effects/Eff_Prefab/Eff_Avatar/Eff_Huohuo/Eff_Avatar_Huohuo_00_Common_fire.prefab",
        "Effects/Eff_Prefab/Eff_Avatar/Eff_Huohuo/Eff_Avatar_Huohuo_00_Common_WeaponStart.prefab",
        "Effects/Eff_Prefab/Eff_Avatar/Eff_Huohuo/Eff_Avatar_Huohuo_00_Common_weapon_End.prefab"
      ]
    },
    "MazeAttack": {
      "EffectTypes": [
        "MazeAttack"
      ],
      "EffectInstanceList": [
        "Effects/Eff_Prefab/Eff_Avatar/Eff_Huohuo/Eff_Avatar_Huohuo_00_MazeAttack01.prefab",
        "Effects/Eff_Prefab/Eff_Avatar/Eff_Huohuo/Eff_Avatar_Huohuo_00_MazeAttack_Hit.prefab"
      ]
    },
    "MazeSkill": {
      "EffectTypes": [
        "MazeSkill"
      ],
      "EffectInstanceList": [
        "Effects/Eff_Prefab/Eff_Avatar/Eff_Huohuo/Eff_Avatar_Huohuo_00_MazeSkill.prefab",
        "Effects/Eff_Prefab/Eff_Avatar/Eff_Huohuo/Eff_Avatar_Huohuo_00_MazeSkill_Fire1.prefab",
        "Effects/Eff_Prefab/Eff_Avatar/Eff_Huohuo/Eff_Avatar_Huohuo_00_MazeSkill_Icon.prefab"
      ]
    },
    "Ultra": {
      "EffectTypes": [
        "Skill03"
      ],
      "EffectInstanceList": [
        "Effects/Eff_Prefab/Eff_Avatar/Eff_Huohuo/Eff_Avatar_Huohuo_00_Skill03_Ready.prefab",
        "Effects/Eff_Prefab/Eff_Avatar/Eff_Huohuo/Eff_Avatar_Huohuo_00_Skill03_Ready_Tail.prefab",
        "Effects/Eff_Prefab/Eff_Avatar/Eff_Huohuo/Eff_Avatar_Huohuo_00_Skill03_BJ.prefab",
        "Effects/Eff_Prefab/Eff_Avatar/Eff_Huohuo/Eff_Avatar_Huohuo_00_Skill03_Body.prefab",
        "Effects/Eff_Prefab/Eff_Avatar/Eff_Huohuo/Eff_Avatar_Huohuo_00_Skill03_BodyHuo.prefab",
        "Effects/Eff_Prefab/Eff_Avatar/Eff_Huohuo/Eff_Avatar_Huohuo_00_Skill03_Buff.prefab",
        "Effects/Eff_Prefab/Eff_Avatar/Eff_Huohuo/Eff_Avatar_Huohuo_00_Skill03_Buff02.prefab",
        "Effects/Eff_Prefab/Eff_Avatar/Eff_Huohuo/Eff_Avatar_Huohuo_00_Skill03_Camera.prefab",
        "Effects/Eff_Prefab/Eff_Avatar/Eff_Huohuo/Eff_Avatar_Huohuo_00_Skill03_Camera02.prefab",
        "Effects/Eff_Prefab/Eff_Avatar/Eff_Huohuo/Eff_Avatar_Huohuo_00_Skill03_Eye.prefab",
        "Effects/Eff_Prefab/Eff_Avatar/Eff_Huohuo/Eff_Avatar_Huohuo_00_Skill03_Eye02.prefab",
        "Effects/Eff_Prefab/Eff_Avatar/Eff_Huohuo/Eff_Avatar_Huohuo_00_Skill03_Fuwen.prefab",
        "Effects/Eff_Prefab/Eff_Avatar/Eff_Huohuo/Eff_Avatar_Huohuo_00_Skill03_Jingya.prefab",
        "Effects/Eff_Prefab/Eff_Avatar/Eff_Huohuo/Eff_Avatar_Huohuo_00_Skill03_JW.prefab",
        "Effects/Eff_Prefab/Eff_Avatar/Eff_Huohuo/Eff_Avatar_Huohuo_00_Skill03_JW02.prefab",
        "Effects/Eff_Prefab/Eff_Avatar/Eff_Huohuo/Eff_Avatar_Huohuo_00_Skill03_JW03.prefab",
        "Effects/Eff_Prefab/Eff_Avatar/Eff_Huohuo/Eff_Avatar_Huohuo_00_Skill03_Light.prefab",
        "Effects/Eff_Prefab/Eff_Avatar/Eff_Huohuo/Eff_Avatar_Huohuo_00_Skill03_Shao.prefab",
        "Effects/Eff_Prefab/Eff_Avatar/Eff_Huohuo/Eff_Avatar_Huohuo_00_Skill03_Shao02.prefab",
        "Effects/Eff_Prefab/Eff_Avatar/Eff_Huohuo/Eff_Avatar_Huohuo_00_Skill03_Shao03.prefab",
        "Effects/Eff_Prefab/Eff_Avatar/Eff_Huohuo/Eff_Avatar_Huohuo_00_Skill03_Shao04.prefab",
        "Effects/Eff_Prefab/Eff_Avatar/Eff_Huohuo/Eff_Avatar_Huohuo_00_Skill03_Tail.prefab",
        "Effects/Eff_Prefab/Eff_Avatar/Eff_Huohuo/Eff_Avatar_Huohuo_00_Skill03_Tiaodai001.prefab",
        "Effects/Eff_Prefab/Eff_Avatar/Eff_Huohuo/Eff_Avatar_Huohuo_00_Skill03_Tiaodai002.prefab",
        "Effects/Eff_Prefab/Eff_Avatar/Eff_Huohuo/Eff_Avatar_Huohuo_00_Skill03_WeibaHuo.prefab"
      ],
      "AssetList": [
        "Camera/TimeLine/Avatar/Character_Huohuo_00_Skill03_TimeLine.playable"
      ]
    },
    "Skill": {
      "EffectTypes": [
        "Skill02"
      ],
      "EffectInstanceList": [
        "Effects/Eff_Prefab/Eff_Avatar/Eff_Huohuo/Eff_Avatar_Huohuo_00_Skill02_begin.prefab",
        "Effects/Eff_Prefab/Eff_Avatar/Eff_Huohuo/Eff_Avatar_Huohuo_00_Skill02_begin2.prefab",
        "Effects/Eff_Prefab/Eff_Avatar/Eff_Huohuo/Eff_Avatar_Huohuo_00_Skill02_begin_ring.prefab",
        "Effects/Eff_Prefab/Eff_Avatar/Eff_Huohuo/Eff_Avatar_Huohuo_00_Skill02_begin_Screen.prefab",
        "Effects/Eff_Prefab/Eff_Avatar/Eff_Huohuo/Eff_Avatar_Huohuo_00_Skill02_buff.prefab",
        "Effects/Eff_Prefab/Eff_Avatar/Eff_Huohuo/Eff_Avatar_Huohuo_00_Skill02_burst.prefab",
        "Effects/Eff_Prefab/Eff_Avatar/Eff_Huohuo/Eff_Avatar_Huohuo_00_Skill02_Ready.prefab",
        "Effects/Eff_Prefab/Eff_Avatar/Eff_Huohuo/Eff_Avatar_Huohuo_00_Skill02_Start01.prefab"
      ]
    },
    "Passive": {
      "EffectTypes": [
        "Passive"
      ],
      "EffectInstanceList": [
        "Effects/Eff_Prefab/Eff_Avatar/Eff_Huohuo/Eff_Avatar_Huohuo_00_PassiveSkill_RecoverSP.prefab"
      ]
    },
    "Normal": {
      "EffectTypes": [
        "Skill01"
      ],
      "EffectInstanceList": [
        "Effects/Eff_Prefab/Eff_Avatar/Eff_Huohuo/Eff_Avatar_Huohuo_00_Skill01.prefab",
        "Effects/Eff_Prefab/Eff_Avatar/Eff_Huohuo/Eff_Avatar_Huohuo_00_Skill01_Hit.prefab",
        "Effects/Eff_Prefab/Eff_Avatar/Eff_Huohuo/Eff_Avatar_Huohuo_00_Skill01_Hit2.prefab",
        "Effects/Eff_Prefab/Eff_Avatar/Eff_Huohuo/Eff_Avatar_Huohuo_00_Skill01_Hit_1.prefab",
        "Effects/Eff_Prefab/Eff_Avatar/Eff_Huohuo/Eff_Avatar_Huohuo_00_Skill01_Smoke.prefab"
      ]
    }
  }
}