{
  "EffectAssetList": [
    "Effects/Eff_Prefab/Eff_Avatar/Eff_Silwolf/Eff_Avatar_Silwolf_00_IdleShow_01.prefab",
    "Effects/Eff_Prefab/Eff_Avatar/Eff_Silwolf/Eff_Avatar_Silwolf_00_IdleShow_02.prefab",
    "Effects/Eff_Prefab/Eff_Avatar/Eff_Silwolf/Eff_Avatar_Silwolf_00_IdleShow_02_End.prefab",
    "Effects/Eff_Prefab/Eff_Avatar/Eff_Silwolf/Eff_Avatar_Silwolf_00_Skill_Activities.prefab",
    "Effects/Eff_Prefab/Eff_Avatar/Eff_Silwolf/Eff_Avatar_Silwolf_00_Skill_Activities_02.prefab"
  ],
  "EffectInstanceMap": {
    "Common": {
      "EffectTypes": [
        "Common"
      ],
      "EffectInstanceList": [
        "Effects/Eff_Prefab/Eff_Avatar/Eff_Silwolf/Eff_Avatar_Silwolf_00_Common_BP_Ready.prefab",
        "Effects/Eff_Prefab/Eff_Avatar/Eff_Silwolf/Eff_Avatar_Silwolf_00_Common_Debuff_AttackDown.prefab",
        "Effects/Eff_Prefab/Eff_Avatar/Eff_Silwolf/Eff_Avatar_Silwolf_00_Common_Debuff_DefenceDown.prefab",
        "Effects/Eff_Prefab/Eff_Avatar/Eff_Silwolf/Eff_Avatar_Silwolf_00_Common_Debuff_SpeedDown.prefab",
        "Effects/Eff_Prefab/Eff_Avatar/Eff_Silwolf/Eff_Avatar_Silwolf_00_Common_Lightsaber.prefab",
        "Effects/Eff_Prefab/Eff_Avatar/Eff_Silwolf/Eff_Avatar_Silwolf_00_Common_Lightsaber_Appear.prefab",
        "Effects/Eff_Prefab/Eff_Avatar/Eff_Silwolf/Eff_Avatar_Silwolf_00_Common_Lightsaber_Disappear.prefab",
        "Effects/Eff_Prefab/Eff_Avatar/Eff_Silwolf/Eff_Avatar_Silwolf_00_Common_Lightsaber_Loop.prefab",
        "Effects/Eff_Prefab/Eff_Avatar/Eff_Silwolf/Eff_Avatar_Silwolf_00_Common_Lightsaber_Loop_Setup.prefab",
        "Effects/Eff_Prefab/Eff_Avatar/Eff_Silwolf/Eff_Avatar_Silwolf_00_Common_WeaponEffect_Cannon.prefab",
        "Effects/Eff_Prefab/Eff_Avatar/Eff_Silwolf/Eff_Avatar_Silwolf_00_Common_WeaponEffect_Lightsaber.prefab",
        "Effects/Eff_Prefab/Eff_Avatar/Eff_Silwolf/Eff_Avatar_Silwolf_00_Common_WeaponEnd_MazeAttack.prefab",
        "Effects/Eff_Prefab/Eff_Avatar/Eff_Silwolf/Eff_Avatar_Silwolf_00_Common_WeaponEnd_MazeSkill.prefab",
        "Effects/Eff_Prefab/Eff_Avatar/Eff_Silwolf/Eff_Avatar_Silwolf_00_Common_WeaponStart.prefab"
      ]
    },
    "MazeAttack": {
      "EffectTypes": [
        "MazeAttack"
      ],
      "EffectInstanceList": [
        "Effects/Eff_Prefab/Eff_Avatar/Eff_Silwolf/Eff_Avatar_Silwolf_00_MazeAttack_Hit.prefab",
        "Effects/Eff_Prefab/Eff_Avatar/Eff_Silwolf/Eff_Avatar_Silwolf_00_MazeAttack_Start01.prefab"
      ]
    },
    "MazeSkill": {
      "EffectTypes": [
        "MazeSkill"
      ],
      "EffectInstanceList": [
        "Effects/Eff_Prefab/Eff_Avatar/Eff_Silwolf/Eff_Avatar_Silwolf_00_MazeSkill01_Hit01.prefab",
        "Effects/Eff_Prefab/Eff_Avatar/Eff_Silwolf/Eff_Avatar_Silwolf_00_MazeSkill01_Start01.prefab",
        "Effects/Eff_Prefab/Eff_Avatar/Eff_Silwolf/Eff_Avatar_Silwolf_00_MazeSkill01_Trail01.prefab"
      ]
    },
    "Ultra": {
      "EffectTypes": [
        "Skill03"
      ],
      "EffectInstanceList": [
        "Effects/Eff_Prefab/Eff_Avatar/Eff_Silwolf/Eff_Avatar_Silwolf_00_Skill03_Ready.prefab",
        "Effects/Eff_Prefab/Eff_Avatar/Eff_Silwolf/Eff_Avatar_Silwolf_00_Skill03_Ready_finger.prefab",
        "Effects/Eff_Prefab/Eff_Avatar/Eff_Silwolf/Eff_Avatar_Silwolf_00_Skill03_01.prefab",
        "Effects/Eff_Prefab/Eff_Avatar/Eff_Silwolf/Eff_Avatar_Silwolf_00_Skill03_01_01.prefab",
        "Effects/Eff_Prefab/Eff_Avatar/Eff_Silwolf/Eff_Avatar_Silwolf_00_Skill03_01_02.prefab",
        "Effects/Eff_Prefab/Eff_Avatar/Eff_Silwolf/Eff_Avatar_Silwolf_00_Skill03_01_03.prefab",
        "Effects/Eff_Prefab/Eff_Avatar/Eff_Silwolf/Eff_Avatar_Silwolf_00_Skill03_01_04.prefab",
        "Effects/Eff_Prefab/Eff_Avatar/Eff_Silwolf/Eff_Avatar_Silwolf_00_Skill03_02.prefab",
        "Effects/Eff_Prefab/Eff_Avatar/Eff_Silwolf/Eff_Avatar_Silwolf_00_Skill03_02_02.prefab",
        "Effects/Eff_Prefab/Eff_Avatar/Eff_Silwolf/Eff_Avatar_Silwolf_00_Skill03_03.prefab",
        "Effects/Eff_Prefab/Eff_Avatar/Eff_Silwolf/Eff_Avatar_Silwolf_00_Skill03_03_02.prefab",
        "Effects/Eff_Prefab/Eff_Avatar/Eff_Silwolf/Eff_Avatar_Silwolf_00_Skill03_03_03.prefab",
        "Effects/Eff_Prefab/Eff_Avatar/Eff_Silwolf/Eff_Avatar_Silwolf_00_Skill03_03_04.prefab",
        "Effects/Eff_Prefab/Eff_Avatar/Eff_Silwolf/Eff_Avatar_Silwolf_00_Skill03_03_05.prefab",
        "Effects/Eff_Prefab/Eff_Avatar/Eff_Silwolf/Eff_Avatar_Silwolf_00_Skill03_03_06.prefab",
        "Effects/Eff_Prefab/Eff_Avatar/Eff_Silwolf/Eff_Avatar_Silwolf_00_Skill03_04.prefab",
        "Effects/Eff_Prefab/Eff_Avatar/Eff_Silwolf/Eff_Avatar_Silwolf_00_Skill03_04_02.prefab",
        "Effects/Eff_Prefab/Eff_Avatar/Eff_Silwolf/Eff_Avatar_Silwolf_00_Skill03_05.prefab",
        "Effects/Eff_Prefab/Eff_Avatar/Eff_Silwolf/Eff_Avatar_Silwolf_00_Skill03_05_02.prefab",
        "Effects/Eff_Prefab/Eff_Avatar/Eff_Silwolf/Eff_Avatar_Silwolf_00_Skill03_05_03.prefab",
        "Effects/Eff_Prefab/Eff_Avatar/Eff_Silwolf/Eff_Avatar_Silwolf_00_Skill03_05_04.prefab",
        "Effects/Eff_Prefab/Eff_Avatar/Eff_Silwolf/Eff_Avatar_Silwolf_00_Skill03_appear.prefab",
        "Effects/Eff_Prefab/Eff_Avatar/Eff_Silwolf/Eff_Avatar_Silwolf_00_Skill03_appear_02.prefab",
        "Effects/Eff_Prefab/Eff_Avatar/Eff_Silwolf/Eff_Avatar_Silwolf_00_Skill03_Light.prefab",
        "Effects/Eff_Prefab/Eff_Avatar/Eff_Silwolf/Eff_Avatar_Silwolf_00_Skill03_Projection.prefab"
      ],
      "AssetList": [
        "Camera/TimeLine/Avatar/Character_Silwolf_00_Skill03_TimeLine.playable"
      ]
    },
    "Skill": {
      "EffectTypes": [
        "Skill02"
      ],
      "EffectInstanceList": [
        "Effects/Eff_Prefab/Eff_Avatar/Eff_Silwolf/Eff_Avatar_Silwolf_00_Skill02_0.prefab",
        "Effects/Eff_Prefab/Eff_Avatar/Eff_Silwolf/Eff_Avatar_Silwolf_00_Skill02_1.prefab",
        "Effects/Eff_Prefab/Eff_Avatar/Eff_Silwolf/Eff_Avatar_Silwolf_00_Skill02_2.prefab",
        "Effects/Eff_Prefab/Eff_Avatar/Eff_Silwolf/Eff_Avatar_Silwolf_00_Skill02_2_1.prefab",
        "Effects/Eff_Prefab/Eff_Avatar/Eff_Silwolf/Eff_Avatar_Silwolf_00_Skill02_3_Failed.prefab",
        "Effects/Eff_Prefab/Eff_Avatar/Eff_Silwolf/Eff_Avatar_Silwolf_00_Skill02_3_Fire.prefab",
        "Effects/Eff_Prefab/Eff_Avatar/Eff_Silwolf/Eff_Avatar_Silwolf_00_Skill02_3_Ice.prefab",
        "Effects/Eff_Prefab/Eff_Avatar/Eff_Silwolf/Eff_Avatar_Silwolf_00_Skill02_3_Imaginry.prefab",
        "Effects/Eff_Prefab/Eff_Avatar/Eff_Silwolf/Eff_Avatar_Silwolf_00_Skill02_3_Physical.prefab",
        "Effects/Eff_Prefab/Eff_Avatar/Eff_Silwolf/Eff_Avatar_Silwolf_00_Skill02_3_Quantum.prefab",
        "Effects/Eff_Prefab/Eff_Avatar/Eff_Silwolf/Eff_Avatar_Silwolf_00_Skill02_3_Thunder.prefab",
        "Effects/Eff_Prefab/Eff_Avatar/Eff_Silwolf/Eff_Avatar_Silwolf_00_Skill02_3_Wind.prefab",
        "Effects/Eff_Prefab/Eff_Avatar/Eff_Silwolf/Eff_Avatar_Silwolf_00_Skill02_Failed.prefab",
        "Effects/Eff_Prefab/Eff_Avatar/Eff_Silwolf/Eff_Avatar_Silwolf_00_Skill02_Fire.prefab",
        "Effects/Eff_Prefab/Eff_Avatar/Eff_Silwolf/Eff_Avatar_Silwolf_00_Skill02_Hit.prefab",
        "Effects/Eff_Prefab/Eff_Avatar/Eff_Silwolf/Eff_Avatar_Silwolf_00_Skill02_Ice.prefab",
        "Effects/Eff_Prefab/Eff_Avatar/Eff_Silwolf/Eff_Avatar_Silwolf_00_Skill02_Imaginry.prefab",
        "Effects/Eff_Prefab/Eff_Avatar/Eff_Silwolf/Eff_Avatar_Silwolf_00_Skill02_Physical.prefab",
        "Effects/Eff_Prefab/Eff_Avatar/Eff_Silwolf/Eff_Avatar_Silwolf_00_Skill02_Quantum.prefab",
        "Effects/Eff_Prefab/Eff_Avatar/Eff_Silwolf/Eff_Avatar_Silwolf_00_Skill02_Target.prefab",
        "Effects/Eff_Prefab/Eff_Avatar/Eff_Silwolf/Eff_Avatar_Silwolf_00_Skill02_Thunder.prefab",
        "Effects/Eff_Prefab/Eff_Avatar/Eff_Silwolf/Eff_Avatar_Silwolf_00_Skill02_Wind.prefab"
      ]
    },
    "Passive": {
      "EffectTypes": [
        "Passive"
      ],
      "EffectInstanceList": []
    },
    "Normal": {
      "EffectTypes": [
        "Skill01"
      ],
      "EffectInstanceList": [
        "Effects/Eff_Prefab/Eff_Avatar/Eff_Silwolf/Eff_Avatar_Silwolf_00_Skill01_01.prefab",
        "Effects/Eff_Prefab/Eff_Avatar/Eff_Silwolf/Eff_Avatar_Silwolf_00_Skill01_01_01.prefab",
        "Effects/Eff_Prefab/Eff_Avatar/Eff_Silwolf/Eff_Avatar_Silwolf_00_Skill01_02.prefab",
        "Effects/Eff_Prefab/Eff_Avatar/Eff_Silwolf/Eff_Avatar_Silwolf_00_Skill01_03.prefab",
        "Effects/Eff_Prefab/Eff_Avatar/Eff_Silwolf/Eff_Avatar_Silwolf_00_Skill01_Hit01.prefab",
        "Effects/Eff_Prefab/Eff_Avatar/Eff_Silwolf/Eff_Avatar_Silwolf_00_Skill01_Hit02.prefab",
        "Effects/Eff_Prefab/Eff_Avatar/Eff_Silwolf/Eff_Avatar_Silwolf_00_Skill01_Hit03.prefab"
      ]
    }
  }
}