{
  "EffectAssetList": [
    "Effects/Eff_Prefab/Eff_Avatar/Eff_Yukong/Eff_Avatar_Yukong_00_IdleShow_01_End.prefab",
    "Effects/Eff_Prefab/Eff_Avatar/Eff_Yukong/Eff_Avatar_Yukong_00_IdleShow_01_Start.prefab",
    "Effects/Eff_Prefab/Eff_Avatar/Eff_Yukong/Eff_Avatar_Yukong_00_IdleShow_02.prefab"
  ],
  "EffectInstanceMap": {
    "Common": {
      "EffectTypes": [
        "Common"
      ],
      "EffectInstanceList": [
        "Effects/Eff_Prefab/Eff_Avatar/Eff_Yukong/Eff_Avatar_Yukong_00_Common_WeaponEnd.prefab",
        "Effects/Eff_Prefab/Eff_Avatar/Eff_Yukong/Eff_Avatar_Yukong_00_Common_WeaponStart.prefab"
      ]
    },
    "MazeAttack": {
      "EffectTypes": [
        "MazeAttack"
      ],
      "EffectInstanceList": [
        "Effects/Eff_Prefab/Eff_Avatar/Eff_Yukong/Eff_Avatar_Yukong_00_MazeAttack.prefab",
        "Effects/Eff_Prefab/Eff_Avatar/Eff_Yukong/Eff_Avatar_Yukong_00_MazeAttack_Arrow.prefab",
        "Effects/Eff_Prefab/Eff_Avatar/Eff_Yukong/Eff_Avatar_Yukong_00_MazeAttack_Hit.prefab",
        "Effects/Eff_Prefab/Eff_Avatar/Eff_Yukong/Eff_Avatar_Yukong_00_MazeAttack_Trail.prefab"
      ]
    },
    "MazeSkill": {
      "EffectTypes": [
        "MazeSkill"
      ],
      "EffectInstanceList": [
        "Effects/Eff_Prefab/Eff_Avatar/Eff_Yukong/Eff_Avatar_Yukong_00_MazeSkill_AfterImageFastRun.prefab",
        "Effects/Eff_Prefab/Eff_Avatar/Eff_Yukong/Eff_Avatar_Yukong_00_MazeSkill_AfterImageRun.prefab",
        "Effects/Eff_Prefab/Eff_Avatar/Eff_Yukong/Eff_Avatar_Yukong_00_MazeSkill_End.prefab",
        "Effects/Eff_Prefab/Eff_Avatar/Eff_Yukong/Eff_Avatar_Yukong_00_MazeSkill_FootL.prefab",
        "Effects/Eff_Prefab/Eff_Avatar/Eff_Yukong/Eff_Avatar_Yukong_00_MazeSkill_FootR.prefab",
        "Effects/Eff_Prefab/Eff_Avatar/Eff_Yukong/Eff_Avatar_Yukong_00_MazeSkill_Loop.prefab",
        "Effects/Eff_Prefab/Eff_Avatar/Eff_Yukong/Eff_Avatar_Yukong_00_MazeSkill_Root.prefab",
        "Effects/Eff_Prefab/Eff_Avatar/Eff_Yukong/Eff_Avatar_Yukong_00_MazeSkill_ShoulderL.prefab",
        "Effects/Eff_Prefab/Eff_Avatar/Eff_Yukong/Eff_Avatar_Yukong_00_MazeSkill_ShoulderR.prefab",
        "Effects/Eff_Prefab/Eff_Avatar/Eff_Yukong/Eff_Avatar_Yukong_00_MazeSkill_Start01.prefab"
      ]
    },
    "Ultra": {
      "EffectTypes": [
        "Skill03"
      ],
      "EffectInstanceList": [
        "Effects/Eff_Prefab/Eff_Avatar/Eff_Yukong/Eff_Avatar_Yukong_00_Skill03_Ready.prefab",
        "Effects/Eff_Prefab/Eff_Avatar/Eff_Yukong/Eff_Avatar_Yukong_00_Skill03_Arrow.prefab",
        "Effects/Eff_Prefab/Eff_Avatar/Eff_Yukong/Eff_Avatar_Yukong_00_Skill03_Arrow_02.prefab",
        "Effects/Eff_Prefab/Eff_Avatar/Eff_Yukong/Eff_Avatar_Yukong_00_Skill03_Camera_01.prefab",
        "Effects/Eff_Prefab/Eff_Avatar/Eff_Yukong/Eff_Avatar_Yukong_00_Skill03_Camera_02.prefab",
        "Effects/Eff_Prefab/Eff_Avatar/Eff_Yukong/Eff_Avatar_Yukong_00_Skill03_Camera_03.prefab",
        "Effects/Eff_Prefab/Eff_Avatar/Eff_Yukong/Eff_Avatar_Yukong_00_Skill03_Camera_Zhiyuan.prefab",
        "Effects/Eff_Prefab/Eff_Avatar/Eff_Yukong/Eff_Avatar_Yukong_00_Skill03_Scene01.prefab",
        "Effects/Eff_Prefab/Eff_Avatar/Eff_Yukong/Eff_Avatar_Yukong_00_Skill03_Scene02.prefab",
        "Effects/Eff_Prefab/Eff_Avatar/Eff_Yukong/Eff_Avatar_Yukong_00_Skill03_Scene03.prefab",
        "Effects/Eff_Prefab/Eff_Avatar/Eff_Yukong/Eff_Avatar_Yukong_00_Skill03_Start02.prefab",
        "Effects/Eff_Prefab/Eff_Avatar/Eff_Yukong/Eff_Avatar_Yukong_00_Skill03_Start03.prefab",
        "Effects/Eff_Prefab/Eff_Avatar/Eff_Yukong/Eff_Avatar_Yukong_00_Skill03_Start04.prefab",
        "Effects/Eff_Prefab/Eff_Avatar/Eff_Yukong/Eff_Avatar_Yukong_00_Skill03_Start05.prefab",
        "Effects/Eff_Prefab/Eff_Avatar/Eff_Yukong/Eff_Avatar_Yukong_00_Skill03_Start06.prefab",
        "Effects/Eff_Prefab/Eff_Avatar/Eff_Yukong/Eff_Avatar_Yukong_00_Skill03_Weapon.prefab",
        "Effects/Eff_Prefab/Eff_Avatar/Eff_Yukong/Eff_Avatar_Yukong_00_Skill03_Zhiyuan01.prefab",
        "Effects/Eff_Prefab/Eff_Avatar/Eff_Yukong/Eff_Avatar_Yukong_00_Skill03_Zhiyuan02.prefab",
        "Effects/Eff_Prefab/Eff_Avatar/Eff_Yukong/Eff_Avatar_Yukong_00_Skill03_Zhiyuan03.prefab"
      ],
      "AssetList": [
        "Camera/TimeLine/Avatar/Character_Yukong_00_Skill03_TimeLine.playable"
      ]
    },
    "Skill": {
      "EffectTypes": [
        "Skill02"
      ],
      "EffectInstanceList": [
        "Effects/Eff_Prefab/Eff_Avatar/Eff_Yukong/Eff_Avatar_Yukong_00_Skill02_02.prefab",
        "Effects/Eff_Prefab/Eff_Avatar/Eff_Yukong/Eff_Avatar_Yukong_00_Skill02_03.prefab",
        "Effects/Eff_Prefab/Eff_Avatar/Eff_Yukong/Eff_Avatar_Yukong_00_Skill02_Camera.prefab",
        "Effects/Eff_Prefab/Eff_Avatar/Eff_Yukong/Eff_Avatar_Yukong_00_Skill02_Camera02.prefab",
        "Effects/Eff_Prefab/Eff_Avatar/Eff_Yukong/Eff_Avatar_Yukong_00_Skill02_Hit01.prefab",
        "Effects/Eff_Prefab/Eff_Avatar/Eff_Yukong/Eff_Avatar_Yukong_00_Skill02_Hit02.prefab",
        "Effects/Eff_Prefab/Eff_Avatar/Eff_Yukong/Eff_Avatar_Yukong_00_Skill02_L.prefab",
        "Effects/Eff_Prefab/Eff_Avatar/Eff_Yukong/Eff_Avatar_Yukong_00_Skill02_R.prefab",
        "Effects/Eff_Prefab/Eff_Avatar/Eff_Yukong/Eff_Avatar_Yukong_00_Skill02_Weapon.prefab",
        "Effects/Eff_Prefab/Eff_Avatar/Eff_Yukong/Eff_Avatar_Yukong_00_Skill02_WeaponB.prefab"
      ]
    },
    "Passive": {
      "EffectTypes": [
        "Passive"
      ],
      "EffectInstanceList": []
    },
    "Normal": {
      "EffectTypes": [
        "Skill01"
      ],
      "EffectInstanceList": [
        "Effects/Eff_Prefab/Eff_Avatar/Eff_Yukong/Eff_Avatar_Yukong_00_Skill01.prefab",
        "Effects/Eff_Prefab/Eff_Avatar/Eff_Yukong/Eff_Avatar_Yukong_00_Skill01_1.prefab",
        "Effects/Eff_Prefab/Eff_Avatar/Eff_Yukong/Eff_Avatar_Yukong_00_Skill01_1_V2.prefab",
        "Effects/Eff_Prefab/Eff_Avatar/Eff_Yukong/Eff_Avatar_Yukong_00_Skill01_2.prefab",
        "Effects/Eff_Prefab/Eff_Avatar/Eff_Yukong/Eff_Avatar_Yukong_00_Skill01_2_V2.prefab",
        "Effects/Eff_Prefab/Eff_Avatar/Eff_Yukong/Eff_Avatar_Yukong_00_Skill01_3.prefab",
        "Effects/Eff_Prefab/Eff_Avatar/Eff_Yukong/Eff_Avatar_Yukong_00_Skill01_3_V2.prefab",
        "Effects/Eff_Prefab/Eff_Avatar/Eff_Yukong/Eff_Avatar_Yukong_00_Skill01_Hit.prefab",
        "Effects/Eff_Prefab/Eff_Avatar/Eff_Yukong/Eff_Avatar_Yukong_00_Skill01_Hit02.prefab",
        "Effects/Eff_Prefab/Eff_Avatar/Eff_Yukong/Eff_Avatar_Yukong_00_Skill01_Hit03.prefab",
        "Effects/Eff_Prefab/Eff_Avatar/Eff_Yukong/Eff_Avatar_Yukong_00_Skill01_Trail.prefab",
        "Effects/Eff_Prefab/Eff_Avatar/Eff_Yukong/Eff_Avatar_Yukong_00_Skill01_Trail02.prefab",
        "Effects/Eff_Prefab/Eff_Avatar/Eff_Yukong/Eff_Avatar_Yukong_00_Skill01_Trail03.prefab",
        "Effects/Eff_Prefab/Eff_Avatar/Eff_Yukong/Eff_Avatar_Yukong_00_Skill01_V2.prefab"
      ]
    }
  }
}