{
  "EffectAssetList": [
    "Effects/Eff_Prefab/Eff_Avatar/Eff_Argenti/Eff_Avatar_Argenti_00_idleshow01.prefab",
    "Effects/Eff_Prefab/Eff_Avatar/Eff_Argenti/Eff_Avatar_Argenti_00_idleshow02.prefab",
    "Effects/Eff_Prefab/Eff_Avatar/Eff_Argenti/Eff_Avatar_Argenti_00_skill02_weapon.prefab",
    "Effects/Eff_Prefab/Eff_Avatar/Eff_Argenti/Eff_Avatar_Argenti_Skill2toSkill1_WeaponEnd.prefab"
  ],
  "EffectInstanceMap": {
    "Common": {
      "EffectTypes": [
        "Common"
      ],
      "EffectInstanceList": [
        "Effects/Eff_Prefab/Eff_Avatar/Eff_Argenti/Eff_Avatar_Argenti_00_Common_Flower.prefab",
        "Effects/Eff_Prefab/Eff_Avatar/Eff_Argenti/Eff_Avatar_Argenti_00_Common_WeaponStart.prefab"
      ]
    },
    "MazeAttack": {
      "EffectTypes": [
        "MazeAttack"
      ],
      "EffectInstanceList": [
        "Effects/Eff_Prefab/Eff_Avatar/Eff_Argenti/Eff_Avatar_Argenti_00_MazeAttack_Hit.prefab",
        "Effects/Eff_Prefab/Eff_Avatar/Eff_Argenti/Eff_Avatar_Argenti_00_MazeAttack_Skill01.prefab",
        "Effects/Eff_Prefab/Eff_Avatar/Eff_Argenti/Eff_Avatar_Argenti_00_MazeAttack_Skill01_Weapon.prefab",
        "Effects/Eff_Prefab/Eff_Avatar/Eff_Argenti/Eff_Avatar_Argenti_00_MazeAttack_Start01.prefab",
        "Effects/Eff_Prefab/Eff_Avatar/Eff_Argenti/Eff_Avatar_Argenti_00_MazeAttack_WeaponEnd.prefab",
        "Effects/Eff_Prefab/Eff_Avatar/Eff_Argenti/Eff_Avatar_Argenti_00_MazeAttack_WeaponStart.prefab"
      ]
    },
    "MazeSkill": {
      "EffectTypes": [
        "MazeSkill"
      ],
      "EffectInstanceList": [
        "Effects/Eff_Prefab/Eff_Avatar/Eff_Argenti/Eff_Avatar_Argenti_00_MazeSkill_Hit.prefab",
        "Effects/Eff_Prefab/Eff_Avatar/Eff_Argenti/Eff_Avatar_Argenti_00_MazeSkill_Icon.prefab",
        "Effects/Eff_Prefab/Eff_Avatar/Eff_Argenti/Eff_Avatar_Argenti_00_MazeSkill_WeaponEnd.prefab"
      ]
    },
    "Ultra": {
      "EffectTypes": [
        "Skill03"
      ],
      "EffectInstanceList": [
        "Effects/Eff_Prefab/Eff_Avatar/Eff_Argenti/Eff_Avatar_Argenti_00_Skill03_Ready.prefab",
        "Effects/Eff_Prefab/Eff_Avatar/Eff_Argenti/Eff_Avatar_Argenti_00_Skill03_Ready_02.prefab",
        "Effects/Eff_Prefab/Eff_Avatar/Eff_Argenti/Eff_Avatar_Argenti_00_Skill03_armorBR_00_JNT.prefab",
        "Effects/Eff_Prefab/Eff_Avatar/Eff_Argenti/Eff_Avatar_Argenti_00_Skill03_armorFL_00_JNT.prefab",
        "Effects/Eff_Prefab/Eff_Avatar/Eff_Argenti/Eff_Avatar_Argenti_00_Skill03_armorFR_00_JNT.prefab",
        "Effects/Eff_Prefab/Eff_Avatar/Eff_Argenti/Eff_Avatar_Argenti_00_Skill03_Body_Appear.prefab",
        "Effects/Eff_Prefab/Eff_Avatar/Eff_Argenti/Eff_Avatar_Argenti_00_Skill03_Body_Appear_02.prefab",
        "Effects/Eff_Prefab/Eff_Avatar/Eff_Argenti/Eff_Avatar_Argenti_00_Skill03_Body_DisAppear.prefab",
        "Effects/Eff_Prefab/Eff_Avatar/Eff_Argenti/Eff_Avatar_Argenti_00_Skill03_Chestscale_M_JNT.prefab",
        "Effects/Eff_Prefab/Eff_Avatar/Eff_Argenti/Eff_Avatar_Argenti_00_Skill03_Elbow_L.prefab",
        "Effects/Eff_Prefab/Eff_Avatar/Eff_Argenti/Eff_Avatar_Argenti_00_Skill03_Elbow_R.prefab",
        "Effects/Eff_Prefab/Eff_Avatar/Eff_Argenti/Eff_Avatar_Argenti_00_Skill03_End01_PLight.prefab",
        "Effects/Eff_Prefab/Eff_Avatar/Eff_Argenti/Eff_Avatar_Argenti_00_Skill03_End02_01.prefab",
        "Effects/Eff_Prefab/Eff_Avatar/Eff_Argenti/Eff_Avatar_Argenti_00_Skill03_End02_02.prefab",
        "Effects/Eff_Prefab/Eff_Avatar/Eff_Argenti/Eff_Avatar_Argenti_00_Skill03_End02_03.prefab",
        "Effects/Eff_Prefab/Eff_Avatar/Eff_Argenti/Eff_Avatar_Argenti_00_Skill03_End02_03_02.prefab",
        "Effects/Eff_Prefab/Eff_Avatar/Eff_Argenti/Eff_Avatar_Argenti_00_Skill03_End02_04.prefab",
        "Effects/Eff_Prefab/Eff_Avatar/Eff_Argenti/Eff_Avatar_Argenti_00_Skill03_End02_05.prefab",
        "Effects/Eff_Prefab/Eff_Avatar/Eff_Argenti/Eff_Avatar_Argenti_00_Skill03_End02_DG.prefab",
        "Effects/Eff_Prefab/Eff_Avatar/Eff_Argenti/Eff_Avatar_Argenti_00_Skill03_End02_Gamera_01.prefab",
        "Effects/Eff_Prefab/Eff_Avatar/Eff_Argenti/Eff_Avatar_Argenti_00_Skill03_End02_Gamera_02.prefab",
        "Effects/Eff_Prefab/Eff_Avatar/Eff_Argenti/Eff_Avatar_Argenti_00_Skill03_End02_Plugin.prefab",
        "Effects/Eff_Prefab/Eff_Avatar/Eff_Argenti/Eff_Avatar_Argenti_00_Skill03_End_PLight.prefab",
        "Effects/Eff_Prefab/Eff_Avatar/Eff_Argenti/Eff_Avatar_Argenti_00_Skill03_Hit01.prefab",
        "Effects/Eff_Prefab/Eff_Avatar/Eff_Argenti/Eff_Avatar_Argenti_00_Skill03_Hit02.prefab",
        "Effects/Eff_Prefab/Eff_Avatar/Eff_Argenti/Eff_Avatar_Argenti_00_Skill03_Knee_L.prefab",
        "Effects/Eff_Prefab/Eff_Avatar/Eff_Argenti/Eff_Avatar_Argenti_00_Skill03_Knee_R.prefab",
        "Effects/Eff_Prefab/Eff_Avatar/Eff_Argenti/Eff_Avatar_Argenti_00_Skill03_pauldron_L_00_JNT.prefab",
        "Effects/Eff_Prefab/Eff_Avatar/Eff_Argenti/Eff_Avatar_Argenti_00_Skill03_pauldron_R_00_JNT.prefab",
        "Effects/Eff_Prefab/Eff_Avatar/Eff_Argenti/Eff_Avatar_Argenti_00_Skill03_Start_01.prefab",
        "Effects/Eff_Prefab/Eff_Avatar/Eff_Argenti/Eff_Avatar_Argenti_00_Skill03_Start_DG01.prefab",
        "Effects/Eff_Prefab/Eff_Avatar/Eff_Argenti/Eff_Avatar_Argenti_00_Skill03_Start_DG02.prefab",
        "Effects/Eff_Prefab/Eff_Avatar/Eff_Argenti/Eff_Avatar_Argenti_00_Skill03_Start_End.prefab",
        "Effects/Eff_Prefab/Eff_Avatar/Eff_Argenti/Eff_Avatar_Argenti_00_Skill03_Start_Gamera_01.prefab",
        "Effects/Eff_Prefab/Eff_Avatar/Eff_Argenti/Eff_Avatar_Argenti_00_Skill03_Start_Gamera_02.prefab",
        "Effects/Eff_Prefab/Eff_Avatar/Eff_Argenti/Eff_Avatar_Argenti_00_Skill03_Start_Gamera_03.prefab",
        "Effects/Eff_Prefab/Eff_Avatar/Eff_Argenti/Eff_Avatar_Argenti_00_Skill03_Start_Gamera_04.prefab",
        "Effects/Eff_Prefab/Eff_Avatar/Eff_Argenti/Eff_Avatar_Argenti_00_Skill03_Start_Gamera_05.prefab",
        "Effects/Eff_Prefab/Eff_Avatar/Eff_Argenti/Eff_Avatar_Argenti_00_Skill03_Start_PLight.prefab",
        "Effects/Eff_Prefab/Eff_Avatar/Eff_Argenti/Eff_Avatar_Argenti_00_Skill03_Start_Plugin02.prefab",
        "Effects/Eff_Prefab/Eff_Avatar/Eff_Argenti/Eff_Avatar_Argenti_00_Skill03_Start_Root_M.prefab",
        "Effects/Eff_Prefab/Eff_Avatar/Eff_Argenti/Eff_Avatar_Argenti_00_Skill03_Start_Weapon.prefab",
        "Effects/Eff_Prefab/Eff_Avatar/Eff_Argenti/Eff_Avatar_Argenti_00_Skill03_WeaponA_04_JNT.prefab"
      ],
      "AssetList": [
        "Camera/TimeLine/Avatar/Character_Argenti_00_Skill03_TimeLine_End01.playable",
        "Camera/TimeLine/Avatar/Character_Argenti_00_Skill03_TimeLine_End02.playable",
        "Camera/TimeLine/Avatar/Character_Argenti_00_Skill03_TimeLine_Start.playable"
      ]
    },
    "Skill": {
      "EffectTypes": [
        "Skill02"
      ],
      "EffectInstanceList": [
        "Effects/Eff_Prefab/Eff_Avatar/Eff_Argenti/Eff_Avatar_Argenti_00_Skill02_dl.prefab",
        "Effects/Eff_Prefab/Eff_Avatar/Eff_Argenti/Eff_Avatar_Argenti_00_Skill02_Ready.prefab",
        "Effects/Eff_Prefab/Eff_Avatar/Eff_Argenti/Eff_Avatar_Argenti_00_Skill02_ReadyEnd.prefab",
        "Effects/Eff_Prefab/Eff_Avatar/Eff_Argenti/Eff_Avatar_Argenti_00_Skill02_ReadyStart.prefab",
        "Effects/Eff_Prefab/Eff_Avatar/Eff_Argenti/Eff_Avatar_Argenti_00_Skill02_Ready_Flower.prefab",
        "Effects/Eff_Prefab/Eff_Avatar/Eff_Argenti/Eff_Avatar_Argenti_00_Skill02_Star01.prefab",
        "Effects/Eff_Prefab/Eff_Avatar/Eff_Argenti/Eff_Avatar_Argenti_00_Skill02_Star02.prefab",
        "Effects/Eff_Prefab/Eff_Avatar/Eff_Argenti/Eff_Avatar_Argenti_00_Skill02_Star03.prefab",
        "Effects/Eff_Prefab/Eff_Avatar/Eff_Argenti/Eff_Avatar_Argenti_00_Skill02_Star04.prefab",
        "Effects/Eff_Prefab/Eff_Avatar/Eff_Argenti/Eff_Avatar_Argenti_00_Skill02_Star05.prefab",
        "Effects/Eff_Prefab/Eff_Avatar/Eff_Argenti/Eff_Avatar_Argenti_Skill02_Hit_01.prefab"
      ]
    },
    "Passive": {
      "EffectTypes": [
        "Passive"
      ],
      "EffectInstanceList": []
    },
    "Normal": {
      "EffectTypes": [
        "Skill01"
      ],
      "EffectInstanceList": [
        "Effects/Eff_Prefab/Eff_Avatar/Eff_Argenti/Eff_Avatar_Argenti_00_Skill01_01.prefab",
        "Effects/Eff_Prefab/Eff_Avatar/Eff_Argenti/Eff_Avatar_Argenti_00_Skill01_Star01.prefab",
        "Effects/Eff_Prefab/Eff_Avatar/Eff_Argenti/Eff_Avatar_Argenti_00_Skill01_Star01a.prefab",
        "Effects/Eff_Prefab/Eff_Avatar/Eff_Argenti/Eff_Avatar_Argenti_Skill01_Hit_01.prefab"
      ]
    }
  }
}