{
  "EffectAssetList": [
    "Effects/Eff_Prefab/Eff_Avatar/Eff_DanHengIL/Eff_Avatar_DanHengIL_00_BattleEvent01_Long.prefab",
    "Effects/Eff_Prefab/Eff_Avatar/Eff_DanHengIL/Eff_Avatar_DanHengIL_00_BattleEvent02_Long.prefab",
    "Effects/Eff_Prefab/Eff_Avatar/Eff_DanHengIL/Eff_Avatar_DanHengIL_00_Idle_Show_02.prefab",
    "Effects/Eff_Prefab/Eff_Avatar/Eff_DanHengIL/Eff_Avatar_DanHengIL_00_Idle_Show_02_end.prefab",
    "Effects/Eff_Prefab/Eff_Avatar/Eff_DanHengIL/Eff_Avatar_DanHengIL_00_Idle_Show_02_Start01.prefab",
    "Effects/Eff_Prefab/Eff_Avatar/Eff_DanHengIL/Eff_Avatar_DanHengIL_00_Idle_Show_02_Start02.prefab",
    "Effects/Eff_Prefab/Eff_Avatar/Eff_DanHengIL/Eff_Avatar_DanHengIL_00_Idle_Show_Rain.prefab",
    "Effects/Eff_Prefab/Eff_Avatar/Eff_DanHengIL/Eff_Avatar_DanHengIL_00_Idle_Show_Rainself.prefab",
    "Effects/Eff_Prefab/Eff_Avatar/Eff_DanHengIL/Eff_Avatar_DanHengIL_00_Weapon_Loop.prefab"
  ],
  "EffectInstanceMap": {
    "Common": {
      "EffectTypes": [
        "Common"
      ],
      "EffectInstanceList": [
        "Effects/Eff_Prefab/Eff_Avatar/Eff_DanHengIL/Eff_Avatar_DanHengIL_00_Common_SkillEnd.prefab",
        "Effects/Eff_Prefab/Eff_Avatar/Eff_DanHengIL/Eff_Avatar_DanHengIL_00_Common_WeaponEnd.prefab",
        "Effects/Eff_Prefab/Eff_Avatar/Eff_DanHengIL/Eff_Avatar_DanHengIL_00_Common_WeaponEnd_02.prefab",
        "Effects/Eff_Prefab/Eff_Avatar/Eff_DanHengIL/Eff_Avatar_DanHengIL_00_Common_WeaponStart.prefab",
        "Effects/Eff_Prefab/Eff_Avatar/Eff_DanHengIL/Eff_Avatar_DanHengIL_00_Common_WeaponStart_02.prefab"
      ]
    },
    "MazeAttack": {
      "EffectTypes": [
        "MazeAttack"
      ],
      "EffectInstanceList": [
        "Effects/Eff_Prefab/Eff_Avatar/Eff_DanHengIL/Eff_Avatar_DanHengIL_00_MazeAttack_Hit_01.prefab",
        "Effects/Eff_Prefab/Eff_Avatar/Eff_DanHengIL/Eff_Avatar_DanHengIL_00_MazeAttack_Hit_02.prefab",
        "Effects/Eff_Prefab/Eff_Avatar/Eff_DanHengIL/Eff_Avatar_DanHengIL_00_MazeAttack_Strat01.prefab"
      ]
    },
    "MazeSkill": {
      "EffectTypes": [
        "MazeSkill"
      ],
      "EffectInstanceList": [
        "Effects/Eff_Prefab/Eff_Avatar/Eff_DanHengIL/Eff_Avatar_DanHengIL_00_MazeSkill01.prefab",
        "Effects/Eff_Prefab/Eff_Avatar/Eff_DanHengIL/Eff_Avatar_DanHengIL_00_MazeSkill01_02.prefab",
        "Effects/Eff_Prefab/Eff_Avatar/Eff_DanHengIL/Eff_Avatar_DanHengIL_00_MazeSkill01_03.prefab",
        "Effects/Eff_Prefab/Eff_Avatar/Eff_DanHengIL/Eff_Avatar_DanHengIL_00_MazeSkill01_Body_01.prefab",
        "Effects/Eff_Prefab/Eff_Avatar/Eff_DanHengIL/Eff_Avatar_DanHengIL_00_MazeSkill01_Body_01_disappear.prefab",
        "Effects/Eff_Prefab/Eff_Avatar/Eff_DanHengIL/Eff_Avatar_DanHengIL_00_MazeSkill01_Body_01_start.prefab",
        "Effects/Eff_Prefab/Eff_Avatar/Eff_DanHengIL/Eff_Avatar_DanHengIL_00_MazeSkill01_Body_02.prefab",
        "Effects/Eff_Prefab/Eff_Avatar/Eff_DanHengIL/Eff_Avatar_DanHengIL_00_MazeSkill01_Body_03.prefab",
        "Effects/Eff_Prefab/Eff_Avatar/Eff_DanHengIL/Eff_Avatar_DanHengIL_00_MazeSkill01_New.prefab",
        "Effects/Eff_Prefab/Eff_Avatar/Eff_DanHengIL/Eff_Avatar_DanHengIL_00_MazeSkill01_New_02.prefab",
        "Effects/Eff_Prefab/Eff_Avatar/Eff_DanHengIL/Eff_Avatar_DanHengIL_00_MazeSkill01_New_03.prefab",
        "Effects/Eff_Prefab/Eff_Avatar/Eff_DanHengIL/Eff_Avatar_DanHengIL_00_MazeSkill01_Smoke.prefab"
      ]
    },
    "Ultra": {
      "EffectTypes": [
        "Skill03"
      ],
      "EffectInstanceList": [
        "Effects/Eff_Prefab/Eff_Avatar/Eff_DanHengIL/Eff_Avatar_DanHengIL_00_Skill03_Ready.prefab",
        "Effects/Eff_Prefab/Eff_Avatar/Eff_DanHengIL/Eff_Avatar_DanHengIL_00_Skill03_01_02.prefab",
        "Effects/Eff_Prefab/Eff_Avatar/Eff_DanHengIL/Eff_Avatar_DanHengIL_00_Skill03_01_03.prefab",
        "Effects/Eff_Prefab/Eff_Avatar/Eff_DanHengIL/Eff_Avatar_DanHengIL_00_Skill03_01_Camera.prefab",
        "Effects/Eff_Prefab/Eff_Avatar/Eff_DanHengIL/Eff_Avatar_DanHengIL_00_Skill03_01_Mat.prefab",
        "Effects/Eff_Prefab/Eff_Avatar/Eff_DanHengIL/Eff_Avatar_DanHengIL_00_Skill03_01_SKY.prefab",
        "Effects/Eff_Prefab/Eff_Avatar/Eff_DanHengIL/Eff_Avatar_DanHengIL_00_Skill03_01_Weapon.prefab",
        "Effects/Eff_Prefab/Eff_Avatar/Eff_DanHengIL/Eff_Avatar_DanHengIL_00_Skill03_01_WeaponVfx.prefab",
        "Effects/Eff_Prefab/Eff_Avatar/Eff_DanHengIL/Eff_Avatar_DanHengIL_00_Skill03_02.prefab",
        "Effects/Eff_Prefab/Eff_Avatar/Eff_DanHengIL/Eff_Avatar_DanHengIL_00_Skill03_02_Camera.prefab",
        "Effects/Eff_Prefab/Eff_Avatar/Eff_DanHengIL/Eff_Avatar_DanHengIL_00_Skill03_02_SKY.prefab",
        "Effects/Eff_Prefab/Eff_Avatar/Eff_DanHengIL/Eff_Avatar_DanHengIL_00_Skill03_03.prefab",
        "Effects/Eff_Prefab/Eff_Avatar/Eff_DanHengIL/Eff_Avatar_DanHengIL_00_Skill03_03_SKY.prefab",
        "Effects/Eff_Prefab/Eff_Avatar/Eff_DanHengIL/Eff_Avatar_DanHengIL_00_Skill03_04.prefab",
        "Effects/Eff_Prefab/Eff_Avatar/Eff_DanHengIL/Eff_Avatar_DanHengIL_00_Skill03_04_Camera.prefab",
        "Effects/Eff_Prefab/Eff_Avatar/Eff_DanHengIL/Eff_Avatar_DanHengIL_00_Skill03_05.prefab",
        "Effects/Eff_Prefab/Eff_Avatar/Eff_DanHengIL/Eff_Avatar_DanHengIL_00_Skill03_06.prefab",
        "Effects/Eff_Prefab/Eff_Avatar/Eff_DanHengIL/Eff_Avatar_DanHengIL_00_Skill03_eye.prefab",
        "Effects/Eff_Prefab/Eff_Avatar/Eff_DanHengIL/Eff_Avatar_DanHengIL_00_Skill03_Glow.prefab",
        "Effects/Eff_Prefab/Eff_Avatar/Eff_DanHengIL/Eff_Avatar_DanHengIL_00_Skill03_Hit.prefab",
        "Effects/Eff_Prefab/Eff_Avatar/Eff_DanHengIL/Eff_Avatar_DanHengIL_00_Skill03_Long.prefab"
      ],
      "AssetList": [
        "Camera/TimeLine/Avatar/Character_DanHengIL_00_Skill03_TimeLine.playable"
      ]
    },
    "Skill": {
      "EffectTypes": [
        "Skill02"
      ],
      "EffectInstanceList": [
        "Effects/Eff_Prefab/Eff_Avatar/Eff_DanHengIL/Eff_Avatar_DanHengIL_00_Skill02_B1_Hit_01.prefab",
        "Effects/Eff_Prefab/Eff_Avatar/Eff_DanHengIL/Eff_Avatar_DanHengIL_00_Skill02_B1_Hit_02.prefab",
        "Effects/Eff_Prefab/Eff_Avatar/Eff_DanHengIL/Eff_Avatar_DanHengIL_00_Skill02_B1_Hit_03.prefab",
        "Effects/Eff_Prefab/Eff_Avatar/Eff_DanHengIL/Eff_Avatar_DanHengIL_00_Skill02_B1_Ready.prefab",
        "Effects/Eff_Prefab/Eff_Avatar/Eff_DanHengIL/Eff_Avatar_DanHengIL_00_Skill02_B1_Strart01.prefab",
        "Effects/Eff_Prefab/Eff_Avatar/Eff_DanHengIL/Eff_Avatar_DanHengIL_00_Skill02_B1_Strart02.prefab",
        "Effects/Eff_Prefab/Eff_Avatar/Eff_DanHengIL/Eff_Avatar_DanHengIL_00_Skill02_B1_Trail_01.prefab",
        "Effects/Eff_Prefab/Eff_Avatar/Eff_DanHengIL/Eff_Avatar_DanHengIL_00_Skill02_B1_Trail_02.prefab",
        "Effects/Eff_Prefab/Eff_Avatar/Eff_DanHengIL/Eff_Avatar_DanHengIL_00_Skill02_B1_Trail_03.prefab",
        "Effects/Eff_Prefab/Eff_Avatar/Eff_DanHengIL/Eff_Avatar_DanHengIL_00_Skill02_B2_Hit_01.prefab",
        "Effects/Eff_Prefab/Eff_Avatar/Eff_DanHengIL/Eff_Avatar_DanHengIL_00_Skill02_B2_Hit_02.prefab",
        "Effects/Eff_Prefab/Eff_Avatar/Eff_DanHengIL/Eff_Avatar_DanHengIL_00_Skill02_B2_Hit_03.prefab",
        "Effects/Eff_Prefab/Eff_Avatar/Eff_DanHengIL/Eff_Avatar_DanHengIL_00_Skill02_B2_Hit_04.prefab",
        "Effects/Eff_Prefab/Eff_Avatar/Eff_DanHengIL/Eff_Avatar_DanHengIL_00_Skill02_B2_Ready.prefab",
        "Effects/Eff_Prefab/Eff_Avatar/Eff_DanHengIL/Eff_Avatar_DanHengIL_00_Skill02_B2_Strart02.prefab",
        "Effects/Eff_Prefab/Eff_Avatar/Eff_DanHengIL/Eff_Avatar_DanHengIL_00_Skill02_B2_Trail_03.prefab",
        "Effects/Eff_Prefab/Eff_Avatar/Eff_DanHengIL/Eff_Avatar_DanHengIL_00_Skill02_B2_Weapon_01.prefab",
        "Effects/Eff_Prefab/Eff_Avatar/Eff_DanHengIL/Eff_Avatar_DanHengIL_00_Skill02_B2_Weapon_02.prefab",
        "Effects/Eff_Prefab/Eff_Avatar/Eff_DanHengIL/Eff_Avatar_DanHengIL_00_Skill02_B3_01.prefab",
        "Effects/Eff_Prefab/Eff_Avatar/Eff_DanHengIL/Eff_Avatar_DanHengIL_00_Skill02_B3_01_loop.prefab",
        "Effects/Eff_Prefab/Eff_Avatar/Eff_DanHengIL/Eff_Avatar_DanHengIL_00_Skill02_B3_02.prefab",
        "Effects/Eff_Prefab/Eff_Avatar/Eff_DanHengIL/Eff_Avatar_DanHengIL_00_Skill02_B3_02_Long.prefab",
        "Effects/Eff_Prefab/Eff_Avatar/Eff_DanHengIL/Eff_Avatar_DanHengIL_00_Skill02_B3_03.prefab",
        "Effects/Eff_Prefab/Eff_Avatar/Eff_DanHengIL/Eff_Avatar_DanHengIL_00_Skill02_B3_04.prefab",
        "Effects/Eff_Prefab/Eff_Avatar/Eff_DanHengIL/Eff_Avatar_DanHengIL_00_Skill02_B3_05.prefab",
        "Effects/Eff_Prefab/Eff_Avatar/Eff_DanHengIL/Eff_Avatar_DanHengIL_00_Skill02_B3_06.prefab",
        "Effects/Eff_Prefab/Eff_Avatar/Eff_DanHengIL/Eff_Avatar_DanHengIL_00_Skill02_B3_06_End.prefab",
        "Effects/Eff_Prefab/Eff_Avatar/Eff_DanHengIL/Eff_Avatar_DanHengIL_00_Skill02_B3_07.prefab",
        "Effects/Eff_Prefab/Eff_Avatar/Eff_DanHengIL/Eff_Avatar_DanHengIL_00_Skill02_B3_Camera.prefab",
        "Effects/Eff_Prefab/Eff_Avatar/Eff_DanHengIL/Eff_Avatar_DanHengIL_00_Skill02_B3_Hit_01.prefab",
        "Effects/Eff_Prefab/Eff_Avatar/Eff_DanHengIL/Eff_Avatar_DanHengIL_00_Skill02_B3_Hit_02.prefab",
        "Effects/Eff_Prefab/Eff_Avatar/Eff_DanHengIL/Eff_Avatar_DanHengIL_00_Skill02_B3_Ready.prefab",
        "Effects/Eff_Prefab/Eff_Avatar/Eff_DanHengIL/Eff_Avatar_DanHengIL_00_Skill02_B3_Ready_02.prefab",
        "Effects/Eff_Prefab/Eff_Avatar/Eff_DanHengIL/Eff_Avatar_DanHengIL_00_Skill02_Strart01.prefab",
        "Effects/Eff_Prefab/Eff_Avatar/Eff_DanHengIL/Eff_Avatar_DanHengIL_00_Skill02_Strart02.prefab"
      ]
    },
    "Passive": {
      "EffectTypes": [
        "Passive"
      ],
      "EffectInstanceList": []
    },
    "Normal": {
      "EffectTypes": [
        "Skill01"
      ],
      "EffectInstanceList": [
        "Effects/Eff_Prefab/Eff_Avatar/Eff_DanHengIL/Eff_Avatar_DanHengIL_00_Skill01_Attack_02.prefab",
        "Effects/Eff_Prefab/Eff_Avatar/Eff_DanHengIL/Eff_Avatar_DanHengIL_00_Skill01_Bullet.prefab",
        "Effects/Eff_Prefab/Eff_Avatar/Eff_DanHengIL/Eff_Avatar_DanHengIL_00_Skill01_Hit_01.prefab",
        "Effects/Eff_Prefab/Eff_Avatar/Eff_DanHengIL/Eff_Avatar_DanHengIL_00_Skill01_Hit_02.prefab",
        "Effects/Eff_Prefab/Eff_Avatar/Eff_DanHengIL/Eff_Avatar_DanHengIL_00_Skill01_Strat01.prefab",
        "Effects/Eff_Prefab/Eff_Avatar/Eff_DanHengIL/Eff_Avatar_DanHengIL_00_Skill01_Strat02.prefab"
      ]
    }
  }
}