{
  "EffectAssetList": [
    "Effects/Eff_Prefab/Eff_Avatar/Eff_DanHeng/Eff_Avatar_DanHeng_00_IdlwShow_01.prefab",
    "Effects/Eff_Prefab/Eff_Avatar/Eff_DanHeng/Eff_Avatar_DanHeng_00_Unuse_ball_01.prefab",
    "Effects/Eff_Prefab/Eff_Avatar/Eff_DanHeng/Eff_Avatar_DanHeng_00_Unuse_QTE_Fire01.prefab",
    "Effects/Eff_Prefab/Eff_Avatar/Eff_DanHeng/Eff_Avatar_DanHeng_00_Unuse_QTE_Fire02.prefab",
    "Effects/Eff_Prefab/Eff_Avatar/Eff_DanHeng/Eff_Avatar_DanHeng_00_Unuse_QTE_Fire03.prefab",
    "Effects/Eff_Prefab/Eff_Avatar/Eff_DanHeng/Eff_Avatar_DanHeng_00_Unuse_QTE_Fire04.prefab",
    "Effects/Eff_Prefab/Eff_Avatar/Eff_DanHeng/Eff_Avatar_DanHeng_00_Unuse_QTE_Fire05.prefab"
  ],
  "EffectInstanceMap": {
    "Common": {
      "EffectTypes": [
        "Common"
      ],
      "EffectInstanceList": [
        "Effects/Eff_Prefab/Eff_Avatar/Eff_DanHeng/Eff_Avatar_DanHeng_00_Common_Hit01.prefab",
        "Effects/Eff_Prefab/Eff_Avatar/Eff_DanHeng/Eff_Avatar_DanHeng_00_Common_Hit02.prefab",
        "Effects/Eff_Prefab/Eff_Avatar/Eff_DanHeng/Eff_Avatar_DanHeng_00_Common_WeaponEnd.prefab",
        "Effects/Eff_Prefab/Eff_Avatar/Eff_DanHeng/Eff_Avatar_DanHeng_00_Common_WeaponEnd_Manikin.prefab",
        "Effects/Eff_Prefab/Eff_Avatar/Eff_DanHeng/Eff_Avatar_DanHeng_00_Common_WeaponStart.prefab",
        "Effects/Eff_Prefab/Eff_Avatar/Eff_DanHeng/Eff_Avatar_DanHeng_00_Common_WeaponStart_Manikin.prefab",
        "Effects/Eff_Prefab/Eff_Avatar/Eff_DanHeng/Eff_Avatar_DanHeng_00_Unuse_Common_Hit.prefab"
      ]
    },
    "MazeAttack": {
      "EffectTypes": [
        "MazeAttack"
      ],
      "EffectInstanceList": [
        "Effects/Eff_Prefab/Eff_Avatar/Eff_DanHeng/Eff_Avatar_DanHeng_00_MazeAttack_01.prefab",
        "Effects/Eff_Prefab/Eff_Avatar/Eff_DanHeng/Eff_Avatar_DanHeng_00_MazeAttack_Hit01.prefab"
      ]
    },
    "MazeSkill": {
      "EffectTypes": [
        "MazeSkill"
      ],
      "EffectInstanceList": [
        "Effects/Eff_Prefab/Eff_Avatar/Eff_DanHeng/Eff_Avatar_DanHeng_00_MazeSkill_01.prefab"
      ]
    },
    "Ultra": {
      "EffectTypes": [
        "Skill03"
      ],
      "EffectInstanceList": [
        "Effects/Eff_Prefab/Eff_Avatar/Eff_DanHeng/Eff_Avatar_DanHeng_00_Skill03_Ready.prefab",
        "Effects/Eff_Prefab/Eff_Avatar/Eff_DanHeng/Eff_Avatar_DanHeng_00_Skill03_FireWeapon.prefab",
        "Effects/Eff_Prefab/Eff_Avatar/Eff_DanHeng/Eff_Avatar_DanHeng_00_Skill03_Fire_01.prefab",
        "Effects/Eff_Prefab/Eff_Avatar/Eff_DanHeng/Eff_Avatar_DanHeng_00_Skill03_Fire_02.prefab",
        "Effects/Eff_Prefab/Eff_Avatar/Eff_DanHeng/Eff_Avatar_DanHeng_00_Skill03_Fire_03.prefab",
        "Effects/Eff_Prefab/Eff_Avatar/Eff_DanHeng/Eff_Avatar_DanHeng_00_Skill03_Fire_04.prefab",
        "Effects/Eff_Prefab/Eff_Avatar/Eff_DanHeng/Eff_Avatar_DanHeng_00_Skill03_Fire_05.prefab",
        "Effects/Eff_Prefab/Eff_Avatar/Eff_DanHeng/Eff_Avatar_DanHeng_00_Skill03_Fire_05_01.prefab",
        "Effects/Eff_Prefab/Eff_Avatar/Eff_DanHeng/Eff_Avatar_DanHeng_00_Skill03_Fire_06.prefab"
      ],
      "AssetList": [
        "Camera/TimeLine/Avatar/Character_DanHeng_00_Skill03_TimeLine.playable"
      ]
    },
    "Skill": {
      "EffectTypes": [
        "Skill02"
      ],
      "EffectInstanceList": [
        "Effects/Eff_Prefab/Eff_Avatar/Eff_DanHeng/Eff_Avatar_DanHeng_00_Skill02_Fire01.prefab",
        "Effects/Eff_Prefab/Eff_Avatar/Eff_DanHeng/Eff_Avatar_DanHeng_00_Skill02_Fire02.prefab",
        "Effects/Eff_Prefab/Eff_Avatar/Eff_DanHeng/Eff_Avatar_DanHeng_00_Skill02_Fire03.prefab",
        "Effects/Eff_Prefab/Eff_Avatar/Eff_DanHeng/Eff_Avatar_DanHeng_00_Skill02_Fire04.prefab",
        "Effects/Eff_Prefab/Eff_Avatar/Eff_DanHeng/Eff_Avatar_DanHeng_00_Skill02_Ready01.prefab",
        "Effects/Eff_Prefab/Eff_Avatar/Eff_DanHeng/Eff_Avatar_DanHeng_00_Skill02_ReadyDisappear.prefab"
      ]
    },
    "Passive": {
      "EffectTypes": [
        "Passive"
      ],
      "EffectInstanceList": [
        "Effects/Eff_Prefab/Eff_Avatar/Eff_DanHeng/Eff_Avatar_DanHeng_00_Passive01.prefab"
      ]
    },
    "Normal": {
      "EffectTypes": [
        "Skill01"
      ],
      "EffectInstanceList": [
        "Effects/Eff_Prefab/Eff_Avatar/Eff_DanHeng/Eff_Avatar_DanHeng_00_Skill01_Fire_02.prefab",
        "Effects/Eff_Prefab/Eff_Avatar/Eff_DanHeng/Eff_Avatar_DanHeng_00_Skill01_Fire_03.prefab",
        "Effects/Eff_Prefab/Eff_Avatar/Eff_DanHeng/Eff_Avatar_DanHeng_00_Unuse_Standby_Skill01.prefab"
      ]
    }
  }
}