{
  "EffectAssetList": [],
  "EffectInstanceMap": {
    "Common": {
      "EffectTypes": [
        "Common"
      ],
      "EffectInstanceList": [
        "Effects/Eff_Prefab/Eff_Avatar/Eff_JingYuan/Eff_Avatar_JingYuan_00_Common_BattleEvent.prefab",
        "Effects/Eff_Prefab/Eff_Avatar/Eff_JingYuan/Eff_Avatar_JingYuan_00_Common_BattleEventHit01.prefab",
        "Effects/Eff_Prefab/Eff_Avatar/Eff_JingYuan/Eff_Avatar_JingYuan_00_Common_BattleEventHit02.prefab",
        "Effects/Eff_Prefab/Eff_Avatar/Eff_JingYuan/Eff_Avatar_JingYuan_00_Common_BattleEventHit03.prefab",
        "Effects/Eff_Prefab/Eff_Avatar/Eff_JingYuan/Eff_Avatar_JingYuan_00_Common_BattleEventHit05.prefab",
        "Effects/Eff_Prefab/Eff_Avatar/Eff_JingYuan/Eff_Avatar_JingYuan_00_Common_BattleEvent_1.prefab",
        "Effects/Eff_Prefab/Eff_Avatar/Eff_JingYuan/Eff_Avatar_JingYuan_00_Common_Weapon.prefab",
        "Effects/Eff_Prefab/Eff_Avatar/Eff_JingYuan/Eff_Avatar_JingYuan_00_Common_WeaponEnd.prefab",
        "Effects/Eff_Prefab/Eff_Avatar/Eff_JingYuan/Eff_Avatar_JingYuan_00_Common_WeaponStart.prefab"
      ]
    },
    "MazeAttack": {
      "EffectTypes": [
        "MazeAttack"
      ],
      "EffectInstanceList": [
        "Effects/Eff_Prefab/Eff_Avatar/Eff_JingYuan/Eff_Avatar_JingYuan_00_MazeAttack_01.prefab",
        "Effects/Eff_Prefab/Eff_Avatar/Eff_JingYuan/Eff_Avatar_JingYuan_00_MazeAttack_Hit01.prefab"
      ]
    },
    "MazeSkill": {
      "EffectTypes": [
        "MazeSkill"
      ],
      "EffectInstanceList": [
        "Effects/Eff_Prefab/Eff_Avatar/Eff_JingYuan/Eff_Avatar_JingYuan_00_MazeSkill_01.prefab",
        "Effects/Eff_Prefab/Eff_Avatar/Eff_JingYuan/Eff_Avatar_JingYuan_00_MazeSkill_01_02.prefab",
        "Effects/Eff_Prefab/Eff_Avatar/Eff_JingYuan/Eff_Avatar_JingYuan_00_MazeSkill_02.prefab",
        "Effects/Eff_Prefab/Eff_Avatar/Eff_JingYuan/Eff_Avatar_JingYuan_00_MazeSkill_02_01.prefab",
        "Effects/Eff_Prefab/Eff_Avatar/Eff_JingYuan/Eff_Avatar_JingYuan_00_MazeSkill_02_02.prefab",
        "Effects/Eff_Prefab/Eff_Avatar/Eff_JingYuan/Eff_Avatar_JingYuan_00_MazeSkill_03.prefab",
        "Effects/Eff_Prefab/Eff_Avatar/Eff_JingYuan/Eff_Avatar_JingYuan_00_MazeSkill_Appear_01.prefab"
      ]
    },
    "Ultra": {
      "EffectTypes": [
        "Skill03"
      ],
      "EffectInstanceList": [
        "Effects/Eff_Prefab/Eff_Avatar/Eff_JingYuan/Eff_Avatar_JingYuan_00_Skill03_Ready.prefab",
        "Effects/Eff_Prefab/Eff_Avatar/Eff_JingYuan/Eff_Avatar_JingYuan_00_Skill03_01_Attack.prefab",
        "Effects/Eff_Prefab/Eff_Avatar/Eff_JingYuan/Eff_Avatar_JingYuan_00_Skill03_01_Attack02.prefab",
        "Effects/Eff_Prefab/Eff_Avatar/Eff_JingYuan/Eff_Avatar_JingYuan_00_Skill03_01_Cam01.prefab",
        "Effects/Eff_Prefab/Eff_Avatar/Eff_JingYuan/Eff_Avatar_JingYuan_00_Skill03_01_Cam02.prefab",
        "Effects/Eff_Prefab/Eff_Avatar/Eff_JingYuan/Eff_Avatar_JingYuan_00_Skill03_01_Cam03.prefab",
        "Effects/Eff_Prefab/Eff_Avatar/Eff_JingYuan/Eff_Avatar_JingYuan_00_Skill03_01_Glow_Body.prefab",
        "Effects/Eff_Prefab/Eff_Avatar/Eff_JingYuan/Eff_Avatar_JingYuan_00_Skill03_01_Glow_Body_02.prefab",
        "Effects/Eff_Prefab/Eff_Avatar/Eff_JingYuan/Eff_Avatar_JingYuan_00_Skill03_01_Glow_Head.prefab",
        "Effects/Eff_Prefab/Eff_Avatar/Eff_JingYuan/Eff_Avatar_JingYuan_00_Skill03_01_Scene.prefab",
        "Effects/Eff_Prefab/Eff_Avatar/Eff_JingYuan/Eff_Avatar_JingYuan_00_Skill03_01_SpeedLine_Cam.prefab",
        "Effects/Eff_Prefab/Eff_Avatar/Eff_JingYuan/Eff_Avatar_JingYuan_00_Skill03_Attack_Cloud_00.prefab",
        "Effects/Eff_Prefab/Eff_Avatar/Eff_JingYuan/Eff_Avatar_JingYuan_00_Skill03_Attack_Cloud_01.prefab",
        "Effects/Eff_Prefab/Eff_Avatar/Eff_JingYuan/Eff_Avatar_JingYuan_00_Skill03_Hit.prefab",
        "Effects/Eff_Prefab/Eff_Avatar/Eff_JingYuan/Eff_Avatar_JingYuan_00_Skill03_Self_01.prefab",
        "Effects/Eff_Prefab/Eff_Avatar/Eff_JingYuan/Eff_Avatar_JingYuan_00_Skill03_Spirit_Appear_01.prefab",
        "Effects/Eff_Prefab/Eff_Avatar/Eff_JingYuan/Eff_Avatar_JingYuan_00_Skill03_Spirit_Cloud_01.prefab",
        "Effects/Eff_Prefab/Eff_Avatar/Eff_JingYuan/Eff_Avatar_JingYuan_00_Skill03_Spirit_Lightning_01.prefab",
        "Effects/Eff_Prefab/Eff_Avatar/Eff_JingYuan/Eff_Avatar_JingYuan_00_Skill03_Spirit_Ring.prefab",
        "Effects/Eff_Prefab/Eff_Avatar/Eff_JingYuan/Eff_Avatar_JingYuan_00_Skill03_Spirit_Smoke.prefab",
        "Effects/Eff_Prefab/Eff_Avatar/Eff_JingYuan/Eff_Avatar_JingYuan_00_Skill03_Spirit_Weapon_01.prefab",
        "Effects/Eff_Prefab/Eff_Avatar/Eff_JingYuan/Eff_Avatar_JingYuan_00_Skill03_Spirit_Weapon_Appear.prefab",
        "Effects/Eff_Prefab/Eff_Avatar/Eff_JingYuan/Eff_Avatar_JingYuan_00_Skill03_Spirit_Weapon_Appear_02.prefab",
        "Effects/Eff_Prefab/Eff_Avatar/Eff_JingYuan/Eff_Avatar_JingYuan_00_Skill03_Wepon_Glow_01.prefab"
      ],
      "AssetList": [
        "Camera/TimeLine/Avatar/Character_JingYuan_00_Skill03_TimeLine.playable"
      ]
    },
    "Skill": {
      "EffectTypes": [
        "Skill02"
      ],
      "EffectInstanceList": [
        "Effects/Eff_Prefab/Eff_Avatar/Eff_JingYuan/Eff_Avatar_JingYuan_00_Skill02.prefab",
        "Effects/Eff_Prefab/Eff_Avatar/Eff_JingYuan/Eff_Avatar_JingYuan_00_Skill02_01.prefab",
        "Effects/Eff_Prefab/Eff_Avatar/Eff_JingYuan/Eff_Avatar_JingYuan_00_Skill02_02.prefab",
        "Effects/Eff_Prefab/Eff_Avatar/Eff_JingYuan/Eff_Avatar_JingYuan_00_Skill02_03.prefab",
        "Effects/Eff_Prefab/Eff_Avatar/Eff_JingYuan/Eff_Avatar_JingYuan_00_Skill02_04.prefab",
        "Effects/Eff_Prefab/Eff_Avatar/Eff_JingYuan/Eff_Avatar_JingYuan_00_Skill02_Hit01.prefab",
        "Effects/Eff_Prefab/Eff_Avatar/Eff_JingYuan/Eff_Avatar_JingYuan_00_Skill02_Hit02.prefab",
        "Effects/Eff_Prefab/Eff_Avatar/Eff_JingYuan/Eff_Avatar_JingYuan_00_Skill02_Hit03.prefab",
        "Effects/Eff_Prefab/Eff_Avatar/Eff_JingYuan/Eff_Avatar_JingYuan_00_Skill02_Ready01.prefab",
        "Effects/Eff_Prefab/Eff_Avatar/Eff_JingYuan/Eff_Avatar_JingYuan_00_Skill02_Spark.prefab",
        "Effects/Eff_Prefab/Eff_Avatar/Eff_JingYuan/Eff_Avatar_JingYuan_00_Skill02_Weapon.prefab",
        "Effects/Eff_Prefab/Eff_Avatar/Eff_JingYuan/Eff_Avatar_JingYuan_00_Skill02_Yan.prefab"
      ]
    },
    "Passive": {
      "EffectTypes": [
        "Passive"
      ],
      "EffectInstanceList": [
        "Effects/Eff_Prefab/Eff_Avatar/Eff_JingYuan/Eff_Avatar_JingYuan_00_PassiveSkill_01.prefab",
        "Effects/Eff_Prefab/Eff_Avatar/Eff_JingYuan/Eff_Avatar_JingYuan_00_PassiveSkill_02.prefab",
        "Effects/Eff_Prefab/Eff_Avatar/Eff_JingYuan/Eff_Avatar_JingYuan_00_PassiveSkill_03.prefab",
        "Effects/Eff_Prefab/Eff_Avatar/Eff_JingYuan/Eff_Avatar_JingYuan_00_PassiveSkill_Appear_01.prefab",
        "Effects/Eff_Prefab/Eff_Avatar/Eff_JingYuan/Eff_Avatar_JingYuan_00_PassiveSkill_Cloud_01.prefab",
        "Effects/Eff_Prefab/Eff_Avatar/Eff_JingYuan/Eff_Avatar_JingYuan_00_PassiveSkill_Hit.prefab",
        "Effects/Eff_Prefab/Eff_Avatar/Eff_JingYuan/Eff_Avatar_JingYuan_00_PassiveSkill_Hit_02.prefab",
        "Effects/Eff_Prefab/Eff_Avatar/Eff_JingYuan/Eff_Avatar_JingYuan_00_PassiveSkill_Spirit_Ring.prefab",
        "Effects/Eff_Prefab/Eff_Avatar/Eff_JingYuan/Eff_Avatar_JingYuan_00_PassiveSkill_Weapon_Appear_01.prefab",
        "Effects/Eff_Prefab/Eff_Avatar/Eff_JingYuan/Eff_Avatar_JingYuan_00_PassiveSkill_Weapon_Disp_01.prefab"
      ],
      "AssetList": [
        "Camera/TimeLine/Avatar/Character_JingYuan_00_PassiveSkill_TimeLine.playable"
      ]
    },
    "Normal": {
      "EffectTypes": [
        "Skill01"
      ],
      "EffectInstanceList": [
        "Effects/Eff_Prefab/Eff_Avatar/Eff_JingYuan/Eff_Avatar_JingYuan_00_Skill01.prefab",
        "Effects/Eff_Prefab/Eff_Avatar/Eff_JingYuan/Eff_Avatar_JingYuan_00_Skill01_02.prefab",
        "Effects/Eff_Prefab/Eff_Avatar/Eff_JingYuan/Eff_Avatar_JingYuan_00_Skill01_Hit.prefab",
        "Effects/Eff_Prefab/Eff_Avatar/Eff_JingYuan/Eff_Avatar_JingYuan_00_Skill01_Hit02.prefab"
      ]
    }
  }
}