{
  "EffectAssetList": [
    "Effects/Eff_Prefab/Eff_Avatar/Eff_Herta/Eff_Avatar_Herta_00_IdlwShow_01.prefab"
  ],
  "EffectInstanceMap": {
    "Common": {
      "EffectTypes": [
        "Common"
      ],
      "EffectInstanceList": [
        "Effects/Eff_Prefab/Eff_Avatar/Eff_Herta/Eff_Avatar_Herta_00_Common_WeaponEnd.prefab",
        "Effects/Eff_Prefab/Eff_Avatar/Eff_Herta/Eff_Avatar_Herta_00_Common_WeaponStart.prefab",
        "Effects/Eff_Prefab/Eff_Avatar/Eff_Herta/Eff_Avatar_Herta_00_Common_WeaponStart02.prefab"
      ]
    },
    "MazeAttack": {
      "EffectTypes": [
        "MazeAttack"
      ],
      "EffectInstanceList": [
        "Effects/Eff_Prefab/Eff_Avatar/Eff_Herta/Eff_Avatar_Herta_00_MazeAttack_Hit.prefab",
        "Effects/Eff_Prefab/Eff_Avatar/Eff_Herta/Eff_Avatar_Herta_00_MazeAttack_Start01.prefab"
      ]
    },
    "MazeSkill": {
      "EffectTypes": [
        "MazeSkill"
      ],
      "EffectInstanceList": [
        "Effects/Eff_Prefab/Eff_Avatar/Eff_Herta/Eff_Avatar_Herta_00_MazeSkill01_Start01.prefab",
        "Effects/Eff_Prefab/Eff_Avatar/Eff_Herta/Eff_Avatar_Herta_00_MazeSkill01_Start02.prefab"
      ]
    },
    "Ultra": {
      "EffectTypes": [
        "Skill03"
      ],
      "EffectInstanceList": [
        "Effects/Eff_Prefab/Eff_Avatar/Eff_Herta/Eff_Avatar_Herta_00_Skill03_Ready.prefab",
        "Effects/Eff_Prefab/Eff_Avatar/Eff_Herta/Eff_Avatar_Herta_00_Skill03_Rready01.prefab",
        "Effects/Eff_Prefab/Eff_Avatar/Eff_Herta/Eff_Avatar_Herta_00_Skill03_Camera01.prefab",
        "Effects/Eff_Prefab/Eff_Avatar/Eff_Herta/Eff_Avatar_Herta_00_Skill03_Effect.prefab",
        "Effects/Eff_Prefab/Eff_Avatar/Eff_Herta/Eff_Avatar_Herta_00_Skill03_Eyecolor.prefab",
        "Effects/Eff_Prefab/Eff_Avatar/Eff_Herta/Eff_Avatar_Herta_00_Skill03_Shadow.prefab",
        "Effects/Eff_Prefab/Eff_Avatar/Eff_Herta/Eff_Avatar_Herta_00_Skill03_Sky01.prefab",
        "Effects/Eff_Prefab/Eff_Avatar/Eff_Herta/Eff_Avatar_Herta_00_Skill03_Sky02.prefab",
        "Effects/Eff_Prefab/Eff_Avatar/Eff_Herta/Eff_Avatar_Herta_00_Skill03_Start01.prefab",
        "Effects/Eff_Prefab/Eff_Avatar/Eff_Herta/Eff_Avatar_Herta_00_Skill03_Start01_1.prefab",
        "Effects/Eff_Prefab/Eff_Avatar/Eff_Herta/Eff_Avatar_Herta_00_Skill03_Start01_2.prefab",
        "Effects/Eff_Prefab/Eff_Avatar/Eff_Herta/Eff_Avatar_Herta_00_Skill03_Start02.prefab",
        "Effects/Eff_Prefab/Eff_Avatar/Eff_Herta/Eff_Avatar_Herta_00_Skill03_Start03.prefab",
        "Effects/Eff_Prefab/Eff_Avatar/Eff_Herta/Eff_Avatar_Herta_00_Skill03_Start04.prefab",
        "Effects/Eff_Prefab/Eff_Avatar/Eff_Herta/Eff_Avatar_Herta_00_Skill03_Start04_1.prefab",
        "Effects/Eff_Prefab/Eff_Avatar/Eff_Herta/Eff_Avatar_Herta_00_Skill03_Start05.prefab",
        "Effects/Eff_Prefab/Eff_Avatar/Eff_Herta/Eff_Avatar_Herta_00_Skill03_Start07.prefab",
        "Effects/Eff_Prefab/Eff_Avatar/Eff_Herta/Eff_Avatar_Herta_00_Skill03_Start08.prefab",
        "Effects/Eff_Prefab/Eff_Avatar/Eff_Herta/Eff_Avatar_Herta_00_Skill03_Start09.prefab",
        "Effects/Eff_Prefab/Eff_Avatar/Eff_Herta/Eff_Avatar_Herta_00_Skill03_Start10.prefab",
        "Effects/Eff_Prefab/Eff_Avatar/Eff_Herta/Eff_Avatar_Herta_00_Skill03_Start11.prefab",
        "Effects/Eff_Prefab/Eff_Avatar/Eff_Herta/Eff_Avatar_Herta_00_Skill03_Start12.prefab"
      ],
      "AssetList": [
        "Camera/TimeLine/Avatar/Character_Herta_00_Skill03_TimeLine.playable"
      ]
    },
    "Skill": {
      "EffectTypes": [
        "Skill02"
      ],
      "EffectInstanceList": [
        "Effects/Eff_Prefab/Eff_Avatar/Eff_Herta/Eff_Avatar_Herta_00_Skill02_DeBuff_Hit.prefab",
        "Effects/Eff_Prefab/Eff_Avatar/Eff_Herta/Eff_Avatar_Herta_00_Skill02_Hit01.prefab",
        "Effects/Eff_Prefab/Eff_Avatar/Eff_Herta/Eff_Avatar_Herta_00_Skill02_Hit02.prefab",
        "Effects/Eff_Prefab/Eff_Avatar/Eff_Herta/Eff_Avatar_Herta_00_Skill02_Rready01.prefab",
        "Effects/Eff_Prefab/Eff_Avatar/Eff_Herta/Eff_Avatar_Herta_00_Skill02_Rready02.prefab",
        "Effects/Eff_Prefab/Eff_Avatar/Eff_Herta/Eff_Avatar_Herta_00_Skill02_Start01.prefab",
        "Effects/Eff_Prefab/Eff_Avatar/Eff_Herta/Eff_Avatar_Herta_00_Skill02_Start02.prefab",
        "Effects/Eff_Prefab/Eff_Avatar/Eff_Herta/Eff_Avatar_Herta_00_Skill02_Start03.prefab"
      ]
    },
    "Passive": {
      "EffectTypes": [
        "Passive"
      ],
      "EffectInstanceList": [
        "Effects/Eff_Prefab/Eff_Avatar/Eff_Herta/Eff_Avatar_Herta_00_Passive_Hit01.prefab",
        "Effects/Eff_Prefab/Eff_Avatar/Eff_Herta/Eff_Avatar_Herta_00_Passive_Loop01.prefab",
        "Effects/Eff_Prefab/Eff_Avatar/Eff_Herta/Eff_Avatar_Herta_00_Passive_Loop02.prefab"
      ]
    },
    "Normal": {
      "EffectTypes": [
        "Skill01"
      ],
      "EffectInstanceList": [
        "Effects/Eff_Prefab/Eff_Avatar/Eff_Herta/Eff_Avatar_Herta_00_Skill01_Hit01.prefab",
        "Effects/Eff_Prefab/Eff_Avatar/Eff_Herta/Eff_Avatar_Herta_00_Skill01_Start01.prefab",
        "Effects/Eff_Prefab/Eff_Avatar/Eff_Herta/Eff_Avatar_Herta_00_Skill01_Start02.prefab"
      ]
    }
  }
}