{
  "EffectAssetList": [
    "Effects/Eff_Prefab/Eff_Avatar/Eff_Klara/Eff_Avatar_Clara_00_Die.prefab"
  ],
  "EffectInstanceMap": {
    "Common": {
      "EffectTypes": [
        "Common"
      ],
      "EffectInstanceList": [
        "Effects/Eff_Prefab/Eff_Avatar/Eff_Klara/Eff_Avatar_Klara_00_Common_IdleShow.prefab",
        "Effects/Eff_Prefab/Eff_Avatar/Eff_Klara/Eff_Avatar_Klara_00_Common_IdleShow_Manikin.prefab",
        "Effects/Eff_Prefab/Eff_Avatar/Eff_Klara/Eff_Avatar_Klara_00_Common_SvarogHit.prefab",
        "Effects/Eff_Prefab/Eff_Avatar/Eff_Klara/Eff_Avatar_Klara_00_Common_SvarogHit_H.prefab",
        "Effects/Eff_Prefab/Eff_Avatar/Eff_Klara/Eff_Avatar_Klara_00_Common_SvarogHit_H_Stun.prefab"
      ]
    },
    "MazeAttack": {
      "EffectTypes": [
        "MazeAttack"
      ],
      "EffectInstanceList": [
        "Effects/Eff_Prefab/Eff_Avatar/Eff_Klara/Eff_Avatar_Klara_00_MazeAttack_Fire.prefab",
        "Effects/Eff_Prefab/Eff_Avatar/Eff_Klara/Eff_Avatar_Klara_00_MazeAttack_Hit.prefab"
      ]
    },
    "MazeSkill": {
      "EffectTypes": [
        "MazeSkill"
      ],
      "EffectInstanceList": [
        "Effects/Eff_Prefab/Eff_Avatar/Eff_Klara/Eff_Avatar_Klara_00_MazeSkill01.prefab",
        "Effects/Eff_Prefab/Eff_Avatar/Eff_Klara/Eff_Avatar_Klara_00_MazeSkill01_02.prefab",
        "Effects/Eff_Prefab/Eff_Avatar/Eff_Klara/Eff_Avatar_Klara_00_MazeSkill01_Hit01.prefab"
      ]
    },
    "Ultra": {
      "EffectTypes": [
        "Skill03"
      ],
      "EffectInstanceList": [
        "Effects/Eff_Prefab/Eff_Avatar/Eff_Klara/Eff_Avatar_Klara_00_Skill03_Ready.prefab",
        "Effects/Eff_Prefab/Eff_Avatar/Eff_Klara/Eff_Avatar_Klara_00_Skill03_Buff01.prefab",
        "Effects/Eff_Prefab/Eff_Avatar/Eff_Klara/Eff_Avatar_Klara_00_Skill03_Buff02.prefab",
        "Effects/Eff_Prefab/Eff_Avatar/Eff_Klara/Eff_Avatar_Klara_00_Skill03_Start01.prefab",
        "Effects/Eff_Prefab/Eff_Avatar/Eff_Klara/Eff_Avatar_Klara_00_Skill03_Start02.prefab",
        "Effects/Eff_Prefab/Eff_Avatar/Eff_Klara/Eff_Avatar_Klara_00_Skill03_Start03.prefab",
        "Effects/Eff_Prefab/Eff_Avatar/Eff_Klara/Eff_Avatar_Klara_00_Skill03_Start04.prefab",
        "Effects/Eff_Prefab/Eff_Avatar/Eff_Klara/Eff_Avatar_Klara_00_Skill03_Start05.prefab",
        "Effects/Eff_Prefab/Eff_Avatar/Eff_Klara/Eff_Avatar_Klara_00_Skill03_Start06.prefab",
        "Effects/Eff_Prefab/Eff_Avatar/Eff_Klara/Eff_Avatar_Klara_00_Skill03_Start07.prefab",
        "Effects/Eff_Prefab/Eff_Avatar/Eff_Klara/Eff_Avatar_Klara_00_Skill03_Start08.prefab"
      ],
      "AssetList": [
        "Camera/TimeLine/Avatar/Character_Klara_00_Skill03_TimeLine.playable"
      ]
    },
    "Skill": {
      "EffectTypes": [
        "Skill02"
      ],
      "EffectInstanceList": [
        "Effects/Eff_Prefab/Eff_Avatar/Eff_Klara/Eff_Avatar_Klara_00_Skill02_Bullet.prefab",
        "Effects/Eff_Prefab/Eff_Avatar/Eff_Klara/Eff_Avatar_Klara_00_Skill02_Hit01.prefab",
        "Effects/Eff_Prefab/Eff_Avatar/Eff_Klara/Eff_Avatar_Klara_00_Skill02_Hit02.prefab",
        "Effects/Eff_Prefab/Eff_Avatar/Eff_Klara/Eff_Avatar_Klara_00_Skill02_Ready.prefab",
        "Effects/Eff_Prefab/Eff_Avatar/Eff_Klara/Eff_Avatar_Klara_00_Skill02_Start01.prefab",
        "Effects/Eff_Prefab/Eff_Avatar/Eff_Klara/Eff_Avatar_Klara_00_Skill02_Start02.prefab"
      ]
    },
    "Passive": {
      "EffectTypes": [
        "Passive"
      ],
      "EffectInstanceList": [
        "Effects/Eff_Prefab/Eff_Avatar/Eff_Klara/Eff_Avatar_Klara_00_Passive01.prefab",
        "Effects/Eff_Prefab/Eff_Avatar/Eff_Klara/Eff_Avatar_Klara_00_Passive01_Hit.prefab",
        "Effects/Eff_Prefab/Eff_Avatar/Eff_Klara/Eff_Avatar_Klara_00_Passive01_V2.prefab",
        "Effects/Eff_Prefab/Eff_Avatar/Eff_Klara/Eff_Avatar_Klara_00_Passive01_V2Hit.prefab",
        "Effects/Eff_Prefab/Eff_Avatar/Eff_Klara/Eff_Avatar_Klara_00_Passive01_V2Hit02.prefab"
      ],
      "AssetList": [
        "Camera/TimeLine/Avatar/Character_Klara_00_PassiveSkill_TimeLine.playable"
      ]
    },
    "Normal": {
      "EffectTypes": [
        "Skill01"
      ],
      "EffectInstanceList": [
        "Effects/Eff_Prefab/Eff_Avatar/Eff_Klara/Eff_Avatar_Klara_00_Skill01_Fire.prefab",
        "Effects/Eff_Prefab/Eff_Avatar/Eff_Klara/Eff_Avatar_Klara_00_Skill01_Hit.prefab",
        "Effects/Eff_Prefab/Eff_Avatar/Eff_Klara/Eff_Avatar_Klara_00_Skill01_Start.prefab"
      ]
    }
  }
}