{
  "EffectAssetList": [
    "Effects/Eff_Prefab/Eff_Avatar/Eff_FuXuan/Eff_Avatar_FuXuan_00_IdleShow_01.prefab",
    "Effects/Eff_Prefab/Eff_Avatar/Eff_FuXuan/Eff_Avatar_FuXuan_00_IdleShow_02_End.prefab",
    "Effects/Eff_Prefab/Eff_Avatar/Eff_FuXuan/Eff_Avatar_FuXuan_00_IdleShow_02_Start.prefab"
  ],
  "EffectInstanceMap": {
    "Common": {
      "EffectTypes": [
        "Common"
      ],
      "EffectInstanceList": [
        "Effects/Eff_Prefab/Eff_Avatar/Eff_FuXuan/Eff_Avatar_FuXuan_00_Common_WeaponStart.prefab",
        "Effects/Eff_Prefab/Eff_Avatar/Eff_FuXuan/Eff_Avatar_FuXuan_00_Common_WeaponStart_02.prefab"
      ]
    },
    "MazeAttack": {
      "EffectTypes": [
        "MazeAttack"
      ],
      "EffectInstanceList": [
        "Effects/Eff_Prefab/Eff_Avatar/Eff_FuXuan/Eff_Avatar_FuXuan_00_MazeAttack.prefab",
        "Effects/Eff_Prefab/Eff_Avatar/Eff_FuXuan/Eff_Avatar_FuXuan_00_MazeAttack_01.prefab",
        "Effects/Eff_Prefab/Eff_Avatar/Eff_FuXuan/Eff_Avatar_FuXuan_00_MazeAttack_02.prefab",
        "Effects/Eff_Prefab/Eff_Avatar/Eff_FuXuan/Eff_Avatar_FuXuan_00_MazeAttack_Hit.prefab"
      ]
    },
    "MazeSkill": {
      "EffectTypes": [
        "MazeSkill"
      ],
      "EffectInstanceList": [
        "Effects/Eff_Prefab/Eff_Avatar/Eff_FuXuan/Eff_Avatar_FuXuan_00_MazeSkill01.prefab",
        "Effects/Eff_Prefab/Eff_Avatar/Eff_FuXuan/Eff_Avatar_FuXuan_00_MazeSkill01_01.prefab",
        "Effects/Eff_Prefab/Eff_Avatar/Eff_FuXuan/Eff_Avatar_FuXuan_00_MazeSkill01_02.prefab",
        "Effects/Eff_Prefab/Eff_Avatar/Eff_FuXuan/Eff_Avatar_FuXuan_00_MazeSkill01_03.prefab",
        "Effects/Eff_Prefab/Eff_Avatar/Eff_FuXuan/Eff_Avatar_FuXuan_00_MazeSkill02.prefab"
      ]
    },
    "Ultra": {
      "EffectTypes": [
        "Skill03"
      ],
      "EffectInstanceList": [
        "Effects/Eff_Prefab/Eff_Avatar/Eff_FuXuan/Eff_Avatar_FuXuan_00_Skill03_Ready.prefab",
        "Effects/Eff_Prefab/Eff_Avatar/Eff_FuXuan/Eff_Avatar_FuXuan_00_Skill03_01box.prefab",
        "Effects/Eff_Prefab/Eff_Avatar/Eff_FuXuan/Eff_Avatar_FuXuan_00_Skill03_02Atmosphere.prefab",
        "Effects/Eff_Prefab/Eff_Avatar/Eff_FuXuan/Eff_Avatar_FuXuan_00_Skill03_02JiYa.prefab",
        "Effects/Eff_Prefab/Eff_Avatar/Eff_FuXuan/Eff_Avatar_FuXuan_00_Skill03_02JiYa_02.prefab",
        "Effects/Eff_Prefab/Eff_Avatar/Eff_FuXuan/Eff_Avatar_FuXuan_00_Skill03_03EyeCamera.prefab",
        "Effects/Eff_Prefab/Eff_Avatar/Eff_FuXuan/Eff_Avatar_FuXuan_00_Skill03_03EyeHead.prefab",
        "Effects/Eff_Prefab/Eff_Avatar/Eff_FuXuan/Eff_Avatar_FuXuan_00_Skill03_04Camera.prefab",
        "Effects/Eff_Prefab/Eff_Avatar/Eff_FuXuan/Eff_Avatar_FuXuan_00_Skill03_04HuanJing.prefab",
        "Effects/Eff_Prefab/Eff_Avatar/Eff_FuXuan/Eff_Avatar_FuXuan_00_Skill03_05Boom.prefab",
        "Effects/Eff_Prefab/Eff_Avatar/Eff_FuXuan/Eff_Avatar_FuXuan_00_Skill03_05Xingkong.prefab",
        "Effects/Eff_Prefab/Eff_Avatar/Eff_FuXuan/Eff_Avatar_FuXuan_00_Skill03_06.prefab",
        "Effects/Eff_Prefab/Eff_Avatar/Eff_FuXuan/Eff_Avatar_FuXuan_00_Skill03_Light.prefab"
      ],
      "AssetList": [
        "Camera/TimeLine/Avatar/Character_FuXuan_00_Skill03_TimeLine.playable"
      ]
    },
    "Skill": {
      "EffectTypes": [
        "Skill02"
      ],
      "EffectInstanceList": [
        "Effects/Eff_Prefab/Eff_Avatar/Eff_FuXuan/Eff_Avatar_FuXuan_00_Skill02.prefab",
        "Effects/Eff_Prefab/Eff_Avatar/Eff_FuXuan/Eff_Avatar_FuXuan_00_Skill02_02.prefab",
        "Effects/Eff_Prefab/Eff_Avatar/Eff_FuXuan/Eff_Avatar_FuXuan_00_Skill02_buff.prefab",
        "Effects/Eff_Prefab/Eff_Avatar/Eff_FuXuan/Eff_Avatar_FuXuan_00_Skill02_CameraVFX.prefab",
        "Effects/Eff_Prefab/Eff_Avatar/Eff_FuXuan/Eff_Avatar_FuXuan_00_Skill02_Eye.prefab",
        "Effects/Eff_Prefab/Eff_Avatar/Eff_FuXuan/Eff_Avatar_FuXuan_00_Skill02_Ready.prefab",
        "Effects/Eff_Prefab/Eff_Avatar/Eff_FuXuan/Eff_Avatar_FuXuan_00_Skill02_Shield.prefab",
        "Effects/Eff_Prefab/Eff_Avatar/Eff_FuXuan/Eff_Avatar_FuXuan_00_Skill02_Shield_Loop.prefab",
        "Effects/Eff_Prefab/Eff_Avatar/Eff_FuXuan/Eff_Avatar_FuXuan_00_Skill02_Weapon.prefab"
      ]
    },
    "Passive": {
      "EffectTypes": [
        "Passive"
      ],
      "EffectInstanceList": [
        "Effects/Eff_Prefab/Eff_Avatar/Eff_FuXuan/Eff_Avatar_FuXuan_00_PassiveSkill_01.prefab",
        "Effects/Eff_Prefab/Eff_Avatar/Eff_FuXuan/Eff_Avatar_FuXuan_00_PassiveSkill_02.prefab",
        "Effects/Eff_Prefab/Eff_Avatar/Eff_FuXuan/Eff_Avatar_FuXuan_00_PassiveSkill_Camera.prefab",
        "Effects/Eff_Prefab/Eff_Avatar/Eff_FuXuan/Eff_Avatar_FuXuan_00_PassiveSkill_MOD.prefab"
      ],
      "AssetList": [
        "Camera/TimeLine/Avatar/Character_FuXuan_00_PassiveSkill_TimeLine.playable"
      ]
    },
    "Normal": {
      "EffectTypes": [
        "Skill01"
      ],
      "EffectInstanceList": [
        "Effects/Eff_Prefab/Eff_Avatar/Eff_FuXuan/Eff_Avatar_FuXuan_00_Skill01.prefab",
        "Effects/Eff_Prefab/Eff_Avatar/Eff_FuXuan/Eff_Avatar_FuXuan_00_Skill01_02.prefab",
        "Effects/Eff_Prefab/Eff_Avatar/Eff_FuXuan/Eff_Avatar_FuXuan_00_Skill01_03.prefab",
        "Effects/Eff_Prefab/Eff_Avatar/Eff_FuXuan/Eff_Avatar_FuXuan_00_Skill01_04.prefab",
        "Effects/Eff_Prefab/Eff_Avatar/Eff_FuXuan/Eff_Avatar_FuXuan_00_Skill01_Hit.prefab"
      ]
    }
  }
}