{
  "EffectAssetList": [],
  "EffectInstanceMap": {
    "Common": {
      "EffectTypes": [
        "Common"
      ],
      "EffectInstanceList": [
        "Effects/Eff_Prefab/Eff_Avatar/Eff_PlayerBoy_10/Eff_Avatar_PlayerBoy_10_Common_BeAttack.prefab",
        "Effects/Eff_Prefab/Eff_Avatar/Eff_PlayerBoy_10/Eff_Avatar_PlayerBoy_10_Common_BeAttack_02.prefab",
        "Effects/Eff_Prefab/Eff_Avatar/Eff_PlayerBoy_10/Eff_Avatar_PlayerBoy_10_Common_DefenceHit.prefab",
        "Effects/Eff_Prefab/Eff_Avatar/Eff_PlayerBoy_10/Eff_Avatar_PlayerBoy_10_Common_Halo_Trigger.prefab",
        "Effects/Eff_Prefab/Eff_Avatar/Eff_PlayerBoy_10/Eff_Avatar_PlayerBoy_10_Common_Hit.prefab",
        "Effects/Eff_Prefab/Eff_Avatar/Eff_PlayerBoy_10/Eff_Avatar_PlayerBoy_10_Common_V3RD_Light.prefab",
        "Effects/Eff_Prefab/Eff_Avatar/Eff_PlayerBoy_10/Eff_Avatar_PlayerBoy_10_Common_V3_Light.prefab",
        "Effects/Eff_Prefab/Eff_Avatar/Eff_PlayerBoy_10/Eff_Avatar_PlayerBoy_10_Common_WeaponEffect_End.prefab",
        "Effects/Eff_Prefab/Eff_Avatar/Eff_PlayerBoy_10/Eff_Avatar_PlayerBoy_10_Common_WeaponEffect_Start.prefab",
        "Effects/Eff_Prefab/Eff_Avatar/Eff_PlayerBoy_10/Eff_Avatar_PlayerBoy_10_Common_WeaponEffect_V0.prefab",
        "Effects/Eff_Prefab/Eff_Avatar/Eff_PlayerBoy_10/Eff_Avatar_PlayerBoy_10_Common_WeaponEffect_V1.prefab",
        "Effects/Eff_Prefab/Eff_Avatar/Eff_PlayerBoy_10/Eff_Avatar_PlayerBoy_10_Common_WeaponEffect_V2.prefab",
        "Effects/Eff_Prefab/Eff_Avatar/Eff_PlayerBoy_10/Eff_Avatar_PlayerBoy_10_Common_WeaponEffect_V3.prefab",
        "Effects/Eff_Prefab/Eff_Avatar/Eff_PlayerBoy_10/Eff_Avatar_PlayerBoy_10_Common_WeaponEnd.prefab",
        "Effects/Eff_Prefab/Eff_Avatar/Eff_PlayerBoy_10/Eff_Avatar_PlayerBoy_10_Common_WeaponStart.prefab"
      ]
    },
    "MazeAttack": {
      "EffectTypes": [
        "MazeAttack"
      ],
      "EffectInstanceList": [
        "Effects/Eff_Prefab/Eff_Avatar/Eff_PlayerBoy_10/Eff_Avatar_PlayerBoy_10_MazeAttack.prefab"
      ]
    },
    "MazeSkill": {
      "EffectTypes": [
        "MazeSkill"
      ],
      "EffectInstanceList": [
        "Effects/Eff_Prefab/Eff_Avatar/Eff_PlayerBoy_10/Eff_Avatar_PlayerBoy_10_MazeSkill.prefab",
        "Effects/Eff_Prefab/Eff_Avatar/Eff_PlayerBoy_10/Eff_Avatar_PlayerBoy_10_MazeSkill_Buff.prefab",
        "Effects/Eff_Prefab/Eff_Avatar/Eff_PlayerBoy_10/Eff_Avatar_PlayerBoy_10_MazeSkill_Buff_02.prefab",
        "Effects/Eff_Prefab/Eff_Avatar/Eff_PlayerBoy_10/Eff_Avatar_PlayerBoy_10_MazeSkill_Buff_03.prefab"
      ]
    },
    "Ultra": {
      "EffectTypes": [
        "Skill03"
      ],
      "EffectInstanceList": [
        "Effects/Eff_Prefab/Eff_Avatar/Eff_PlayerBoy_10/Eff_Avatar_PlayerBoy_10_Skill03_Ready.prefab",
        "Effects/Eff_Prefab/Eff_Avatar/Eff_PlayerBoy_10/Eff_Avatar_PlayerBoy_10_Skill03_Start01.prefab",
        "Effects/Eff_Prefab/Eff_Avatar/Eff_PlayerBoy_10/Eff_Avatar_PlayerBoy_10_Skill03_Start01_Scene01.prefab",
        "Effects/Eff_Prefab/Eff_Avatar/Eff_PlayerBoy_10/Eff_Avatar_PlayerBoy_10_Skill03_Start01_Scene02.prefab",
        "Effects/Eff_Prefab/Eff_Avatar/Eff_PlayerBoy_10/Eff_Avatar_PlayerBoy_10_Skill03_Start02.prefab",
        "Effects/Eff_Prefab/Eff_Avatar/Eff_PlayerBoy_10/Eff_Avatar_PlayerBoy_10_Skill03_Start02_Camera.prefab",
        "Effects/Eff_Prefab/Eff_Avatar/Eff_PlayerBoy_10/Eff_Avatar_PlayerBoy_10_Skill03_Start03.prefab",
        "Effects/Eff_Prefab/Eff_Avatar/Eff_PlayerBoy_10/Eff_Avatar_PlayerBoy_10_Skill03_Start03_New.prefab",
        "Effects/Eff_Prefab/Eff_Avatar/Eff_PlayerBoy_10/Eff_Avatar_PlayerBoy_10_Skill03_Start03_Scene.prefab",
        "Effects/Eff_Prefab/Eff_Avatar/Eff_PlayerBoy_10/Eff_Avatar_PlayerBoy_10_Skill03_Start04.prefab",
        "Effects/Eff_Prefab/Eff_Avatar/Eff_PlayerBoy_10/Eff_Avatar_PlayerBoy_10_Skill03_Start04_New.prefab",
        "Effects/Eff_Prefab/Eff_Avatar/Eff_PlayerBoy_10/Eff_Avatar_PlayerBoy_10_Skill03_Start05.prefab",
        "Effects/Eff_Prefab/Eff_Avatar/Eff_PlayerBoy_10/Eff_Avatar_PlayerBoy_10_Skill03_Start05_New.prefab",
        "Effects/Eff_Prefab/Eff_Avatar/Eff_PlayerBoy_10/Eff_Avatar_PlayerBoy_10_Skill03_Start05_Scene_New.prefab",
        "Effects/Eff_Prefab/Eff_Avatar/Eff_PlayerBoy_10/Eff_Avatar_PlayerBoy_10_Skill03_Start06.prefab",
        "Effects/Eff_Prefab/Eff_Avatar/Eff_PlayerBoy_10/Eff_Avatar_PlayerBoy_10_Skill03_Start06_Camera.prefab",
        "Effects/Eff_Prefab/Eff_Avatar/Eff_PlayerBoy_10/Eff_Avatar_PlayerBoy_10_Skill03_Start06_New.prefab",
        "Effects/Eff_Prefab/Eff_Avatar/Eff_PlayerBoy_10/Eff_Avatar_PlayerBoy_10_Skill03_Start06_Scene.prefab",
        "Effects/Eff_Prefab/Eff_Avatar/Eff_PlayerBoy_10/Eff_Avatar_PlayerBoy_10_Skill03_Start07.prefab",
        "Effects/Eff_Prefab/Eff_Avatar/Eff_PlayerBoy_10/Eff_Avatar_PlayerBoy_10_Skill03_Start07_Camera_New.prefab",
        "Effects/Eff_Prefab/Eff_Avatar/Eff_PlayerBoy_10/Eff_Avatar_PlayerBoy_10_Skill03_Start07_New.prefab",
        "Effects/Eff_Prefab/Eff_Avatar/Eff_PlayerBoy_10/Eff_Avatar_PlayerBoy_10_Skill03_Start07_Scene.prefab",
        "Effects/Eff_Prefab/Eff_Avatar/Eff_PlayerBoy_10/Eff_Avatar_PlayerBoy_10_Skill03_Start08.prefab",
        "Effects/Eff_Prefab/Eff_Avatar/Eff_PlayerBoy_10/Eff_Avatar_PlayerBoy_10_Skill03_Start09.prefab",
        "Effects/Eff_Prefab/Eff_Avatar/Eff_PlayerBoy_10/Eff_Avatar_PlayerBoy_10_Skill03_Start09_Camera.prefab",
        "Effects/Eff_Prefab/Eff_Avatar/Eff_PlayerBoy_10/Eff_Avatar_PlayerBoy_10_Skill03_Start09_Camera02.prefab",
        "Effects/Eff_Prefab/Eff_Avatar/Eff_PlayerBoy_10/Eff_Avatar_PlayerBoy_10_Skill03_WeaponStart01.prefab",
        "Effects/Eff_Prefab/Eff_Avatar/Eff_PlayerBoy_10/Eff_Avatar_PlayerBoy_10_Skill03_WeaponStart01_01.prefab",
        "Effects/Eff_Prefab/Eff_Avatar/Eff_PlayerBoy_10/Eff_Avatar_PlayerBoy_10_Skill03_WeaponStart02.prefab",
        "Effects/Eff_Prefab/Eff_Avatar/Eff_PlayerBoy_10/Eff_Avatar_PlayerBoy_10_Skill03_WeaponStart03.prefab",
        "Effects/Eff_Prefab/Eff_Avatar/Eff_PlayerBoy_10/Eff_Avatar_PlayerBoy_10_Skill03_WeaponStart04.prefab",
        "Effects/Eff_Prefab/Eff_Avatar/Eff_PlayerBoy_10/Eff_Avatar_PlayerBoy_10_Skill03_WeaponStart05.prefab",
        "Effects/Eff_Prefab/Eff_Avatar/Eff_PlayerBoy_10/Eff_Avatar_PlayerBoy_10_Skill03_WeaponStart05_New.prefab",
        "Effects/Eff_Prefab/Eff_Avatar/Eff_PlayerBoy_10/Eff_Avatar_PlayerBoy_10_Skill03_WeaponStart06.prefab",
        "Effects/Eff_Prefab/Eff_Avatar/Eff_PlayerBoy_10/Eff_Avatar_PlayerBoy_10_Skill03_WeaponStart06_New.prefab",
        "Effects/Eff_Prefab/Eff_Avatar/Eff_PlayerBoy_10/Eff_Avatar_PlayerBoy_10_Skill03_WeaponStart07.prefab",
        "Effects/Eff_Prefab/Eff_Avatar/Eff_PlayerBoy_10/Eff_Avatar_PlayerBoy_10_Skill03_WeaponStart07_New.prefab"
      ],
      "AssetList": [
        "Camera/TimeLine/Avatar/Character_PlayerBoy_10_Skill03_TimeLine.playable"
      ]
    },
    "Skill": {
      "EffectTypes": [
        "Skill02"
      ],
      "EffectInstanceList": [
        "Effects/Eff_Prefab/Eff_Avatar/Eff_PlayerBoy_10/Eff_Avatar_PlayerBoy_10_Skill02_01.prefab",
        "Effects/Eff_Prefab/Eff_Avatar/Eff_PlayerBoy_10/Eff_Avatar_PlayerBoy_10_Skill02_02.prefab",
        "Effects/Eff_Prefab/Eff_Avatar/Eff_PlayerBoy_10/Eff_Avatar_PlayerBoy_10_Skill02_03.prefab",
        "Effects/Eff_Prefab/Eff_Avatar/Eff_PlayerBoy_10/Eff_Avatar_PlayerBoy_10_Skill02_03_1.prefab",
        "Effects/Eff_Prefab/Eff_Avatar/Eff_PlayerBoy_10/Eff_Avatar_PlayerBoy_10_Skill02_04.prefab",
        "Effects/Eff_Prefab/Eff_Avatar/Eff_PlayerBoy_10/Eff_Avatar_PlayerBoy_10_Skill02_05.prefab",
        "Effects/Eff_Prefab/Eff_Avatar/Eff_PlayerBoy_10/Eff_Avatar_PlayerBoy_10_Skill02_06.prefab",
        "Effects/Eff_Prefab/Eff_Avatar/Eff_PlayerBoy_10/Eff_Avatar_PlayerBoy_10_Skill02_BPRready.prefab",
        "Effects/Eff_Prefab/Eff_Avatar/Eff_PlayerBoy_10/Eff_Avatar_PlayerBoy_10_Skill02_BPRready_02.prefab",
        "Effects/Eff_Prefab/Eff_Avatar/Eff_PlayerBoy_10/Eff_Avatar_PlayerBoy_10_Skill02_Buff.prefab",
        "Effects/Eff_Prefab/Eff_Avatar/Eff_PlayerBoy_10/Eff_Avatar_PlayerBoy_10_Skill02_Buff_01.prefab",
        "Effects/Eff_Prefab/Eff_Avatar/Eff_PlayerBoy_10/Eff_Avatar_PlayerBoy_10_Skill02_Buff_02.prefab"
      ]
    },
    "Passive": {
      "EffectTypes": [
        "Passive"
      ],
      "EffectInstanceList": []
    },
    "Normal": {
      "EffectTypes": [
        "Skill01"
      ],
      "EffectInstanceList": [
        "Effects/Eff_Prefab/Eff_Avatar/Eff_PlayerBoy_10/Eff_Avatar_PlayerBoy_10_Skill01_BodySmoke.prefab",
        "Effects/Eff_Prefab/Eff_Avatar/Eff_PlayerBoy_10/Eff_Avatar_PlayerBoy_10_Skill01_BodySmoke_01.prefab",
        "Effects/Eff_Prefab/Eff_Avatar/Eff_PlayerBoy_10/Eff_Avatar_PlayerBoy_10_Skill01_v1_Attack.prefab",
        "Effects/Eff_Prefab/Eff_Avatar/Eff_PlayerBoy_10/Eff_Avatar_PlayerBoy_10_Skill01_v1_FireUp.prefab",
        "Effects/Eff_Prefab/Eff_Avatar/Eff_PlayerBoy_10/Eff_Avatar_PlayerBoy_10_Skill01_v1_FireUp_02.prefab",
        "Effects/Eff_Prefab/Eff_Avatar/Eff_PlayerBoy_10/Eff_Avatar_PlayerBoy_10_Skill01_v1_Smoke.prefab",
        "Effects/Eff_Prefab/Eff_Avatar/Eff_PlayerBoy_10/Eff_Avatar_PlayerBoy_10_Skill01_v1_SparckUp.prefab",
        "Effects/Eff_Prefab/Eff_Avatar/Eff_PlayerBoy_10/Eff_Avatar_PlayerBoy_10_Skill01_v1_SparckUp_01.prefab",
        "Effects/Eff_Prefab/Eff_Avatar/Eff_PlayerBoy_10/Eff_Avatar_PlayerBoy_10_Skill01_v2_Camera.prefab",
        "Effects/Eff_Prefab/Eff_Avatar/Eff_PlayerBoy_10/Eff_Avatar_PlayerBoy_10_Skill01_v2_DownLine.prefab",
        "Effects/Eff_Prefab/Eff_Avatar/Eff_PlayerBoy_10/Eff_Avatar_PlayerBoy_10_Skill01_v2_FireLocal.prefab",
        "Effects/Eff_Prefab/Eff_Avatar/Eff_PlayerBoy_10/Eff_Avatar_PlayerBoy_10_Skill01_v2_Hit.prefab",
        "Effects/Eff_Prefab/Eff_Avatar/Eff_PlayerBoy_10/Eff_Avatar_PlayerBoy_10_Skill01_v2_Hit_02.prefab",
        "Effects/Eff_Prefab/Eff_Avatar/Eff_PlayerBoy_10/Eff_Avatar_PlayerBoy_10_Skill01_v2_Smoke.prefab",
        "Effects/Eff_Prefab/Eff_Avatar/Eff_PlayerBoy_10/Eff_Avatar_PlayerBoy_10_Skill01_WeaponLight.prefab"
      ]
    }
  }
}