{
  "FloorID": 10000002,
  "FloorName": "MazeText_Empty",
  "StartGroupID": 1,
  "StartAnchorID": 1,
  "GroupList": [
    {
      "ID": 1,
      "Name": "Default",
      "GroupGUID": "1cac0964-70d2-418a-ba70-abae519bd277",
      "GroupPath": "Config/LevelOutput/Group/Groups_P10000_F10000002/LevelGroup_P10000_F10000002_G1.json"
    },
    {
      "ID": 11,
      "Name": "FunctionProps",
      "GroupGUID": "67374987-b57d-48f1-a53b-e0b205d08953",
      "GroupPath": "Config/LevelOutput/Group/Groups_P10000_F10000002/LevelGroup_P10000_F10000002_G11.json"
    },
    {
      "ID": 14,
      "Name": "FunctionProps2",
      "GroupGUID": "8c83f761-2216-48d1-ac42-6817bfb1a3b7",
      "GroupPath": "Config/LevelOutput/Group/Groups_P10000_F10000002/LevelGroup_P10000_F10000002_G14.json"
    },
    {
      "ID": 2,
      "Name": "Exit",
      "GroupGUID": "66bc2f0b-c2bb-417a-b813-3b0b279ee7f1",
      "GroupPath": "Config/LevelOutput/Group/Groups_P10000_F10000002/LevelGroup_P10000_F10000002_G2.json"
    },
    {
      "ID": 3,
      "Name": "MainMission_102010108",
      "GroupGUID": "5ceb4ad4-4c9c-4bc4-993c-5e29ed5d9dde",
      "GroupPath": "Config/LevelOutput/Group/Groups_P10000_F10000002/LevelGroup_P10000_F10000002_G3.json"
    },
    {
      "ID": 5,
      "Name": "MainMission_1020101",
      "GroupGUID": "94ab6cd8-bd25-42da-ba67-12a1e9a00db3",
      "GroupPath": "Config/LevelOutput/Group/Groups_P10000_F10000002/LevelGroup_P10000_F10000002_G5.json"
    },
    {
      "ID": 6,
      "Name": "MainMission_102010103",
      "GroupGUID": "84764d5b-97c8-4844-a236-80d2533bd348",
      "GroupPath": "Config/LevelOutput/Group/Groups_P10000_F10000002/LevelGroup_P10000_F10000002_G6.json"
    },
    {
      "ID": 7,
      "Name": "MainMission1000503",
      "GroupGUID": "8725e93f-fb72-4be2-8963-487b5d78370e",
      "GroupPath": "Config/LevelOutput/Group/Groups_P10000_F10000002/LevelGroup_P10000_F10000002_G7.json"
    },
    {
      "ID": 8,
      "Name": "RoomStop",
      "GroupGUID": "83c76e8f-46ff-4919-ae9e-d60e025203d1",
      "GroupPath": "Config/LevelOutput/Group/Groups_P10000_F10000002/LevelGroup_P10000_F10000002_G8.json"
    },
    {
      "ID": 9,
      "Name": "Door",
      "GroupGUID": "45a3a487-1f0d-4c88-8e85-b8b667a0de49",
      "GroupPath": "Config/LevelOutput/Group/Groups_P10000_F10000002/LevelGroup_P10000_F10000002_G9.json"
    },
    {
      "ID": 10,
      "Name": "Sound",
      "GroupGUID": "8b9a60ca-8d5b-49cb-b54b-e7caad56e81e",
      "GroupPath": "Config/LevelOutput/Group/Groups_P10000_F10000002/LevelGroup_P10000_F10000002_G10.json"
    },
    {
      "ID": 12,
      "Name": "RoomStop",
      "GroupGUID": "cc23f80c-375b-4fc2-8629-0d7bcd45e8c0",
      "GroupPath": "Config/LevelOutput/Group/Groups_P10000_F10000002/LevelGroup_P10000_F10000002_G12.json"
    },
    {
      "ID": 15,
      "Name": "MainMission2020507_02",
      "GroupGUID": "bad5af31-435a-494c-a5c9-846bf4d71c05",
      "GroupPath": "Config/LevelOutput/Group/Groups_P10000_F10000002/LevelGroup_P10000_F10000002_G15.json"
    },
    {
      "ID": 17,
      "Name": "MainMission2010201_02",
      "GroupGUID": "f00a54f2-c015-4907-85a7-006664428c46",
      "GroupPath": "Config/LevelOutput/Group/Groups_P10000_F10000002/LevelGroup_P10000_F10000002_G17.json"
    },
    {
      "ID": 18,
      "Name": "MainMission2010201_03",
      "GroupGUID": "e561605d-29b9-4318-91c7-aa33220e64bc",
      "GroupPath": "Config/LevelOutput/Group/Groups_P10000_F10000002/LevelGroup_P10000_F10000002_G18.json"
    },
    {
      "ID": 19,
      "Name": "MainMission2010201_04",
      "GroupGUID": "01bb5d34-edb5-498d-b828-7ae531117c55",
      "GroupPath": "Config/LevelOutput/Group/Groups_P10000_F10000002/LevelGroup_P10000_F10000002_G19.json"
    },
    {
      "ID": 21,
      "Name": "Books",
      "GroupGUID": "e9975bd7-e94b-44ea-b473-e2cffe2233b8",
      "GroupPath": "Config/LevelOutput/Group/Groups_P10000_F10000002/LevelGroup_P10000_F10000002_G21.json"
    },
    {
      "ID": 22,
      "Name": "SixDimensionIce",
      "GroupGUID": "c2163dfc-e250-4500-9517-7d31f2fc56fb",
      "GroupPath": "Config/LevelOutput/Group/Groups_P10000_F10000002/LevelGroup_P10000_F10000002_G22.json"
    },
    {
      "ID": 23,
      "Name": "MainMission2021001_",
      "GroupGUID": "7e9b4cbe-2452-425d-93b0-1f55a58fd1a3",
      "GroupPath": "Config/LevelOutput/Group/Groups_P10000_F10000002/LevelGroup_P10000_F10000002_G23.json"
    },
    {
      "ID": 24,
      "Name": "BattleArea",
      "GroupGUID": "bc553dc5-4979-431a-817d-fcc9d11f425d",
      "GroupPath": "Config/LevelOutput/Group/Groups_P10000_F10000002/LevelGroup_P10000_F10000002_G24.json"
    },
    {
      "ID": 25,
      "Name": "MainMission8002100_",
      "GroupGUID": "580e94b9-9e8f-43ff-824a-8c1d11ecb07f",
      "GroupPath": "Config/LevelOutput/Group/Groups_P10000_F10000002/LevelGroup_P10000_F10000002_G25.json"
    },
    {
      "ID": 26,
      "Name": "MainMission8002100_",
      "GroupGUID": "b1339a51-9deb-400d-828d-66aba87cab76",
      "GroupPath": "Config/LevelOutput/Group/Groups_P10000_F10000002/LevelGroup_P10000_F10000002_G26.json"
    },
    {
      "ID": 27,
      "Name": "MainMission8002100_",
      "GroupGUID": "b6347b91-3bdf-43e6-8071-539d54a6bffb",
      "GroupPath": "Config/LevelOutput/Group/Groups_P10000_F10000002/LevelGroup_P10000_F10000002_G27.json"
    },
    {
      "ID": 28,
      "Name": "NPC_Puman",
      "GroupGUID": "3688c028-cd9e-486c-885b-b5280b8bdf1a",
      "GroupPath": "Config/LevelOutput/Group/Groups_P10000_F10000002/LevelGroup_P10000_F10000002_G28.json"
    },
    {
      "ID": 30,
      "Name": "MainMission8002107_2",
      "GroupGUID": "23c993a8-da3a-4e4e-a870-203bfdd53365",
      "GroupPath": "Config/LevelOutput/Group/Groups_P10000_F10000002/LevelGroup_P10000_F10000002_G30.json"
    },
    {
      "ID": 31,
      "Name": "MainMission8002107_2",
      "GroupGUID": "bdf265ec-8e9c-408f-bd5e-1747d4e2e15e",
      "GroupPath": "Config/LevelOutput/Group/Groups_P10000_F10000002/LevelGroup_P10000_F10000002_G31.json"
    },
    {
      "ID": 34,
      "Name": "MainMission8002101_",
      "GroupGUID": "fd743c9d-2549-416a-b508-60b67664dd0f",
      "GroupPath": "Config/LevelOutput/Group/Groups_P10000_F10000002/LevelGroup_P10000_F10000002_G34.json"
    }
  ]
}