{
  "FloorID": 10000000,
  "FloorName": "FloorName_10000000",
  "StartGroupID": 2,
  "StartAnchorID": 1,
  "GroupList": [
    {
      "ID": 2,
      "Name": "Default",
      "GroupGUID": "2073c537-9c81-45aa-a916-e6ebd214eee4",
      "GroupPath": "Config/LevelOutput/Group/Groups_P10000_F10000000/LevelGroup_P10000_F10000000_G2.json"
    },
    {
      "ID": 30,
      "Name": "FunctionProp",
      "GroupGUID": "5d14b0b3-6a89-49b4-ac7c-8470869f1c6a",
      "GroupPath": "Config/LevelOutput/Group/Groups_P10000_F10000000/LevelGroup_P10000_F10000000_G30.json"
    },
    {
      "ID": 7,
      "Name": "Exit",
      "GroupGUID": "3b09c033-1915-4dd5-9f8f-34ffd7a84d0a",
      "GroupPath": "Config/LevelOutput/Group/Groups_P10000_F10000000/LevelGroup_P10000_F10000000_G7.json"
    },
    {
      "ID": 3,
      "Name": "NPCs",
      "GroupGUID": "66189ad6-0296-429a-9e87-96b45e7e4466",
      "GroupPath": "Config/LevelOutput/Group/Groups_P10000_F10000000/LevelGroup_P10000_F10000000_G3.json"
    },
    {
      "ID": 40,
      "Name": "NPCs",
      "GroupGUID": "fd5888a4-5ba9-495d-9609-7380256e1146",
      "GroupPath": "Config/LevelOutput/Group/Groups_P10000_F10000000/LevelGroup_P10000_F10000000_G40.json"
    },
    {
      "ID": 9,
      "Name": "Tutorial10000000",
      "GroupGUID": "dc98da5f-5bdd-45b8-a106-6fd202782477",
      "GroupPath": "Config/LevelOutput/Group/Groups_P10000_F10000000/LevelGroup_P10000_F10000000_G9.json"
    },
    {
      "ID": 4,
      "Name": "MainMission_1000501",
      "GroupGUID": "3c29a94d-7ad2-4437-a94c-5d53fa2dddef",
      "GroupPath": "Config/LevelOutput/Group/Groups_P10000_F10000000/LevelGroup_P10000_F10000000_G4.json"
    },
    {
      "ID": 35,
      "Name": "NPC_1000502",
      "GroupGUID": "cc29f04f-5cd0-4442-83a3-3fcf660eb50f",
      "GroupPath": "Config/LevelOutput/Group/Groups_P10000_F10000000/LevelGroup_P10000_F10000000_G35.json"
    },
    {
      "ID": 36,
      "Name": "NPC_1000503",
      "GroupGUID": "c453d6ca-4ea4-4b0b-af1e-1ba35190c85a",
      "GroupPath": "Config/LevelOutput/Group/Groups_P10000_F10000000/LevelGroup_P10000_F10000000_G36.json"
    },
    {
      "ID": 24,
      "Name": "Main1000504",
      "GroupGUID": "3e68057c-e4b5-467f-807a-abbba5971cf6",
      "GroupPath": "Config/LevelOutput/Group/Groups_P10000_F10000000/LevelGroup_P10000_F10000000_G24.json"
    },
    {
      "ID": 16,
      "Name": "MainMission1010001_06",
      "GroupGUID": "1e48d3d1-9896-4dd5-9153-9739a708dfe3",
      "GroupPath": "Config/LevelOutput/Group/Groups_P10000_F10000000/LevelGroup_P10000_F10000000_G16.json"
    },
    {
      "ID": 17,
      "Name": "MainMission1010002_03_04",
      "GroupGUID": "2c6715dc-091d-4074-8ea6-a2715941e775",
      "GroupPath": "Config/LevelOutput/Group/Groups_P10000_F10000000/LevelGroup_P10000_F10000000_G17.json"
    },
    {
      "ID": 1,
      "Name": "MainMission_101000106",
      "GroupGUID": "9c59edd3-6328-47a2-956b-5d050e3c207b",
      "GroupPath": "Config/LevelOutput/Group/Groups_P10000_F10000000/LevelGroup_P10000_F10000000_G1.json"
    },
    {
      "ID": 25,
      "Name": "MainMission1020101_",
      "GroupGUID": "d55a0a54-6cd2-4167-b285-10fc81196016",
      "GroupPath": "Config/LevelOutput/Group/Groups_P10000_F10000000/LevelGroup_P10000_F10000000_G25.json"
    },
    {
      "ID": 26,
      "Name": "MainMission1020101_",
      "GroupGUID": "be8c02ee-afc5-4ae1-bfb9-f5c6646a7ffb",
      "GroupPath": "Config/LevelOutput/Group/Groups_P10000_F10000000/LevelGroup_P10000_F10000000_G26.json"
    },
    {
      "ID": 27,
      "Name": "MainMission1020101_",
      "GroupGUID": "d7258559-8bfd-432d-b6c6-98171feb3756",
      "GroupPath": "Config/LevelOutput/Group/Groups_P10000_F10000000/LevelGroup_P10000_F10000000_G27.json"
    },
    {
      "ID": 28,
      "Name": "MainMission1020101_",
      "GroupGUID": "3952a67e-0150-4bfd-88ac-fa0869c110b8",
      "GroupPath": "Config/LevelOutput/Group/Groups_P10000_F10000000/LevelGroup_P10000_F10000000_G28.json"
    },
    {
      "ID": 29,
      "Name": "MainMission1020101_",
      "GroupGUID": "19c198d3-92e8-4c29-9e90-9a8a21ea6ada",
      "GroupPath": "Config/LevelOutput/Group/Groups_P10000_F10000000/LevelGroup_P10000_F10000000_G29.json"
    },
    {
      "ID": 33,
      "Name": "Sound",
      "GroupGUID": "db48c76c-2385-485f-91d0-20f41fab52cf",
      "GroupPath": "Config/LevelOutput/Group/Groups_P10000_F10000000/LevelGroup_P10000_F10000000_G33.json"
    },
    {
      "ID": 34,
      "Name": "ChallengeMaze",
      "GroupGUID": "127350c5-4ce6-4ac8-b674-69f9fdc56346",
      "GroupPath": "Config/LevelOutput/Group/Groups_P10000_F10000000/LevelGroup_P10000_F10000000_G34.json"
    },
    {
      "ID": 38,
      "Name": "PamAI",
      "GroupGUID": "df18212f-4b03-4ab6-b426-0959311b3bfb",
      "GroupPath": "Config/LevelOutput/Group/Groups_P10000_F10000000/LevelGroup_P10000_F10000000_G38.json"
    },
    {
      "ID": 44,
      "Name": "MainMission1011503_",
      "GroupGUID": "022b0881-23d3-4aee-95c7-3fda5b007010",
      "GroupPath": "Config/LevelOutput/Group/Groups_P10000_F10000000/LevelGroup_P10000_F10000000_G44.json"
    },
    {
      "ID": 46,
      "IsDelete": true,
      "Name": "PamDemo",
      "GroupGUID": "89d1d19e-4028-45b8-b370-e8c8de241776",
      "GroupPath": "Config/LevelOutput/Group/Groups_P10000_F10000000/LevelGroup_P10000_F10000000_G46.json"
    },
    {
      "ID": 47,
      "Name": "FunctionProp",
      "GroupGUID": "6e3a0be0-4121-4395-a290-622bbbab8892",
      "GroupPath": "Config/LevelOutput/Group/Groups_P10000_F10000000/LevelGroup_P10000_F10000000_G47.json"
    },
    {
      "ID": 48,
      "Name": "MainMission4010105_",
      "GroupGUID": "c60114b1-32d2-47ec-a97d-cf575c48726e",
      "GroupPath": "Config/LevelOutput/Group/Groups_P10000_F10000000/LevelGroup_P10000_F10000000_G48.json"
    },
    {
      "ID": 49,
      "Name": "TrainVisitorDemo",
      "GroupGUID": "5b185fed-3916-4685-81e1-a78a79ae73c5",
      "GroupPath": "Config/LevelOutput/Group/Groups_P10000_F10000000/LevelGroup_P10000_F10000000_G49.json"
    },
    {
      "ID": 54,
      "Name": "MainMission1020101_",
      "GroupGUID": "77683477-ebee-4921-9de7-6d4f8348134d",
      "GroupPath": "Config/LevelOutput/Group/Groups_P10000_F10000000/LevelGroup_P10000_F10000000_G54.json"
    },
    {
      "ID": 56,
      "IsDelete": true,
      "Name": "PamMission",
      "GroupGUID": "f89820d4-6721-461e-a736-c48f4e4eac73",
      "GroupPath": "Config/LevelOutput/Group/Groups_P10000_F10000000/LevelGroup_P10000_F10000000_G56.json"
    },
    {
      "ID": 59,
      "Name": "SubMission",
      "GroupGUID": "564cd034-6c90-40b2-aee6-50def5a7bcdd",
      "GroupPath": "Config/LevelOutput/Group/Groups_P10000_F10000000/LevelGroup_P10000_F10000000_G59.json"
    },
    {
      "ID": 60,
      "Name": "PamMissionProp",
      "GroupGUID": "93d77244-ef1e-4711-a6ef-02e89d59733b",
      "GroupPath": "Config/LevelOutput/Group/Groups_P10000_F10000000/LevelGroup_P10000_F10000000_G60.json"
    },
    {
      "ID": 61,
      "IsDelete": true,
      "Name": "PamMissionProp",
      "GroupGUID": "fd362195-8de3-4925-8a57-590ccad24aea",
      "GroupPath": "Config/LevelOutput/Group/Groups_P10000_F10000000/LevelGroup_P10000_F10000000_G61.json"
    },
    {
      "ID": 62,
      "Name": "MainMission4050005_Pam",
      "GroupGUID": "75e13dd2-a12b-4e4c-a58c-9cb4be0886f1",
      "GroupPath": "Config/LevelOutput/Group/Groups_P10000_F10000000/LevelGroup_P10000_F10000000_G62.json"
    },
    {
      "ID": 63,
      "IsDelete": true,
      "Name": "MainMission4050006_Pam",
      "GroupGUID": "45080bd9-094f-4117-9ab6-1e43d5b0dd7a",
      "GroupPath": "Config/LevelOutput/Group/Groups_P10000_F10000000/LevelGroup_P10000_F10000000_G63.json"
    },
    {
      "ID": 64,
      "Name": "MainMission4050007_Pam",
      "GroupGUID": "2c667adf-7bae-4599-997a-e279e2a1b9bd",
      "GroupPath": "Config/LevelOutput/Group/Groups_P10000_F10000000/LevelGroup_P10000_F10000000_G64.json"
    },
    {
      "ID": 66,
      "Name": "Radio",
      "GroupGUID": "9f678ff8-d0ff-43fd-8ead-2a7e3b61d1d3",
      "GroupPath": "Config/LevelOutput/Group/Groups_P10000_F10000000/LevelGroup_P10000_F10000000_G66.json"
    },
    {
      "ID": 67,
      "Name": "MainMission4050008_Pam",
      "GroupGUID": "ee4b61e7-64d6-451f-82e1-d74bac1f4738",
      "GroupPath": "Config/LevelOutput/Group/Groups_P10000_F10000000/LevelGroup_P10000_F10000000_G67.json"
    },
    {
      "ID": 68,
      "Name": "MainMission4050009_Pam",
      "GroupGUID": "e4848489-4d7c-4ed4-a858-7df1ac173786",
      "GroupPath": "Config/LevelOutput/Group/Groups_P10000_F10000000/LevelGroup_P10000_F10000000_G68.json"
    },
    {
      "ID": 69,
      "Name": "MainMission4050010_Pam",
      "GroupGUID": "b9364313-a505-4a8c-a3bc-85a538d9cfec",
      "GroupPath": "Config/LevelOutput/Group/Groups_P10000_F10000000/LevelGroup_P10000_F10000000_G69.json"
    },
    {
      "ID": 70,
      "Name": "MainMission4050011_Pam",
      "GroupGUID": "58859979-3aba-4ab5-b4f6-deafd5b58346",
      "GroupPath": "Config/LevelOutput/Group/Groups_P10000_F10000000/LevelGroup_P10000_F10000000_G70.json"
    },
    {
      "ID": 71,
      "Name": "MainMission4050012_Pam",
      "GroupGUID": "5038983b-1573-4ab2-95d7-35cb4b1c3c7e",
      "GroupPath": "Config/LevelOutput/Group/Groups_P10000_F10000000/LevelGroup_P10000_F10000000_G71.json"
    },
    {
      "ID": 72,
      "Name": "MainMission4050013_Pam",
      "GroupGUID": "baa7d280-b79e-42ed-9ffa-7dca406fd20f",
      "GroupPath": "Config/LevelOutput/Group/Groups_P10000_F10000000/LevelGroup_P10000_F10000000_G72.json"
    },
    {
      "ID": 73,
      "Name": "MainMission4050014_Pam",
      "GroupGUID": "8df25069-b438-474e-ada4-839a259e6213",
      "GroupPath": "Config/LevelOutput/Group/Groups_P10000_F10000000/LevelGroup_P10000_F10000000_G73.json"
    },
    {
      "ID": 74,
      "Name": "MainMission4050015_Pam",
      "GroupGUID": "fbf8b8aa-be46-485d-a2b1-e1a7aa45f852",
      "GroupPath": "Config/LevelOutput/Group/Groups_P10000_F10000000/LevelGroup_P10000_F10000000_G74.json"
    },
    {
      "ID": 75,
      "Name": "MainMission4050016_Pam",
      "GroupGUID": "99a7a44b-b08e-4e7b-81f6-13d2a48f3584",
      "GroupPath": "Config/LevelOutput/Group/Groups_P10000_F10000000/LevelGroup_P10000_F10000000_G75.json"
    },
    {
      "ID": 76,
      "Name": "MainMission4050017_Pam",
      "GroupGUID": "86d7c766-3c41-4045-844c-5a2cfddf870c",
      "GroupPath": "Config/LevelOutput/Group/Groups_P10000_F10000000/LevelGroup_P10000_F10000000_G76.json"
    },
    {
      "ID": 77,
      "Name": "MainMission4050018_Pam",
      "GroupGUID": "15db9934-cd9e-4c39-90b4-4c2759ff280c",
      "GroupPath": "Config/LevelOutput/Group/Groups_P10000_F10000000/LevelGroup_P10000_F10000000_G77.json"
    },
    {
      "ID": 78,
      "Name": "MainMission4050019_Pam",
      "GroupGUID": "efccabd8-9f81-4a41-9ae0-34da2195474a",
      "GroupPath": "Config/LevelOutput/Group/Groups_P10000_F10000000/LevelGroup_P10000_F10000000_G78.json"
    },
    {
      "ID": 79,
      "Name": "MainMission4050020_Pam",
      "GroupGUID": "b9dbbba6-4241-415f-95ef-1d76c7cfda7d",
      "GroupPath": "Config/LevelOutput/Group/Groups_P10000_F10000000/LevelGroup_P10000_F10000000_G79.json"
    },
    {
      "ID": 80,
      "Name": "MainMission4050021_Pam",
      "GroupGUID": "a729f41c-e610-4667-83a5-af6e86a95189",
      "GroupPath": "Config/LevelOutput/Group/Groups_P10000_F10000000/LevelGroup_P10000_F10000000_G80.json"
    },
    {
      "ID": 81,
      "Name": "MainMission4050022_Pam",
      "GroupGUID": "ad4798dc-24bd-4109-8fb0-4865e2c66e91",
      "GroupPath": "Config/LevelOutput/Group/Groups_P10000_F10000000/LevelGroup_P10000_F10000000_G81.json"
    },
    {
      "ID": 82,
      "Name": "MainMission4050023_Pam",
      "GroupGUID": "0c34fcf9-d387-4f85-9399-3a414c0721ee",
      "GroupPath": "Config/LevelOutput/Group/Groups_P10000_F10000000/LevelGroup_P10000_F10000000_G82.json"
    },
    {
      "ID": 83,
      "Name": "MainMission4050024_Pam",
      "GroupGUID": "0b5e3385-4ec2-4ba9-a267-f547e14d02d5",
      "GroupPath": "Config/LevelOutput/Group/Groups_P10000_F10000000/LevelGroup_P10000_F10000000_G83.json"
    },
    {
      "ID": 84,
      "Name": "MainMission4050025_Pam",
      "GroupGUID": "43bcd87d-e18e-4f79-9116-580afc032bf3",
      "GroupPath": "Config/LevelOutput/Group/Groups_P10000_F10000000/LevelGroup_P10000_F10000000_G84.json"
    },
    {
      "ID": 85,
      "Name": "MainMission4050026_Pam",
      "GroupGUID": "4900a75d-28e3-4083-9da1-be0d8652ae51",
      "GroupPath": "Config/LevelOutput/Group/Groups_P10000_F10000000/LevelGroup_P10000_F10000000_G85.json"
    },
    {
      "ID": 86,
      "Name": "MainMission4050027_Pam",
      "GroupGUID": "35fd4cdb-1990-418f-92f5-711d71d88bb3",
      "GroupPath": "Config/LevelOutput/Group/Groups_P10000_F10000000/LevelGroup_P10000_F10000000_G86.json"
    },
    {
      "ID": 100,
      "Name": "MainMission4050005_Prop",
      "GroupGUID": "76384d76-6c00-4742-8105-1fbfff502cbe",
      "GroupPath": "Config/LevelOutput/Group/Groups_P10000_F10000000/LevelGroup_P10000_F10000000_G100.json"
    },
    {
      "ID": 101,
      "Name": "MainMission4050008_Prop",
      "GroupGUID": "021cafb5-fd2d-44d5-b457-f2d4657cac74",
      "GroupPath": "Config/LevelOutput/Group/Groups_P10000_F10000000/LevelGroup_P10000_F10000000_G101.json"
    },
    {
      "ID": 102,
      "Name": "MainMission4050011_Prop",
      "GroupGUID": "e00d3a23-eb23-408e-8114-95e150200542",
      "GroupPath": "Config/LevelOutput/Group/Groups_P10000_F10000000/LevelGroup_P10000_F10000000_G102.json"
    },
    {
      "ID": 103,
      "Name": "MainMission4050012_Prop",
      "GroupGUID": "9371140b-fec3-409e-a4e8-fd0065fbc370",
      "GroupPath": "Config/LevelOutput/Group/Groups_P10000_F10000000/LevelGroup_P10000_F10000000_G103.json"
    },
    {
      "ID": 104,
      "Name": "MainMission4050023_Prop",
      "GroupGUID": "8d00ba9a-a197-4095-8a2f-1cd0c278642c",
      "GroupPath": "Config/LevelOutput/Group/Groups_P10000_F10000000/LevelGroup_P10000_F10000000_G104.json"
    },
    {
      "ID": 105,
      "Name": "MainMission4050023_Prop",
      "GroupGUID": "225ba6a2-971c-4c46-aad4-f0baf35ddf93",
      "GroupPath": "Config/LevelOutput/Group/Groups_P10000_F10000000/LevelGroup_P10000_F10000000_G105.json"
    },
    {
      "ID": 110,
      "Name": "MainMission4050013_Pam",
      "GroupGUID": "60258d17-f761-40e5-9699-b2fcbdebc746",
      "GroupPath": "Config/LevelOutput/Group/Groups_P10000_F10000000/LevelGroup_P10000_F10000000_G110.json"
    },
    {
      "ID": 111,
      "Name": "MainMission4050014_Pam",
      "GroupGUID": "9ae9eb03-9a46-4572-81e2-16adb07dcec6",
      "GroupPath": "Config/LevelOutput/Group/Groups_P10000_F10000000/LevelGroup_P10000_F10000000_G111.json"
    },
    {
      "ID": 112,
      "Name": "MainMission4050018_Pam",
      "GroupGUID": "c3fd329f-6ea3-40be-b3ce-881b143c84db",
      "GroupPath": "Config/LevelOutput/Group/Groups_P10000_F10000000/LevelGroup_P10000_F10000000_G112.json"
    },
    {
      "ID": 117,
      "Name": "MainMission4010105__Pam",
      "GroupGUID": "e911180e-0223-46b4-a745-00bb878881c6",
      "GroupPath": "Config/LevelOutput/Group/Groups_P10000_F10000000/LevelGroup_P10000_F10000000_G117.json"
    },
    {
      "ID": 96,
      "Name": "MainMission4050036_Pam",
      "GroupGUID": "24c96286-7f6c-47f2-b770-5c4e115854fe",
      "GroupPath": "Config/LevelOutput/Group/Groups_P10000_F10000000/LevelGroup_P10000_F10000000_G96.json"
    },
    {
      "ID": 97,
      "Name": "MainMission4050037_Pam",
      "GroupGUID": "2dc8c48d-39d0-464c-be08-4197a6cc16c9",
      "GroupPath": "Config/LevelOutput/Group/Groups_P10000_F10000000/LevelGroup_P10000_F10000000_G97.json"
    },
    {
      "ID": 119,
      "Name": "MainMission4010105__Pam2",
      "GroupGUID": "d24674f3-7007-465a-9a37-abf53fd9d73f",
      "GroupPath": "Config/LevelOutput/Group/Groups_P10000_F10000000/LevelGroup_P10000_F10000000_G119.json"
    },
    {
      "ID": 88,
      "Name": "MainMission4050028_Pam",
      "GroupGUID": "174e3434-ac1e-4cb5-b6a8-05bc6e1fdf26",
      "GroupPath": "Config/LevelOutput/Group/Groups_P10000_F10000000/LevelGroup_P10000_F10000000_G88.json"
    },
    {
      "ID": 89,
      "Name": "MainMission4050029_Pam",
      "GroupGUID": "37c281fe-a200-423b-be4f-bfb8c14abf9e",
      "GroupPath": "Config/LevelOutput/Group/Groups_P10000_F10000000/LevelGroup_P10000_F10000000_G89.json"
    },
    {
      "ID": 90,
      "Name": "MainMission4050030_Pam",
      "GroupGUID": "2b051821-edaa-4657-9303-13f12b43c704",
      "GroupPath": "Config/LevelOutput/Group/Groups_P10000_F10000000/LevelGroup_P10000_F10000000_G90.json"
    },
    {
      "ID": 91,
      "Name": "MainMission4050031_Pam",
      "GroupGUID": "08607bca-998e-491a-b7d7-b2e494b55302",
      "GroupPath": "Config/LevelOutput/Group/Groups_P10000_F10000000/LevelGroup_P10000_F10000000_G91.json"
    },
    {
      "ID": 92,
      "Name": "MainMission4050032_Pam",
      "GroupGUID": "11623354-538c-40c4-b75b-ba73fb3e2a3a",
      "GroupPath": "Config/LevelOutput/Group/Groups_P10000_F10000000/LevelGroup_P10000_F10000000_G92.json"
    },
    {
      "ID": 93,
      "Name": "MainMission4050033_Pam",
      "GroupGUID": "7c03e9b7-6290-4e22-b156-ebd01506e06f",
      "GroupPath": "Config/LevelOutput/Group/Groups_P10000_F10000000/LevelGroup_P10000_F10000000_G93.json"
    },
    {
      "ID": 94,
      "Name": "MainMission4050034_Pam",
      "GroupGUID": "3983ce3d-c1f3-49f3-a07e-b0bbec979704",
      "GroupPath": "Config/LevelOutput/Group/Groups_P10000_F10000000/LevelGroup_P10000_F10000000_G94.json"
    },
    {
      "ID": 95,
      "Name": "MainMission4050035_Pam",
      "GroupGUID": "e6969d9b-0263-4877-9d02-82e272a31ac7",
      "GroupPath": "Config/LevelOutput/Group/Groups_P10000_F10000000/LevelGroup_P10000_F10000000_G95.json"
    },
    {
      "ID": 98,
      "Name": "MainMission1021702_AfterStory_XZJZ",
      "GroupGUID": "7c1c70e0-bd71-482d-94e2-f5b12d9f1ea9",
      "GroupPath": "Config/LevelOutput/Group/Groups_P10000_F10000000/LevelGroup_P10000_F10000000_G98.json"
    },
    {
      "ID": 113,
      "Name": "MainMission2010201_03_04",
      "GroupGUID": "272528b6-c021-4fce-ae8d-aeef40ff04d8",
      "GroupPath": "Config/LevelOutput/Group/Groups_P10000_F10000000/LevelGroup_P10000_F10000000_G113.json"
    },
    {
      "ID": 120,
      "IsDelete": true,
      "Name": "MainMission1011503_",
      "GroupGUID": "8f3e2798-ec64-4de9-94d3-8f2b78a058b2",
      "GroupPath": "Config/LevelOutput/Group/Groups_P10000_F10000000/LevelGroup_P10000_F10000000_G120.json"
    },
    {
      "ID": 122,
      "Name": "MainMission1011503_02",
      "GroupGUID": "2067d5da-b496-4d2c-8972-0a19f0922536",
      "GroupPath": "Config/LevelOutput/Group/Groups_P10000_F10000000/LevelGroup_P10000_F10000000_G122.json"
    },
    {
      "ID": 123,
      "Name": "MainMission1020101_06",
      "GroupGUID": "69ee2df1-2de3-400e-8b1a-5986e88ea1f8",
      "GroupPath": "Config/LevelOutput/Group/Groups_P10000_F10000000/LevelGroup_P10000_F10000000_G123.json"
    },
    {
      "ID": 124,
      "Name": "MainMission1020101_07",
      "GroupGUID": "239215e5-9d1c-4ba6-bc8c-6d96a83ec434",
      "GroupPath": "Config/LevelOutput/Group/Groups_P10000_F10000000/LevelGroup_P10000_F10000000_G124.json"
    },
    {
      "ID": 125,
      "Name": "MainMission1020101_08",
      "GroupGUID": "2f4d0d65-75af-49aa-9ba1-35411f5e06c5",
      "GroupPath": "Config/LevelOutput/Group/Groups_P10000_F10000000/LevelGroup_P10000_F10000000_G125.json"
    },
    {
      "ID": 127,
      "Name": "MainMission2021001_01",
      "GroupGUID": "7983839b-baf1-45ab-bb11-e7511c1ac6b0",
      "GroupPath": "Config/LevelOutput/Group/Groups_P10000_F10000000/LevelGroup_P10000_F10000000_G127.json"
    },
    {
      "ID": 128,
      "Name": "MainMission2021001_02",
      "GroupGUID": "6025c535-bae7-4f68-b938-db20f219cc8b",
      "GroupPath": "Config/LevelOutput/Group/Groups_P10000_F10000000/LevelGroup_P10000_F10000000_G128.json"
    },
    {
      "ID": 131,
      "Name": "MainMission4010107_01",
      "GroupGUID": "4333df06-d120-4101-b07a-c5062fc8d5f2",
      "GroupPath": "Config/LevelOutput/Group/Groups_P10000_F10000000/LevelGroup_P10000_F10000000_G131.json"
    },
    {
      "ID": 132,
      "Name": "MainMission2010201_01",
      "GroupGUID": "b4dd9b5c-602d-4c50-8daf-149fbb79e2ca",
      "GroupPath": "Config/LevelOutput/Group/Groups_P10000_F10000000/LevelGroup_P10000_F10000000_G132.json"
    },
    {
      "ID": 133,
      "Name": "MainMission8002100_",
      "GroupGUID": "4381feac-1649-4106-967f-2e9bd19bc7a7",
      "GroupPath": "Config/LevelOutput/Group/Groups_P10000_F10000000/LevelGroup_P10000_F10000000_G133.json"
    },
    {
      "ID": 134,
      "Name": "MainMission2000801_01",
      "GroupGUID": "4d6692b4-4233-4534-9575-09663dc87712",
      "GroupPath": "Config/LevelOutput/Group/Groups_P10000_F10000000/LevelGroup_P10000_F10000000_G134.json"
    },
    {
      "ID": 135,
      "Name": "TrainVisitorPet",
      "GroupGUID": "cdd3245f-a89f-4647-96d0-cfa964b30963",
      "GroupPath": "Config/LevelOutput/Group/Groups_P10000_F10000000/LevelGroup_P10000_F10000000_G135.json"
    },
    {
      "ID": 136,
      "Name": "MainMission8002107_1",
      "GroupGUID": "2931dc60-b2e2-4961-9ceb-87f149c50d1d",
      "GroupPath": "Config/LevelOutput/Group/Groups_P10000_F10000000/LevelGroup_P10000_F10000000_G136.json"
    },
    {
      "ID": 140,
      "Name": "MainMission2021009_",
      "GroupGUID": "b208fa89-aebe-4367-86f8-223de935fdb2",
      "GroupPath": "Config/LevelOutput/Group/Groups_P10000_F10000000/LevelGroup_P10000_F10000000_G140.json"
    },
    {
      "ID": 142,
      "Name": "log book",
      "GroupGUID": "b2561729-ca03-44b9-b8dd-b7cf9676cf14",
      "GroupPath": "Config/LevelOutput/Group/Groups_P10000_F10000000/LevelGroup_P10000_F10000000_G142.json"
    },
    {
      "ID": 143,
      "Name": "MainMission2021001_",
      "GroupGUID": "5d538f3b-4a9b-4356-b680-871fe2593c9b",
      "GroupPath": "Config/LevelOutput/Group/Groups_P10000_F10000000/LevelGroup_P10000_F10000000_G143.json"
    },
    {
      "ID": 144,
      "Name": "MainMission4050038_01",
      "GroupGUID": "f6f2295c-6240-440c-af7f-299d372feb97",
      "GroupPath": "Config/LevelOutput/Group/Groups_P10000_F10000000/LevelGroup_P10000_F10000000_G144.json"
    },
    {
      "ID": 145,
      "Name": "MainMission4050039_01",
      "GroupGUID": "d9f2c093-8c2f-46e7-b593-1fdce3e94302",
      "GroupPath": "Config/LevelOutput/Group/Groups_P10000_F10000000/LevelGroup_P10000_F10000000_G145.json"
    },
    {
      "ID": 152,
      "Name": "MainMission2000801_2",
      "GroupGUID": "35de6f27-1590-43cf-87e6-53fbf77befb6",
      "GroupPath": "Config/LevelOutput/Group/Groups_P10000_F10000000/LevelGroup_P10000_F10000000_G152.json"
    },
    {
      "ID": 153,
      "Name": "MainMission2000803_1",
      "GroupGUID": "9a737a7c-f3b4-4f15-9b55-d623720f18f2",
      "GroupPath": "Config/LevelOutput/Group/Groups_P10000_F10000000/LevelGroup_P10000_F10000000_G153.json"
    },
    {
      "ID": 154,
      "Name": "MainMission8015163_801516304",
      "GroupGUID": "39d2c3ea-a46d-463b-a4ac-25709ea91043",
      "GroupPath": "Config/LevelOutput/Group/Groups_P10000_F10000000/LevelGroup_P10000_F10000000_G154.json"
    },
    {
      "ID": 155,
      "Name": "MainMission8015163_801516305",
      "GroupGUID": "24dd12ed-b14f-4136-b6fb-fa1b4c476979",
      "GroupPath": "Config/LevelOutput/Group/Groups_P10000_F10000000/LevelGroup_P10000_F10000000_G155.json"
    },
    {
      "ID": 156,
      "Name": "MainMission8015163_801516309",
      "GroupGUID": "070d2381-4df0-4b90-a455-8b4cdef79ec2",
      "GroupPath": "Config/LevelOutput/Group/Groups_P10000_F10000000/LevelGroup_P10000_F10000000_G156.json"
    },
    {
      "ID": 157,
      "Name": "MainMission8015163_801516310",
      "GroupGUID": "cbc37b23-04cd-4c63-9b30-f9789647a4f4",
      "GroupPath": "Config/LevelOutput/Group/Groups_P10000_F10000000/LevelGroup_P10000_F10000000_G157.json"
    },
    {
      "ID": 158,
      "Name": "MainMission8015163_801516317",
      "GroupGUID": "b8202fd6-4003-4589-a6ac-f93b8b35ffb3",
      "GroupPath": "Config/LevelOutput/Group/Groups_P10000_F10000000/LevelGroup_P10000_F10000000_G158.json"
    },
    {
      "ID": 159,
      "Name": "MainMission8015163_801516320",
      "GroupGUID": "afe4f499-2f1c-49fa-b73c-7aeb73a73e9f",
      "GroupPath": "Config/LevelOutput/Group/Groups_P10000_F10000000/LevelGroup_P10000_F10000000_G159.json"
    },
    {
      "ID": 160,
      "Name": "MainMission8015163_801516301",
      "GroupGUID": "93aaea67-cd5c-4ed8-aed0-b6a4550b7730",
      "GroupPath": "Config/LevelOutput/Group/Groups_P10000_F10000000/LevelGroup_P10000_F10000000_G160.json"
    },
    {
      "ID": 161,
      "Name": "MainMission8015163_801516321",
      "GroupGUID": "12d226cf-15bb-47df-8f71-57fe65ba45f2",
      "GroupPath": "Config/LevelOutput/Group/Groups_P10000_F10000000/LevelGroup_P10000_F10000000_G161.json"
    }
  ]
}