{
  "FloorID": 10102004,
  "FloorName": "FloorName_10102004",
  "StartGroupID": 2,
  "StartAnchorID": 1,
  "GroupList": [
    {
      "ID": 2,
      "Name": "DefaultData",
      "GroupGUID": "dd033252-b651-48bb-a6a7-0550ffd76791",
      "GroupPath": "Config/LevelOutput/Group/Groups_P10102_F10102004/LevelGroup_P10102_F10102004_G2.json"
    },
    {
      "ID": 3,
      "Name": "DefaultProps",
      "GroupGUID": "989c01d1-a3f0-4c42-ba10-afd1078b6172",
      "GroupPath": "Config/LevelOutput/Group/Groups_P10102_F10102004/LevelGroup_P10102_F10102004_G3.json"
    },
    {
      "ID": 4,
      "Name": "MainMission",
      "GroupGUID": "7964eccb-e2a4-4c24-bd28-400a8731becc",
      "GroupPath": "Config/LevelOutput/Group/Groups_P10102_F10102004/LevelGroup_P10102_F10102004_G4.json"
    },
    {
      "ID": 1,
      "Name": "Town_TestCase",
      "GroupGUID": "561c4266-a432-4d9c-b385-9c43d9e10be1",
      "GroupPath": "Config/LevelOutput/Group/Groups_P10102_F10102004/LevelGroup_P10102_F10102004_G1.json"
    },
    {
      "ID": 5,
      "Name": "SubMission_201070102",
      "GroupGUID": "34717195-1e34-4ee3-97a9-9404dfa203d0",
      "GroupPath": "Config/LevelOutput/Group/Groups_P10102_F10102004/LevelGroup_P10102_F10102004_G5.json"
    },
    {
      "ID": 6,
      "Name": "SubMission_201070901",
      "GroupGUID": "e0a737a3-7cdd-4e3d-a3c7-2024e3e96812",
      "GroupPath": "Config/LevelOutput/Group/Groups_P10102_F10102004/LevelGroup_P10102_F10102004_G6.json"
    },
    {
      "ID": 7,
      "Name": "SubMission_201090402",
      "GroupGUID": "b3300ba6-409f-4563-ad5f-f2edc59c0587",
      "GroupPath": "Config/LevelOutput/Group/Groups_P10102_F10102004/LevelGroup_P10102_F10102004_G7.json"
    },
    {
      "ID": 8,
      "Name": "SubMission",
      "GroupGUID": "203a67cb-8f0d-440f-953a-8ab71425a645",
      "GroupPath": "Config/LevelOutput/Group/Groups_P10102_F10102004/LevelGroup_P10102_F10102004_G8.json"
    },
    {
      "ID": 9,
      "Name": "SubMission_201090420",
      "GroupGUID": "f30c36cc-b6c1-43ac-86a0-aed46b00a8dc",
      "GroupPath": "Config/LevelOutput/Group/Groups_P10102_F10102004/LevelGroup_P10102_F10102004_G9.json"
    },
    {
      "ID": 10,
      "Name": "SubMission_201070901_2",
      "GroupGUID": "659c27db-eec1-4d9e-8d3d-4dc8bc39b79d",
      "GroupPath": "Config/LevelOutput/Group/Groups_P10102_F10102004/LevelGroup_P10102_F10102004_G10.json"
    },
    {
      "ID": 12,
      "Name": "Sound",
      "GroupGUID": "215e1327-3d6d-46c8-8caf-dce2829d5c36",
      "GroupPath": "Config/LevelOutput/Group/Groups_P10102_F10102004/LevelGroup_P10102_F10102004_G12.json"
    },
    {
      "ID": 13,
      "Name": "SubMission_201070102",
      "GroupGUID": "0949491b-ba00-4e1c-ab76-d05c4222cbe5",
      "GroupPath": "Config/LevelOutput/Group/Groups_P10102_F10102004/LevelGroup_P10102_F10102004_G13.json"
    },
    {
      "ID": 16,
      "Name": "SubMission",
      "GroupGUID": "1bc13def-10a4-4732-bea1-ecf70e80d4e1",
      "GroupPath": "Config/LevelOutput/Group/Groups_P10102_F10102004/LevelGroup_P10102_F10102004_G16.json"
    },
    {
      "ID": 17,
      "Name": "InvestigativeProps",
      "GroupGUID": "0a04a4e5-21c7-4c1d-b882-2c8450e23797",
      "GroupPath": "Config/LevelOutput/Group/Groups_P10102_F10102004/LevelGroup_P10102_F10102004_G17.json"
    },
    {
      "ID": 18,
      "Name": "SimpleMission",
      "GroupGUID": "f87fd241-7aa0-48ca-9254-92b5824afed9",
      "GroupPath": "Config/LevelOutput/Group/Groups_P10102_F10102004/LevelGroup_P10102_F10102004_G18.json"
    },
    {
      "ID": 19,
      "Name": "SimpleMission",
      "GroupGUID": "6996a712-d80c-48c3-8eb6-33ec72d2773b",
      "GroupPath": "Config/LevelOutput/Group/Groups_P10102_F10102004/LevelGroup_P10102_F10102004_G19.json"
    },
    {
      "ID": 20,
      "Name": "CrowdBubble",
      "GroupGUID": "ca8fbb29-7308-4419-8784-8126f16ef194",
      "GroupPath": "Config/LevelOutput/Group/Groups_P10102_F10102004/LevelGroup_P10102_F10102004_G20.json"
    },
    {
      "ID": 21,
      "Name": "MainMission4040118_",
      "GroupGUID": "7b9a0e4d-20b2-4e50-b855-b3631f6be9eb",
      "GroupPath": "Config/LevelOutput/Group/Groups_P10102_F10102004/LevelGroup_P10102_F10102004_G21.json"
    },
    {
      "ID": 22,
      "Name": "MainMission2011601_",
      "GroupGUID": "2b3a0851-32cf-45ca-9a96-f54c15d49603",
      "GroupPath": "Config/LevelOutput/Group/Groups_P10102_F10102004/LevelGroup_P10102_F10102004_G22.json"
    },
    {
      "ID": 23,
      "Name": "MainMission2010701_02",
      "GroupGUID": "a2df0958-2c13-431c-bce4-274b6aa0f045",
      "GroupPath": "Config/LevelOutput/Group/Groups_P10102_F10102004/LevelGroup_P10102_F10102004_G23.json"
    },
    {
      "ID": 24,
      "Name": "SubMission_201073001",
      "GroupGUID": "18524452-4a0d-4939-abff-c5cfa1da4dfb",
      "GroupPath": "Config/LevelOutput/Group/Groups_P10102_F10102004/LevelGroup_P10102_F10102004_G24.json"
    },
    {
      "ID": 25,
      "Name": "MainMission4040130_Luka",
      "GroupGUID": "84e7f7c0-d699-44c2-94a1-e4c2c14b571f",
      "GroupPath": "Config/LevelOutput/Group/Groups_P10102_F10102004/LevelGroup_P10102_F10102004_G25.json"
    },
    {
      "ID": 26,
      "Name": "NormalLuka",
      "GroupGUID": "3b37179d-d9af-474f-a08b-1af0a997da1b",
      "GroupPath": "Config/LevelOutput/Group/Groups_P10102_F10102004/LevelGroup_P10102_F10102004_G26.json"
    },
    {
      "ID": 27,
      "Name": "BoxClub2Hide",
      "GroupGUID": "136cf65c-06ac-4291-b7fb-bb35017df54f",
      "GroupPath": "Config/LevelOutput/Group/Groups_P10102_F10102004/LevelGroup_P10102_F10102004_G27.json"
    },
    {
      "ID": 30,
      "Name": "MainMission8015203_01",
      "GroupGUID": "7dd7ad2a-5e0a-421c-a415-a80cfdb053d8",
      "GroupPath": "Config/LevelOutput/Group/Groups_P10102_F10102004/LevelGroup_P10102_F10102004_G30.json"
    },
    {
      "ID": 31,
      "Name": "MainMission8015201_01",
      "GroupGUID": "aa2488cf-1f20-4ac8-80cf-85e0bebcb84d",
      "GroupPath": "Config/LevelOutput/Group/Groups_P10102_F10102004/LevelGroup_P10102_F10102004_G31.json"
    },
    {
      "ID": 32,
      "Name": "MainMission8015202_02",
      "GroupGUID": "74c8b9c6-04af-4f29-a61f-9a5d87590307",
      "GroupPath": "Config/LevelOutput/Group/Groups_P10102_F10102004/LevelGroup_P10102_F10102004_G32.json"
    }
  ]
}