{
  "FloorID": 10102002,
  "FloorName": "FloorName_10102002",
  "StartGroupID": 2,
  "StartAnchorID": 1,
  "GroupList": [
    {
      "ID": 2,
      "Name": "Default",
      "GroupGUID": "517de9a2-3a23-466c-8ece-01d6d762cb1a",
      "GroupPath": "Config/LevelOutput/Group/Groups_P10102_F10102002/LevelGroup_P10102_F10102002_G2.json"
    },
    {
      "ID": 4,
      "Name": "Books",
      "GroupGUID": "6748a7b0-d959-449a-b5ee-c082834422b1",
      "GroupPath": "Config/LevelOutput/Group/Groups_P10102_F10102002/LevelGroup_P10102_F10102002_G4.json"
    },
    {
      "ID": 9,
      "Name": "MainMission_1010601_03",
      "GroupGUID": "8b1482bf-9d74-4892-a238-da7778146f9b",
      "GroupPath": "Config/LevelOutput/Group/Groups_P10102_F10102002/LevelGroup_P10102_F10102002_G9.json"
    },
    {
      "ID": 11,
      "Name": "MainMission_Prop",
      "GroupGUID": "13eedd9f-3d88-4d27-b726-2150cc2115f9",
      "GroupPath": "Config/LevelOutput/Group/Groups_P10102_F10102002/LevelGroup_P10102_F10102002_G11.json"
    },
    {
      "ID": 8,
      "Name": "MainMission_101060103",
      "GroupGUID": "7b07fdb3-141e-4871-a659-7d155f7ccc42",
      "GroupPath": "Config/LevelOutput/Group/Groups_P10102_F10102002/LevelGroup_P10102_F10102002_G8.json"
    },
    {
      "ID": 1,
      "Name": "Sound",
      "GroupGUID": "af7bd560-92ac-4287-9996-c73e4016963c",
      "GroupPath": "Config/LevelOutput/Group/Groups_P10102_F10102002/LevelGroup_P10102_F10102002_G1.json"
    },
    {
      "ID": 14,
      "Name": "MainMission4040121_",
      "GroupGUID": "b3894cfa-1751-478f-b168-f2a1b9a2cc6b",
      "GroupPath": "Config/LevelOutput/Group/Groups_P10102_F10102002/LevelGroup_P10102_F10102002_G14.json"
    },
    {
      "ID": 15,
      "Name": "MainMission2011901_18",
      "GroupGUID": "810e28c8-c907-4068-837c-c32fa817ac61",
      "GroupPath": "Config/LevelOutput/Group/Groups_P10102_F10102002/LevelGroup_P10102_F10102002_G15.json"
    },
    {
      "ID": 16,
      "Name": "DreamTest",
      "GroupGUID": "a9feeed1-1b8b-4a1c-801c-925cefa19d14",
      "GroupPath": "Config/LevelOutput/Group/Groups_P10102_F10102002/LevelGroup_P10102_F10102002_G16.json"
    }
  ]
}