{
  "FloorID": 10101004,
  "FloorName": "FloorName_10101004",
  "StartGroupID": 1,
  "StartAnchorID": 1,
  "GroupList": [
    {
      "ID": 1,
      "Name": "Group0",
      "GroupGUID": "dd6e1102-1539-407a-8470-3905b0b53648",
      "GroupPath": "Config/LevelOutput/Group/Groups_P10101_F10101004/LevelGroup_P10101_F10101004_G1.json"
    },
    {
      "ID": 2,
      "Name": "investigative",
      "GroupGUID": "e5350ec4-356b-4b2c-bd22-030370730cb0",
      "GroupPath": "Config/LevelOutput/Group/Groups_P10101_F10101004/LevelGroup_P10101_F10101004_G2.json"
    },
    {
      "ID": 3,
      "Name": "MainMission",
      "GroupGUID": "036e1597-f234-4842-aeeb-7f599df8baff",
      "GroupPath": "Config/LevelOutput/Group/Groups_P10101_F10101004/LevelGroup_P10101_F10101004_G3.json"
    },
    {
      "ID": 5,
      "Name": "MainMission",
      "GroupGUID": "e0a730c6-5ac0-45e6-b276-e4f4fcae5037",
      "GroupPath": "Config/LevelOutput/Group/Groups_P10101_F10101004/LevelGroup_P10101_F10101004_G5.json"
    },
    {
      "ID": 6,
      "Name": "Book",
      "GroupGUID": "5ae29312-fa5e-40af-9a34-4bcadeb8372c",
      "GroupPath": "Config/LevelOutput/Group/Groups_P10101_F10101004/LevelGroup_P10101_F10101004_G6.json"
    },
    {
      "ID": 7,
      "Name": "Book",
      "GroupGUID": "7d9ff625-adf5-4d2f-814a-930abae42c2c",
      "GroupPath": "Config/LevelOutput/Group/Groups_P10101_F10101004/LevelGroup_P10101_F10101004_G7.json"
    },
    {
      "ID": 8,
      "Name": "Book",
      "GroupGUID": "2100f4de-7606-4489-a0f7-7ba0e3a37bfb",
      "GroupPath": "Config/LevelOutput/Group/Groups_P10101_F10101004/LevelGroup_P10101_F10101004_G8.json"
    },
    {
      "ID": 9,
      "Name": "Book",
      "GroupGUID": "9c209cfa-d71a-4bb7-83a8-5ba0c418bfb0",
      "GroupPath": "Config/LevelOutput/Group/Groups_P10101_F10101004/LevelGroup_P10101_F10101004_G9.json"
    },
    {
      "ID": 11,
      "Name": "Sound",
      "GroupGUID": "327e3f40-60aa-4f14-81af-aaf8541f996b",
      "GroupPath": "Config/LevelOutput/Group/Groups_P10101_F10101004/LevelGroup_P10101_F10101004_G11.json"
    },
    {
      "ID": 12,
      "Name": "MainMission",
      "GroupGUID": "2ed9b93a-c449-45ad-a2e6-bf8f2e357806",
      "GroupPath": "Config/LevelOutput/Group/Groups_P10101_F10101004/LevelGroup_P10101_F10101004_G12.json"
    },
    {
      "ID": 13,
      "Name": "MainMission4040124_",
      "GroupGUID": "bbf6ee7a-d237-4377-bb8d-a09213eec7e2",
      "GroupPath": "Config/LevelOutput/Group/Groups_P10101_F10101004/LevelGroup_P10101_F10101004_G13.json"
    },
    {
      "ID": 14,
      "Name": "MainMission2011905_02",
      "GroupGUID": "f1de833e-8a44-4bba-a634-7d614e5697ab",
      "GroupPath": "Config/LevelOutput/Group/Groups_P10101_F10101004/LevelGroup_P10101_F10101004_G14.json"
    },
    {
      "ID": 15,
      "Name": "DreamTest",
      "GroupGUID": "54c6318b-b522-401c-a388-c72854fe1f21",
      "GroupPath": "Config/LevelOutput/Group/Groups_P10101_F10101004/LevelGroup_P10101_F10101004_G15.json"
    }
  ]
}