{
  "FloorID": 10101005,
  "FloorName": "FloorName_10101005",
  "StartGroupID": 2,
  "StartAnchorID": 1,
  "GroupList": [
    {
      "ID": 2,
      "Name": "Default",
      "GroupGUID": "11cd7cc1-5a6d-423f-8ce7-af26f1d476e4",
      "GroupPath": "Config/LevelOutput/Group/Groups_P10101_F10101005/LevelGroup_P10101_F10101005_G2.json"
    },
    {
      "ID": 37,
      "Name": "BattleArea",
      "GroupGUID": "388f20d5-4ce4-409d-8e83-95d20cf0673c",
      "GroupPath": "Config/LevelOutput/Group/Groups_P10101_F10101005/LevelGroup_P10101_F10101005_G37.json"
    },
    {
      "ID": 3,
      "Name": "NPCs",
      "GroupGUID": "66e1ea12-e8cd-4055-832f-3298e748eb01",
      "GroupPath": "Config/LevelOutput/Group/Groups_P10101_F10101005/LevelGroup_P10101_F10101005_G3.json"
    },
    {
      "ID": 1,
      "Name": "Investigative",
      "GroupGUID": "250ad4e6-ae1b-4986-bad6-67f0e154edea",
      "GroupPath": "Config/LevelOutput/Group/Groups_P10101_F10101005/LevelGroup_P10101_F10101005_G1.json"
    },
    {
      "ID": 4,
      "Name": "MainMission",
      "GroupGUID": "2bae3490-0ebb-4c5d-8d8c-c83ce1cae30e",
      "GroupPath": "Config/LevelOutput/Group/Groups_P10101_F10101005/LevelGroup_P10101_F10101005_G4.json"
    },
    {
      "ID": 12,
      "Name": "New Group",
      "GroupGUID": "25d56554-db2a-4cc7-aee1-0aee78646e1a",
      "GroupPath": "Config/LevelOutput/Group/Groups_P10101_F10101005/LevelGroup_P10101_F10101005_G12.json"
    },
    {
      "ID": 13,
      "Name": "MainMission_NPC",
      "GroupGUID": "0a7edb76-096f-46c6-9f21-b070753fedbe",
      "GroupPath": "Config/LevelOutput/Group/Groups_P10101_F10101005/LevelGroup_P10101_F10101005_G13.json"
    },
    {
      "ID": 14,
      "Name": "Sound",
      "GroupGUID": "200d259c-58b5-4dcf-8467-f29f10bffc42",
      "GroupPath": "Config/LevelOutput/Group/Groups_P10101_F10101005/LevelGroup_P10101_F10101005_G14.json"
    },
    {
      "ID": 15,
      "Name": "SubMission",
      "GroupGUID": "0948344e-a1f0-410c-8485-5e7bc55ea18b",
      "GroupPath": "Config/LevelOutput/Group/Groups_P10101_F10101005/LevelGroup_P10101_F10101005_G15.json"
    },
    {
      "ID": 16,
      "Name": "MainMission3011408_",
      "GroupGUID": "b9545d67-5ffa-4c07-b592-e368ab5c0a10",
      "GroupPath": "Config/LevelOutput/Group/Groups_P10101_F10101005/LevelGroup_P10101_F10101005_G16.json"
    },
    {
      "ID": 17,
      "Name": "MainMission3010205_",
      "GroupGUID": "bc6cd646-4e30-4829-b127-81d880300f3d",
      "GroupPath": "Config/LevelOutput/Group/Groups_P10101_F10101005/LevelGroup_P10101_F10101005_G17.json"
    },
    {
      "ID": 18,
      "Name": "CrowdBubble",
      "GroupGUID": "97428732-1548-4c16-b979-c73d59cab8f4",
      "GroupPath": "Config/LevelOutput/Group/Groups_P10101_F10101005/LevelGroup_P10101_F10101005_G18.json"
    },
    {
      "ID": 19,
      "Name": "DailyMission",
      "GroupGUID": "dc1d6594-61ca-44fb-8ff8-61825914bbec",
      "GroupPath": "Config/LevelOutput/Group/Groups_P10101_F10101005/LevelGroup_P10101_F10101005_G19.json"
    },
    {
      "ID": 20,
      "Name": "DailyMission",
      "GroupGUID": "5624ba20-3613-49b2-8c37-0ce46f745122",
      "GroupPath": "Config/LevelOutput/Group/Groups_P10101_F10101005/LevelGroup_P10101_F10101005_G20.json"
    },
    {
      "ID": 27,
      "Name": "New Group",
      "GroupGUID": "f0992daf-7cfa-4804-866b-ac86651f764b",
      "GroupPath": "Config/LevelOutput/Group/Groups_P10101_F10101005/LevelGroup_P10101_F10101005_G27.json"
    },
    {
      "ID": 28,
      "Name": "MainMission8000181_Mission",
      "GroupGUID": "a9f0680f-0f49-43e4-b3f9-8792049e0e9e",
      "GroupPath": "Config/LevelOutput/Group/Groups_P10101_F10101005/LevelGroup_P10101_F10101005_G28.json"
    },
    {
      "ID": 29,
      "Name": "MainMission8000182_Mission",
      "GroupGUID": "abd75486-bc5c-4817-9cdb-ee295f112995",
      "GroupPath": "Config/LevelOutput/Group/Groups_P10101_F10101005/LevelGroup_P10101_F10101005_G29.json"
    },
    {
      "ID": 30,
      "Name": "MainMission8000183_Mission",
      "GroupGUID": "fa7650b1-b253-435d-9abf-1ec4ceaa1598",
      "GroupPath": "Config/LevelOutput/Group/Groups_P10101_F10101005/LevelGroup_P10101_F10101005_G30.json"
    },
    {
      "ID": 31,
      "Name": "MainMission8000184_Mission",
      "GroupGUID": "1f021d55-8658-450e-bac7-2792b1029c6e",
      "GroupPath": "Config/LevelOutput/Group/Groups_P10101_F10101005/LevelGroup_P10101_F10101005_G31.json"
    },
    {
      "ID": 32,
      "Name": "MainMission8000185_Mission",
      "GroupGUID": "e6fa0ad2-b11d-4bd5-af92-383fb8b25944",
      "GroupPath": "Config/LevelOutput/Group/Groups_P10101_F10101005/LevelGroup_P10101_F10101005_G32.json"
    },
    {
      "ID": 33,
      "Name": "MainMission8000186_Mission",
      "GroupGUID": "f6c862d7-7e80-4310-80da-1bda1c7fd0bb",
      "GroupPath": "Config/LevelOutput/Group/Groups_P10101_F10101005/LevelGroup_P10101_F10101005_G33.json"
    },
    {
      "ID": 34,
      "Name": "MainMission8000181_Mission",
      "GroupGUID": "65fa5a19-5436-436b-9a04-0a779710346c",
      "GroupPath": "Config/LevelOutput/Group/Groups_P10101_F10101005/LevelGroup_P10101_F10101005_G34.json"
    },
    {
      "ID": 35,
      "Name": "New Group",
      "GroupGUID": "0adf551a-78c3-4f2d-95df-8eb0495ed64b",
      "GroupPath": "Config/LevelOutput/Group/Groups_P10101_F10101005/LevelGroup_P10101_F10101005_G35.json"
    },
    {
      "ID": 38,
      "Name": "MainMission8014104_Mission",
      "GroupGUID": "5084b6bc-5b6b-4405-be49-33c59e3704e6",
      "GroupPath": "Config/LevelOutput/Group/Groups_P10101_F10101005/LevelGroup_P10101_F10101005_G38.json"
    },
    {
      "ID": 39,
      "Name": "MainMission8014103_Mission",
      "GroupGUID": "b4252077-5552-4c1d-88f3-0a6cf6af6e1a",
      "GroupPath": "Config/LevelOutput/Group/Groups_P10101_F10101005/LevelGroup_P10101_F10101005_G39.json"
    }
  ]
}