{
  "FloorID": 10101006,
  "FloorName": "FloorName_10101006",
  "StartGroupID": 2,
  "StartAnchorID": 1,
  "GroupList": [
    {
      "ID": 2,
      "Name": "DefaultGroup",
      "GroupGUID": "82dd73c2-3594-486c-8805-40cbac18a041",
      "GroupPath": "Config/LevelOutput/Group/Groups_P10101_F10101006/LevelGroup_P10101_F10101006_G2.json"
    },
    {
      "ID": 3,
      "Name": "Books",
      "GroupGUID": "6cc24f9c-3fc7-4c6e-99fc-892ed0c89608",
      "GroupPath": "Config/LevelOutput/Group/Groups_P10101_F10101006/LevelGroup_P10101_F10101006_G3.json"
    },
    {
      "ID": 4,
      "Name": "MainMission",
      "GroupGUID": "13c206fe-6b94-4cbc-b70a-3aff5ea0f908",
      "GroupPath": "Config/LevelOutput/Group/Groups_P10101_F10101006/LevelGroup_P10101_F10101006_G4.json"
    },
    {
      "ID": 1,
      "Name": "Sound",
      "GroupGUID": "c92b4677-9546-48ed-969d-1c3ef78ea0b5",
      "GroupPath": "Config/LevelOutput/Group/Groups_P10101_F10101006/LevelGroup_P10101_F10101006_G1.json"
    },
    {
      "ID": 10,
      "Name": "New Group",
      "GroupGUID": "a0bf7e3a-a2be-4c4b-8920-2ac03ebe60e9",
      "GroupPath": "Config/LevelOutput/Group/Groups_P10101_F10101006/LevelGroup_P10101_F10101006_G10.json"
    },
    {
      "ID": 11,
      "Name": "SimpleMission",
      "GroupGUID": "46b3647a-2ad3-4970-8a98-61538421b25f",
      "GroupPath": "Config/LevelOutput/Group/Groups_P10101_F10101006/LevelGroup_P10101_F10101006_G11.json"
    },
    {
      "ID": 12,
      "Name": "MainMission2011905_05",
      "GroupGUID": "98f15f3a-3b7d-4746-a385-970cc1392a10",
      "GroupPath": "Config/LevelOutput/Group/Groups_P10101_F10101006/LevelGroup_P10101_F10101006_G12.json"
    },
    {
      "ID": 14,
      "Name": "MainMission2010203_30",
      "GroupGUID": "a8a4d1d5-990c-4c5f-8b29-e58e129d8d23",
      "GroupPath": "Config/LevelOutput/Group/Groups_P10101_F10101006/LevelGroup_P10101_F10101006_G14.json"
    }
  ]
}