{
  "FloorID": 10101007,
  "FloorName": "FloorName_10101007",
  "StartGroupID": 1,
  "StartAnchorID": 1,
  "GroupList": [
    {
      "ID": 1,
      "Name": "Default",
      "GroupGUID": "ff568e14-ef1c-4e2b-9ebd-ef08bac4923b",
      "GroupPath": "Config/LevelOutput/Group/Groups_P10101_F10101007/LevelGroup_P10101_F10101007_G1.json"
    },
    {
      "ID": 2,
      "Name": "Investigative",
      "GroupGUID": "e8f2daa0-5d9a-451a-8986-7b0097d41511",
      "GroupPath": "Config/LevelOutput/Group/Groups_P10101_F10101007/LevelGroup_P10101_F10101007_G2.json"
    },
    {
      "ID": 9,
      "Name": "Teleport",
      "GroupGUID": "460c6060-1c9d-4dc4-89f9-503eea03a92f",
      "GroupPath": "Config/LevelOutput/Group/Groups_P10101_F10101007/LevelGroup_P10101_F10101007_G9.json"
    },
    {
      "ID": 5,
      "Name": "NPCs",
      "GroupGUID": "04c0273f-020a-4a1c-b812-64533026376d",
      "GroupPath": "Config/LevelOutput/Group/Groups_P10101_F10101007/LevelGroup_P10101_F10101007_G5.json"
    },
    {
      "ID": 3,
      "Name": "Books",
      "GroupGUID": "b6a776dc-851d-4a15-998e-7b5b0d9db62c",
      "GroupPath": "Config/LevelOutput/Group/Groups_P10101_F10101007/LevelGroup_P10101_F10101007_G3.json"
    },
    {
      "ID": 6,
      "Name": "SubjectMission",
      "GroupGUID": "71370bef-d015-45cb-a6e1-c8cfdc067a28",
      "GroupPath": "Config/LevelOutput/Group/Groups_P10101_F10101007/LevelGroup_P10101_F10101007_G6.json"
    },
    {
      "ID": 7,
      "Name": "NPC",
      "GroupGUID": "eb200764-d11b-4958-bab5-f27a8c94b1a8",
      "GroupPath": "Config/LevelOutput/Group/Groups_P10101_F10101007/LevelGroup_P10101_F10101007_G7.json"
    },
    {
      "ID": 8,
      "Name": "MainMission",
      "GroupGUID": "e07ffd43-0ba2-43c5-a960-c5451ab1fa00",
      "GroupPath": "Config/LevelOutput/Group/Groups_P10101_F10101007/LevelGroup_P10101_F10101007_G8.json"
    },
    {
      "ID": 10,
      "Name": "MainMission",
      "GroupGUID": "89efd2f9-0f88-48e9-a65a-ee0401e43e36",
      "GroupPath": "Config/LevelOutput/Group/Groups_P10101_F10101007/LevelGroup_P10101_F10101007_G10.json"
    },
    {
      "ID": 11,
      "Name": "SubjectMission",
      "GroupGUID": "fd828d1f-3716-4efd-adca-a81270dd327f",
      "GroupPath": "Config/LevelOutput/Group/Groups_P10101_F10101007/LevelGroup_P10101_F10101007_G11.json"
    },
    {
      "ID": 12,
      "Name": "MainMission",
      "GroupGUID": "fa643064-ed73-44bd-a191-11c572576471",
      "GroupPath": "Config/LevelOutput/Group/Groups_P10101_F10101007/LevelGroup_P10101_F10101007_G12.json"
    },
    {
      "ID": 14,
      "Name": "MainMission",
      "GroupGUID": "304d890d-3f2e-40bd-a02d-69bc640df082",
      "GroupPath": "Config/LevelOutput/Group/Groups_P10101_F10101007/LevelGroup_P10101_F10101007_G14.json"
    },
    {
      "ID": 15,
      "Name": "MainMission",
      "GroupGUID": "70a1deed-d31d-48b0-ae3f-f3d1ba75c758",
      "GroupPath": "Config/LevelOutput/Group/Groups_P10101_F10101007/LevelGroup_P10101_F10101007_G15.json"
    },
    {
      "ID": 16,
      "Name": "SubMission",
      "GroupGUID": "078a18c3-254f-41ce-89ac-7004f59f9986",
      "GroupPath": "Config/LevelOutput/Group/Groups_P10101_F10101007/LevelGroup_P10101_F10101007_G16.json"
    },
    {
      "ID": 18,
      "Name": "MainMission1011503_",
      "GroupGUID": "70b17d1f-2f5f-425f-b5c7-e746ca3715ba",
      "GroupPath": "Config/LevelOutput/Group/Groups_P10101_F10101007/LevelGroup_P10101_F10101007_G18.json"
    },
    {
      "ID": 19,
      "Name": "Sound",
      "GroupGUID": "84fa3595-f3b1-44a7-8921-04681ccf24bb",
      "GroupPath": "Config/LevelOutput/Group/Groups_P10101_F10101007/LevelGroup_P10101_F10101007_G19.json"
    },
    {
      "ID": 20,
      "Name": "SubMission",
      "GroupGUID": "26d6f45e-4ccb-49be-8f34-ba3febdd5068",
      "GroupPath": "Config/LevelOutput/Group/Groups_P10101_F10101007/LevelGroup_P10101_F10101007_G20.json"
    },
    {
      "ID": 22,
      "Name": "SubMission",
      "GroupGUID": "abda3244-79fd-4f71-8987-74b472487a64",
      "GroupPath": "Config/LevelOutput/Group/Groups_P10101_F10101007/LevelGroup_P10101_F10101007_G22.json"
    },
    {
      "ID": 25,
      "Name": "CablePuzzle",
      "GroupGUID": "4e0a51fe-16a0-4908-bf86-ab4b0566a529",
      "GroupPath": "Config/LevelOutput/Group/Groups_P10101_F10101007/LevelGroup_P10101_F10101007_G25.json"
    },
    {
      "ID": 26,
      "Name": "SubMission_NPC",
      "GroupGUID": "508510f5-eb7c-4596-8db3-d81d79409d4c",
      "GroupPath": "Config/LevelOutput/Group/Groups_P10101_F10101007/LevelGroup_P10101_F10101007_G26.json"
    },
    {
      "ID": 28,
      "Name": "DailyMission",
      "GroupGUID": "8032758f-288d-4eaa-8d16-a58e20d507c2",
      "GroupPath": "Config/LevelOutput/Group/Groups_P10101_F10101007/LevelGroup_P10101_F10101007_G28.json"
    },
    {
      "ID": 31,
      "Name": "Recorder",
      "GroupGUID": "6095efe9-f0d6-4a64-b72a-9bfa6dae8b14",
      "GroupPath": "Config/LevelOutput/Group/Groups_P10101_F10101007/LevelGroup_P10101_F10101007_G31.json"
    },
    {
      "ID": 32,
      "Name": "SubMission",
      "GroupGUID": "86332af3-7ed6-4f5c-ad46-eeebadae62f4",
      "GroupPath": "Config/LevelOutput/Group/Groups_P10101_F10101007/LevelGroup_P10101_F10101007_G32.json"
    },
    {
      "ID": 33,
      "Name": "MainMission1011503_",
      "GroupGUID": "1a0acc86-e0bd-443f-a936-ec05111f3beb",
      "GroupPath": "Config/LevelOutput/Group/Groups_P10101_F10101007/LevelGroup_P10101_F10101007_G33.json"
    },
    {
      "ID": 34,
      "Name": "MainMission4040125_",
      "GroupGUID": "2295131e-8bcb-4491-9214-9b9a80797730",
      "GroupPath": "Config/LevelOutput/Group/Groups_P10101_F10101007/LevelGroup_P10101_F10101007_G34.json"
    },
    {
      "ID": 35,
      "Name": "MainMission4040126_",
      "GroupGUID": "d42157cc-07e2-4f7f-9677-dc42ea5bbafd",
      "GroupPath": "Config/LevelOutput/Group/Groups_P10101_F10101007/LevelGroup_P10101_F10101007_G35.json"
    },
    {
      "ID": 36,
      "Name": "MainMission2011411_",
      "GroupGUID": "f39dc590-b085-4ec1-9d45-272dc6b858b4",
      "GroupPath": "Config/LevelOutput/Group/Groups_P10101_F10101007/LevelGroup_P10101_F10101007_G36.json"
    },
    {
      "ID": 37,
      "Name": "MainMission2011411_",
      "GroupGUID": "524481cf-0179-4e11-8eeb-4003093c77a7",
      "GroupPath": "Config/LevelOutput/Group/Groups_P10101_F10101007/LevelGroup_P10101_F10101007_G37.json"
    },
    {
      "ID": 38,
      "Name": "MainMission2010201_09",
      "GroupGUID": "4ddcfb58-cd8e-467a-8bed-987f6be56836",
      "GroupPath": "Config/LevelOutput/Group/Groups_P10101_F10101007/LevelGroup_P10101_F10101007_G38.json"
    },
    {
      "ID": 39,
      "Name": "New Group",
      "GroupGUID": "5dd8e68f-23f0-44f1-9838-dfccab39c2fe",
      "GroupPath": "Config/LevelOutput/Group/Groups_P10101_F10101007/LevelGroup_P10101_F10101007_G39.json"
    },
    {
      "ID": 43,
      "Name": "MainMission2010203_03",
      "GroupGUID": "948aaadd-c28f-4d80-9df2-06f1e2c659e2",
      "GroupPath": "Config/LevelOutput/Group/Groups_P10101_F10101007/LevelGroup_P10101_F10101007_G43.json"
    },
    {
      "ID": 44,
      "Name": "New Group",
      "GroupGUID": "38dd2f46-e688-4838-b94e-b1b68be2c23b",
      "GroupPath": "Config/LevelOutput/Group/Groups_P10101_F10101007/LevelGroup_P10101_F10101007_G44.json"
    },
    {
      "ID": 45,
      "Name": "New Group",
      "GroupGUID": "14d774bc-7f34-479a-9c18-3abe52273f43",
      "GroupPath": "Config/LevelOutput/Group/Groups_P10101_F10101007/LevelGroup_P10101_F10101007_G45.json"
    }
  ]
}