{
  "FloorID": 10101009,
  "FloorName": "FloorName_10101009",
  "StartGroupID": 1,
  "StartAnchorID": 1,
  "GroupList": [
    {
      "ID": 1,
      "Name": "DefaultGroup",
      "GroupGUID": "02f1ccea-892e-4bfd-80e9-44036e848d40",
      "GroupPath": "Config/LevelOutput/Group/Groups_P10101_F10101009/LevelGroup_P10101_F10101009_G1.json"
    },
    {
      "ID": 3,
      "Name": "NPC_Normal",
      "GroupGUID": "7783ba0c-2b2b-4f9f-8a59-74851d6d8e4c",
      "GroupPath": "Config/LevelOutput/Group/Groups_P10101_F10101009/LevelGroup_P10101_F10101009_G3.json"
    },
    {
      "ID": 2,
      "Name": "MainMission2011411_",
      "GroupGUID": "19a5686b-6f32-4703-8058-e1b01b9d4276",
      "GroupPath": "Config/LevelOutput/Group/Groups_P10101_F10101009/LevelGroup_P10101_F10101009_G2.json"
    },
    {
      "ID": 4,
      "Name": "MainMission2011411_",
      "GroupGUID": "ddd20c62-4800-444f-a05a-e274c3c6fd7b",
      "GroupPath": "Config/LevelOutput/Group/Groups_P10101_F10101009/LevelGroup_P10101_F10101009_G4.json"
    },
    {
      "ID": 5,
      "Name": "PPT_Prop",
      "GroupGUID": "44debd54-5d6b-44c1-a2d5-48258efc8d12",
      "GroupPath": "Config/LevelOutput/Group/Groups_P10101_F10101009/LevelGroup_P10101_F10101009_G5.json"
    },
    {
      "ID": 6,
      "IsDelete": true,
      "Name": "NPC_PatrolNPC_01",
      "GroupGUID": "bf2c893f-87f2-4849-8c10-00d438130b41",
      "GroupPath": "Config/LevelOutput/Group/Groups_P10101_F10101009/LevelGroup_P10101_F10101009_G6.json"
    },
    {
      "ID": 7,
      "Name": "Sound",
      "GroupGUID": "c42db1ec-f06f-4cf2-aae4-371430b15c55",
      "GroupPath": "Config/LevelOutput/Group/Groups_P10101_F10101009/LevelGroup_P10101_F10101009_G7.json"
    },
    {
      "ID": 9,
      "Name": "MainMission2011901_02",
      "GroupGUID": "a81ded66-c1d5-40c1-b90e-040ba26e2c4f",
      "GroupPath": "Config/LevelOutput/Group/Groups_P10101_F10101009/LevelGroup_P10101_F10101009_G9.json"
    },
    {
      "ID": 11,
      "Name": "MainMission2011901_20",
      "GroupGUID": "4b700d2f-3bc0-44f4-a236-c920950c67d6",
      "GroupPath": "Config/LevelOutput/Group/Groups_P10101_F10101009/LevelGroup_P10101_F10101009_G11.json"
    },
    {
      "ID": 12,
      "Name": "MainMission2011902_01",
      "GroupGUID": "a1c79277-72b0-4697-8723-4fbca2c61e09",
      "GroupPath": "Config/LevelOutput/Group/Groups_P10101_F10101009/LevelGroup_P10101_F10101009_G12.json"
    },
    {
      "ID": 13,
      "Name": "MainMission2011902_02",
      "GroupGUID": "bcde7b30-1ec1-4596-9631-82f89e581431",
      "GroupPath": "Config/LevelOutput/Group/Groups_P10101_F10101009/LevelGroup_P10101_F10101009_G13.json"
    },
    {
      "ID": 14,
      "Name": "MainMission2011906_01",
      "GroupGUID": "c6f0fc32-eaa8-41d1-85f8-34facd130042",
      "GroupPath": "Config/LevelOutput/Group/Groups_P10101_F10101009/LevelGroup_P10101_F10101009_G14.json"
    },
    {
      "ID": 15,
      "Name": "Barrier1",
      "GroupGUID": "4e5faed0-9110-4853-a822-4b7b35a18fb1",
      "GroupPath": "Config/LevelOutput/Group/Groups_P10101_F10101009/LevelGroup_P10101_F10101009_G15.json"
    },
    {
      "ID": 16,
      "Name": "Barrier2",
      "GroupGUID": "a7a2419d-3d43-497f-b585-ad83b7139b46",
      "GroupPath": "Config/LevelOutput/Group/Groups_P10101_F10101009/LevelGroup_P10101_F10101009_G16.json"
    },
    {
      "ID": 18,
      "Name": "NPC_guide",
      "GroupGUID": "595f6d5b-9011-4c9b-9a29-271139ce03d1",
      "GroupPath": "Config/LevelOutput/Group/Groups_P10101_F10101009/LevelGroup_P10101_F10101009_G18.json"
    },
    {
      "ID": 19,
      "Name": "NPC_Yed",
      "GroupGUID": "587f67d1-aaef-47cf-aff8-039d37e12d34",
      "GroupPath": "Config/LevelOutput/Group/Groups_P10101_F10101009/LevelGroup_P10101_F10101009_G19.json"
    },
    {
      "ID": 20,
      "Name": "NPC_Brs",
      "GroupGUID": "67b7b3ee-8256-46b8-9b95-9b825d429a03",
      "GroupPath": "Config/LevelOutput/Group/Groups_P10101_F10101009/LevelGroup_P10101_F10101009_G20.json"
    },
    {
      "ID": 21,
      "Name": "MainMission8001207_GamePlay",
      "GroupGUID": "3439bee3-3642-4e9d-81d0-ea646fbcc7ac",
      "GroupPath": "Config/LevelOutput/Group/Groups_P10101_F10101009/LevelGroup_P10101_F10101009_G21.json"
    },
    {
      "ID": 22,
      "Name": "MainMission8001208_GamePlay",
      "GroupGUID": "bf0e8917-02d9-468e-b80f-d714256315e1",
      "GroupPath": "Config/LevelOutput/Group/Groups_P10101_F10101009/LevelGroup_P10101_F10101009_G22.json"
    },
    {
      "ID": 23,
      "Name": "MainMission8001209_GamePlay",
      "GroupGUID": "1e2fd6a9-a781-4230-82f2-cd9d2a56328f",
      "GroupPath": "Config/LevelOutput/Group/Groups_P10101_F10101009/LevelGroup_P10101_F10101009_G23.json"
    },
    {
      "ID": 24,
      "Name": "MainMission8001216_GamePlay",
      "GroupGUID": "5e1f340b-fe80-4712-957b-787a8442929b",
      "GroupPath": "Config/LevelOutput/Group/Groups_P10101_F10101009/LevelGroup_P10101_F10101009_G24.json"
    },
    {
      "ID": 25,
      "Name": "MainMission8001217_GamePlay",
      "GroupGUID": "35320d17-9116-4d6d-b35f-e9a77b1ca7be",
      "GroupPath": "Config/LevelOutput/Group/Groups_P10101_F10101009/LevelGroup_P10101_F10101009_G25.json"
    },
    {
      "ID": 26,
      "Name": "MainMission2011903_01",
      "GroupGUID": "fa6f6d6d-33e1-400f-80dc-db046112ad32",
      "GroupPath": "Config/LevelOutput/Group/Groups_P10101_F10101009/LevelGroup_P10101_F10101009_G26.json"
    },
    {
      "ID": 27,
      "Name": "MainMission2011903_01",
      "GroupGUID": "c48c9f71-c48e-4124-b22a-5f962ab43ddd",
      "GroupPath": "Config/LevelOutput/Group/Groups_P10101_F10101009/LevelGroup_P10101_F10101009_G27.json"
    },
    {
      "ID": 28,
      "Name": "MuseumCollections",
      "GroupGUID": "925d1bb9-65fa-4dbb-bf19-1104f29f4bf1",
      "GroupPath": "Config/LevelOutput/Group/Groups_P10101_F10101009/LevelGroup_P10101_F10101009_G28.json"
    },
    {
      "ID": 29,
      "Name": "MainMission2011905_01",
      "GroupGUID": "7598bcd9-b901-49a9-8c66-ae11fe253d9e",
      "GroupPath": "Config/LevelOutput/Group/Groups_P10101_F10101009/LevelGroup_P10101_F10101009_G29.json"
    },
    {
      "ID": 34,
      "Name": "MainMission8001252_01",
      "GroupGUID": "8ec0bd5d-a192-4d60-aa51-97da3f1981ea",
      "GroupPath": "Config/LevelOutput/Group/Groups_P10101_F10101009/LevelGroup_P10101_F10101009_G34.json"
    },
    {
      "ID": 35,
      "Name": "MainMission8001253_01",
      "GroupGUID": "1b5c1d8d-6230-4bdb-9579-ba01b4460f6c",
      "GroupPath": "Config/LevelOutput/Group/Groups_P10101_F10101009/LevelGroup_P10101_F10101009_G35.json"
    },
    {
      "ID": 32,
      "IsDelete": true,
      "Name": "MainMission2010201_20",
      "GroupGUID": "f8942d5a-0387-4c10-a090-435a919226e3",
      "GroupPath": "Config/LevelOutput/Group/Groups_P10101_F10101009/LevelGroup_P10101_F10101009_G32.json"
    },
    {
      "ID": 33,
      "IsDelete": true,
      "Name": "MainMission2010201_21",
      "GroupGUID": "80aca687-ee36-4ca6-87be-52f4b904bd2a",
      "GroupPath": "Config/LevelOutput/Group/Groups_P10101_F10101009/LevelGroup_P10101_F10101009_G33.json"
    },
    {
      "ID": 36,
      "Name": "CrowdTemp",
      "GroupGUID": "d9ac279a-f764-45fe-8cd9-0dce95485011",
      "GroupPath": "Config/LevelOutput/Group/Groups_P10101_F10101009/LevelGroup_P10101_F10101009_G36.json"
    },
    {
      "ID": 37,
      "Name": "MuseumReadingGroup",
      "GroupGUID": "aefecc8a-6ba9-459c-9878-2463d43ecd94",
      "GroupPath": "Config/LevelOutput/Group/Groups_P10101_F10101009/LevelGroup_P10101_F10101009_G37.json"
    },
    {
      "ID": 30,
      "IsDelete": true,
      "Name": "MainMission2010201_18",
      "GroupGUID": "e04637d2-f875-4063-9011-de6e5139bb5e",
      "GroupPath": "Config/LevelOutput/Group/Groups_P10101_F10101009/LevelGroup_P10101_F10101009_G30.json"
    },
    {
      "ID": 31,
      "IsDelete": true,
      "Name": "MainMission2010201_19",
      "GroupGUID": "82fecf3d-aabb-4c23-bd55-9f224d7135bc",
      "GroupPath": "Config/LevelOutput/Group/Groups_P10101_F10101009/LevelGroup_P10101_F10101009_G31.json"
    },
    {
      "ID": 38,
      "Name": "MainMission8001251_01",
      "GroupGUID": "1c869ab0-b333-4719-a2aa-8cf86216023e",
      "GroupPath": "Config/LevelOutput/Group/Groups_P10101_F10101009/LevelGroup_P10101_F10101009_G38.json"
    },
    {
      "ID": 41,
      "Name": "MainMission2011905_08",
      "GroupGUID": "460e601c-641b-45df-a484-796fe762c125",
      "GroupPath": "Config/LevelOutput/Group/Groups_P10101_F10101009/LevelGroup_P10101_F10101009_G41.json"
    },
    {
      "ID": 17,
      "Name": "Crowd1",
      "GroupGUID": "9e0199c9-9183-46ab-8429-da6b2a480c32",
      "GroupPath": "Config/LevelOutput/Group/Groups_P10101_F10101009/LevelGroup_P10101_F10101009_G17.json"
    },
    {
      "ID": 43,
      "Name": "Crowd2",
      "GroupGUID": "2e568cd4-8109-4b02-b0e9-45a05c49497a",
      "GroupPath": "Config/LevelOutput/Group/Groups_P10101_F10101009/LevelGroup_P10101_F10101009_G43.json"
    },
    {
      "ID": 44,
      "Name": "MainMission8001255_01",
      "GroupGUID": "b644e6f0-ab38-48eb-a0a5-1dfc1abd0698",
      "GroupPath": "Config/LevelOutput/Group/Groups_P10101_F10101009/LevelGroup_P10101_F10101009_G44.json"
    },
    {
      "ID": 45,
      "Name": "Crowd3",
      "GroupGUID": "555fbfce-f37e-49a5-bb0b-4262f78ac9f6",
      "GroupPath": "Config/LevelOutput/Group/Groups_P10101_F10101009/LevelGroup_P10101_F10101009_G45.json"
    },
    {
      "ID": 46,
      "IsDelete": true,
      "Name": "MainMission8001209_1",
      "GroupGUID": "beb91059-3d93-44e1-942f-a9842aeb020a",
      "GroupPath": "Config/LevelOutput/Group/Groups_P10101_F10101009/LevelGroup_P10101_F10101009_G46.json"
    },
    {
      "ID": 48,
      "Name": "MainMission8001226_BLNY",
      "GroupGUID": "4e1ffc70-94ab-42c1-a9e1-9d5a55f92723",
      "GroupPath": "Config/LevelOutput/Group/Groups_P10101_F10101009/LevelGroup_P10101_F10101009_G48.json"
    },
    {
      "ID": 49,
      "Name": "ItemCrowd1",
      "GroupGUID": "d1ccd613-5d4f-4dfc-b1ce-6a747e046706",
      "GroupPath": "Config/LevelOutput/Group/Groups_P10101_F10101009/LevelGroup_P10101_F10101009_G49.json"
    },
    {
      "ID": 50,
      "Name": "ItemCrowd2",
      "GroupGUID": "c1bf4683-107b-4782-8705-87d48f80b4b6",
      "GroupPath": "Config/LevelOutput/Group/Groups_P10101_F10101009/LevelGroup_P10101_F10101009_G50.json"
    },
    {
      "ID": 51,
      "Name": "ItemCrowd3",
      "GroupGUID": "c95dfff5-9f51-43be-a601-942cca615810",
      "GroupPath": "Config/LevelOutput/Group/Groups_P10101_F10101009/LevelGroup_P10101_F10101009_G51.json"
    },
    {
      "ID": 52,
      "Name": "ItemCrowd4",
      "GroupGUID": "bca46490-c3b4-4848-b592-ca3b13c66102",
      "GroupPath": "Config/LevelOutput/Group/Groups_P10101_F10101009/LevelGroup_P10101_F10101009_G52.json"
    },
    {
      "ID": 54,
      "Name": "MainMission8001226_BLNY",
      "GroupGUID": "55441a68-0f16-4fa4-a2aa-c2b66dd9c33f",
      "GroupPath": "Config/LevelOutput/Group/Groups_P10101_F10101009/LevelGroup_P10101_F10101009_G54.json"
    },
    {
      "ID": 60,
      "Name": "MainMission8001242_BLNY",
      "GroupGUID": "38c570aa-2e5a-48b4-8685-da399cfff7cb",
      "GroupPath": "Config/LevelOutput/Group/Groups_P10101_F10101009/LevelGroup_P10101_F10101009_G60.json"
    },
    {
      "ID": 61,
      "Name": "MainMission8001243_BLNY",
      "GroupGUID": "d57253c8-cb8d-4b88-a690-962702ab9d45",
      "GroupPath": "Config/LevelOutput/Group/Groups_P10101_F10101009/LevelGroup_P10101_F10101009_G61.json"
    },
    {
      "ID": 62,
      "Name": "MainMission8001244_BLNY",
      "GroupGUID": "fd776df7-36a8-46e5-b6b0-5e83994d273b",
      "GroupPath": "Config/LevelOutput/Group/Groups_P10101_F10101009/LevelGroup_P10101_F10101009_G62.json"
    },
    {
      "ID": 63,
      "Name": "MainMission8001201_Sub",
      "GroupGUID": "16843fbe-c57b-42a7-a64c-d52dda3887a2",
      "GroupPath": "Config/LevelOutput/Group/Groups_P10101_F10101009/LevelGroup_P10101_F10101009_G63.json"
    },
    {
      "ID": 64,
      "Name": "MainMission8001219_Sub",
      "GroupGUID": "76cb2722-491c-423a-89ec-8877bea1fc53",
      "GroupPath": "Config/LevelOutput/Group/Groups_P10101_F10101009/LevelGroup_P10101_F10101009_G64.json"
    },
    {
      "ID": 65,
      "Name": "MainMission8001220_Sub",
      "GroupGUID": "af01d1b7-b055-4d37-8bb6-ccf6f23c43b6",
      "GroupPath": "Config/LevelOutput/Group/Groups_P10101_F10101009/LevelGroup_P10101_F10101009_G65.json"
    },
    {
      "ID": 66,
      "Name": "MainMission8001202_Sub",
      "GroupGUID": "1cb914c4-d3e6-4ac2-8301-4e58738168f9",
      "GroupPath": "Config/LevelOutput/Group/Groups_P10101_F10101009/LevelGroup_P10101_F10101009_G66.json"
    },
    {
      "ID": 67,
      "Name": "MainMission8001203_Sub",
      "GroupGUID": "6144f98d-89bb-4969-831c-43616cbc3382",
      "GroupPath": "Config/LevelOutput/Group/Groups_P10101_F10101009/LevelGroup_P10101_F10101009_G67.json"
    },
    {
      "ID": 68,
      "Name": "MainMission8001205_Sub",
      "GroupGUID": "8dab8158-e6b7-4648-96d9-27dacb961531",
      "GroupPath": "Config/LevelOutput/Group/Groups_P10101_F10101009/LevelGroup_P10101_F10101009_G68.json"
    },
    {
      "ID": 69,
      "Name": "MainMission8001206_Sub",
      "GroupGUID": "c4ab577b-7658-4ffd-b346-17e0ab6b8fd2",
      "GroupPath": "Config/LevelOutput/Group/Groups_P10101_F10101009/LevelGroup_P10101_F10101009_G69.json"
    },
    {
      "ID": 70,
      "Name": "MainMission8001207_Sub",
      "GroupGUID": "885975eb-02bf-40a3-9eeb-63109dba4294",
      "GroupPath": "Config/LevelOutput/Group/Groups_P10101_F10101009/LevelGroup_P10101_F10101009_G70.json"
    },
    {
      "ID": 71,
      "Name": "MainMission8001208_Sub",
      "GroupGUID": "a646ce80-7a8c-4561-81f2-1c20d0b0afc0",
      "GroupPath": "Config/LevelOutput/Group/Groups_P10101_F10101009/LevelGroup_P10101_F10101009_G71.json"
    },
    {
      "ID": 72,
      "Name": "MainMission8001209_Sub",
      "GroupGUID": "923be400-cf79-4379-9ef8-348f3a50ba2b",
      "GroupPath": "Config/LevelOutput/Group/Groups_P10101_F10101009/LevelGroup_P10101_F10101009_G72.json"
    },
    {
      "ID": 73,
      "Name": "MainMission8001211_Sub",
      "GroupGUID": "703522aa-4289-4acf-96ec-be2bddfaca43",
      "GroupPath": "Config/LevelOutput/Group/Groups_P10101_F10101009/LevelGroup_P10101_F10101009_G73.json"
    },
    {
      "ID": 74,
      "Name": "MainMission8001212_Sub",
      "GroupGUID": "fea79616-c5ef-4f65-8038-34a37a8d3706",
      "GroupPath": "Config/LevelOutput/Group/Groups_P10101_F10101009/LevelGroup_P10101_F10101009_G74.json"
    },
    {
      "ID": 75,
      "Name": "MainMission8001213_Sub",
      "GroupGUID": "e1d02146-8de3-45db-b3fb-66459ed3d833",
      "GroupPath": "Config/LevelOutput/Group/Groups_P10101_F10101009/LevelGroup_P10101_F10101009_G75.json"
    },
    {
      "ID": 76,
      "Name": "MainMission8001215_Sub",
      "GroupGUID": "a1ee1a83-bd9d-4339-86b2-5423f2b98b85",
      "GroupPath": "Config/LevelOutput/Group/Groups_P10101_F10101009/LevelGroup_P10101_F10101009_G76.json"
    },
    {
      "ID": 77,
      "Name": "MainMission8001216_Sub",
      "GroupGUID": "cf711878-e1bd-4e2d-8748-2926d2f4aa71",
      "GroupPath": "Config/LevelOutput/Group/Groups_P10101_F10101009/LevelGroup_P10101_F10101009_G77.json"
    },
    {
      "ID": 78,
      "Name": "MainMission8001223_Sub",
      "GroupGUID": "f65e40a8-f96c-47e7-96e5-8a6f133fb821",
      "GroupPath": "Config/LevelOutput/Group/Groups_P10101_F10101009/LevelGroup_P10101_F10101009_G78.json"
    },
    {
      "ID": 79,
      "Name": "MainMission8001224_Sub",
      "GroupGUID": "20a2a900-2ba0-4996-9811-bcb0df10a107",
      "GroupPath": "Config/LevelOutput/Group/Groups_P10101_F10101009/LevelGroup_P10101_F10101009_G79.json"
    },
    {
      "ID": 80,
      "Name": "MainMission8001226_Sub",
      "GroupGUID": "24f2e43c-72e4-4912-8161-68a0d1039aae",
      "GroupPath": "Config/LevelOutput/Group/Groups_P10101_F10101009/LevelGroup_P10101_F10101009_G80.json"
    },
    {
      "ID": 82,
      "Name": "New Group",
      "GroupGUID": "9fbfc006-c8e4-47f4-bba7-074590389ccd",
      "GroupPath": "Config/LevelOutput/Group/Groups_P10101_F10101009/LevelGroup_P10101_F10101009_G82.json"
    },
    {
      "ID": 83,
      "Name": "MainMission8001227_Sub",
      "GroupGUID": "d6355fbb-a7a7-46c7-b759-4f0adeb24c86",
      "GroupPath": "Config/LevelOutput/Group/Groups_P10101_F10101009/LevelGroup_P10101_F10101009_G83.json"
    }
  ]
}