{
  "FloorID": 10201002,
  "FloorName": "FloorName_10201002",
  "StartGroupID": 7,
  "StartAnchorID": 1,
  "GroupList": [
    {
      "ID": 7,
      "Name": "Default",
      "GroupGUID": "8135ef8c-4f07-4194-a59c-7fc43cc9d831",
      "GroupPath": "Config/LevelOutput/Group/Groups_P10201_F10201002/LevelGroup_P10201_F10201002_G7.json"
    },
    {
      "ID": 19,
      "Name": "Book",
      "GroupGUID": "16eff44c-5fba-4ada-8a72-09e30d5576cb",
      "GroupPath": "Config/LevelOutput/Group/Groups_P10201_F10201002/LevelGroup_P10201_F10201002_G19.json"
    },
    {
      "ID": 8,
      "Name": "MainMission1020301",
      "GroupGUID": "b91f9d0f-ee37-473e-b614-7e0113ad8fd8",
      "GroupPath": "Config/LevelOutput/Group/Groups_P10201_F10201002/LevelGroup_P10201_F10201002_G8.json"
    },
    {
      "ID": 9,
      "IsDelete": true,
      "Name": "MainMission102030106",
      "GroupGUID": "94378598-f5b3-4ad8-a415-cb5b4c8fddc5",
      "GroupPath": "Config/LevelOutput/Group/Groups_P10201_F10201002/LevelGroup_P10201_F10201002_G9.json"
    },
    {
      "ID": 10,
      "Name": "MainMission102030111",
      "GroupGUID": "0964e9b6-1149-4e86-a207-f9f75ffaa116",
      "GroupPath": "Config/LevelOutput/Group/Groups_P10201_F10201002/LevelGroup_P10201_F10201002_G10.json"
    },
    {
      "ID": 11,
      "Name": "MainMission102030112",
      "GroupGUID": "cc92f78c-299c-4a3e-8c1c-1c53fb09fbd6",
      "GroupPath": "Config/LevelOutput/Group/Groups_P10201_F10201002/LevelGroup_P10201_F10201002_G11.json"
    },
    {
      "ID": 13,
      "Name": "Town_Npc",
      "GroupGUID": "3b39a7f4-25d5-4618-9e1b-a4b92ed2240d",
      "GroupPath": "Config/LevelOutput/Group/Groups_P10201_F10201002/LevelGroup_P10201_F10201002_G13.json"
    },
    {
      "ID": 14,
      "Name": "Town_Npc",
      "GroupGUID": "b5612217-ba4a-43ec-bb2f-9f6e929cd59a",
      "GroupPath": "Config/LevelOutput/Group/Groups_P10201_F10201002/LevelGroup_P10201_F10201002_G14.json"
    },
    {
      "ID": 15,
      "Name": "Sound",
      "GroupGUID": "66054756-4f47-4779-8cfa-679ec4f1c31a",
      "GroupPath": "Config/LevelOutput/Group/Groups_P10201_F10201002/LevelGroup_P10201_F10201002_G15.json"
    },
    {
      "ID": 16,
      "Name": "Town_Avatar",
      "GroupGUID": "d0127d1c-ebcc-4a72-bba6-4d492d988e4f",
      "GroupPath": "Config/LevelOutput/Group/Groups_P10201_F10201002/LevelGroup_P10201_F10201002_G16.json"
    },
    {
      "ID": 17,
      "Name": "SubMission_2020302",
      "GroupGUID": "381aee74-0e8a-42b0-91cd-dfe78ae6ffd3",
      "GroupPath": "Config/LevelOutput/Group/Groups_P10201_F10201002/LevelGroup_P10201_F10201002_G17.json"
    },
    {
      "ID": 18,
      "Name": "Town_Prop",
      "GroupGUID": "41966b80-9918-446a-aeff-24ce5df5f4ea",
      "GroupPath": "Config/LevelOutput/Group/Groups_P10201_F10201002/LevelGroup_P10201_F10201002_G18.json"
    },
    {
      "ID": 20,
      "Name": "CrowdAlert",
      "GroupGUID": "7a6dd609-11c0-441b-a5b7-d3247881bc67",
      "GroupPath": "Config/LevelOutput/Group/Groups_P10201_F10201002/LevelGroup_P10201_F10201002_G20.json"
    },
    {
      "ID": 21,
      "Name": "New Group",
      "GroupGUID": "472363d4-6dfc-42e5-af8b-d73d31031baa",
      "GroupPath": "Config/LevelOutput/Group/Groups_P10201_F10201002/LevelGroup_P10201_F10201002_G21.json"
    },
    {
      "ID": 27,
      "Name": "MainMission4040213_",
      "GroupGUID": "9c83b79f-e3c1-415a-854f-c69220d8ef61",
      "GroupPath": "Config/LevelOutput/Group/Groups_P10201_F10201002/LevelGroup_P10201_F10201002_G27.json"
    },
    {
      "ID": 22,
      "Name": "MainMission6020101_",
      "GroupGUID": "96eb330f-3148-4079-86ab-38d4b868d820",
      "GroupPath": "Config/LevelOutput/Group/Groups_P10201_F10201002/LevelGroup_P10201_F10201002_G22.json"
    },
    {
      "ID": 23,
      "Name": "MainMission6020101_",
      "GroupGUID": "4d6399e3-a169-4aaf-900a-d1071508b2d1",
      "GroupPath": "Config/LevelOutput/Group/Groups_P10201_F10201002/LevelGroup_P10201_F10201002_G23.json"
    },
    {
      "ID": 24,
      "Name": "MainMission6020101_",
      "GroupGUID": "bc4e07bb-df91-479a-9150-858beea13dba",
      "GroupPath": "Config/LevelOutput/Group/Groups_P10201_F10201002/LevelGroup_P10201_F10201002_G24.json"
    },
    {
      "ID": 25,
      "Name": "MainMission6020101_",
      "GroupGUID": "a832bbc5-377c-4abc-8d5d-88ebf2a1cfae",
      "GroupPath": "Config/LevelOutput/Group/Groups_P10201_F10201002/LevelGroup_P10201_F10201002_G25.json"
    },
    {
      "ID": 26,
      "Name": "MainMission6020101_",
      "GroupGUID": "1367ead8-bbfd-464c-9751-f16c3980fcac",
      "GroupPath": "Config/LevelOutput/Group/Groups_P10201_F10201002/LevelGroup_P10201_F10201002_G26.json"
    },
    {
      "ID": 28,
      "Name": "PropDialogue",
      "GroupGUID": "85f2533d-317b-430c-8eff-dea309e56748",
      "GroupPath": "Config/LevelOutput/Group/Groups_P10201_F10201002/LevelGroup_P10201_F10201002_G28.json"
    },
    {
      "ID": 29,
      "Name": "MainMission1021702_AfterStoryYM",
      "GroupGUID": "336bdd05-9e2e-4487-ae5c-e81e2c5bf223",
      "GroupPath": "Config/LevelOutput/Group/Groups_P10201_F10201002/LevelGroup_P10201_F10201002_G29.json"
    },
    {
      "ID": 30,
      "Name": "MainMission1021702_AfterStoryYK",
      "GroupGUID": "5e0c9d1c-0dc9-4445-a78c-07e818b738b8",
      "GroupPath": "Config/LevelOutput/Group/Groups_P10201_F10201002/LevelGroup_P10201_F10201002_G30.json"
    },
    {
      "ID": 32,
      "IsDelete": true,
      "Name": "MainMission1021702_AF_Yukong",
      "GroupGUID": "b9b45e18-e6f4-4753-8329-3633ebab5078",
      "GroupPath": "Config/LevelOutput/Group/Groups_P10201_F10201002/LevelGroup_P10201_F10201002_G32.json"
    },
    {
      "ID": 33,
      "Name": "MainMission6020101_",
      "GroupGUID": "c5bab9fa-f8ef-4823-8187-24284b6339df",
      "GroupPath": "Config/LevelOutput/Group/Groups_P10201_F10201002/LevelGroup_P10201_F10201002_G33.json"
    },
    {
      "ID": 34,
      "Name": "MainMission6020101_",
      "GroupGUID": "5955d56a-54e2-40cd-b956-94c2cda013ab",
      "GroupPath": "Config/LevelOutput/Group/Groups_P10201_F10201002/LevelGroup_P10201_F10201002_G34.json"
    },
    {
      "ID": 35,
      "Name": "New Group",
      "GroupGUID": "815b2a6d-5308-47a4-8dcc-5d43805921bb",
      "GroupPath": "Config/LevelOutput/Group/Groups_P10201_F10201002/LevelGroup_P10201_F10201002_G35.json"
    },
    {
      "ID": 39,
      "Name": "MainMission8003211_00",
      "GroupGUID": "66faf77f-b374-45e4-b0c8-9f3eeae74701",
      "GroupPath": "Config/LevelOutput/Group/Groups_P10201_F10201002/LevelGroup_P10201_F10201002_G39.json"
    },
    {
      "ID": 36,
      "Name": "MainMission8003211_01",
      "GroupGUID": "48c42f4b-f65c-4ddf-a789-2db94b937c9f",
      "GroupPath": "Config/LevelOutput/Group/Groups_P10201_F10201002/LevelGroup_P10201_F10201002_G36.json"
    },
    {
      "ID": 37,
      "IsDelete": true,
      "Name": "MainMission8003211_02",
      "GroupGUID": "6b203478-023e-4f7a-8a03-1a6cd5dca825",
      "GroupPath": "Config/LevelOutput/Group/Groups_P10201_F10201002/LevelGroup_P10201_F10201002_G37.json"
    },
    {
      "ID": 38,
      "IsDelete": true,
      "Name": "MainMission8003211_03",
      "GroupGUID": "8e90ccda-9211-42c9-980f-8a067e737f86",
      "GroupPath": "Config/LevelOutput/Group/Groups_P10201_F10201002/LevelGroup_P10201_F10201002_G38.json"
    },
    {
      "ID": 41,
      "Name": "MainMission8003211_04",
      "GroupGUID": "6a849723-0bb5-460f-93fd-738732dca0ca",
      "GroupPath": "Config/LevelOutput/Group/Groups_P10201_F10201002/LevelGroup_P10201_F10201002_G41.json"
    },
    {
      "ID": 40,
      "Name": "New Group",
      "GroupGUID": "f4ad771b-863a-40b3-973a-813175e5ffd8",
      "GroupPath": "Config/LevelOutput/Group/Groups_P10201_F10201002/LevelGroup_P10201_F10201002_G40.json"
    },
    {
      "ID": 43,
      "Name": "MainMission6020101_",
      "GroupGUID": "ca1514c9-e028-456a-a65a-7fc27ed0db35",
      "GroupPath": "Config/LevelOutput/Group/Groups_P10201_F10201002/LevelGroup_P10201_F10201002_G43.json"
    },
    {
      "ID": 44,
      "Name": "Book",
      "GroupGUID": "f4a32d04-2e1b-4ada-83b6-79a9ea4d7408",
      "GroupPath": "Config/LevelOutput/Group/Groups_P10201_F10201002/LevelGroup_P10201_F10201002_G44.json"
    },
    {
      "ID": 45,
      "Name": "Book",
      "GroupGUID": "c70d9a3b-26b9-4ec3-8d3c-d6c423bf8964",
      "GroupPath": "Config/LevelOutput/Group/Groups_P10201_F10201002/LevelGroup_P10201_F10201002_G45.json"
    },
    {
      "ID": 46,
      "Name": "MainMission8015151_04",
      "GroupGUID": "06363ab1-93b4-4b7b-9129-f0a561e76b29",
      "GroupPath": "Config/LevelOutput/Group/Groups_P10201_F10201002/LevelGroup_P10201_F10201002_G46.json"
    }
  ]
}