{
  "FloorID": 10202003,
  "FloorName": "FloorName_10202003",
  "StartGroupID": 1,
  "StartAnchorID": 1,
  "GroupList": [
    {
      "ID": 1,
      "Name": "Default",
      "GroupGUID": "b14ff3a5-ad8d-4f12-ba4b-00bec2f4ac5f",
      "GroupPath": "Config/LevelOutput/Group/Groups_P10202_F10202003/LevelGroup_P10202_F10202003_G1.json"
    },
    {
      "ID": 22,
      "Name": "BattleArea",
      "GroupGUID": "e7deb164-1d8b-409e-91f6-45a9f196f425",
      "GroupPath": "Config/LevelOutput/Group/Groups_P10202_F10202003/LevelGroup_P10202_F10202003_G22.json"
    },
    {
      "ID": 21,
      "Name": "BATProp",
      "GroupGUID": "c77f8e90-948a-443a-a184-1f0c3419c092",
      "GroupPath": "Config/LevelOutput/Group/Groups_P10202_F10202003/LevelGroup_P10202_F10202003_G21.json"
    },
    {
      "ID": 2,
      "Name": "Exit",
      "GroupGUID": "aac663f4-4387-4ba0-8e51-aaf58970ab11",
      "GroupPath": "Config/LevelOutput/Group/Groups_P10202_F10202003/LevelGroup_P10202_F10202003_G2.json"
    },
    {
      "ID": 4,
      "Name": "NPC-Resident",
      "GroupGUID": "41043cbf-84e7-499e-8c15-2c5479f89e71",
      "GroupPath": "Config/LevelOutput/Group/Groups_P10202_F10202003/LevelGroup_P10202_F10202003_G4.json"
    },
    {
      "ID": 6,
      "Name": "Sound",
      "GroupGUID": "2cfab04d-3ed1-4004-ba6d-b6035211a35e",
      "GroupPath": "Config/LevelOutput/Group/Groups_P10202_F10202003/LevelGroup_P10202_F10202003_G6.json"
    },
    {
      "ID": 9,
      "Name": "SimpleMission",
      "GroupGUID": "0a3057d3-e3d1-4f88-b02a-7f2d4ae154b1",
      "GroupPath": "Config/LevelOutput/Group/Groups_P10202_F10202003/LevelGroup_P10202_F10202003_G9.json"
    },
    {
      "ID": 3,
      "Name": "Submission202031307",
      "GroupGUID": "7e7fe322-3e55-4757-9dbe-e3458d592aa6",
      "GroupPath": "Config/LevelOutput/Group/Groups_P10202_F10202003/LevelGroup_P10202_F10202003_G3.json"
    },
    {
      "ID": 7,
      "Name": "MainMission6020101_",
      "GroupGUID": "6390c4a8-b741-4128-a287-affc1fb0fa6d",
      "GroupPath": "Config/LevelOutput/Group/Groups_P10202_F10202003/LevelGroup_P10202_F10202003_G7.json"
    },
    {
      "ID": 10,
      "Name": "Books",
      "GroupGUID": "b80fbbdf-5bf0-4d4d-a84e-451f23908010",
      "GroupPath": "Config/LevelOutput/Group/Groups_P10202_F10202003/LevelGroup_P10202_F10202003_G10.json"
    },
    {
      "ID": 11,
      "Name": "Books2",
      "GroupGUID": "031700fb-67d4-4748-8db1-28c304618cd5",
      "GroupPath": "Config/LevelOutput/Group/Groups_P10202_F10202003/LevelGroup_P10202_F10202003_G11.json"
    },
    {
      "ID": 12,
      "Name": "Books2",
      "GroupGUID": "92459f62-c1cf-48f0-8c5e-583064303dd9",
      "GroupPath": "Config/LevelOutput/Group/Groups_P10202_F10202003/LevelGroup_P10202_F10202003_G12.json"
    },
    {
      "ID": 13,
      "IsDelete": true,
      "Name": "Books2",
      "GroupGUID": "d5a797b1-5df9-49a7-bb11-dc9d797f1a8e",
      "GroupPath": "Config/LevelOutput/Group/Groups_P10202_F10202003/LevelGroup_P10202_F10202003_G13.json"
    },
    {
      "ID": 14,
      "Name": "PropDialogue",
      "GroupGUID": "4d983d2a-a3c6-4302-83e9-4a91fe572af6",
      "GroupPath": "Config/LevelOutput/Group/Groups_P10202_F10202003/LevelGroup_P10202_F10202003_G14.json"
    },
    {
      "ID": 15,
      "Name": "MainMission2020104_02",
      "GroupGUID": "2558fe66-726a-4f09-88db-fa8d64c11f12",
      "GroupPath": "Config/LevelOutput/Group/Groups_P10202_F10202003/LevelGroup_P10202_F10202003_G15.json"
    },
    {
      "ID": 16,
      "Name": "MainMission2020104_01",
      "GroupGUID": "167f64d0-d8f5-46c3-9b88-07c690c1eae8",
      "GroupPath": "Config/LevelOutput/Group/Groups_P10202_F10202003/LevelGroup_P10202_F10202003_G16.json"
    },
    {
      "ID": 17,
      "Name": "MainMission2020104_12",
      "GroupGUID": "1406eb67-5b8c-40ef-ab3f-96ea6a71956e",
      "GroupPath": "Config/LevelOutput/Group/Groups_P10202_F10202003/LevelGroup_P10202_F10202003_G17.json"
    },
    {
      "ID": 18,
      "Name": "MainMission2020104_13",
      "GroupGUID": "baa253d2-0b18-4949-b151-c3808b1f3ae4",
      "GroupPath": "Config/LevelOutput/Group/Groups_P10202_F10202003/LevelGroup_P10202_F10202003_G18.json"
    },
    {
      "ID": 19,
      "Name": "MainMission2020104_19",
      "GroupGUID": "284cea02-dbe4-4913-b69c-8c7c37d00f6a",
      "GroupPath": "Config/LevelOutput/Group/Groups_P10202_F10202003/LevelGroup_P10202_F10202003_G19.json"
    },
    {
      "ID": 24,
      "Name": "MainMission2020103_21",
      "GroupGUID": "6b672089-56da-4168-bfb5-445a67cecb5d",
      "GroupPath": "Config/LevelOutput/Group/Groups_P10202_F10202003/LevelGroup_P10202_F10202003_G24.json"
    },
    {
      "ID": 20,
      "Name": "MainMission1021702_AfterStorySC",
      "GroupGUID": "d988eeab-afc6-4f05-aba7-bb40680679cb",
      "GroupPath": "Config/LevelOutput/Group/Groups_P10202_F10202003/LevelGroup_P10202_F10202003_G20.json"
    },
    {
      "ID": 23,
      "Name": "MainMission1021702_AfterStoryJY",
      "GroupGUID": "3e65e151-d4d9-4ded-b772-3c44b7680b81",
      "GroupPath": "Config/LevelOutput/Group/Groups_P10202_F10202003/LevelGroup_P10202_F10202003_G23.json"
    },
    {
      "ID": 25,
      "Name": "MainMission1021702_AF_YQ",
      "GroupGUID": "09f85d0e-1fd6-4335-8138-0da797c1bc88",
      "GroupPath": "Config/LevelOutput/Group/Groups_P10202_F10202003/LevelGroup_P10202_F10202003_G25.json"
    },
    {
      "ID": 26,
      "Name": "MainMission1021702_01",
      "GroupGUID": "11bc54b5-de8f-4349-bb8b-57b324f828c6",
      "GroupPath": "Config/LevelOutput/Group/Groups_P10202_F10202003/LevelGroup_P10202_F10202003_G26.json"
    },
    {
      "ID": 27,
      "Name": "MainMission8015101_Mission",
      "GroupGUID": "4414f406-2a6b-402b-b665-162517e9fbac",
      "GroupPath": "Config/LevelOutput/Group/Groups_P10202_F10202003/LevelGroup_P10202_F10202003_G27.json"
    },
    {
      "ID": 28,
      "Name": "Books2020601",
      "GroupGUID": "34507978-02cb-4542-8c96-f2ab7612ffb4",
      "GroupPath": "Config/LevelOutput/Group/Groups_P10202_F10202003/LevelGroup_P10202_F10202003_G28.json"
    },
    {
      "ID": 29,
      "Name": "NPC01",
      "GroupGUID": "25527680-cefe-4905-8ee0-306c794e9db1",
      "GroupPath": "Config/LevelOutput/Group/Groups_P10202_F10202003/LevelGroup_P10202_F10202003_G29.json"
    },
    {
      "ID": 30,
      "Name": "NPC02",
      "GroupGUID": "af61da87-efbd-4e0e-b37c-56d702405821",
      "GroupPath": "Config/LevelOutput/Group/Groups_P10202_F10202003/LevelGroup_P10202_F10202003_G30.json"
    },
    {
      "ID": 31,
      "Name": "Reading",
      "GroupGUID": "c96192ec-1142-45fc-b6b6-b8c2a79055d3",
      "GroupPath": "Config/LevelOutput/Group/Groups_P10202_F10202003/LevelGroup_P10202_F10202003_G31.json"
    }
  ]
}