{
  "FloorID": 10201001,
  "FloorName": "MazeText_Empty",
  "StartGroupID": 1,
  "StartAnchorID": 1,
  "GroupList": [
    {
      "ID": 1,
      "Name": "DefaultGroup",
      "GroupGUID": "7c7212da-0d43-4797-bd63-87727655686f",
      "GroupPath": "Config/LevelOutput/Group/Groups_P10201_F10201001/LevelGroup_P10201_F10201001_G1.json"
    },
    {
      "ID": 2,
      "Name": "MapEntrance",
      "GroupGUID": "ae5fa31f-2fa9-43ae-a2eb-257014670376",
      "GroupPath": "Config/LevelOutput/Group/Groups_P10201_F10201001/LevelGroup_P10201_F10201001_G2.json"
    },
    {
      "ID": 111,
      "Name": "New Group",
      "GroupGUID": "ddb4716b-3f60-4605-a491-f1e6d585c43a",
      "GroupPath": "Config/LevelOutput/Group/Groups_P10201_F10201001/LevelGroup_P10201_F10201001_G111.json"
    },
    {
      "ID": 50,
      "Name": "Entrance",
      "GroupGUID": "75b1c7e4-38b7-4586-a656-b8ac894d2c90",
      "GroupPath": "Config/LevelOutput/Group/Groups_P10201_F10201001/LevelGroup_P10201_F10201001_G50.json"
    },
    {
      "ID": 14,
      "Name": "Airwall",
      "GroupGUID": "ea82f941-6150-4ab1-8e39-868e958b58e3",
      "GroupPath": "Config/LevelOutput/Group/Groups_P10201_F10201001/LevelGroup_P10201_F10201001_G14.json"
    },
    {
      "ID": 15,
      "Name": "Pedestrian",
      "GroupGUID": "17da181e-acc8-4428-93cd-87545c0c8674",
      "GroupPath": "Config/LevelOutput/Group/Groups_P10201_F10201001/LevelGroup_P10201_F10201001_G15.json"
    },
    {
      "ID": 59,
      "Name": "Book",
      "GroupGUID": "c6ee369d-dcef-4c64-a03e-d0009e667ab6",
      "GroupPath": "Config/LevelOutput/Group/Groups_P10201_F10201001/LevelGroup_P10201_F10201001_G59.json"
    },
    {
      "ID": 60,
      "Name": "Chest",
      "GroupGUID": "5d5501ee-684a-4329-8501-736b866388e0",
      "GroupPath": "Config/LevelOutput/Group/Groups_P10201_F10201001/LevelGroup_P10201_F10201001_G60.json"
    },
    {
      "ID": 3,
      "Name": "MainMission_102030101",
      "GroupGUID": "3562cbbb-e57f-40f5-9653-d5800c89f8aa",
      "GroupPath": "Config/LevelOutput/Group/Groups_P10201_F10201001/LevelGroup_P10201_F10201001_G3.json"
    },
    {
      "ID": 4,
      "Name": "MainMission_102030112",
      "GroupGUID": "6296bf57-1a9b-4e01-a889-accb102b178f",
      "GroupPath": "Config/LevelOutput/Group/Groups_P10201_F10201001/LevelGroup_P10201_F10201001_G4.json"
    },
    {
      "ID": 5,
      "Name": "MainMission_102030113",
      "GroupGUID": "0ec1516b-0ac1-49e3-b240-6e69b1eb18b2",
      "GroupPath": "Config/LevelOutput/Group/Groups_P10201_F10201001/LevelGroup_P10201_F10201001_G5.json"
    },
    {
      "ID": 6,
      "Name": "MainMission_1020501",
      "GroupGUID": "cd640242-053e-420e-a0cd-e16e5a75bee4",
      "GroupPath": "Config/LevelOutput/Group/Groups_P10201_F10201001/LevelGroup_P10201_F10201001_G6.json"
    },
    {
      "ID": 7,
      "Name": "MainMission_102030124",
      "GroupGUID": "bb07e380-7255-42c3-a0c9-f5f07f6c73b0",
      "GroupPath": "Config/LevelOutput/Group/Groups_P10201_F10201001/LevelGroup_P10201_F10201001_G7.json"
    },
    {
      "ID": 8,
      "Name": "MainMission_102030102",
      "GroupGUID": "0de91972-e38d-46af-9da4-51fd1ba95295",
      "GroupPath": "Config/LevelOutput/Group/Groups_P10201_F10201001/LevelGroup_P10201_F10201001_G8.json"
    },
    {
      "ID": 9,
      "Name": "MainMission_102030121",
      "GroupGUID": "2ad6a1c0-e1f1-4efb-be54-c23527fe533c",
      "GroupPath": "Config/LevelOutput/Group/Groups_P10201_F10201001/LevelGroup_P10201_F10201001_G9.json"
    },
    {
      "ID": 10,
      "Name": "StarSkiff01",
      "GroupGUID": "ace35b02-e2ac-4314-ba9b-45548a04ac63",
      "GroupPath": "Config/LevelOutput/Group/Groups_P10201_F10201001/LevelGroup_P10201_F10201001_G10.json"
    },
    {
      "ID": 72,
      "Name": "StarSkiff02",
      "GroupGUID": "2e21970e-6b24-4049-8c88-cde1b2bbdbde",
      "GroupPath": "Config/LevelOutput/Group/Groups_P10201_F10201001/LevelGroup_P10201_F10201001_G72.json"
    },
    {
      "ID": 11,
      "Name": "MainMissionTrack",
      "GroupGUID": "96d38db1-43a3-45b9-a506-46742925206c",
      "GroupPath": "Config/LevelOutput/Group/Groups_P10201_F10201001/LevelGroup_P10201_F10201001_G11.json"
    },
    {
      "ID": 13,
      "Name": "MainMissionTrack",
      "GroupGUID": "269bab98-2195-4bcd-9a2e-7a7d60a52d8c",
      "GroupPath": "Config/LevelOutput/Group/Groups_P10201_F10201001/LevelGroup_P10201_F10201001_G13.json"
    },
    {
      "ID": 16,
      "Name": "Anchor",
      "GroupGUID": "1b629e9f-fb5c-4df4-8dcc-58b310bf6f21",
      "GroupPath": "Config/LevelOutput/Group/Groups_P10201_F10201001/LevelGroup_P10201_F10201001_G16.json"
    },
    {
      "ID": 17,
      "Name": "TownNpc",
      "GroupGUID": "1b1a6650-25d0-4d0c-a285-fdedacb9291e",
      "GroupPath": "Config/LevelOutput/Group/Groups_P10201_F10201001/LevelGroup_P10201_F10201001_G17.json"
    },
    {
      "ID": 19,
      "Name": "Sound",
      "GroupGUID": "40f0af0b-65c0-4197-8fee-63bc3a7c59ea",
      "GroupPath": "Config/LevelOutput/Group/Groups_P10201_F10201001/LevelGroup_P10201_F10201001_G19.json"
    },
    {
      "ID": 20,
      "Name": "TownNpc-Client",
      "GroupGUID": "c7fa77e9-1a04-4f91-82b2-7b4e46bebbc8",
      "GroupPath": "Config/LevelOutput/Group/Groups_P10201_F10201001/LevelGroup_P10201_F10201001_G20.json"
    },
    {
      "ID": 21,
      "Name": "TownNpc-CoS",
      "GroupGUID": "27d60967-84ec-4c45-a079-c7cdb0f03403",
      "GroupPath": "Config/LevelOutput/Group/Groups_P10201_F10201001/LevelGroup_P10201_F10201001_G21.json"
    },
    {
      "ID": 22,
      "Name": "TownNpc-Mission",
      "GroupGUID": "ee994f47-850f-4c32-9300-14dfb4bc3c04",
      "GroupPath": "Config/LevelOutput/Group/Groups_P10201_F10201001/LevelGroup_P10201_F10201001_G22.json"
    },
    {
      "ID": 23,
      "Name": "TownNpc-Mission",
      "GroupGUID": "bf2a1376-2655-466b-aa40-bc524f53c1d0",
      "GroupPath": "Config/LevelOutput/Group/Groups_P10201_F10201001/LevelGroup_P10201_F10201001_G23.json"
    },
    {
      "ID": 25,
      "Name": "Shop",
      "GroupGUID": "ec5e3d4e-179b-408b-8c03-1b14aa45d546",
      "GroupPath": "Config/LevelOutput/Group/Groups_P10201_F10201001/LevelGroup_P10201_F10201001_G25.json"
    },
    {
      "ID": 26,
      "Name": "TownNpc-C",
      "GroupGUID": "6e95cf34-1cd8-43bd-bee9-de686ee16069",
      "GroupPath": "Config/LevelOutput/Group/Groups_P10201_F10201001/LevelGroup_P10201_F10201001_G26.json"
    },
    {
      "ID": 28,
      "Name": "MainMission2020302_",
      "GroupGUID": "7a913fc3-5a88-4ac1-861d-6c1e62c42a6d",
      "GroupPath": "Config/LevelOutput/Group/Groups_P10201_F10201001/LevelGroup_P10201_F10201001_G28.json"
    },
    {
      "ID": 29,
      "Name": "SubMission_2020302",
      "GroupGUID": "ba07855a-a443-416d-8117-28f4a715e228",
      "GroupPath": "Config/LevelOutput/Group/Groups_P10201_F10201001/LevelGroup_P10201_F10201001_G29.json"
    },
    {
      "ID": 30,
      "Name": "SubMission_2020302",
      "GroupGUID": "f114a198-42cb-4263-ae9d-e25b594bc7df",
      "GroupPath": "Config/LevelOutput/Group/Groups_P10201_F10201001/LevelGroup_P10201_F10201001_G30.json"
    },
    {
      "ID": 31,
      "Name": "SubMission_2020302",
      "GroupGUID": "040be73f-caa7-4af4-af59-924259553653",
      "GroupPath": "Config/LevelOutput/Group/Groups_P10201_F10201001/LevelGroup_P10201_F10201001_G31.json"
    },
    {
      "ID": 44,
      "Name": "Gameplay_CallPuppy_ForSpecialVision",
      "GroupGUID": "1ffed6f5-b0dc-442d-b3b8-12a2cb92cf07",
      "GroupPath": "Config/LevelOutput/Group/Groups_P10201_F10201001/LevelGroup_P10201_F10201001_G44.json"
    },
    {
      "ID": 46,
      "Name": "Gameplay_CallPuppy_ForSpecialVision",
      "GroupGUID": "04665993-e06f-49a4-bc61-330aae7d2a43",
      "GroupPath": "Config/LevelOutput/Group/Groups_P10201_F10201001/LevelGroup_P10201_F10201001_G46.json"
    },
    {
      "ID": 55,
      "Name": "MainMission_102030101",
      "GroupGUID": "da79fe21-cc37-4b4a-96a9-54094db92c4d",
      "GroupPath": "Config/LevelOutput/Group/Groups_P10201_F10201001/LevelGroup_P10201_F10201001_G55.json"
    },
    {
      "ID": 63,
      "Name": "CrowdNormal-Yunqijun",
      "GroupGUID": "9e004f29-1745-468e-ae75-cacc9f1560ab",
      "GroupPath": "Config/LevelOutput/Group/Groups_P10201_F10201001/LevelGroup_P10201_F10201001_G63.json"
    },
    {
      "ID": 61,
      "Name": "TownNpc-CoS",
      "GroupGUID": "dc60a74d-519c-47d4-9a25-32ee3d509dea",
      "GroupPath": "Config/LevelOutput/Group/Groups_P10201_F10201001/LevelGroup_P10201_F10201001_G61.json"
    },
    {
      "ID": 62,
      "Name": "CrowdAlert-Yunqijun",
      "GroupGUID": "329e2d9d-4403-4806-a6d5-ae156d8ae426",
      "GroupPath": "Config/LevelOutput/Group/Groups_P10201_F10201001/LevelGroup_P10201_F10201001_G62.json"
    },
    {
      "ID": 65,
      "Name": "CrowdNormal-Folk",
      "GroupGUID": "264c2c0a-06b5-439c-83f2-ab3a58621e2f",
      "GroupPath": "Config/LevelOutput/Group/Groups_P10201_F10201001/LevelGroup_P10201_F10201001_G65.json"
    },
    {
      "ID": 66,
      "Name": "CrowdAlert-Loop",
      "GroupGUID": "50ec1b09-9900-44fe-984d-61f059817771",
      "GroupPath": "Config/LevelOutput/Group/Groups_P10201_F10201001/LevelGroup_P10201_F10201001_G66.json"
    },
    {
      "ID": 67,
      "Name": "CrowdNormal-Loop",
      "GroupGUID": "260f5eab-b78c-4b51-9f76-b47d2d8f0ecd",
      "GroupPath": "Config/LevelOutput/Group/Groups_P10201_F10201001/LevelGroup_P10201_F10201001_G67.json"
    },
    {
      "ID": 68,
      "Name": "CrowdOutside_P",
      "GroupGUID": "186f9822-0be1-482e-b341-72603b9d6e53",
      "GroupPath": "Config/LevelOutput/Group/Groups_P10201_F10201001/LevelGroup_P10201_F10201001_G68.json"
    },
    {
      "ID": 69,
      "Name": "CrowdOutside_C",
      "GroupGUID": "9a46e004-3f39-4f2d-a2c5-1eb553420838",
      "GroupPath": "Config/LevelOutput/Group/Groups_P10201_F10201001/LevelGroup_P10201_F10201001_G69.json"
    },
    {
      "ID": 75,
      "Name": "TownNpc",
      "GroupGUID": "6c1d9ce8-813a-43d8-bc67-4e80cd51b298",
      "GroupPath": "Config/LevelOutput/Group/Groups_P10201_F10201001/LevelGroup_P10201_F10201001_G75.json"
    },
    {
      "ID": 35,
      "Name": "Passerby_2020303",
      "GroupGUID": "09497fc7-4a93-4a19-9f65-c961a2380caa",
      "GroupPath": "Config/LevelOutput/Group/Groups_P10201_F10201001/LevelGroup_P10201_F10201001_G35.json"
    },
    {
      "ID": 36,
      "Name": "qingque_2020303",
      "GroupGUID": "aefc39be-fd93-4463-b62d-a040438f5581",
      "GroupPath": "Config/LevelOutput/Group/Groups_P10201_F10201001/LevelGroup_P10201_F10201001_G36.json"
    },
    {
      "ID": 54,
      "Name": "Passerby_202030313",
      "GroupGUID": "0404b622-e2e3-46ab-996b-ba6ee3b1ddd7",
      "GroupPath": "Config/LevelOutput/Group/Groups_P10201_F10201001/LevelGroup_P10201_F10201001_G54.json"
    },
    {
      "ID": 58,
      "Name": "LogisticsRobot_Mission",
      "GroupGUID": "5c4965d9-194b-4887-be0a-948658540d6c",
      "GroupPath": "Config/LevelOutput/Group/Groups_P10201_F10201001/LevelGroup_P10201_F10201001_G58.json"
    },
    {
      "ID": 76,
      "Name": "MainMission2020401",
      "GroupGUID": "b474fd73-608f-4f02-aed2-eed04dc5a405",
      "GroupPath": "Config/LevelOutput/Group/Groups_P10201_F10201001/LevelGroup_P10201_F10201001_G76.json"
    },
    {
      "ID": 80,
      "Name": "SimpleMission",
      "GroupGUID": "c9225bcc-996d-4bb9-a52a-48fc8dbe10b2",
      "GroupPath": "Config/LevelOutput/Group/Groups_P10201_F10201001/LevelGroup_P10201_F10201001_G80.json"
    },
    {
      "ID": 86,
      "Name": "SimpleMission",
      "GroupGUID": "b95c1f58-68e8-4b89-9142-1d3c30736055",
      "GroupPath": "Config/LevelOutput/Group/Groups_P10201_F10201001/LevelGroup_P10201_F10201001_G86.json"
    },
    {
      "ID": 91,
      "Name": "SimpleMission",
      "GroupGUID": "8e976558-41be-44c4-b74b-e64baa2067d7",
      "GroupPath": "Config/LevelOutput/Group/Groups_P10201_F10201001/LevelGroup_P10201_F10201001_G91.json"
    },
    {
      "ID": 93,
      "Name": "SimpleMission",
      "GroupGUID": "f0facfd4-281a-4779-82db-67243f5099a8",
      "GroupPath": "Config/LevelOutput/Group/Groups_P10201_F10201001/LevelGroup_P10201_F10201001_G93.json"
    },
    {
      "ID": 94,
      "Name": "SimpleMission",
      "GroupGUID": "b114e9bc-ffbc-4059-8d28-9e1163c4ed7d",
      "GroupPath": "Config/LevelOutput/Group/Groups_P10201_F10201001/LevelGroup_P10201_F10201001_G94.json"
    },
    {
      "ID": 95,
      "Name": "SimpleMission",
      "GroupGUID": "2ef8e9af-4d0d-49df-88c8-5897a29da21a",
      "GroupPath": "Config/LevelOutput/Group/Groups_P10201_F10201001/LevelGroup_P10201_F10201001_G95.json"
    },
    {
      "ID": 97,
      "Name": "MainMission4040212_",
      "GroupGUID": "a3d6d7df-b4c0-41f1-bbfb-261bc9319559",
      "GroupPath": "Config/LevelOutput/Group/Groups_P10201_F10201001/LevelGroup_P10201_F10201001_G97.json"
    },
    {
      "ID": 99,
      "Name": "MainMission2020403",
      "GroupGUID": "fa45a880-556b-499f-8724-520fac11ad97",
      "GroupPath": "Config/LevelOutput/Group/Groups_P10201_F10201001/LevelGroup_P10201_F10201001_G99.json"
    },
    {
      "ID": 100,
      "Name": "SimpleMission",
      "GroupGUID": "1a5db2a9-9229-4f30-a232-a2f65025ecfe",
      "GroupPath": "Config/LevelOutput/Group/Groups_P10201_F10201001/LevelGroup_P10201_F10201001_G100.json"
    },
    {
      "ID": 101,
      "Name": "MainMission2020403_Anchor",
      "GroupGUID": "59e47235-285c-407a-9162-0c45acfe3c4f",
      "GroupPath": "Config/LevelOutput/Group/Groups_P10201_F10201001/LevelGroup_P10201_F10201001_G101.json"
    },
    {
      "ID": 102,
      "Name": "Shop",
      "GroupGUID": "2214b4df-8f9e-42de-898f-fcc4a179d6dd",
      "GroupPath": "Config/LevelOutput/Group/Groups_P10201_F10201001/LevelGroup_P10201_F10201001_G102.json"
    },
    {
      "ID": 104,
      "Name": "MainMission2020403_EasterEgg",
      "GroupGUID": "e8986320-61ec-4d47-a2c6-01fec6117f84",
      "GroupPath": "Config/LevelOutput/Group/Groups_P10201_F10201001/LevelGroup_P10201_F10201001_G104.json"
    },
    {
      "ID": 105,
      "Name": "PropDialogue",
      "GroupGUID": "72b33933-6141-4d25-aa70-5b095057be33",
      "GroupPath": "Config/LevelOutput/Group/Groups_P10201_F10201001/LevelGroup_P10201_F10201001_G105.json"
    },
    {
      "ID": 107,
      "Name": "MainMission4040222_",
      "GroupGUID": "ec755475-e018-4809-89fa-1bf406a7a0fd",
      "GroupPath": "Config/LevelOutput/Group/Groups_P10201_F10201001/LevelGroup_P10201_F10201001_G107.json"
    },
    {
      "ID": 108,
      "Name": "MainMission0_",
      "GroupGUID": "136fc5b8-3813-47de-a41b-d6962f32d643",
      "GroupPath": "Config/LevelOutput/Group/Groups_P10201_F10201001/LevelGroup_P10201_F10201001_G108.json"
    },
    {
      "ID": 109,
      "Name": "MainMission",
      "GroupGUID": "51121194-1fce-4404-90a0-20cc2b62766a",
      "GroupPath": "Config/LevelOutput/Group/Groups_P10201_F10201001/LevelGroup_P10201_F10201001_G109.json"
    },
    {
      "ID": 110,
      "Name": "MainMission",
      "GroupGUID": "0ab31c4c-732d-4d08-9770-abc9b562a6e6",
      "GroupPath": "Config/LevelOutput/Group/Groups_P10201_F10201001/LevelGroup_P10201_F10201001_G110.json"
    },
    {
      "ID": 112,
      "Name": "SimpleMission",
      "GroupGUID": "0bd14cfb-2791-416d-bc11-6f1e6a6c596e",
      "GroupPath": "Config/LevelOutput/Group/Groups_P10201_F10201001/LevelGroup_P10201_F10201001_G112.json"
    },
    {
      "ID": 114,
      "Name": "MainMission4040223_01",
      "GroupGUID": "afebb9a5-4c32-43ea-8d1a-c9fdf82eb16d",
      "GroupPath": "Config/LevelOutput/Group/Groups_P10201_F10201001/LevelGroup_P10201_F10201001_G114.json"
    },
    {
      "ID": 115,
      "Name": "MainMission2020104_01",
      "GroupGUID": "322b6c6c-3105-4d4e-81f6-68e58a9d7a5f",
      "GroupPath": "Config/LevelOutput/Group/Groups_P10201_F10201001/LevelGroup_P10201_F10201001_G115.json"
    },
    {
      "ID": 71,
      "Name": "MainMission2020313_Mission",
      "GroupGUID": "8abaa8eb-f897-4415-a940-b96ea68078f2",
      "GroupPath": "Config/LevelOutput/Group/Groups_P10201_F10201001/LevelGroup_P10201_F10201001_G71.json"
    },
    {
      "ID": 51,
      "Name": "SubMission202030631",
      "GroupGUID": "43391fe2-d437-4834-80fb-60b23f579b07",
      "GroupPath": "Config/LevelOutput/Group/Groups_P10201_F10201001/LevelGroup_P10201_F10201001_G51.json"
    },
    {
      "ID": 52,
      "Name": "SubMission202030634",
      "GroupGUID": "1878b6e4-8211-4daf-ade7-0c3e9237fea2",
      "GroupPath": "Config/LevelOutput/Group/Groups_P10201_F10201001/LevelGroup_P10201_F10201001_G52.json"
    },
    {
      "ID": 53,
      "Name": "SubMission202030634",
      "GroupGUID": "4f7b8f8b-123d-47b7-a85f-76ec9697141d",
      "GroupPath": "Config/LevelOutput/Group/Groups_P10201_F10201001/LevelGroup_P10201_F10201001_G53.json"
    },
    {
      "ID": 120,
      "Name": "PropDialogue_Mission",
      "GroupGUID": "3af26765-09a8-4590-ac63-ab3f7672f00a",
      "GroupPath": "Config/LevelOutput/Group/Groups_P10201_F10201001/LevelGroup_P10201_F10201001_G120.json"
    },
    {
      "ID": 121,
      "Name": "MainMission4040212_",
      "GroupGUID": "7cf20a7e-d28d-4450-a3b8-d795c8ae66b5",
      "GroupPath": "Config/LevelOutput/Group/Groups_P10201_F10201001/LevelGroup_P10201_F10201001_G121.json"
    },
    {
      "ID": 122,
      "Name": "PropDialogueGuangdian1",
      "GroupGUID": "e522344f-c2b2-4f05-8851-9bc254cb37b3",
      "GroupPath": "Config/LevelOutput/Group/Groups_P10201_F10201001/LevelGroup_P10201_F10201001_G122.json"
    },
    {
      "ID": 77,
      "Name": "MainMission6020101_",
      "GroupGUID": "8c2d5e75-e805-4cbf-9911-3bd2b939269f",
      "GroupPath": "Config/LevelOutput/Group/Groups_P10201_F10201001/LevelGroup_P10201_F10201001_G77.json"
    },
    {
      "ID": 78,
      "Name": "MainMission6020101_",
      "GroupGUID": "69bbe1fc-eb81-4a53-8310-d7c03bc89c79",
      "GroupPath": "Config/LevelOutput/Group/Groups_P10201_F10201001/LevelGroup_P10201_F10201001_G78.json"
    },
    {
      "ID": 84,
      "Name": "MainMission6020101_",
      "GroupGUID": "d248c481-651f-4298-b8fb-f02c63d61022",
      "GroupPath": "Config/LevelOutput/Group/Groups_P10201_F10201001/LevelGroup_P10201_F10201001_G84.json"
    },
    {
      "ID": 90,
      "Name": "MainMission6020101_",
      "GroupGUID": "11e255a2-d679-4608-978c-fc9ce8486f4d",
      "GroupPath": "Config/LevelOutput/Group/Groups_P10201_F10201001/LevelGroup_P10201_F10201001_G90.json"
    },
    {
      "ID": 123,
      "Name": "PropDialogueGuangdian1",
      "GroupGUID": "a1d9c12a-f977-4c09-81bd-326d5321f48f",
      "GroupPath": "Config/LevelOutput/Group/Groups_P10201_F10201001/LevelGroup_P10201_F10201001_G123.json"
    },
    {
      "ID": 124,
      "Name": "PropDialogueGuangdian1",
      "GroupGUID": "3a9b5be5-f473-41ed-8601-b13b8473664f",
      "GroupPath": "Config/LevelOutput/Group/Groups_P10201_F10201001/LevelGroup_P10201_F10201001_G124.json"
    },
    {
      "ID": 125,
      "Name": "PropDialogueGuangdian1",
      "GroupGUID": "c44475c3-015a-4123-b3a5-fb9b8f652306",
      "GroupPath": "Config/LevelOutput/Group/Groups_P10201_F10201001/LevelGroup_P10201_F10201001_G125.json"
    },
    {
      "ID": 127,
      "Name": "PropDialogueGuangdian1",
      "GroupGUID": "65482cb1-405f-4062-b1b1-e41713729823",
      "GroupPath": "Config/LevelOutput/Group/Groups_P10201_F10201001/LevelGroup_P10201_F10201001_G127.json"
    },
    {
      "ID": 131,
      "Name": "MainMission2020201_",
      "GroupGUID": "bc078cbe-3632-4ef4-8606-f8b9b4dc577c",
      "GroupPath": "Config/LevelOutput/Group/Groups_P10201_F10201001/LevelGroup_P10201_F10201001_G131.json"
    },
    {
      "ID": 132,
      "Name": "MainMission1021702_AF_Sushang",
      "GroupGUID": "43ea2f7a-f2cd-405d-9607-f064d73258cf",
      "GroupPath": "Config/LevelOutput/Group/Groups_P10201_F10201001/LevelGroup_P10201_F10201001_G132.json"
    },
    {
      "ID": 133,
      "Name": "RaidGuide",
      "GroupGUID": "ed1d4d7a-5520-42d9-ab50-dabb3b26a311",
      "GroupPath": "Config/LevelOutput/Group/Groups_P10201_F10201001/LevelGroup_P10201_F10201001_G133.json"
    },
    {
      "ID": 117,
      "Name": "MainMission1021702_AfterStoryXCHYK",
      "GroupGUID": "63d7adfa-79bb-4998-8161-41b49a731640",
      "GroupPath": "Config/LevelOutput/Group/Groups_P10201_F10201001/LevelGroup_P10201_F10201001_G117.json"
    },
    {
      "ID": 118,
      "Name": "MainMission1021702_XCMM",
      "GroupGUID": "76d0b19d-ff4b-49c5-9fe4-47d1047013b3",
      "GroupPath": "Config/LevelOutput/Group/Groups_P10201_F10201001/LevelGroup_P10201_F10201001_G118.json"
    },
    {
      "ID": 119,
      "Name": "MainMission1021702_AfterStory_XCJY",
      "GroupGUID": "2b045e0c-6b61-4bec-9f57-8e0937e6bf7a",
      "GroupPath": "Config/LevelOutput/Group/Groups_P10201_F10201001/LevelGroup_P10201_F10201001_G119.json"
    },
    {
      "ID": 137,
      "Name": "MainMission2020201_",
      "GroupGUID": "450cc63a-08d1-4dd4-8710-50a117a77c37",
      "GroupPath": "Config/LevelOutput/Group/Groups_P10201_F10201001/LevelGroup_P10201_F10201001_G137.json"
    },
    {
      "ID": 138,
      "Name": "MainMission2021601_01",
      "GroupGUID": "4442d527-052c-4cdb-a167-050501011c85",
      "GroupPath": "Config/LevelOutput/Group/Groups_P10201_F10201001/LevelGroup_P10201_F10201001_G138.json"
    },
    {
      "ID": 139,
      "Name": "MainMission6020101_",
      "GroupGUID": "2b1d86ab-4058-4c3b-b83b-1bfa74d49000",
      "GroupPath": "Config/LevelOutput/Group/Groups_P10201_F10201001/LevelGroup_P10201_F10201001_G139.json"
    },
    {
      "ID": 140,
      "Name": "MainMission8003211_01",
      "GroupGUID": "11e6c23e-d631-4da6-8031-9edef8730cde",
      "GroupPath": "Config/LevelOutput/Group/Groups_P10201_F10201001/LevelGroup_P10201_F10201001_G140.json"
    },
    {
      "ID": 141,
      "Name": "New Group",
      "GroupGUID": "72a51c9d-c79e-4611-96c8-30757c0cbd43",
      "GroupPath": "Config/LevelOutput/Group/Groups_P10201_F10201001/LevelGroup_P10201_F10201001_G141.json"
    },
    {
      "ID": 142,
      "Name": "MainMission2020901_",
      "GroupGUID": "9321b020-233d-49d1-970e-b4a81ab2c785",
      "GroupPath": "Config/LevelOutput/Group/Groups_P10201_F10201001/LevelGroup_P10201_F10201001_G142.json"
    },
    {
      "ID": 143,
      "Name": "MainMission2020901_",
      "GroupGUID": "3d40b956-d882-48a7-829d-b0499291ca27",
      "GroupPath": "Config/LevelOutput/Group/Groups_P10201_F10201001/LevelGroup_P10201_F10201001_G143.json"
    },
    {
      "ID": 144,
      "Name": "MainMission2020901_",
      "GroupGUID": "fc838fed-9fa1-4f16-9847-74dbacb8b486",
      "GroupPath": "Config/LevelOutput/Group/Groups_P10201_F10201001/LevelGroup_P10201_F10201001_G144.json"
    },
    {
      "ID": 145,
      "Name": "MainMission2020901_",
      "GroupGUID": "e49e6049-8335-4e11-86bc-76b545f783ca",
      "GroupPath": "Config/LevelOutput/Group/Groups_P10201_F10201001/LevelGroup_P10201_F10201001_G145.json"
    },
    {
      "ID": 146,
      "Name": "MainMission2020901_",
      "GroupGUID": "423e1156-71b4-4475-8ebe-a8e7361b070f",
      "GroupPath": "Config/LevelOutput/Group/Groups_P10201_F10201001/LevelGroup_P10201_F10201001_G146.json"
    },
    {
      "ID": 147,
      "Name": "MainMission2020901_",
      "GroupGUID": "2e2e48ca-7973-4b4c-9f87-2570d20d4334",
      "GroupPath": "Config/LevelOutput/Group/Groups_P10201_F10201001/LevelGroup_P10201_F10201001_G147.json"
    },
    {
      "ID": 148,
      "Name": "MainMission2020901_",
      "GroupGUID": "ca58158d-2502-4fd3-8186-e6ada9022c57",
      "GroupPath": "Config/LevelOutput/Group/Groups_P10201_F10201001/LevelGroup_P10201_F10201001_G148.json"
    },
    {
      "ID": 149,
      "Name": "MainMission2020901_",
      "GroupGUID": "38e6da7f-11d1-4c75-8e7e-b99846109418",
      "GroupPath": "Config/LevelOutput/Group/Groups_P10201_F10201001/LevelGroup_P10201_F10201001_G149.json"
    },
    {
      "ID": 150,
      "Name": "MainMission2020901_",
      "GroupGUID": "a6c10990-3471-4ce2-b40f-44f7bbcaa51e",
      "GroupPath": "Config/LevelOutput/Group/Groups_P10201_F10201001/LevelGroup_P10201_F10201001_G150.json"
    },
    {
      "ID": 151,
      "Name": "MainMission2020901_",
      "GroupGUID": "4fdf8da2-0052-4099-82b0-c01070ed1c3c",
      "GroupPath": "Config/LevelOutput/Group/Groups_P10201_F10201001/LevelGroup_P10201_F10201001_G151.json"
    },
    {
      "ID": 152,
      "Name": "MainMission2020901_",
      "GroupGUID": "0ae55f60-c2b2-4674-9bcb-f7ea38143acc",
      "GroupPath": "Config/LevelOutput/Group/Groups_P10201_F10201001/LevelGroup_P10201_F10201001_G152.json"
    },
    {
      "ID": 154,
      "Name": "MainMission8003211_01",
      "GroupGUID": "a99e9c9d-b5c8-4887-80a3-fc62c3f8eec8",
      "GroupPath": "Config/LevelOutput/Group/Groups_P10201_F10201001/LevelGroup_P10201_F10201001_G154.json"
    },
    {
      "ID": 155,
      "Name": "MainMission8003211_02",
      "GroupGUID": "8aa8e851-9c47-4a7d-8700-a4efa2214c79",
      "GroupPath": "Config/LevelOutput/Group/Groups_P10201_F10201001/LevelGroup_P10201_F10201001_G155.json"
    },
    {
      "ID": 156,
      "Name": "MainMission2020901_",
      "GroupGUID": "2093ad2a-c91b-405b-baeb-c3e5d1f59636",
      "GroupPath": "Config/LevelOutput/Group/Groups_P10201_F10201001/LevelGroup_P10201_F10201001_G156.json"
    },
    {
      "ID": 157,
      "Name": "MainMission2020203_",
      "GroupGUID": "b123e060-3cf3-4507-bb2c-6969b2de0f2a",
      "GroupPath": "Config/LevelOutput/Group/Groups_P10201_F10201001/LevelGroup_P10201_F10201001_G157.json"
    },
    {
      "ID": 158,
      "Name": "MainMission2020203_",
      "GroupGUID": "ebdb72c1-98a2-43da-a1e2-f1e8360b37e6",
      "GroupPath": "Config/LevelOutput/Group/Groups_P10201_F10201001/LevelGroup_P10201_F10201001_G158.json"
    },
    {
      "ID": 159,
      "Name": "MainMission2020203_",
      "GroupGUID": "ea49519c-570f-45f9-844d-dcc6256228a9",
      "GroupPath": "Config/LevelOutput/Group/Groups_P10201_F10201001/LevelGroup_P10201_F10201001_G159.json"
    },
    {
      "ID": 160,
      "Name": "MainMission2020203_",
      "GroupGUID": "59ac4514-0a8b-40fd-ae2d-06a10290ef61",
      "GroupPath": "Config/LevelOutput/Group/Groups_P10201_F10201001/LevelGroup_P10201_F10201001_G160.json"
    },
    {
      "ID": 161,
      "Name": "MainMission2020203_",
      "GroupGUID": "ed4612ef-c1dd-4dc5-b2d7-6767ddedcedb",
      "GroupPath": "Config/LevelOutput/Group/Groups_P10201_F10201001/LevelGroup_P10201_F10201001_G161.json"
    },
    {
      "ID": 162,
      "Name": "MainMission2020202_",
      "GroupGUID": "dafdbec6-a72e-4ead-b284-db1a281e9f07",
      "GroupPath": "Config/LevelOutput/Group/Groups_P10201_F10201001/LevelGroup_P10201_F10201001_G162.json"
    },
    {
      "ID": 163,
      "Name": "MainMission2020901_",
      "GroupGUID": "cf4c62c1-bd6d-40ef-abdf-74f084a3e45b",
      "GroupPath": "Config/LevelOutput/Group/Groups_P10201_F10201001/LevelGroup_P10201_F10201001_G163.json"
    },
    {
      "ID": 164,
      "Name": "NPC_Taode",
      "GroupGUID": "df28d4bc-ea52-43f6-829c-dcb2939b9e00",
      "GroupPath": "Config/LevelOutput/Group/Groups_P10201_F10201001/LevelGroup_P10201_F10201001_G164.json"
    },
    {
      "ID": 165,
      "Name": "MainMission8014103_Mission",
      "GroupGUID": "103df43e-da0b-4651-869a-2ec45680ae59",
      "GroupPath": "Config/LevelOutput/Group/Groups_P10201_F10201001/LevelGroup_P10201_F10201001_G165.json"
    },
    {
      "ID": 166,
      "Name": "MainMission8014104_Mission",
      "GroupGUID": "b4283337-cc02-4574-95f6-7f9bce59bc95",
      "GroupPath": "Config/LevelOutput/Group/Groups_P10201_F10201001/LevelGroup_P10201_F10201001_G166.json"
    },
    {
      "ID": 167,
      "Name": "MainMission8002211_",
      "GroupGUID": "be2ce71e-5c2e-4288-af8f-dd72318e24cd",
      "GroupPath": "Config/LevelOutput/Group/Groups_P10201_F10201001/LevelGroup_P10201_F10201001_G167.json"
    },
    {
      "ID": 168,
      "IsDelete": true,
      "Name": "MainMission8002211_",
      "GroupGUID": "14a9ea8c-d099-4e7a-a07f-6fa70c73df49",
      "GroupPath": "Config/LevelOutput/Group/Groups_P10201_F10201001/LevelGroup_P10201_F10201001_G168.json"
    },
    {
      "ID": 170,
      "Name": "Acnhor",
      "GroupGUID": "60b8a96a-da78-4528-a9b8-13bb3feb8258",
      "GroupPath": "Config/LevelOutput/Group/Groups_P10201_F10201001/LevelGroup_P10201_F10201001_G170.json"
    },
    {
      "ID": 171,
      "Name": "PropDialogue4040246",
      "GroupGUID": "5dc3652f-72b8-4a9b-bcf6-901c34aaffa0",
      "GroupPath": "Config/LevelOutput/Group/Groups_P10201_F10201001/LevelGroup_P10201_F10201001_G171.json"
    },
    {
      "ID": 172,
      "Name": "PropDialogue4040246_01",
      "GroupGUID": "3e4ed616-faee-44ea-805c-d5a4e4b81dce",
      "GroupPath": "Config/LevelOutput/Group/Groups_P10201_F10201001/LevelGroup_P10201_F10201001_G172.json"
    },
    {
      "ID": 173,
      "Name": "MainMission1021703_DT",
      "GroupGUID": "31b619cd-1e66-4d22-aace-84fa4e0e0982",
      "GroupPath": "Config/LevelOutput/Group/Groups_P10201_F10201001/LevelGroup_P10201_F10201001_G173.json"
    },
    {
      "ID": 174,
      "Name": "New Group",
      "GroupGUID": "23d48a33-43a6-4567-a220-84c0e1d1dd5b",
      "GroupPath": "Config/LevelOutput/Group/Groups_P10201_F10201001/LevelGroup_P10201_F10201001_G174.json"
    },
    {
      "ID": 175,
      "Name": "MainMission0_",
      "GroupGUID": "e10a3b4f-a057-4753-9d78-0a180a8bc9d0",
      "GroupPath": "Config/LevelOutput/Group/Groups_P10201_F10201001/LevelGroup_P10201_F10201001_G175.json"
    },
    {
      "ID": 176,
      "Name": "Crowd12Add",
      "GroupGUID": "008888c8-a83e-483f-96b5-2fefdf74688a",
      "GroupPath": "Config/LevelOutput/Group/Groups_P10201_F10201001/LevelGroup_P10201_F10201001_G176.json"
    },
    {
      "ID": 177,
      "Name": "PropDialogueGuangdian",
      "GroupGUID": "8041cb19-7cdc-4b75-8450-df9d2e614fcc",
      "GroupPath": "Config/LevelOutput/Group/Groups_P10201_F10201001/LevelGroup_P10201_F10201001_G177.json"
    },
    {
      "ID": 178,
      "Name": "PropDialogueGuangdian",
      "GroupGUID": "03bdde75-a05f-47cd-a2a7-f36842056dd5",
      "GroupPath": "Config/LevelOutput/Group/Groups_P10201_F10201001/LevelGroup_P10201_F10201001_G178.json"
    },
    {
      "ID": 179,
      "Name": "PropDialogueGuangdian",
      "GroupGUID": "aa2b3bea-e9d1-4ba3-89df-44c6afd6c27e",
      "GroupPath": "Config/LevelOutput/Group/Groups_P10201_F10201001/LevelGroup_P10201_F10201001_G179.json"
    },
    {
      "ID": 180,
      "Name": "PropDialogueGuangdian",
      "GroupGUID": "bb51a522-eb56-4011-9fb5-db0d96b89b90",
      "GroupPath": "Config/LevelOutput/Group/Groups_P10201_F10201001/LevelGroup_P10201_F10201001_G180.json"
    },
    {
      "ID": 181,
      "Name": "PropDialogueGuangdian",
      "GroupGUID": "93c2f64b-ff61-460e-8277-883a04d3edb5",
      "GroupPath": "Config/LevelOutput/Group/Groups_P10201_F10201001/LevelGroup_P10201_F10201001_G181.json"
    },
    {
      "ID": 182,
      "Name": "CrowdDuring1021702",
      "GroupGUID": "1c2c69cc-5708-4d49-bce0-48608a6ea8e7",
      "GroupPath": "Config/LevelOutput/Group/Groups_P10201_F10201001/LevelGroup_P10201_F10201001_G182.json"
    },
    {
      "ID": 183,
      "Name": "MainMission8015103_Mission",
      "GroupGUID": "16e0c160-81c4-475c-a12c-229a3727efab",
      "GroupPath": "Config/LevelOutput/Group/Groups_P10201_F10201001/LevelGroup_P10201_F10201001_G183.json"
    },
    {
      "ID": 184,
      "Name": "KeliOu",
      "GroupGUID": "41f03faf-dc17-4d8c-906c-2ee938afd315",
      "GroupPath": "Config/LevelOutput/Group/Groups_P10201_F10201001/LevelGroup_P10201_F10201001_G184.json"
    },
    {
      "ID": 185,
      "Name": "NPCsushang",
      "GroupGUID": "1db1f08e-5056-4f53-8689-05344aa42e2b",
      "GroupPath": "Config/LevelOutput/Group/Groups_P10201_F10201001/LevelGroup_P10201_F10201001_G185.json"
    },
    {
      "ID": 186,
      "Name": "MainMission8015151_05",
      "GroupGUID": "94528f52-1deb-417d-b47f-3b3b2970a22c",
      "GroupPath": "Config/LevelOutput/Group/Groups_P10201_F10201001/LevelGroup_P10201_F10201001_G186.json"
    },
    {
      "ID": 187,
      "Name": "MainMission8015151_06",
      "GroupGUID": "8fbeb294-0ba6-452d-a9da-fd52e0ff73b2",
      "GroupPath": "Config/LevelOutput/Group/Groups_P10201_F10201001/LevelGroup_P10201_F10201001_G187.json"
    },
    {
      "ID": 188,
      "Name": "MainMission8015151_06a",
      "GroupGUID": "f932bcdd-9a21-4b52-845d-d17f2ace4d3f",
      "GroupPath": "Config/LevelOutput/Group/Groups_P10201_F10201001/LevelGroup_P10201_F10201001_G188.json"
    },
    {
      "ID": 189,
      "Name": "MainMission8015171_801517101",
      "GroupGUID": "39da2ffc-b49f-4b8a-ab37-3f38aa4e9f0e",
      "GroupPath": "Config/LevelOutput/Group/Groups_P10201_F10201001/LevelGroup_P10201_F10201001_G189.json"
    },
    {
      "ID": 190,
      "Name": "Reading",
      "GroupGUID": "22dd70fd-0ea6-4817-a745-f2a76b941d58",
      "GroupPath": "Config/LevelOutput/Group/Groups_P10201_F10201001/LevelGroup_P10201_F10201001_G190.json"
    }
  ]
}