{
  "FloorID": 20001001,
  "FloorName": "MazeText_Empty",
  "StartGroupID": 2,
  "StartAnchorID": 1,
  "GroupList": [
    {
      "ID": 2,
      "Name": "Born",
      "GroupGUID": "d3846f82-9652-4470-9efe-7ccab55007f2",
      "GroupPath": "Config/LevelOutput/Group/Groups_P20001_F20001001/LevelGroup_P20001_F20001001_G2.json"
    },
    {
      "ID": 100,
      "Name": "Exit",
      "GroupGUID": "4a626a2a-df13-4008-b7e6-c409c89c5df4",
      "GroupPath": "Config/LevelOutput/Group/Groups_P20001_F20001001/LevelGroup_P20001_F20001001_G100.json"
    },
    {
      "ID": 18,
      "Name": "Teleport",
      "GroupGUID": "9e5130f8-2ea1-4ed1-8028-edc1e5853d28",
      "GroupPath": "Config/LevelOutput/Group/Groups_P20001_F20001001/LevelGroup_P20001_F20001001_G18.json"
    },
    {
      "ID": 5,
      "Name": "prop",
      "GroupGUID": "fdcb4fcd-89f0-46d0-8333-ee73ecdd5b83",
      "GroupPath": "Config/LevelOutput/Group/Groups_P20001_F20001001/LevelGroup_P20001_F20001001_G5.json"
    },
    {
      "ID": 44,
      "Name": "Books",
      "GroupGUID": "074a6cbd-c5a0-46c0-847b-a085b0952a0f",
      "GroupPath": "Config/LevelOutput/Group/Groups_P20001_F20001001/LevelGroup_P20001_F20001001_G44.json"
    },
    {
      "ID": 21,
      "Name": "MainMissionMonster",
      "GroupGUID": "7449a000-9be4-49b6-a0c4-9fe1520bbe40",
      "GroupPath": "Config/LevelOutput/Group/Groups_P20001_F20001001/LevelGroup_P20001_F20001001_G21.json"
    },
    {
      "ID": 9,
      "Name": "MainMissionMonster",
      "GroupGUID": "8588d916-a945-4de7-a409-5f066399382c",
      "GroupPath": "Config/LevelOutput/Group/Groups_P20001_F20001001/LevelGroup_P20001_F20001001_G9.json"
    },
    {
      "ID": 7,
      "Name": "destructableItem",
      "GroupGUID": "1d2bdb9d-fb7c-4806-abfb-37603443fe67",
      "GroupPath": "Config/LevelOutput/Group/Groups_P20001_F20001001/LevelGroup_P20001_F20001001_G7.json"
    },
    {
      "ID": 93,
      "Name": "FarmElement",
      "GroupGUID": "417dc4a4-0c7d-4259-bb9a-c6a5a71b9132",
      "GroupPath": "Config/LevelOutput/Group/Groups_P20001_F20001001/LevelGroup_P20001_F20001001_G93.json"
    },
    {
      "ID": 91,
      "Name": "MP Group",
      "GroupGUID": "8e02107d-6a1a-41f1-b6d7-ffd8651dd409",
      "GroupPath": "Config/LevelOutput/Group/Groups_P20001_F20001001/LevelGroup_P20001_F20001001_G91.json"
    },
    {
      "ID": 1,
      "Name": "destructableItemHP",
      "GroupGUID": "0a60b55f-9bce-4f7b-a273-917e85843515",
      "GroupPath": "Config/LevelOutput/Group/Groups_P20001_F20001001/LevelGroup_P20001_F20001001_G1.json"
    },
    {
      "ID": 6,
      "Name": "DefaultTreasure",
      "GroupGUID": "a12f0609-a308-4de5-8a6c-411ff8d90573",
      "GroupPath": "Config/LevelOutput/Group/Groups_P20001_F20001001/LevelGroup_P20001_F20001001_G6.json"
    },
    {
      "ID": 27,
      "Name": "MainNPC",
      "GroupGUID": "d52ad7dc-f259-4d9b-a2b9-82c019b39b83",
      "GroupPath": "Config/LevelOutput/Group/Groups_P20001_F20001001/LevelGroup_P20001_F20001001_G27.json"
    },
    {
      "ID": 29,
      "Name": "MissionPropClient1",
      "GroupGUID": "8008a426-4655-4372-a507-84429d51a6f9",
      "GroupPath": "Config/LevelOutput/Group/Groups_P20001_F20001001/LevelGroup_P20001_F20001001_G29.json"
    },
    {
      "ID": 30,
      "Name": "MissionPropClient2",
      "GroupGUID": "5c9f90b1-dc6e-49ed-af3b-f9cee9fd3d22",
      "GroupPath": "Config/LevelOutput/Group/Groups_P20001_F20001001/LevelGroup_P20001_F20001001_G30.json"
    },
    {
      "ID": 50,
      "Name": "MainMissionPropClient",
      "GroupGUID": "6f464b7b-dbdc-488a-98f2-f6092b2908e1",
      "GroupPath": "Config/LevelOutput/Group/Groups_P20001_F20001001/LevelGroup_P20001_F20001001_G50.json"
    },
    {
      "ID": 14,
      "Name": "MissionPropClient",
      "GroupGUID": "335aa212-4a90-461b-87ff-5197c5a4752b",
      "GroupPath": "Config/LevelOutput/Group/Groups_P20001_F20001001/LevelGroup_P20001_F20001001_G14.json"
    },
    {
      "ID": 36,
      "Name": "MainMissionTestProp",
      "GroupGUID": "cccc64d2-707a-4419-96f1-a4b3e3a66413",
      "GroupPath": "Config/LevelOutput/Group/Groups_P20001_F20001001/LevelGroup_P20001_F20001001_G36.json"
    },
    {
      "ID": 8,
      "Name": "MissionGroupClient1",
      "GroupGUID": "72ac7e72-595a-47b3-a540-c026075498a4",
      "GroupPath": "Config/LevelOutput/Group/Groups_P20001_F20001001/LevelGroup_P20001_F20001001_G8.json"
    },
    {
      "ID": 17,
      "Name": "MainMission1000101_",
      "GroupGUID": "6f1adbdc-1ade-41e8-9cda-ac5c8ed955b3",
      "GroupPath": "Config/LevelOutput/Group/Groups_P20001_F20001001/LevelGroup_P20001_F20001001_G17.json"
    },
    {
      "ID": 33,
      "Name": "MissionGroupClient3",
      "GroupGUID": "84c3423a-9f0e-4f04-a54e-29844ca6b10b",
      "GroupPath": "Config/LevelOutput/Group/Groups_P20001_F20001001/LevelGroup_P20001_F20001001_G33.json"
    },
    {
      "ID": 24,
      "Name": "Default_ChallengeChest",
      "GroupGUID": "cb67d582-39c6-45c3-a4a9-3c09b9335eef",
      "GroupPath": "Config/LevelOutput/Group/Groups_P20001_F20001001/LevelGroup_P20001_F20001001_G24.json"
    },
    {
      "ID": 11,
      "Name": "Default_ChallengeChest",
      "GroupGUID": "7f338017-c731-49a6-bb33-398f7d22e864",
      "GroupPath": "Config/LevelOutput/Group/Groups_P20001_F20001001/LevelGroup_P20001_F20001001_G11.json"
    },
    {
      "ID": 12,
      "Name": "Toturial_N1",
      "GroupGUID": "d651c1fc-71f9-409c-b375-aac63304939d",
      "GroupPath": "Config/LevelOutput/Group/Groups_P20001_F20001001/LevelGroup_P20001_F20001001_G12.json"
    },
    {
      "ID": 15,
      "Name": "SubMission_ 1",
      "GroupGUID": "19cdb3b6-687c-458c-a2d3-6fc790e9e884",
      "GroupPath": "Config/LevelOutput/Group/Groups_P20001_F20001001/LevelGroup_P20001_F20001001_G15.json"
    },
    {
      "ID": 19,
      "Name": "SubMission2",
      "GroupGUID": "4c58edaf-eed5-4027-ba76-1c5b3f631113",
      "GroupPath": "Config/LevelOutput/Group/Groups_P20001_F20001001/LevelGroup_P20001_F20001001_G19.json"
    },
    {
      "ID": 20,
      "Name": "MainMission2000102_",
      "GroupGUID": "b14181e7-6bff-4976-96b2-53a2e59f7aa3",
      "GroupPath": "Config/LevelOutput/Group/Groups_P20001_F20001001/LevelGroup_P20001_F20001001_G20.json"
    },
    {
      "ID": 23,
      "Name": "SubMission2",
      "GroupGUID": "6a5b1364-f0fd-433a-a42a-c84a38e9f74c",
      "GroupPath": "Config/LevelOutput/Group/Groups_P20001_F20001001/LevelGroup_P20001_F20001001_G23.json"
    },
    {
      "ID": 3,
      "Name": "Monster",
      "GroupGUID": "44298b10-04ea-4f7c-a159-5e6c8233dbfb",
      "GroupPath": "Config/LevelOutput/Group/Groups_P20001_F20001001/LevelGroup_P20001_F20001001_G3.json"
    },
    {
      "ID": 28,
      "Name": "MonsterEscape",
      "GroupGUID": "62f823c9-7a6d-46a6-b06f-740f6a93fdff",
      "GroupPath": "Config/LevelOutput/Group/Groups_P20001_F20001001/LevelGroup_P20001_F20001001_G28.json"
    },
    {
      "ID": 10,
      "Name": "Safe_NPC",
      "GroupGUID": "d56bf0e0-438a-455b-949f-98a3603d9da2",
      "GroupPath": "Config/LevelOutput/Group/Groups_P20001_F20001001/LevelGroup_P20001_F20001001_G10.json"
    },
    {
      "ID": 49,
      "Name": "NPC_Yblh",
      "GroupGUID": "c54dcfa8-8329-4746-bd5d-5e8423585de2",
      "GroupPath": "Config/LevelOutput/Group/Groups_P20001_F20001001/LevelGroup_P20001_F20001001_G49.json"
    },
    {
      "ID": 25,
      "Name": "SubMission2010707",
      "GroupGUID": "2b4f38cb-2521-4ffd-9c28-e50306781709",
      "GroupPath": "Config/LevelOutput/Group/Groups_P20001_F20001001/LevelGroup_P20001_F20001001_G25.json"
    },
    {
      "ID": 13,
      "Name": "SubMissionStar",
      "GroupGUID": "ee8816fb-a865-40d2-91c1-6753d4924c37",
      "GroupPath": "Config/LevelOutput/Group/Groups_P20001_F20001001/LevelGroup_P20001_F20001001_G13.json"
    },
    {
      "ID": 34,
      "Name": "Prop_Monitor",
      "GroupGUID": "1e3a4a7a-0f5a-4fbc-8da2-489f0ed1e6cb",
      "GroupPath": "Config/LevelOutput/Group/Groups_P20001_F20001001/LevelGroup_P20001_F20001001_G34.json"
    },
    {
      "ID": 22,
      "Name": "EnvNPCs",
      "GroupGUID": "4c696d0b-83e7-406f-8a37-9986c750880c",
      "GroupPath": "Config/LevelOutput/Group/Groups_P20001_F20001001/LevelGroup_P20001_F20001001_G22.json"
    },
    {
      "ID": 38,
      "Name": "EnvNPCs",
      "GroupGUID": "4f8abf52-5941-4505-851a-8facab9d1b7b",
      "GroupPath": "Config/LevelOutput/Group/Groups_P20001_F20001001/LevelGroup_P20001_F20001001_G38.json"
    },
    {
      "ID": 40,
      "Name": "Sound",
      "GroupGUID": "57d6ae8d-1a17-4408-a8db-a1a766d71735",
      "GroupPath": "Config/LevelOutput/Group/Groups_P20001_F20001001/LevelGroup_P20001_F20001001_G40.json"
    },
    {
      "ID": 41,
      "IsDelete": true,
      "Name": "DailyMission",
      "GroupGUID": "f35bb5c4-4833-4875-8e86-3eae558e8072",
      "GroupPath": "Config/LevelOutput/Group/Groups_P20001_F20001001/LevelGroup_P20001_F20001001_G41.json"
    },
    {
      "ID": 45,
      "Name": "Sub2000106",
      "GroupGUID": "230eadbe-ff0b-4987-a5bb-6985078e555a",
      "GroupPath": "Config/LevelOutput/Group/Groups_P20001_F20001001/LevelGroup_P20001_F20001001_G45.json"
    },
    {
      "ID": 46,
      "Name": "sub2000112",
      "GroupGUID": "862dcc0e-ec5d-47b5-8729-e344891389fa",
      "GroupPath": "Config/LevelOutput/Group/Groups_P20001_F20001001/LevelGroup_P20001_F20001001_G46.json"
    },
    {
      "ID": 48,
      "Name": "sub3000101",
      "GroupGUID": "6309e3f5-fc4a-477b-bb45-f9e2849357bd",
      "GroupPath": "Config/LevelOutput/Group/Groups_P20001_F20001001/LevelGroup_P20001_F20001001_G48.json"
    },
    {
      "ID": 51,
      "Name": "NPC_QA",
      "GroupGUID": "14f87263-a466-41bc-88ac-c775db87fc38",
      "GroupPath": "Config/LevelOutput/Group/Groups_P20001_F20001001/LevelGroup_P20001_F20001001_G51.json"
    },
    {
      "ID": 52,
      "Name": "MainMission_PropEff",
      "GroupGUID": "b1f52cef-fcc1-4d0c-b445-52bac29eccc9",
      "GroupPath": "Config/LevelOutput/Group/Groups_P20001_F20001001/LevelGroup_P20001_F20001001_G52.json"
    },
    {
      "ID": 53,
      "Name": "MapNpc",
      "GroupGUID": "5b0e138e-367d-465e-9b1d-2554b66f3ce8",
      "GroupPath": "Config/LevelOutput/Group/Groups_P20001_F20001001/LevelGroup_P20001_F20001001_G53.json"
    },
    {
      "ID": 54,
      "Name": "SubMissionASD",
      "GroupGUID": "69afa17a-15a5-4fb8-973c-8a84ac385749",
      "GroupPath": "Config/LevelOutput/Group/Groups_P20001_F20001001/LevelGroup_P20001_F20001001_G54.json"
    },
    {
      "ID": 58,
      "Name": "Act_Online_01",
      "GroupGUID": "013473c0-a766-4e32-ac45-a9fa52b53795",
      "GroupPath": "Config/LevelOutput/Group/Groups_P20001_F20001001/LevelGroup_P20001_F20001001_G58.json"
    },
    {
      "ID": 62,
      "Name": "Act_Online_End",
      "GroupGUID": "71b54e38-3ebe-4cd9-b014-91f5fce182b2",
      "GroupPath": "Config/LevelOutput/Group/Groups_P20001_F20001001/LevelGroup_P20001_F20001001_G62.json"
    },
    {
      "ID": 63,
      "Name": "SimpleMission02",
      "GroupGUID": "9ba3be1c-102d-43b6-937f-d4398ef8fd73",
      "GroupPath": "Config/LevelOutput/Group/Groups_P20001_F20001001/LevelGroup_P20001_F20001001_G63.json"
    },
    {
      "ID": 66,
      "Name": "MainMission4040005_",
      "GroupGUID": "df69e4b5-9fed-48d9-8383-8554061ffb71",
      "GroupPath": "Config/LevelOutput/Group/Groups_P20001_F20001001/LevelGroup_P20001_F20001001_G66.json"
    },
    {
      "ID": 67,
      "Name": "Act_Online_02",
      "GroupGUID": "0b6b59c5-e810-43c9-93e8-e156630abbb1",
      "GroupPath": "Config/LevelOutput/Group/Groups_P20001_F20001001/LevelGroup_P20001_F20001001_G67.json"
    },
    {
      "ID": 70,
      "Name": "SubAlan",
      "GroupGUID": "c0e3f490-da65-419e-a8d2-25cef5203e75",
      "GroupPath": "Config/LevelOutput/Group/Groups_P20001_F20001001/LevelGroup_P20001_F20001001_G70.json"
    },
    {
      "ID": 73,
      "Name": "SimpleMission12",
      "GroupGUID": "2e904d18-f350-4a50-9382-7faf0c6feccd",
      "GroupPath": "Config/LevelOutput/Group/Groups_P20001_F20001001/LevelGroup_P20001_F20001001_G73.json"
    },
    {
      "ID": 74,
      "Name": "SubAH",
      "GroupGUID": "12bbc4f3-5cee-4678-a305-e6924a855fb3",
      "GroupPath": "Config/LevelOutput/Group/Groups_P20001_F20001001/LevelGroup_P20001_F20001001_G74.json"
    },
    {
      "ID": 78,
      "Name": "SimpleMission12",
      "GroupGUID": "513c50dc-de0c-4d7a-855c-fb7e4f6e026a",
      "GroupPath": "Config/LevelOutput/Group/Groups_P20001_F20001001/LevelGroup_P20001_F20001001_G78.json"
    },
    {
      "ID": 80,
      "Name": "Crowd",
      "GroupGUID": "5414baba-4e54-4e49-bdf9-8117e40a8fd2",
      "GroupPath": "Config/LevelOutput/Group/Groups_P20001_F20001001/LevelGroup_P20001_F20001001_G80.json"
    },
    {
      "ID": 82,
      "Name": "NPC",
      "GroupGUID": "47c086b9-78b3-4547-a783-ae2308eb3c35",
      "GroupPath": "Config/LevelOutput/Group/Groups_P20001_F20001001/LevelGroup_P20001_F20001001_G82.json"
    },
    {
      "ID": 39,
      "Name": "Investigative",
      "GroupGUID": "6bd16276-b07b-464b-bbaa-6b871ac6e183",
      "GroupPath": "Config/LevelOutput/Group/Groups_P20001_F20001001/LevelGroup_P20001_F20001001_G39.json"
    },
    {
      "ID": 88,
      "Name": "Investigative",
      "GroupGUID": "a6319b9b-8043-4b19-ab11-dc570d571108",
      "GroupPath": "Config/LevelOutput/Group/Groups_P20001_F20001001/LevelGroup_P20001_F20001001_G88.json"
    },
    {
      "ID": 83,
      "Name": "Photo",
      "GroupGUID": "ebe4e108-ec0d-4c2a-9387-0d12c9fb785c",
      "GroupPath": "Config/LevelOutput/Group/Groups_P20001_F20001001/LevelGroup_P20001_F20001001_G83.json"
    },
    {
      "ID": 85,
      "Name": "Act_Online_Prop_Daily",
      "GroupGUID": "891ddd4f-9460-4da0-871f-ba06c8a95876",
      "GroupPath": "Config/LevelOutput/Group/Groups_P20001_F20001001/LevelGroup_P20001_F20001001_G85.json"
    },
    {
      "ID": 86,
      "Name": "Act_Online_Prop_Daily_02",
      "GroupGUID": "f13a5408-21e1-46c9-8a4f-c326c0af5d22",
      "GroupPath": "Config/LevelOutput/Group/Groups_P20001_F20001001/LevelGroup_P20001_F20001001_G86.json"
    },
    {
      "ID": 87,
      "Name": "DailyMission",
      "GroupGUID": "8d4f8dbd-826a-49af-a174-2679ec5c6974",
      "GroupPath": "Config/LevelOutput/Group/Groups_P20001_F20001001/LevelGroup_P20001_F20001001_G87.json"
    },
    {
      "ID": 92,
      "Name": "SimpleMission12",
      "GroupGUID": "c4a98e72-eb66-46f7-86e5-daf491687d68",
      "GroupPath": "Config/LevelOutput/Group/Groups_P20001_F20001001/LevelGroup_P20001_F20001001_G92.json"
    },
    {
      "ID": 94,
      "Name": "CheckProp",
      "GroupGUID": "ed7dd721-3297-4e9d-be8e-143b58e49e75",
      "GroupPath": "Config/LevelOutput/Group/Groups_P20001_F20001001/LevelGroup_P20001_F20001001_G94.json"
    },
    {
      "ID": 101,
      "Name": "Shelter Group",
      "GroupGUID": "5e342a38-3ec0-4fff-b905-e0acaf62e5d8",
      "GroupPath": "Config/LevelOutput/Group/Groups_P20001_F20001001/LevelGroup_P20001_F20001001_G101.json"
    },
    {
      "ID": 90,
      "Name": "DailyMission",
      "GroupGUID": "a6189d9b-64fa-4649-a3ee-fe5a05d0d1b8",
      "GroupPath": "Config/LevelOutput/Group/Groups_P20001_F20001001/LevelGroup_P20001_F20001001_G90.json"
    },
    {
      "ID": 95,
      "Name": "DailyMission",
      "GroupGUID": "019b5061-c896-405e-970d-f01e6a617d85",
      "GroupPath": "Config/LevelOutput/Group/Groups_P20001_F20001001/LevelGroup_P20001_F20001001_G95.json"
    },
    {
      "ID": 96,
      "Name": "DailyMission",
      "GroupGUID": "7b0fbbc6-86be-4f10-9f71-71f02a9a4e6c",
      "GroupPath": "Config/LevelOutput/Group/Groups_P20001_F20001001/LevelGroup_P20001_F20001001_G96.json"
    },
    {
      "ID": 97,
      "Name": "DailyMission",
      "GroupGUID": "d835b020-0db9-485d-ab43-9233ace967a5",
      "GroupPath": "Config/LevelOutput/Group/Groups_P20001_F20001001/LevelGroup_P20001_F20001001_G97.json"
    },
    {
      "ID": 103,
      "Name": "Memorybubble",
      "GroupGUID": "cd822b69-b9f4-47eb-9a29-a4e8ed29f98e",
      "GroupPath": "Config/LevelOutput/Group/Groups_P20001_F20001001/LevelGroup_P20001_F20001001_G103.json"
    },
    {
      "ID": 104,
      "Name": "PamMission",
      "GroupGUID": "9ae2b561-e00b-40ba-828a-7bc713701433",
      "GroupPath": "Config/LevelOutput/Group/Groups_P20001_F20001001/LevelGroup_P20001_F20001001_G104.json"
    },
    {
      "ID": 102,
      "Name": "Avtivity_SilverWolf_FindPicture01",
      "GroupGUID": "a01420c7-0694-4c2d-838e-064cbb07d9f1",
      "GroupPath": "Config/LevelOutput/Group/Groups_P20001_F20001001/LevelGroup_P20001_F20001001_G102.json"
    },
    {
      "ID": 105,
      "Name": "MainMission2000701_2",
      "GroupGUID": "3c3dd736-845a-4b64-b567-348699d5b150",
      "GroupPath": "Config/LevelOutput/Group/Groups_P20001_F20001001/LevelGroup_P20001_F20001001_G105.json"
    },
    {
      "ID": 106,
      "Name": "SimpleMission_4040017",
      "GroupGUID": "2b11154c-ca2e-4eab-92e5-80af1c4317b0",
      "GroupPath": "Config/LevelOutput/Group/Groups_P20001_F20001001/LevelGroup_P20001_F20001001_G106.json"
    },
    {
      "ID": 107,
      "Name": "SimpleMission_4040018",
      "GroupGUID": "2d0b36e3-548e-446c-a2bd-440c86740f0a",
      "GroupPath": "Config/LevelOutput/Group/Groups_P20001_F20001001/LevelGroup_P20001_F20001001_G107.json"
    },
    {
      "ID": 79,
      "Name": "MainMission2000701_1",
      "GroupGUID": "49793204-2ba2-46f3-8843-ff3a1aaf01a1",
      "GroupPath": "Config/LevelOutput/Group/Groups_P20001_F20001001/LevelGroup_P20001_F20001001_G79.json"
    },
    {
      "ID": 108,
      "Name": "MainMission2000701_3",
      "GroupGUID": "c31788cc-ddb6-4b68-b4a6-409c68652c48",
      "GroupPath": "Config/LevelOutput/Group/Groups_P20001_F20001001/LevelGroup_P20001_F20001001_G108.json"
    },
    {
      "ID": 111,
      "Name": "MainMission2000202_",
      "GroupGUID": "4e80e731-f5f6-48d9-abb8-3389c5f5b0ef",
      "GroupPath": "Config/LevelOutput/Group/Groups_P20001_F20001001/LevelGroup_P20001_F20001001_G111.json"
    }
  ]
}