{
  "FloorID": 20002001,
  "FloorName": "FloorName_20002001",
  "StartGroupID": 1,
  "StartAnchorID": 1,
  "GroupList": [
    {
      "ID": 1,
      "Name": "DefaultGroup",
      "GroupGUID": "0af77bc5-81c2-4d83-a61c-89e903a63422",
      "GroupPath": "Config/LevelOutput/Group/Groups_P20002_F20002001/LevelGroup_P20002_F20002001_G1.json"
    },
    {
      "ID": 31,
      "Name": "SpecialCheckPoint",
      "GroupGUID": "f73c486e-25ac-4dff-89ac-7f84aafb96e4",
      "GroupPath": "Config/LevelOutput/Group/Groups_P20002_F20002001/LevelGroup_P20002_F20002001_G31.json"
    },
    {
      "ID": 3,
      "Name": "Door",
      "GroupGUID": "bfc6e6a7-6fdd-4d4b-9f99-3255cd16f739",
      "GroupPath": "Config/LevelOutput/Group/Groups_P20002_F20002001/LevelGroup_P20002_F20002001_G3.json"
    },
    {
      "ID": 8,
      "Name": "Elevator",
      "GroupGUID": "c97dd9c7-e187-40c8-8d27-17ce711b3a0e",
      "GroupPath": "Config/LevelOutput/Group/Groups_P20002_F20002001/LevelGroup_P20002_F20002001_G8.json"
    },
    {
      "ID": 12,
      "Name": "DefaultDestribution",
      "GroupGUID": "b13f960f-0312-4ae1-a054-a295144a6211",
      "GroupPath": "Config/LevelOutput/Group/Groups_P20002_F20002001/LevelGroup_P20002_F20002001_G12.json"
    },
    {
      "ID": 25,
      "Name": "Investigative",
      "GroupGUID": "56febfe2-2e03-4636-92d6-2e897ef1dda7",
      "GroupPath": "Config/LevelOutput/Group/Groups_P20002_F20002001/LevelGroup_P20002_F20002001_G25.json"
    },
    {
      "ID": 92,
      "Name": "Investigative",
      "GroupGUID": "fb05b527-25b5-42d3-9209-9468c3986ef9",
      "GroupPath": "Config/LevelOutput/Group/Groups_P20002_F20002001/LevelGroup_P20002_F20002001_G92.json"
    },
    {
      "ID": 57,
      "Name": "Book",
      "GroupGUID": "c03a4ccb-8365-4783-8ab3-a10a33ccc69a",
      "GroupPath": "Config/LevelOutput/Group/Groups_P20002_F20002001/LevelGroup_P20002_F20002001_G57.json"
    },
    {
      "ID": 105,
      "Name": "Books2",
      "GroupGUID": "daff78b1-cfc2-48cc-88fc-f1b76a9130c6",
      "GroupPath": "Config/LevelOutput/Group/Groups_P20002_F20002001/LevelGroup_P20002_F20002001_G105.json"
    },
    {
      "ID": 40,
      "Name": "DefaultDestribution",
      "GroupGUID": "b4add5ab-f6be-4f92-96e9-8a12eae09b17",
      "GroupPath": "Config/LevelOutput/Group/Groups_P20002_F20002001/LevelGroup_P20002_F20002001_G40.json"
    },
    {
      "ID": 2,
      "Name": "DefaultDestributionHP",
      "GroupGUID": "25cf701b-7ffc-449b-9b43-0f00ee6cb8d2",
      "GroupPath": "Config/LevelOutput/Group/Groups_P20002_F20002001/LevelGroup_P20002_F20002001_G2.json"
    },
    {
      "ID": 13,
      "Name": "TutorialTreasure",
      "GroupGUID": "94e946ab-b589-49f1-b561-f186cc9572ba",
      "GroupPath": "Config/LevelOutput/Group/Groups_P20002_F20002001/LevelGroup_P20002_F20002001_G13.json"
    },
    {
      "ID": 10,
      "Name": "DefaultTreasure",
      "GroupGUID": "e52e2754-396c-4890-8e7a-6a0646e7cf20",
      "GroupPath": "Config/LevelOutput/Group/Groups_P20002_F20002001/LevelGroup_P20002_F20002001_G10.json"
    },
    {
      "ID": 4,
      "Name": "MainMisson",
      "GroupGUID": "2983438b-b97c-4e8f-9cb3-5c34d858d327",
      "GroupPath": "Config/LevelOutput/Group/Groups_P20002_F20002001/LevelGroup_P20002_F20002001_G4.json"
    },
    {
      "ID": 5,
      "Name": "MainMonster",
      "GroupGUID": "67fc29e0-b787-47ef-b137-4fad7b18c6b0",
      "GroupPath": "Config/LevelOutput/Group/Groups_P20002_F20002001/LevelGroup_P20002_F20002001_G5.json"
    },
    {
      "ID": 16,
      "Name": "FirstBattle",
      "GroupGUID": "717a28d6-9bd0-45d6-acfd-00394f55a01b",
      "GroupPath": "Config/LevelOutput/Group/Groups_P20002_F20002001/LevelGroup_P20002_F20002001_G16.json"
    },
    {
      "ID": 30,
      "Name": "DefaultMonster",
      "GroupGUID": "fe717b25-e5cc-453a-b4b7-787bb261fe23",
      "GroupPath": "Config/LevelOutput/Group/Groups_P20002_F20002001/LevelGroup_P20002_F20002001_G30.json"
    },
    {
      "ID": 99,
      "Name": "DefaultCocoon01",
      "GroupGUID": "01b53547-760c-4feb-a148-3901f0db1281",
      "GroupPath": "Config/LevelOutput/Group/Groups_P20002_F20002001/LevelGroup_P20002_F20002001_G99.json"
    },
    {
      "ID": 15,
      "Name": "FarmRelic",
      "GroupGUID": "2adcec22-802e-4dd4-b91d-a64a55dfa165",
      "GroupPath": "Config/LevelOutput/Group/Groups_P20002_F20002001/LevelGroup_P20002_F20002001_G15.json"
    },
    {
      "ID": 6,
      "Name": "FlipBridge",
      "GroupGUID": "fcafede7-39ae-4c3d-b65e-15fcea926585",
      "GroupPath": "Config/LevelOutput/Group/Groups_P20002_F20002001/LevelGroup_P20002_F20002001_G6.json"
    },
    {
      "ID": 38,
      "Name": "Bridge",
      "GroupGUID": "56c8b8b2-68b4-46c1-af7d-cfba0864f442",
      "GroupPath": "Config/LevelOutput/Group/Groups_P20002_F20002001/LevelGroup_P20002_F20002001_G38.json"
    },
    {
      "ID": 7,
      "Name": "Safe_NPC",
      "GroupGUID": "e60ac1df-3460-403f-9af4-dd3630c27fce",
      "GroupPath": "Config/LevelOutput/Group/Groups_P20002_F20002001/LevelGroup_P20002_F20002001_G7.json"
    },
    {
      "ID": 20,
      "Name": "MainMission Obstacles",
      "GroupGUID": "313edeea-4096-4792-9bec-be3ece64c580",
      "GroupPath": "Config/LevelOutput/Group/Groups_P20002_F20002001/LevelGroup_P20002_F20002001_G20.json"
    },
    {
      "ID": 11,
      "Name": "Tutorial_N2",
      "GroupGUID": "e6ad47a5-9544-4076-8efb-803741741bd4",
      "GroupPath": "Config/LevelOutput/Group/Groups_P20002_F20002001/LevelGroup_P20002_F20002001_G11.json"
    },
    {
      "ID": 27,
      "Name": "Default_ChallengeChest",
      "GroupGUID": "a5d097ca-f838-4e23-86dd-f2d4b12a7749",
      "GroupPath": "Config/LevelOutput/Group/Groups_P20002_F20002001/LevelGroup_P20002_F20002001_G27.json"
    },
    {
      "ID": 23,
      "Name": "SubMission_Star",
      "GroupGUID": "120ad93b-58f7-4184-8065-4f9486c97eed",
      "GroupPath": "Config/LevelOutput/Group/Groups_P20002_F20002001/LevelGroup_P20002_F20002001_G23.json"
    },
    {
      "ID": 28,
      "Name": "Default_ChallengeChest",
      "GroupGUID": "f2db55c8-a236-4b1e-b7d6-ab81a2aeab6d",
      "GroupPath": "Config/LevelOutput/Group/Groups_P20002_F20002001/LevelGroup_P20002_F20002001_G28.json"
    },
    {
      "ID": 14,
      "Name": "SubMission1",
      "GroupGUID": "9be17e2c-730f-4928-b692-930b460feab8",
      "GroupPath": "Config/LevelOutput/Group/Groups_P20002_F20002001/LevelGroup_P20002_F20002001_G14.json"
    },
    {
      "ID": 17,
      "Name": "Submission2",
      "GroupGUID": "cf6d63b2-c24d-4a6c-a44e-a6f3f117cb53",
      "GroupPath": "Config/LevelOutput/Group/Groups_P20002_F20002001/LevelGroup_P20002_F20002001_G17.json"
    },
    {
      "ID": 18,
      "Name": "Submission2",
      "GroupGUID": "6e9b00a8-3a3e-471c-8519-9d882d844452",
      "GroupPath": "Config/LevelOutput/Group/Groups_P20002_F20002001/LevelGroup_P20002_F20002001_G18.json"
    },
    {
      "ID": 60,
      "Name": "NPC_LMNKBT",
      "GroupGUID": "fd1759e6-aaf5-4814-ad56-0022661905ed",
      "GroupPath": "Config/LevelOutput/Group/Groups_P20002_F20002001/LevelGroup_P20002_F20002001_G60.json"
    },
    {
      "ID": 82,
      "Name": "NPC_KBT",
      "GroupGUID": "de5d4df9-d467-4fed-9c4e-1bed07e4181b",
      "GroupPath": "Config/LevelOutput/Group/Groups_P20002_F20002001/LevelGroup_P20002_F20002001_G82.json"
    },
    {
      "ID": 36,
      "Name": "MainMission2000109_",
      "GroupGUID": "d7d3ed37-ef4f-4c29-b1c9-f815788e434c",
      "GroupPath": "Config/LevelOutput/Group/Groups_P20002_F20002001/LevelGroup_P20002_F20002001_G36.json"
    },
    {
      "ID": 51,
      "Name": "SubMission08_Monster",
      "GroupGUID": "061ba020-234a-4ea2-8d6f-1bdad3db4499",
      "GroupPath": "Config/LevelOutput/Group/Groups_P20002_F20002001/LevelGroup_P20002_F20002001_G51.json"
    },
    {
      "ID": 26,
      "Name": "PadsPuzzle",
      "GroupGUID": "0da643f4-c0d4-4e2a-ae92-73ff60e1c704",
      "GroupPath": "Config/LevelOutput/Group/Groups_P20002_F20002001/LevelGroup_P20002_F20002001_G26.json"
    },
    {
      "ID": 32,
      "Name": "PadsPuzzle2",
      "GroupGUID": "1ba2624f-7759-4ec7-8add-2daf93e89257",
      "GroupPath": "Config/LevelOutput/Group/Groups_P20002_F20002001/LevelGroup_P20002_F20002001_G32.json"
    },
    {
      "ID": 33,
      "Name": "PadsPuzzle3",
      "GroupGUID": "142ea2ab-3761-412c-ac40-2ae85c57d13e",
      "GroupPath": "Config/LevelOutput/Group/Groups_P20002_F20002001/LevelGroup_P20002_F20002001_G33.json"
    },
    {
      "ID": 41,
      "Name": "QiWu",
      "GroupGUID": "f669ae3b-4316-408f-91d1-5b59c32212a1",
      "GroupPath": "Config/LevelOutput/Group/Groups_P20002_F20002001/LevelGroup_P20002_F20002001_G41.json"
    },
    {
      "ID": 24,
      "Name": "SceneProp",
      "GroupGUID": "83ca65f9-c8ca-4e4d-8da5-0c80641d8a95",
      "GroupPath": "Config/LevelOutput/Group/Groups_P20002_F20002001/LevelGroup_P20002_F20002001_G24.json"
    },
    {
      "ID": 45,
      "Name": "SubMission_ChuBuKJi",
      "GroupGUID": "0cd9f3d4-6430-4ea3-be9d-42bce5975090",
      "GroupPath": "Config/LevelOutput/Group/Groups_P20002_F20002001/LevelGroup_P20002_F20002001_G45.json"
    },
    {
      "ID": 46,
      "Name": "Monster_ChestMonster",
      "GroupGUID": "cfdc463b-48cc-4790-9d97-69dd7a67922b",
      "GroupPath": "Config/LevelOutput/Group/Groups_P20002_F20002001/LevelGroup_P20002_F20002001_G46.json"
    },
    {
      "ID": 47,
      "Name": "MainMisson_QB",
      "GroupGUID": "828d662b-6d14-4df7-85e0-ebab4d2d7484",
      "GroupPath": "Config/LevelOutput/Group/Groups_P20002_F20002001/LevelGroup_P20002_F20002001_G47.json"
    },
    {
      "ID": 48,
      "Name": "Submission_chubukeji",
      "GroupGUID": "8f5cf872-d0d3-4ed4-a084-bde8a6fa5a89",
      "GroupPath": "Config/LevelOutput/Group/Groups_P20002_F20002001/LevelGroup_P20002_F20002001_G48.json"
    },
    {
      "ID": 9,
      "Name": "Env_NPCs_1",
      "GroupGUID": "688fbcf5-ad01-47d2-9c60-f6f6270be16a",
      "GroupPath": "Config/LevelOutput/Group/Groups_P20002_F20002001/LevelGroup_P20002_F20002001_G9.json"
    },
    {
      "ID": 49,
      "Name": "Env_NPCs_2",
      "GroupGUID": "0f32a6ff-d2df-4aae-a4ac-32d04791974a",
      "GroupPath": "Config/LevelOutput/Group/Groups_P20002_F20002001/LevelGroup_P20002_F20002001_G49.json"
    },
    {
      "ID": 50,
      "Name": "SubMission_chubukeji",
      "GroupGUID": "ae7bc190-2945-473c-8629-c4213ff71f60",
      "GroupPath": "Config/LevelOutput/Group/Groups_P20002_F20002001/LevelGroup_P20002_F20002001_G50.json"
    },
    {
      "ID": 52,
      "Name": "MainMisson_GZ",
      "GroupGUID": "80325d24-5b6c-483d-bb93-61e5164239c3",
      "GroupPath": "Config/LevelOutput/Group/Groups_P20002_F20002001/LevelGroup_P20002_F20002001_G52.json"
    },
    {
      "ID": 53,
      "Name": "Sound",
      "GroupGUID": "19552f66-b207-488f-8304-3b552c37bfb4",
      "GroupPath": "Config/LevelOutput/Group/Groups_P20002_F20002001/LevelGroup_P20002_F20002001_G53.json"
    },
    {
      "ID": 58,
      "Name": "Sub2000106",
      "GroupGUID": "915fbc95-2bde-4d25-88d7-2765460b9880",
      "GroupPath": "Config/LevelOutput/Group/Groups_P20002_F20002001/LevelGroup_P20002_F20002001_G58.json"
    },
    {
      "ID": 61,
      "Name": "NPCAML",
      "GroupGUID": "f38d0e31-82ce-4820-99ce-ed0f5f90b7ba",
      "GroupPath": "Config/LevelOutput/Group/Groups_P20002_F20002001/LevelGroup_P20002_F20002001_G61.json"
    },
    {
      "ID": 62,
      "Name": "SimpleMission3",
      "GroupGUID": "912999e8-5a17-4238-bcdb-db54905f363c",
      "GroupPath": "Config/LevelOutput/Group/Groups_P20002_F20002001/LevelGroup_P20002_F20002001_G62.json"
    },
    {
      "ID": 63,
      "Name": "SimpleMission4",
      "GroupGUID": "c4dfd919-27bb-42c9-aae7-5611daedee85",
      "GroupPath": "Config/LevelOutput/Group/Groups_P20002_F20002001/LevelGroup_P20002_F20002001_G63.json"
    },
    {
      "ID": 64,
      "Name": "N2_Raid_2000205",
      "GroupGUID": "1200d852-572a-4821-897c-311a08c1cf48",
      "GroupPath": "Config/LevelOutput/Group/Groups_P20002_F20002001/LevelGroup_P20002_F20002001_G64.json"
    },
    {
      "ID": 65,
      "Name": "MainMission4040010_",
      "GroupGUID": "09f6c6ca-147f-4a6f-8016-75dca32f92f3",
      "GroupPath": "Config/LevelOutput/Group/Groups_P20002_F20002001/LevelGroup_P20002_F20002001_G65.json"
    },
    {
      "ID": 68,
      "Name": "SimpleMission11",
      "GroupGUID": "f4833fd7-469f-45e1-ab1c-102107407ed1",
      "GroupPath": "Config/LevelOutput/Group/Groups_P20002_F20002001/LevelGroup_P20002_F20002001_G68.json"
    },
    {
      "ID": 69,
      "IsDelete": true,
      "Name": "SimpleMission13",
      "GroupGUID": "870399b5-b2b5-47f9-bba9-c5bef21c647f",
      "GroupPath": "Config/LevelOutput/Group/Groups_P20002_F20002001/LevelGroup_P20002_F20002001_G69.json"
    },
    {
      "ID": 70,
      "Name": "MainMission4040015_",
      "GroupGUID": "e49fbebb-3522-4085-8bff-621c19eff813",
      "GroupPath": "Config/LevelOutput/Group/Groups_P20002_F20002001/LevelGroup_P20002_F20002001_G70.json"
    },
    {
      "ID": 72,
      "Name": "Prop_Monument",
      "GroupGUID": "821f2516-b8a0-4b8d-8aef-a3134a39ca27",
      "GroupPath": "Config/LevelOutput/Group/Groups_P20002_F20002001/LevelGroup_P20002_F20002001_G72.json"
    },
    {
      "ID": 96,
      "Name": "Prop_Monument",
      "GroupGUID": "f85ba800-68c6-4e1a-8aaf-f8ff4a706100",
      "GroupPath": "Config/LevelOutput/Group/Groups_P20002_F20002001/LevelGroup_P20002_F20002001_G96.json"
    },
    {
      "ID": 73,
      "Name": "MainMission2000116_",
      "GroupGUID": "f3561f9a-59f8-43a1-833f-4eb4d7eb077b",
      "GroupPath": "Config/LevelOutput/Group/Groups_P20002_F20002001/LevelGroup_P20002_F20002001_G73.json"
    },
    {
      "ID": 74,
      "Name": "MainMission2000116_",
      "GroupGUID": "c2e56fef-6d43-4099-8f14-c5c07e4bf8d7",
      "GroupPath": "Config/LevelOutput/Group/Groups_P20002_F20002001/LevelGroup_P20002_F20002001_G74.json"
    },
    {
      "ID": 75,
      "Name": "MainMission2000116_",
      "GroupGUID": "9028fe6d-0092-40eb-819e-fadcfb07bb50",
      "GroupPath": "Config/LevelOutput/Group/Groups_P20002_F20002001/LevelGroup_P20002_F20002001_G75.json"
    },
    {
      "ID": 78,
      "Name": "MainMission3000211_",
      "GroupGUID": "7026878a-2009-4616-a590-85bb9018e121",
      "GroupPath": "Config/LevelOutput/Group/Groups_P20002_F20002001/LevelGroup_P20002_F20002001_G78.json"
    },
    {
      "ID": 79,
      "Name": "MainMission3000212_",
      "GroupGUID": "cfa3262f-f6db-4a80-b49c-b5125cecbef4",
      "GroupPath": "Config/LevelOutput/Group/Groups_P20002_F20002001/LevelGroup_P20002_F20002001_G79.json"
    },
    {
      "ID": 81,
      "Name": "CrowdControl",
      "GroupGUID": "1bae7d80-709c-4964-9b94-5b54e5c01293",
      "GroupPath": "Config/LevelOutput/Group/Groups_P20002_F20002001/LevelGroup_P20002_F20002001_G81.json"
    },
    {
      "ID": 83,
      "Name": "NPC",
      "GroupGUID": "e9715823-90c6-4150-871f-be0b7c44773b",
      "GroupPath": "Config/LevelOutput/Group/Groups_P20002_F20002001/LevelGroup_P20002_F20002001_G83.json"
    },
    {
      "ID": 84,
      "Name": "DailyMission",
      "GroupGUID": "97a89b08-5ca6-4b2d-a9fb-3e710bade028",
      "GroupPath": "Config/LevelOutput/Group/Groups_P20002_F20002001/LevelGroup_P20002_F20002001_G84.json"
    },
    {
      "ID": 85,
      "Name": "DailyMission",
      "GroupGUID": "aa3cc7b7-efea-4def-baab-812a105e6256",
      "GroupPath": "Config/LevelOutput/Group/Groups_P20002_F20002001/LevelGroup_P20002_F20002001_G85.json"
    },
    {
      "ID": 86,
      "Name": "DailyMission",
      "GroupGUID": "70263590-254e-4241-b1f6-d3b1c734bc88",
      "GroupPath": "Config/LevelOutput/Group/Groups_P20002_F20002001/LevelGroup_P20002_F20002001_G86.json"
    },
    {
      "ID": 87,
      "Name": "DailyMission",
      "GroupGUID": "368d32a0-9e41-4d11-985b-1d094444f79f",
      "GroupPath": "Config/LevelOutput/Group/Groups_P20002_F20002001/LevelGroup_P20002_F20002001_G87.json"
    },
    {
      "ID": 98,
      "Name": "Shelter Group",
      "GroupGUID": "19a5b7f4-c034-4d47-81f6-2580ae6d824e",
      "GroupPath": "Config/LevelOutput/Group/Groups_P20002_F20002001/LevelGroup_P20002_F20002001_G98.json"
    },
    {
      "ID": 71,
      "IsDelete": true,
      "Name": "Activity_RaidTest",
      "GroupGUID": "846b350c-5c53-4c57-856c-3126dd9ab977",
      "GroupPath": "Config/LevelOutput/Group/Groups_P20002_F20002001/LevelGroup_P20002_F20002001_G71.json"
    },
    {
      "ID": 93,
      "Name": "DailyMission",
      "GroupGUID": "dfd7643c-246f-40b0-8ffc-1d6f86ebc774",
      "GroupPath": "Config/LevelOutput/Group/Groups_P20002_F20002001/LevelGroup_P20002_F20002001_G93.json"
    },
    {
      "ID": 94,
      "Name": "DailyMission",
      "GroupGUID": "22a41c09-5f5a-4ff0-b431-7d2f2b26de44",
      "GroupPath": "Config/LevelOutput/Group/Groups_P20002_F20002001/LevelGroup_P20002_F20002001_G94.json"
    },
    {
      "ID": 100,
      "Name": "Memorybubble",
      "GroupGUID": "0297831d-7d59-4fb4-8a12-de8f8b64cd7d",
      "GroupPath": "Config/LevelOutput/Group/Groups_P20002_F20002001/LevelGroup_P20002_F20002001_G100.json"
    },
    {
      "ID": 80,
      "Name": "MainMission2000701_",
      "GroupGUID": "4eb27419-2812-4964-bb94-c85f7d8b3c86",
      "GroupPath": "Config/LevelOutput/Group/Groups_P20002_F20002001/LevelGroup_P20002_F20002001_G80.json"
    },
    {
      "ID": 101,
      "Name": "ActivitySilverWolf_FindPicture",
      "GroupGUID": "e55c3471-7777-4f56-a7df-0127427c5fc7",
      "GroupPath": "Config/LevelOutput/Group/Groups_P20002_F20002001/LevelGroup_P20002_F20002001_G101.json"
    },
    {
      "ID": 102,
      "Name": "Qiwu",
      "GroupGUID": "c0500bf3-2b54-4a93-9038-61477a0e66c2",
      "GroupPath": "Config/LevelOutput/Group/Groups_P20002_F20002001/LevelGroup_P20002_F20002001_G102.json"
    },
    {
      "ID": 103,
      "Name": "SimpleMission_4040017",
      "GroupGUID": "b632fa5f-93b5-41fb-b480-ca1aff80f3ee",
      "GroupPath": "Config/LevelOutput/Group/Groups_P20002_F20002001/LevelGroup_P20002_F20002001_G103.json"
    },
    {
      "ID": 106,
      "Name": "MainMission_RoadBlock",
      "GroupGUID": "56322389-48dc-492b-8ae0-3c074e359e4c",
      "GroupPath": "Config/LevelOutput/Group/Groups_P20002_F20002001/LevelGroup_P20002_F20002001_G106.json"
    },
    {
      "ID": 107,
      "Name": "MainMission8002102_",
      "GroupGUID": "6d24e6ef-c49d-4541-9bcd-549e04b04f4d",
      "GroupPath": "Config/LevelOutput/Group/Groups_P20002_F20002001/LevelGroup_P20002_F20002001_G107.json"
    },
    {
      "ID": 108,
      "Name": "MainMission3000604_",
      "GroupGUID": "74c9cf54-5ead-4b55-bc02-f2e2d849cdcc",
      "GroupPath": "Config/LevelOutput/Group/Groups_P20002_F20002001/LevelGroup_P20002_F20002001_G108.json"
    },
    {
      "ID": 109,
      "Name": "MainMission2000116_",
      "GroupGUID": "ae2bb680-bcac-4e17-a30f-48c38c8d603b",
      "GroupPath": "Config/LevelOutput/Group/Groups_P20002_F20002001/LevelGroup_P20002_F20002001_G109.json"
    },
    {
      "ID": 110,
      "Name": "MainMission_RoadBlock",
      "GroupGUID": "568e13d7-3c66-46b5-bc91-c26c02015972",
      "GroupPath": "Config/LevelOutput/Group/Groups_P20002_F20002001/LevelGroup_P20002_F20002001_G110.json"
    },
    {
      "ID": 120,
      "Name": "MainMission8014129_LinkBattle_Before",
      "GroupGUID": "9af72d66-1113-4eb3-b550-550dd68c3c35",
      "GroupPath": "Config/LevelOutput/Group/Groups_P20002_F20002001/LevelGroup_P20002_F20002001_G120.json"
    },
    {
      "ID": 121,
      "Name": "MainMission8014129_LinkBattle_After",
      "GroupGUID": "20580e5d-38ba-4751-9d01-0be2007ef283",
      "GroupPath": "Config/LevelOutput/Group/Groups_P20002_F20002001/LevelGroup_P20002_F20002001_G121.json"
    },
    {
      "ID": 123,
      "Name": "MainMission8014134_LinkBattle_Before",
      "GroupGUID": "f2357cf8-01e9-433d-a50b-958b08a920f0",
      "GroupPath": "Config/LevelOutput/Group/Groups_P20002_F20002001/LevelGroup_P20002_F20002001_G123.json"
    },
    {
      "ID": 124,
      "Name": "MainMission8014134_LinkBattle_After",
      "GroupGUID": "15791ff2-5d2f-4c48-9237-7ca1d4d20b20",
      "GroupPath": "Config/LevelOutput/Group/Groups_P20002_F20002001/LevelGroup_P20002_F20002001_G124.json"
    },
    {
      "ID": 118,
      "Name": "MainMission8002102_1",
      "GroupGUID": "6b283556-6525-42d2-bd94-05c1e42daecc",
      "GroupPath": "Config/LevelOutput/Group/Groups_P20002_F20002001/LevelGroup_P20002_F20002001_G118.json"
    },
    {
      "ID": 119,
      "Name": "MainMission8002102_1",
      "GroupGUID": "91fa4e68-4b4c-4702-8fc4-16bb23274b83",
      "GroupPath": "Config/LevelOutput/Group/Groups_P20002_F20002001/LevelGroup_P20002_F20002001_G119.json"
    }
  ]
}