{
  "FloorID": 20121001,
  "FloorName": "FloorName_20121001",
  "StartGroupID": 2,
  "StartAnchorID": 1,
  "GroupList": [
    {
      "ID": 2,
      "Name": "DefaultData",
      "GroupGUID": "4fa82f37-f085-4fd9-aff1-47211edd3a73",
      "GroupPath": "Config/LevelOutput/Group/Groups_P20121_F20121001/LevelGroup_P20121_F20121001_G2.json"
    },
    {
      "ID": 3,
      "Name": "DefaultProp",
      "GroupGUID": "be532b39-9203-45ed-8441-b726096ea6fe",
      "GroupPath": "Config/LevelOutput/Group/Groups_P20121_F20121001/LevelGroup_P20121_F20121001_G3.json"
    },
    {
      "ID": 5,
      "Name": "DefaultTreasure",
      "GroupGUID": "20bdf507-fb3b-46a3-99a9-7d25a10d1350",
      "GroupPath": "Config/LevelOutput/Group/Groups_P20121_F20121001/LevelGroup_P20121_F20121001_G5.json"
    },
    {
      "ID": 6,
      "Name": "DestructibleItem",
      "GroupGUID": "d2713eea-db5f-48dc-bad0-1f183257ef54",
      "GroupPath": "Config/LevelOutput/Group/Groups_P20121_F20121001/LevelGroup_P20121_F20121001_G6.json"
    },
    {
      "ID": 14,
      "Name": "DestructibleItemHP",
      "GroupGUID": "2397e812-371e-409a-9dd3-8e8e0d34db87",
      "GroupPath": "Config/LevelOutput/Group/Groups_P20121_F20121001/LevelGroup_P20121_F20121001_G14.json"
    },
    {
      "ID": 23,
      "Name": "Default_ChallengeChest",
      "GroupGUID": "728f7f3f-9775-405b-8dad-3d699b441ab5",
      "GroupPath": "Config/LevelOutput/Group/Groups_P20121_F20121001/LevelGroup_P20121_F20121001_G23.json"
    },
    {
      "ID": 26,
      "Name": "Default_ChallengeChest",
      "GroupGUID": "6185d6a8-05e8-42d2-9d2b-04dc77d7693d",
      "GroupPath": "Config/LevelOutput/Group/Groups_P20121_F20121001/LevelGroup_P20121_F20121001_G26.json"
    },
    {
      "ID": 100,
      "Name": "Cocoon",
      "GroupGUID": "7c495dc7-8faa-4912-83a4-f8ead043db1a",
      "GroupPath": "Config/LevelOutput/Group/Groups_P20121_F20121001/LevelGroup_P20121_F20121001_G100.json"
    },
    {
      "ID": 50,
      "Name": "DefaultCocoon01",
      "GroupGUID": "3debbafb-2a49-45d5-93d6-8ce1ea33d8c5",
      "GroupPath": "Config/LevelOutput/Group/Groups_P20121_F20121001/LevelGroup_P20121_F20121001_G50.json"
    },
    {
      "ID": 21,
      "Name": "FarmElement",
      "GroupGUID": "4e62fb7e-805a-43e5-8312-3a33c98da87f",
      "GroupPath": "Config/LevelOutput/Group/Groups_P20121_F20121001/LevelGroup_P20121_F20121001_G21.json"
    },
    {
      "ID": 123,
      "Name": "FarmElement2",
      "GroupGUID": "a7fc1b08-f6dc-4339-9484-8532db1008b3",
      "GroupPath": "Config/LevelOutput/Group/Groups_P20121_F20121001/LevelGroup_P20121_F20121001_G123.json"
    },
    {
      "ID": 31,
      "Name": "Books",
      "GroupGUID": "222fd789-2823-4b62-b6e4-5a2ad3e5ff38",
      "GroupPath": "Config/LevelOutput/Group/Groups_P20121_F20121001/LevelGroup_P20121_F20121001_G31.json"
    },
    {
      "ID": 7,
      "Name": "Monster_Main",
      "GroupGUID": "1bd344d8-f3f9-4759-9ad8-69b75f5f4f5d",
      "GroupPath": "Config/LevelOutput/Group/Groups_P20121_F20121001/LevelGroup_P20121_F20121001_G7.json"
    },
    {
      "ID": 13,
      "Name": "DefaultMonster",
      "GroupGUID": "1a5619a3-5b14-4c98-9c50-b1aa28def3e0",
      "GroupPath": "Config/LevelOutput/Group/Groups_P20121_F20121001/LevelGroup_P20121_F20121001_G13.json"
    },
    {
      "ID": 62,
      "Name": "DefaultMonster",
      "GroupGUID": "5c130139-5ea5-4a56-a852-62169dcf0b43",
      "GroupPath": "Config/LevelOutput/Group/Groups_P20121_F20121001/LevelGroup_P20121_F20121001_G62.json"
    },
    {
      "ID": 75,
      "Name": "Tramcar_NPC_Before",
      "GroupGUID": "a0a18a92-bd55-4c32-b401-880ff75780f4",
      "GroupPath": "Config/LevelOutput/Group/Groups_P20121_F20121001/LevelGroup_P20121_F20121001_G75.json"
    },
    {
      "ID": 106,
      "Name": "Tramcar_NPC_Day1",
      "GroupGUID": "0d131dc2-1d46-4e79-883f-d624ba11bd67",
      "GroupPath": "Config/LevelOutput/Group/Groups_P20121_F20121001/LevelGroup_P20121_F20121001_G106.json"
    },
    {
      "ID": 107,
      "Name": "Tramcar_NPC_Day2",
      "GroupGUID": "814478a8-e7de-4b80-825c-d713255a54b6",
      "GroupPath": "Config/LevelOutput/Group/Groups_P20121_F20121001/LevelGroup_P20121_F20121001_G107.json"
    },
    {
      "ID": 108,
      "Name": "Tramcar_NPC_Day3",
      "GroupGUID": "45ce411b-e836-4b81-9085-fa458baecdcb",
      "GroupPath": "Config/LevelOutput/Group/Groups_P20121_F20121001/LevelGroup_P20121_F20121001_G108.json"
    },
    {
      "ID": 76,
      "Name": "Tramcar_NPC",
      "GroupGUID": "c3879d57-6d86-4976-84fe-eee2a98a7d2d",
      "GroupPath": "Config/LevelOutput/Group/Groups_P20121_F20121001/LevelGroup_P20121_F20121001_G76.json"
    },
    {
      "ID": 51,
      "Name": "Tramcar_Puzzle_lv0",
      "GroupGUID": "d4665600-0afd-4846-8f30-d9d8b0d34add",
      "GroupPath": "Config/LevelOutput/Group/Groups_P20121_F20121001/LevelGroup_P20121_F20121001_G51.json"
    },
    {
      "ID": 105,
      "Name": "Tramcar_Puzzle_lv0-1",
      "GroupGUID": "982864be-fb5d-4f34-9217-550ad9a864b6",
      "GroupPath": "Config/LevelOutput/Group/Groups_P20121_F20121001/LevelGroup_P20121_F20121001_G105.json"
    },
    {
      "ID": 63,
      "Name": "Tramcar_Puzzle_lv1",
      "GroupGUID": "895aa439-3020-43db-9d0e-c7fdd0a5a4a8",
      "GroupPath": "Config/LevelOutput/Group/Groups_P20121_F20121001/LevelGroup_P20121_F20121001_G63.json"
    },
    {
      "ID": 64,
      "Name": "Tramcar_Puzzle_lv2",
      "GroupGUID": "63e13d8c-8658-48a7-a40e-b3c5f359e791",
      "GroupPath": "Config/LevelOutput/Group/Groups_P20121_F20121001/LevelGroup_P20121_F20121001_G64.json"
    },
    {
      "ID": 104,
      "Name": "Tramcar_Puzzle_lv2-1",
      "GroupGUID": "2d802442-66e8-4d5f-9faf-a86995e3ef07",
      "GroupPath": "Config/LevelOutput/Group/Groups_P20121_F20121001/LevelGroup_P20121_F20121001_G104.json"
    },
    {
      "ID": 65,
      "Name": "Tramcar_Puzzle_lv3",
      "GroupGUID": "fc670d15-fc99-4fc3-8260-abaf660941e1",
      "GroupPath": "Config/LevelOutput/Group/Groups_P20121_F20121001/LevelGroup_P20121_F20121001_G65.json"
    },
    {
      "ID": 66,
      "Name": "Tramcar_Puzzle_lv4",
      "GroupGUID": "5a7babda-17ab-4be9-880a-eed9390847e2",
      "GroupPath": "Config/LevelOutput/Group/Groups_P20121_F20121001/LevelGroup_P20121_F20121001_G66.json"
    },
    {
      "ID": 103,
      "Name": "Tramcar_Puzzle_lv7",
      "GroupGUID": "eb0d605a-4a93-4d84-887d-0a887f139704",
      "GroupPath": "Config/LevelOutput/Group/Groups_P20121_F20121001/LevelGroup_P20121_F20121001_G103.json"
    },
    {
      "ID": 102,
      "Name": "Tramcar_Puzzle_lv8",
      "GroupGUID": "616fa8bb-5d40-4582-b59e-bb96e8f2d4bd",
      "GroupPath": "Config/LevelOutput/Group/Groups_P20121_F20121001/LevelGroup_P20121_F20121001_G102.json"
    },
    {
      "ID": 12,
      "Name": "MainMission",
      "GroupGUID": "3c87929e-c515-455b-afb6-664064893a15",
      "GroupPath": "Config/LevelOutput/Group/Groups_P20121_F20121001/LevelGroup_P20121_F20121001_G12.json"
    },
    {
      "ID": 4,
      "Name": "MainMission1010501_",
      "GroupGUID": "4e863292-81ab-4b6b-8f1f-706ed4ffbf62",
      "GroupPath": "Config/LevelOutput/Group/Groups_P20121_F20121001/LevelGroup_P20121_F20121001_G4.json"
    },
    {
      "ID": 10,
      "Name": "MainMission1010501_",
      "GroupGUID": "e541c2e2-fa06-4899-ad4e-6cc05ad22050",
      "GroupPath": "Config/LevelOutput/Group/Groups_P20121_F20121001/LevelGroup_P20121_F20121001_G10.json"
    },
    {
      "ID": 15,
      "Name": "MainMission",
      "GroupGUID": "26b1bf75-bce1-4ad4-9e2f-33382207d3b1",
      "GroupPath": "Config/LevelOutput/Group/Groups_P20121_F20121001/LevelGroup_P20121_F20121001_G15.json"
    },
    {
      "ID": 16,
      "Name": "MainMission1010501_",
      "GroupGUID": "288ff6b1-2598-4212-9c91-7ccb11e7ff15",
      "GroupPath": "Config/LevelOutput/Group/Groups_P20121_F20121001/LevelGroup_P20121_F20121001_G16.json"
    },
    {
      "ID": 17,
      "Name": "MainMission",
      "GroupGUID": "71d5c7b2-01e9-4c7e-aaf3-abb09d2ee2d8",
      "GroupPath": "Config/LevelOutput/Group/Groups_P20121_F20121001/LevelGroup_P20121_F20121001_G17.json"
    },
    {
      "ID": 18,
      "Name": "MainMission1010501_",
      "GroupGUID": "a4a0928e-dcfa-4ba5-ba54-6e6f46dfb4d4",
      "GroupPath": "Config/LevelOutput/Group/Groups_P20121_F20121001/LevelGroup_P20121_F20121001_G18.json"
    },
    {
      "ID": 19,
      "Name": "MainMission1010501_",
      "GroupGUID": "bec4147e-e5a5-4933-bfc4-5dc11a264c13",
      "GroupPath": "Config/LevelOutput/Group/Groups_P20121_F20121001/LevelGroup_P20121_F20121001_G19.json"
    },
    {
      "ID": 20,
      "Name": "MainMIssion",
      "GroupGUID": "c337e145-8171-4c90-bd84-b4524fabad36",
      "GroupPath": "Config/LevelOutput/Group/Groups_P20121_F20121001/LevelGroup_P20121_F20121001_G20.json"
    },
    {
      "ID": 9,
      "Name": "MainMission",
      "GroupGUID": "fecc801a-20c6-42e0-80d2-42e92d9c962b",
      "GroupPath": "Config/LevelOutput/Group/Groups_P20121_F20121001/LevelGroup_P20121_F20121001_G9.json"
    },
    {
      "ID": 8,
      "Name": "MainMission",
      "GroupGUID": "d5f0fd9e-03b2-4b4a-9f18-13dc68364099",
      "GroupPath": "Config/LevelOutput/Group/Groups_P20121_F20121001/LevelGroup_P20121_F20121001_G8.json"
    },
    {
      "ID": 68,
      "Name": "MainMission",
      "GroupGUID": "54a54c7c-db40-403b-be36-efc329d0503f",
      "GroupPath": "Config/LevelOutput/Group/Groups_P20121_F20121001/LevelGroup_P20121_F20121001_G68.json"
    },
    {
      "ID": 67,
      "Name": "MainMission",
      "GroupGUID": "e66919b5-e413-48ae-9cab-222d3c9b239d",
      "GroupPath": "Config/LevelOutput/Group/Groups_P20121_F20121001/LevelGroup_P20121_F20121001_G67.json"
    },
    {
      "ID": 53,
      "Name": "MainMission",
      "GroupGUID": "fb585f9f-6bd7-4bc5-a88a-5b75438a9376",
      "GroupPath": "Config/LevelOutput/Group/Groups_P20121_F20121001/LevelGroup_P20121_F20121001_G53.json"
    },
    {
      "ID": 11,
      "Name": "MainMission",
      "GroupGUID": "148b14cb-57a0-45bc-9c3a-681e89c829c5",
      "GroupPath": "Config/LevelOutput/Group/Groups_P20121_F20121001/LevelGroup_P20121_F20121001_G11.json"
    },
    {
      "ID": 22,
      "Name": "MainMission2010502_",
      "GroupGUID": "849b28b7-a3f5-49d6-aeaa-d0908e3e8536",
      "GroupPath": "Config/LevelOutput/Group/Groups_P20121_F20121001/LevelGroup_P20121_F20121001_G22.json"
    },
    {
      "ID": 28,
      "Name": "MainMission",
      "GroupGUID": "1dc3d9fd-bdd3-45a1-bc95-597a2c09af61",
      "GroupPath": "Config/LevelOutput/Group/Groups_P20121_F20121001/LevelGroup_P20121_F20121001_G28.json"
    },
    {
      "ID": 29,
      "Name": "MainMission",
      "GroupGUID": "e9849008-2c3e-4af1-8c37-35ecc1fef9fc",
      "GroupPath": "Config/LevelOutput/Group/Groups_P20121_F20121001/LevelGroup_P20121_F20121001_G29.json"
    },
    {
      "ID": 35,
      "Name": "MainMission",
      "GroupGUID": "77429737-21e8-4eb7-89c5-2791f2f2e9fa",
      "GroupPath": "Config/LevelOutput/Group/Groups_P20121_F20121001/LevelGroup_P20121_F20121001_G35.json"
    },
    {
      "ID": 36,
      "Name": "SubMission_2010503",
      "GroupGUID": "af1c86fc-3e00-4e25-8a7b-d348a3dd1f36",
      "GroupPath": "Config/LevelOutput/Group/Groups_P20121_F20121001/LevelGroup_P20121_F20121001_G36.json"
    },
    {
      "ID": 37,
      "Name": "SubMission_2010504",
      "GroupGUID": "0f1aa83b-9027-43e5-93d0-aac6c09cb9c9",
      "GroupPath": "Config/LevelOutput/Group/Groups_P20121_F20121001/LevelGroup_P20121_F20121001_G37.json"
    },
    {
      "ID": 40,
      "Name": "SubMission",
      "GroupGUID": "78577a4c-2ac9-4e3d-bfcd-af57ab769bf8",
      "GroupPath": "Config/LevelOutput/Group/Groups_P20121_F20121001/LevelGroup_P20121_F20121001_G40.json"
    },
    {
      "ID": 41,
      "Name": "SubMission",
      "GroupGUID": "5c7dad14-78e0-42ec-a034-f9905b64369a",
      "GroupPath": "Config/LevelOutput/Group/Groups_P20121_F20121001/LevelGroup_P20121_F20121001_G41.json"
    },
    {
      "ID": 42,
      "Name": "SubMission",
      "GroupGUID": "eedc511e-beec-4cc7-89b5-c7e12e468582",
      "GroupPath": "Config/LevelOutput/Group/Groups_P20121_F20121001/LevelGroup_P20121_F20121001_G42.json"
    },
    {
      "ID": 43,
      "Name": "SubMission",
      "GroupGUID": "44159f72-2bf5-4fc7-b540-f2a93854b56b",
      "GroupPath": "Config/LevelOutput/Group/Groups_P20121_F20121001/LevelGroup_P20121_F20121001_G43.json"
    },
    {
      "ID": 44,
      "Name": "SubMission",
      "GroupGUID": "2111fdd1-0749-4efa-a32a-44179167bae0",
      "GroupPath": "Config/LevelOutput/Group/Groups_P20121_F20121001/LevelGroup_P20121_F20121001_G44.json"
    },
    {
      "ID": 45,
      "Name": "SubMission",
      "GroupGUID": "1b17e068-3d22-4534-9f02-6a75edbe80fe",
      "GroupPath": "Config/LevelOutput/Group/Groups_P20121_F20121001/LevelGroup_P20121_F20121001_G45.json"
    },
    {
      "ID": 46,
      "Name": "SubMission",
      "GroupGUID": "42cf08eb-f06e-4559-a302-a9a4ddf50bdf",
      "GroupPath": "Config/LevelOutput/Group/Groups_P20121_F20121001/LevelGroup_P20121_F20121001_G46.json"
    },
    {
      "ID": 47,
      "Name": "SubMission",
      "GroupGUID": "4d699462-643e-4d35-a6b0-f6ce530e7004",
      "GroupPath": "Config/LevelOutput/Group/Groups_P20121_F20121001/LevelGroup_P20121_F20121001_G47.json"
    },
    {
      "ID": 48,
      "Name": "SubMission",
      "GroupGUID": "156a641c-1dc3-420f-ad68-ee489e037ed3",
      "GroupPath": "Config/LevelOutput/Group/Groups_P20121_F20121001/LevelGroup_P20121_F20121001_G48.json"
    },
    {
      "ID": 49,
      "Name": "NPCs",
      "GroupGUID": "51fe458c-6ece-473e-8c81-1b380662c04b",
      "GroupPath": "Config/LevelOutput/Group/Groups_P20121_F20121001/LevelGroup_P20121_F20121001_G49.json"
    },
    {
      "ID": 1,
      "Name": "SubMission",
      "GroupGUID": "c2671ab8-e48f-4a5b-93a4-3ccd34c64a73",
      "GroupPath": "Config/LevelOutput/Group/Groups_P20121_F20121001/LevelGroup_P20121_F20121001_G1.json"
    },
    {
      "ID": 24,
      "Name": "SubMission",
      "GroupGUID": "709e35ac-fd82-4683-9702-c28f0ef18b7d",
      "GroupPath": "Config/LevelOutput/Group/Groups_P20121_F20121001/LevelGroup_P20121_F20121001_G24.json"
    },
    {
      "ID": 27,
      "Name": "SubMission",
      "GroupGUID": "adb60706-8186-4e87-b153-98b089cafd50",
      "GroupPath": "Config/LevelOutput/Group/Groups_P20121_F20121001/LevelGroup_P20121_F20121001_G27.json"
    },
    {
      "ID": 30,
      "Name": "SubMission",
      "GroupGUID": "98fe233f-9273-438c-a774-9e73de7d958e",
      "GroupPath": "Config/LevelOutput/Group/Groups_P20121_F20121001/LevelGroup_P20121_F20121001_G30.json"
    },
    {
      "ID": 54,
      "Name": "SubMission",
      "GroupGUID": "0b065eef-0f03-4c33-add3-deee6a577b2e",
      "GroupPath": "Config/LevelOutput/Group/Groups_P20121_F20121001/LevelGroup_P20121_F20121001_G54.json"
    },
    {
      "ID": 52,
      "Name": "MainMission1010501_",
      "GroupGUID": "c466507e-144d-4727-b006-5d891a258eef",
      "GroupPath": "Config/LevelOutput/Group/Groups_P20121_F20121001/LevelGroup_P20121_F20121001_G52.json"
    },
    {
      "ID": 55,
      "Name": "New Group",
      "GroupGUID": "ccc00d9c-6b06-425d-a73e-b7dc9690e7ea",
      "GroupPath": "Config/LevelOutput/Group/Groups_P20121_F20121001/LevelGroup_P20121_F20121001_G55.json"
    },
    {
      "ID": 61,
      "Name": "SubMission",
      "GroupGUID": "e1c5edcc-799c-4736-8699-655672117c3f",
      "GroupPath": "Config/LevelOutput/Group/Groups_P20121_F20121001/LevelGroup_P20121_F20121001_G61.json"
    },
    {
      "ID": 25,
      "Name": "ModelProbe_101050125",
      "GroupGUID": "ef9a97e8-eb3c-40e1-9647-644995a70386",
      "GroupPath": "Config/LevelOutput/Group/Groups_P20121_F20121001/LevelGroup_P20121_F20121001_G25.json"
    },
    {
      "ID": 70,
      "Name": "ModelProbe_101050117",
      "GroupGUID": "f309ecf3-e032-4b1a-9fca-70946006ad5a",
      "GroupPath": "Config/LevelOutput/Group/Groups_P20121_F20121001/LevelGroup_P20121_F20121001_G70.json"
    },
    {
      "ID": 57,
      "Name": "FindChest_Streetlamp&IronNet",
      "GroupGUID": "4947e23d-43f7-4e9b-bf30-689f8060d609",
      "GroupPath": "Config/LevelOutput/Group/Groups_P20121_F20121001/LevelGroup_P20121_F20121001_G57.json"
    },
    {
      "ID": 58,
      "Name": "FindChest_Streetlamp&IronNet",
      "GroupGUID": "72ab2307-5c47-4d6c-806c-74e3c8d6f786",
      "GroupPath": "Config/LevelOutput/Group/Groups_P20121_F20121001/LevelGroup_P20121_F20121001_G58.json"
    },
    {
      "ID": 59,
      "Name": "SubMission201050205",
      "GroupGUID": "4c204672-5765-41f4-bbbd-3c13f8f80977",
      "GroupPath": "Config/LevelOutput/Group/Groups_P20121_F20121001/LevelGroup_P20121_F20121001_G59.json"
    },
    {
      "ID": 74,
      "Name": "MainMission2010502_",
      "GroupGUID": "7f9caeeb-45d1-44e7-9ca9-cdb53f0811da",
      "GroupPath": "Config/LevelOutput/Group/Groups_P20121_F20121001/LevelGroup_P20121_F20121001_G74.json"
    },
    {
      "ID": 79,
      "Name": "Sound",
      "GroupGUID": "d3d9a22d-1462-46b1-8b67-9736c305b657",
      "GroupPath": "Config/LevelOutput/Group/Groups_P20121_F20121001/LevelGroup_P20121_F20121001_G79.json"
    },
    {
      "ID": 80,
      "Name": "Daymission",
      "GroupGUID": "208633b5-875e-4b1a-b413-516dc9b4927d",
      "GroupPath": "Config/LevelOutput/Group/Groups_P20121_F20121001/LevelGroup_P20121_F20121001_G80.json"
    },
    {
      "ID": 85,
      "Name": "MainMission1011501_",
      "GroupGUID": "1d27c23e-dfe9-4f44-ba70-67fe8b71c1f1",
      "GroupPath": "Config/LevelOutput/Group/Groups_P20121_F20121001/LevelGroup_P20121_F20121001_G85.json"
    },
    {
      "ID": 92,
      "Name": "RaidGate",
      "GroupGUID": "e015e170-47cf-48ed-9922-c1c98a3c309a",
      "GroupPath": "Config/LevelOutput/Group/Groups_P20121_F20121001/LevelGroup_P20121_F20121001_G92.json"
    },
    {
      "ID": 93,
      "Name": "MapNPC",
      "GroupGUID": "5011a97b-c128-449b-9ee8-302490cc91f6",
      "GroupPath": "Config/LevelOutput/Group/Groups_P20121_F20121001/LevelGroup_P20121_F20121001_G93.json"
    },
    {
      "ID": 94,
      "Name": "MainMission3011014_",
      "GroupGUID": "cbff7729-0875-419e-a100-46dcdc93a28c",
      "GroupPath": "Config/LevelOutput/Group/Groups_P20121_F20121001/LevelGroup_P20121_F20121001_G94.json"
    },
    {
      "ID": 95,
      "Name": "WorldBoss",
      "GroupGUID": "33203cbb-a46e-4b2d-8bfd-96574cdeb61e",
      "GroupPath": "Config/LevelOutput/Group/Groups_P20121_F20121001/LevelGroup_P20121_F20121001_G95.json"
    },
    {
      "ID": 96,
      "Name": "RobotHunt",
      "GroupGUID": "b6ad38c5-7db9-45eb-9601-aacf027a70fb",
      "GroupPath": "Config/LevelOutput/Group/Groups_P20121_F20121001/LevelGroup_P20121_F20121001_G96.json"
    },
    {
      "ID": 97,
      "Name": "MapNPC",
      "GroupGUID": "9e39b73d-23c7-4c7d-8979-9f0c2379a6a1",
      "GroupPath": "Config/LevelOutput/Group/Groups_P20121_F20121001/LevelGroup_P20121_F20121001_G97.json"
    },
    {
      "ID": 98,
      "Name": "Shelter Group",
      "GroupGUID": "8dc05131-773e-47d8-a010-a6224555bdef",
      "GroupPath": "Config/LevelOutput/Group/Groups_P20121_F20121001/LevelGroup_P20121_F20121001_G98.json"
    },
    {
      "ID": 101,
      "Name": "MainMission4040117_",
      "GroupGUID": "de8fdd61-5dfa-48bd-bfe9-152eb8b11716",
      "GroupPath": "Config/LevelOutput/Group/Groups_P20121_F20121001/LevelGroup_P20121_F20121001_G101.json"
    },
    {
      "ID": 109,
      "Name": "MainMission2011901_10",
      "GroupGUID": "173394f4-428b-4b1f-9c53-f66a043cadbf",
      "GroupPath": "Config/LevelOutput/Group/Groups_P20121_F20121001/LevelGroup_P20121_F20121001_G109.json"
    },
    {
      "ID": 110,
      "Name": "MainMission2011901_11",
      "GroupGUID": "5983e6d8-3202-4504-bb07-3d7c13ed0acd",
      "GroupPath": "Config/LevelOutput/Group/Groups_P20121_F20121001/LevelGroup_P20121_F20121001_G110.json"
    },
    {
      "ID": 111,
      "Name": "MainMission2011901_12",
      "GroupGUID": "0e3cc24b-5bfe-43e4-ae55-bc22e10c5810",
      "GroupPath": "Config/LevelOutput/Group/Groups_P20121_F20121001/LevelGroup_P20121_F20121001_G111.json"
    },
    {
      "ID": 112,
      "Name": "MainMission8000186_Mission",
      "GroupGUID": "f461400e-84ed-4075-8c86-01494a362c06",
      "GroupPath": "Config/LevelOutput/Group/Groups_P20121_F20121001/LevelGroup_P20121_F20121001_G112.json"
    },
    {
      "ID": 113,
      "Name": "New Group",
      "GroupGUID": "995cd042-ba67-4a38-9c4e-46c1d02dde97",
      "GroupPath": "Config/LevelOutput/Group/Groups_P20121_F20121001/LevelGroup_P20121_F20121001_G113.json"
    },
    {
      "ID": 114,
      "Name": "MainMission8001204_",
      "GroupGUID": "e56b6f81-3221-4018-bded-a044435e2bfa",
      "GroupPath": "Config/LevelOutput/Group/Groups_P20121_F20121001/LevelGroup_P20121_F20121001_G114.json"
    },
    {
      "ID": 115,
      "Name": "MainMission2010203_13_14",
      "GroupGUID": "375267b9-5c3a-427d-8a57-175ae425b820",
      "GroupPath": "Config/LevelOutput/Group/Groups_P20121_F20121001/LevelGroup_P20121_F20121001_G115.json"
    },
    {
      "ID": 116,
      "Name": "MainMission8001255_01",
      "GroupGUID": "03c930bc-5ca2-4c23-8f9a-ff9179900eae",
      "GroupPath": "Config/LevelOutput/Group/Groups_P20121_F20121001/LevelGroup_P20121_F20121001_G116.json"
    },
    {
      "ID": 117,
      "Name": "New Group",
      "GroupGUID": "670a6ef9-119a-467a-8a51-35017aab6e7c",
      "GroupPath": "Config/LevelOutput/Group/Groups_P20121_F20121001/LevelGroup_P20121_F20121001_G117.json"
    },
    {
      "ID": 118,
      "Name": "MainMission8012106_Mission",
      "GroupGUID": "800db18a-09c1-478f-8123-d4de71c7b68e",
      "GroupPath": "Config/LevelOutput/Group/Groups_P20121_F20121001/LevelGroup_P20121_F20121001_G118.json"
    },
    {
      "ID": 119,
      "Name": "MainMission8012107_BeforeClear_1",
      "GroupGUID": "9a097da7-576d-40e3-aee7-c8b8a5fb4530",
      "GroupPath": "Config/LevelOutput/Group/Groups_P20121_F20121001/LevelGroup_P20121_F20121001_G119.json"
    },
    {
      "ID": 120,
      "Name": "MainMission8012107_AfterClear_1",
      "GroupGUID": "216aed99-1bfc-419f-81fa-f802947e221e",
      "GroupPath": "Config/LevelOutput/Group/Groups_P20121_F20121001/LevelGroup_P20121_F20121001_G120.json"
    },
    {
      "ID": 121,
      "Name": "MainMission8012107_BeforeClear_2",
      "GroupGUID": "b6eaa1c2-4c44-423b-83e7-5e4c201943a3",
      "GroupPath": "Config/LevelOutput/Group/Groups_P20121_F20121001/LevelGroup_P20121_F20121001_G121.json"
    },
    {
      "ID": 122,
      "Name": "MainMission8012107_AfterClear_2",
      "GroupGUID": "8016a39d-7f88-4a9d-a384-c30a57771628",
      "GroupPath": "Config/LevelOutput/Group/Groups_P20121_F20121001/LevelGroup_P20121_F20121001_G122.json"
    },
    {
      "ID": 124,
      "Name": "MainMission8014125_LinkBattle_Before",
      "GroupGUID": "24f6e55d-cb68-4217-8891-7ba19f7977e1",
      "GroupPath": "Config/LevelOutput/Group/Groups_P20121_F20121001/LevelGroup_P20121_F20121001_G124.json"
    },
    {
      "ID": 125,
      "Name": "MainMission8014125_LinkBattle_After",
      "GroupGUID": "70efb20b-7eb7-4268-9ffe-4d7ba1064bc7",
      "GroupPath": "Config/LevelOutput/Group/Groups_P20121_F20121001/LevelGroup_P20121_F20121001_G125.json"
    }
  ]
}