{
  "FloorID": 20133002,
  "FloorName": "FloorName_20133002",
  "StartGroupID": 1,
  "StartAnchorID": 1,
  "GroupList": [
    {
      "ID": 1,
      "Name": "New Group",
      "GroupGUID": "1a8bc872-786d-483e-9572-00ad27c9caf6",
      "GroupPath": "Config/LevelOutput/Group/Groups_P20133_F20133002/LevelGroup_P20133_F20133002_G1.json"
    },
    {
      "ID": 8,
      "Name": "Sound",
      "GroupGUID": "6279c45c-b148-4a37-a9f0-b3fb0a4d79bf",
      "GroupPath": "Config/LevelOutput/Group/Groups_P20133_F20133002/LevelGroup_P20133_F20133002_G8.json"
    }
  ]
}