{
  "FloorID": 20123001,
  "FloorName": "FloorName_20123001",
  "StartGroupID": 2,
  "StartAnchorID": 1,
  "GroupList": [
    {
      "ID": 2,
      "Name": "PlayerStart",
      "GroupGUID": "dabf9d7c-7635-4e9b-893d-cee855dfce4e",
      "GroupPath": "Config/LevelOutput/Group/Groups_P20123_F20123001/LevelGroup_P20123_F20123001_G2.json"
    },
    {
      "ID": 79,
      "Name": "Exit",
      "GroupGUID": "cd4d909e-b582-4694-8fde-733dfe8094b3",
      "GroupPath": "Config/LevelOutput/Group/Groups_P20123_F20123001/LevelGroup_P20123_F20123001_G79.json"
    },
    {
      "ID": 8,
      "Name": "Props",
      "GroupGUID": "a9e35ee4-8456-440d-a172-9425357a108a",
      "GroupPath": "Config/LevelOutput/Group/Groups_P20123_F20123001/LevelGroup_P20123_F20123001_G8.json"
    },
    {
      "ID": 16,
      "Name": "DefaultDestrictibleItem",
      "GroupGUID": "8635654e-02d9-4d39-8549-5233315bb0ac",
      "GroupPath": "Config/LevelOutput/Group/Groups_P20123_F20123001/LevelGroup_P20123_F20123001_G16.json"
    },
    {
      "ID": 17,
      "Name": "DestrictibleItemHP",
      "GroupGUID": "2aa1f22a-fa95-420a-b242-d24de7ca7c24",
      "GroupPath": "Config/LevelOutput/Group/Groups_P20123_F20123001/LevelGroup_P20123_F20123001_G17.json"
    },
    {
      "ID": 7,
      "Name": "DefaultTreasures",
      "GroupGUID": "92625911-8392-49a4-9daf-07bf8a60088a",
      "GroupPath": "Config/LevelOutput/Group/Groups_P20123_F20123001/LevelGroup_P20123_F20123001_G7.json"
    },
    {
      "ID": 25,
      "Name": "Books",
      "GroupGUID": "9282afdc-33f6-4a6e-a28b-8bc62d23f225",
      "GroupPath": "Config/LevelOutput/Group/Groups_P20123_F20123001/LevelGroup_P20123_F20123001_G25.json"
    },
    {
      "ID": 3,
      "Name": "DefaultMonsters",
      "GroupGUID": "c707c737-0b90-4d8e-a25f-3cdfade269be",
      "GroupPath": "Config/LevelOutput/Group/Groups_P20123_F20123001/LevelGroup_P20123_F20123001_G3.json"
    },
    {
      "ID": 20,
      "Name": "MainMonster",
      "GroupGUID": "b961a262-4070-46d7-b75d-cb62fdf5e37a",
      "GroupPath": "Config/LevelOutput/Group/Groups_P20123_F20123001/LevelGroup_P20123_F20123001_G20.json"
    },
    {
      "ID": 24,
      "Name": "DefaultCocoon02",
      "GroupGUID": "1284db77-b1f6-4897-902f-b4d74a27bdfd",
      "GroupPath": "Config/LevelOutput/Group/Groups_P20123_F20123001/LevelGroup_P20123_F20123001_G24.json"
    },
    {
      "ID": 65,
      "Name": "MainMission4020101_WorldLevel",
      "GroupGUID": "d74efece-ec6e-4c70-8290-7219067552b2",
      "GroupPath": "Config/LevelOutput/Group/Groups_P20123_F20123001/LevelGroup_P20123_F20123001_G65.json"
    },
    {
      "ID": 46,
      "Name": "Default_ChallengeChest",
      "GroupGUID": "dfd768e0-6e74-4c39-97fc-ae916445fa96",
      "GroupPath": "Config/LevelOutput/Group/Groups_P20123_F20123001/LevelGroup_P20123_F20123001_G46.json"
    },
    {
      "ID": 47,
      "Name": "Default_ChallengeChest",
      "GroupGUID": "4ec75936-1bc3-4e16-a722-cd7f303fc4a9",
      "GroupPath": "Config/LevelOutput/Group/Groups_P20123_F20123001/LevelGroup_P20123_F20123001_G47.json"
    },
    {
      "ID": 77,
      "Name": "Default_ChallengeChest",
      "GroupGUID": "beea24ae-f8f7-46f0-aaa6-e86ccccbb94f",
      "GroupPath": "Config/LevelOutput/Group/Groups_P20123_F20123001/LevelGroup_P20123_F20123001_G77.json"
    },
    {
      "ID": 67,
      "Name": "CablePuzzle",
      "GroupGUID": "33de4fc3-f31c-4ca1-bc36-ddd3e22e5e72",
      "GroupPath": "Config/LevelOutput/Group/Groups_P20123_F20123001/LevelGroup_P20123_F20123001_G67.json"
    },
    {
      "ID": 13,
      "Name": "MainMission",
      "GroupGUID": "34fc5c8c-ecb3-43dc-95c5-25350cdba8d8",
      "GroupPath": "Config/LevelOutput/Group/Groups_P20123_F20123001/LevelGroup_P20123_F20123001_G13.json"
    },
    {
      "ID": 5,
      "Name": "MainMission",
      "GroupGUID": "675c3a3d-3bb9-44bb-84ce-7b92747ac51b",
      "GroupPath": "Config/LevelOutput/Group/Groups_P20123_F20123001/LevelGroup_P20123_F20123001_G5.json"
    },
    {
      "ID": 9,
      "Name": "MainMission",
      "GroupGUID": "fa60e131-1654-4247-bfd4-8c62c99e72b0",
      "GroupPath": "Config/LevelOutput/Group/Groups_P20123_F20123001/LevelGroup_P20123_F20123001_G9.json"
    },
    {
      "ID": 22,
      "IsDelete": true,
      "Name": "WorldBoss",
      "GroupGUID": "a8d60b97-6c38-46d2-aea3-a125ee4e0cd5",
      "GroupPath": "Config/LevelOutput/Group/Groups_P20123_F20123001/LevelGroup_P20123_F20123001_G22.json"
    },
    {
      "ID": 6,
      "Name": "MainMission",
      "GroupGUID": "3fa72952-573a-4254-a078-fd5348682596",
      "GroupPath": "Config/LevelOutput/Group/Groups_P20123_F20123001/LevelGroup_P20123_F20123001_G6.json"
    },
    {
      "ID": 43,
      "Name": "MainMisssion",
      "GroupGUID": "e4b8c488-0c41-4f27-8f0e-35452bbc6cb2",
      "GroupPath": "Config/LevelOutput/Group/Groups_P20123_F20123001/LevelGroup_P20123_F20123001_G43.json"
    },
    {
      "ID": 50,
      "Name": "MainMission",
      "GroupGUID": "e89f8ff2-eac7-46ae-a650-e0a35a023e63",
      "GroupPath": "Config/LevelOutput/Group/Groups_P20123_F20123001/LevelGroup_P20123_F20123001_G50.json"
    },
    {
      "ID": 51,
      "Name": "MainMission",
      "GroupGUID": "58e38bd9-6ca2-45ba-9e6e-0cccbc7da281",
      "GroupPath": "Config/LevelOutput/Group/Groups_P20123_F20123001/LevelGroup_P20123_F20123001_G51.json"
    },
    {
      "ID": 1,
      "Name": "SubMission",
      "GroupGUID": "f2dac708-3148-40e6-834e-2124ddefbedf",
      "GroupPath": "Config/LevelOutput/Group/Groups_P20123_F20123001/LevelGroup_P20123_F20123001_G1.json"
    },
    {
      "ID": 10,
      "Name": "SubMission",
      "GroupGUID": "fd98cbf9-29dd-466f-b5ce-0e1e98183a57",
      "GroupPath": "Config/LevelOutput/Group/Groups_P20123_F20123001/LevelGroup_P20123_F20123001_G10.json"
    },
    {
      "ID": 11,
      "Name": "SubMission",
      "GroupGUID": "1b33f698-afd2-4844-b910-892f748c6978",
      "GroupPath": "Config/LevelOutput/Group/Groups_P20123_F20123001/LevelGroup_P20123_F20123001_G11.json"
    },
    {
      "ID": 12,
      "Name": "SubMission",
      "GroupGUID": "205d9c7f-cda5-4a7a-a543-124093e2f73b",
      "GroupPath": "Config/LevelOutput/Group/Groups_P20123_F20123001/LevelGroup_P20123_F20123001_G12.json"
    },
    {
      "ID": 18,
      "Name": "SubMission",
      "GroupGUID": "87bd0e48-0ddb-49b7-870f-ba784f25f4cd",
      "GroupPath": "Config/LevelOutput/Group/Groups_P20123_F20123001/LevelGroup_P20123_F20123001_G18.json"
    },
    {
      "ID": 19,
      "Name": "SubMission_NPC",
      "GroupGUID": "4805e270-f3a7-4525-b8cd-4d54968f6fc6",
      "GroupPath": "Config/LevelOutput/Group/Groups_P20123_F20123001/LevelGroup_P20123_F20123001_G19.json"
    },
    {
      "ID": 21,
      "Name": "MainMission",
      "GroupGUID": "56d421d3-dfb2-4395-a811-1097d9f6d746",
      "GroupPath": "Config/LevelOutput/Group/Groups_P20123_F20123001/LevelGroup_P20123_F20123001_G21.json"
    },
    {
      "ID": 23,
      "Name": "NPCs",
      "GroupGUID": "ae657d9d-1a1c-484f-a36e-663ecf114ab5",
      "GroupPath": "Config/LevelOutput/Group/Groups_P20123_F20123001/LevelGroup_P20123_F20123001_G23.json"
    },
    {
      "ID": 52,
      "Name": "Monster_ChestMonster",
      "GroupGUID": "35740144-b2b7-46c4-a0d5-72a607a60f9f",
      "GroupPath": "Config/LevelOutput/Group/Groups_P20123_F20123001/LevelGroup_P20123_F20123001_G52.json"
    },
    {
      "ID": 45,
      "Name": "SubMission",
      "GroupGUID": "8ac8618c-27f3-4d3f-abb6-5f37d398f451",
      "GroupPath": "Config/LevelOutput/Group/Groups_P20123_F20123001/LevelGroup_P20123_F20123001_G45.json"
    },
    {
      "ID": 53,
      "Name": "SubMission",
      "GroupGUID": "773ec022-d3ab-4b60-af0e-6bd9287ea592",
      "GroupPath": "Config/LevelOutput/Group/Groups_P20123_F20123001/LevelGroup_P20123_F20123001_G53.json"
    },
    {
      "ID": 55,
      "Name": "Sound",
      "GroupGUID": "4eea9d64-7a9d-4ad7-84ed-e5619ab49444",
      "GroupPath": "Config/LevelOutput/Group/Groups_P20123_F20123001/LevelGroup_P20123_F20123001_G55.json"
    },
    {
      "ID": 56,
      "Name": "MpsNPC",
      "GroupGUID": "e63eac2c-0fdc-4a32-9dad-0d8b9ee55b80",
      "GroupPath": "Config/LevelOutput/Group/Groups_P20123_F20123001/LevelGroup_P20123_F20123001_G56.json"
    },
    {
      "ID": 57,
      "Name": "Daymission",
      "GroupGUID": "086d7687-125a-4cad-8585-2e10c01822d9",
      "GroupPath": "Config/LevelOutput/Group/Groups_P20123_F20123001/LevelGroup_P20123_F20123001_G57.json"
    },
    {
      "ID": 58,
      "Name": "MainMission2010905_",
      "GroupGUID": "97e6b47b-85d6-412b-ae0f-edb8c47cc19c",
      "GroupPath": "Config/LevelOutput/Group/Groups_P20123_F20123001/LevelGroup_P20123_F20123001_G58.json"
    },
    {
      "ID": 59,
      "Name": "MainMission2010905_",
      "GroupGUID": "fcd9dc2c-3fdb-4d48-a6ca-5dced6d244eb",
      "GroupPath": "Config/LevelOutput/Group/Groups_P20123_F20123001/LevelGroup_P20123_F20123001_G59.json"
    },
    {
      "ID": 60,
      "Name": "MainMission_NPC",
      "GroupGUID": "687650ad-9275-4605-8954-8914dceaa848",
      "GroupPath": "Config/LevelOutput/Group/Groups_P20123_F20123001/LevelGroup_P20123_F20123001_G60.json"
    },
    {
      "ID": 61,
      "Name": "SubMission",
      "GroupGUID": "1ab8b6b4-103c-4852-9449-73260bce7d63",
      "GroupPath": "Config/LevelOutput/Group/Groups_P20123_F20123001/LevelGroup_P20123_F20123001_G61.json"
    },
    {
      "ID": 62,
      "Name": "SubMission_NPC",
      "GroupGUID": "1b1851c9-6a67-4dc8-82a7-595e80fc2f38",
      "GroupPath": "Config/LevelOutput/Group/Groups_P20123_F20123001/LevelGroup_P20123_F20123001_G62.json"
    },
    {
      "ID": 63,
      "Name": "SubMission",
      "GroupGUID": "9ce10ff2-8810-4495-918b-af86caa1bf61",
      "GroupPath": "Config/LevelOutput/Group/Groups_P20123_F20123001/LevelGroup_P20123_F20123001_G63.json"
    },
    {
      "ID": 66,
      "Name": "Sub_4010123",
      "GroupGUID": "9524ef7d-39c5-4ec2-989f-1f8f4d52ecf6",
      "GroupPath": "Config/LevelOutput/Group/Groups_P20123_F20123001/LevelGroup_P20123_F20123001_G66.json"
    },
    {
      "ID": 68,
      "Name": "Main_101090215",
      "GroupGUID": "eddb4587-97a2-4b98-be9b-69aec80932cc",
      "GroupPath": "Config/LevelOutput/Group/Groups_P20123_F20123001/LevelGroup_P20123_F20123001_G68.json"
    },
    {
      "ID": 71,
      "Name": "CablePuzzle",
      "GroupGUID": "ea9ab0b4-e364-4935-9c5a-d997f97d24e7",
      "GroupPath": "Config/LevelOutput/Group/Groups_P20123_F20123001/LevelGroup_P20123_F20123001_G71.json"
    },
    {
      "ID": 72,
      "Name": "SubMission_NPC",
      "GroupGUID": "111e59a5-e22a-4303-baef-9bb2513dfd03",
      "GroupPath": "Config/LevelOutput/Group/Groups_P20123_F20123001/LevelGroup_P20123_F20123001_G72.json"
    },
    {
      "ID": 75,
      "Name": "DayMission",
      "GroupGUID": "9da6b195-026a-4098-8872-f31a7b35fef6",
      "GroupPath": "Config/LevelOutput/Group/Groups_P20123_F20123001/LevelGroup_P20123_F20123001_G75.json"
    },
    {
      "ID": 76,
      "Name": "MapsNPC",
      "GroupGUID": "431b0640-acce-47fe-bb5e-9c030bd140b8",
      "GroupPath": "Config/LevelOutput/Group/Groups_P20123_F20123001/LevelGroup_P20123_F20123001_G76.json"
    },
    {
      "ID": 78,
      "Name": "MainMission_NPC",
      "GroupGUID": "9587ea6f-b738-46fb-8b6f-2fd87b29e2e0",
      "GroupPath": "Config/LevelOutput/Group/Groups_P20123_F20123001/LevelGroup_P20123_F20123001_G78.json"
    },
    {
      "ID": 81,
      "Name": "Shelter Group",
      "GroupGUID": "6bbdab8d-0eb7-4391-ba5d-93edae518813",
      "GroupPath": "Config/LevelOutput/Group/Groups_P20123_F20123001/LevelGroup_P20123_F20123001_G81.json"
    },
    {
      "ID": 83,
      "Name": "New Group",
      "GroupGUID": "09f87076-836c-4d9c-87b8-864277b8266e",
      "GroupPath": "Config/LevelOutput/Group/Groups_P20123_F20123001/LevelGroup_P20123_F20123001_G83.json"
    },
    {
      "ID": 96,
      "Name": "MainMission8001212_01",
      "GroupGUID": "0a4b4c86-98e7-45e1-8dc8-340bfc2e8301",
      "GroupPath": "Config/LevelOutput/Group/Groups_P20123_F20123001/LevelGroup_P20123_F20123001_G96.json"
    },
    {
      "ID": 97,
      "Name": "MainMission8001213_01",
      "GroupGUID": "3f7d90ce-9317-4ba2-88c9-409fb1013be7",
      "GroupPath": "Config/LevelOutput/Group/Groups_P20123_F20123001/LevelGroup_P20123_F20123001_G97.json"
    },
    {
      "ID": 98,
      "Name": "NPC",
      "GroupGUID": "ee319af9-cd0b-4369-9003-a681eac126fc",
      "GroupPath": "Config/LevelOutput/Group/Groups_P20123_F20123001/LevelGroup_P20123_F20123001_G98.json"
    },
    {
      "ID": 84,
      "Name": "MainMission2011902_04",
      "GroupGUID": "d29e4ab0-fc19-4d49-aae6-312fc4a8c62c",
      "GroupPath": "Config/LevelOutput/Group/Groups_P20123_F20123001/LevelGroup_P20123_F20123001_G84.json"
    },
    {
      "ID": 85,
      "Name": "MainMission2011902_06",
      "GroupGUID": "01f47a66-73bb-4193-81be-d6f989db2b21",
      "GroupPath": "Config/LevelOutput/Group/Groups_P20123_F20123001/LevelGroup_P20123_F20123001_G85.json"
    },
    {
      "ID": 86,
      "Name": "MainMission2011902_09",
      "GroupGUID": "748fd3c7-e7fe-4ae8-9011-bbd7a4390961",
      "GroupPath": "Config/LevelOutput/Group/Groups_P20123_F20123001/LevelGroup_P20123_F20123001_G86.json"
    },
    {
      "ID": 87,
      "Name": "MainMission2011902_12",
      "GroupGUID": "2f899fe2-957b-46b5-b513-a087bb4db4f2",
      "GroupPath": "Config/LevelOutput/Group/Groups_P20123_F20123001/LevelGroup_P20123_F20123001_G87.json"
    },
    {
      "ID": 88,
      "Name": "MainMission2011902_12",
      "GroupGUID": "7f1cf1e9-b7b7-451e-9716-74e2cf37640d",
      "GroupPath": "Config/LevelOutput/Group/Groups_P20123_F20123001/LevelGroup_P20123_F20123001_G88.json"
    },
    {
      "ID": 89,
      "Name": "MainMission2011902_12",
      "GroupGUID": "23323a31-6467-478f-89ae-6c1c36658c8a",
      "GroupPath": "Config/LevelOutput/Group/Groups_P20123_F20123001/LevelGroup_P20123_F20123001_G89.json"
    },
    {
      "ID": 90,
      "Name": "MainMission2011902_09",
      "GroupGUID": "08890dfc-c4dc-44c4-99ac-98bdd1844085",
      "GroupPath": "Config/LevelOutput/Group/Groups_P20123_F20123001/LevelGroup_P20123_F20123001_G90.json"
    },
    {
      "ID": 91,
      "Name": "MainMission2011902_11",
      "GroupGUID": "cac4dc77-0ef8-4a7d-a3bd-1781e7b2902e",
      "GroupPath": "Config/LevelOutput/Group/Groups_P20123_F20123001/LevelGroup_P20123_F20123001_G91.json"
    },
    {
      "ID": 92,
      "Name": "MainMission8001205_01",
      "GroupGUID": "93d668ab-0f9c-44e0-831c-0a4fa02d9dda",
      "GroupPath": "Config/LevelOutput/Group/Groups_P20123_F20123001/LevelGroup_P20123_F20123001_G92.json"
    },
    {
      "ID": 93,
      "Name": "MainMission8001215_",
      "GroupGUID": "ba5aea37-b858-48c7-87b5-25fcfe0077c8",
      "GroupPath": "Config/LevelOutput/Group/Groups_P20123_F20123001/LevelGroup_P20123_F20123001_G93.json"
    },
    {
      "ID": 94,
      "Name": "MainMission2011902_XX",
      "GroupGUID": "87d61fba-e6ec-4a74-8ece-efe68ecb4ad3",
      "GroupPath": "Config/LevelOutput/Group/Groups_P20123_F20123001/LevelGroup_P20123_F20123001_G94.json"
    },
    {
      "ID": 95,
      "Name": "MainMission8001211_01",
      "GroupGUID": "a386ca15-98ce-4a95-904d-9802a8c8e659",
      "GroupPath": "Config/LevelOutput/Group/Groups_P20123_F20123001/LevelGroup_P20123_F20123001_G95.json"
    },
    {
      "ID": 99,
      "Name": "MainMission8002105_",
      "GroupGUID": "d3a34050-34aa-4871-8803-4a3566b435dc",
      "GroupPath": "Config/LevelOutput/Group/Groups_P20123_F20123001/LevelGroup_P20123_F20123001_G99.json"
    },
    {
      "ID": 101,
      "Name": "MainMission2010905_",
      "GroupGUID": "0e172ae6-0aed-4e66-8370-9d146fabc2b2",
      "GroupPath": "Config/LevelOutput/Group/Groups_P20123_F20123001/LevelGroup_P20123_F20123001_G101.json"
    },
    {
      "ID": 102,
      "Name": "MainMission2010905_",
      "GroupGUID": "1b8a2763-22ec-42a3-89b8-c92a28fa52e8",
      "GroupPath": "Config/LevelOutput/Group/Groups_P20123_F20123001/LevelGroup_P20123_F20123001_G102.json"
    },
    {
      "ID": 104,
      "Name": "MainMission2010203_11",
      "GroupGUID": "ae319884-3cc4-4cea-9529-54e0fc507bb9",
      "GroupPath": "Config/LevelOutput/Group/Groups_P20123_F20123001/LevelGroup_P20123_F20123001_G104.json"
    },
    {
      "ID": 105,
      "Name": "New Group",
      "GroupGUID": "35f61737-e312-4f0f-9710-7a9199a6a929",
      "GroupPath": "Config/LevelOutput/Group/Groups_P20123_F20123001/LevelGroup_P20123_F20123001_G105.json"
    },
    {
      "ID": 106,
      "Name": "New Group",
      "GroupGUID": "a38a1e49-d60e-4885-836a-fc91ffc79aba",
      "GroupPath": "Config/LevelOutput/Group/Groups_P20123_F20123001/LevelGroup_P20123_F20123001_G106.json"
    },
    {
      "ID": 132,
      "Name": "MainMission8014126_LinkAfter",
      "GroupGUID": "71956d4b-e7d6-4f63-8a13-4745bbd3255a",
      "GroupPath": "Config/LevelOutput/Group/Groups_P20123_F20123001/LevelGroup_P20123_F20123001_G132.json"
    }
  ]
}