{
  "FloorID": 20135001,
  "FloorName": "FloorName_20135001",
  "StartGroupID": 1,
  "StartAnchorID": 1,
  "GroupList": [
    {
      "ID": 1,
      "Name": "DefaultGroup",
      "GroupGUID": "d11bd7fc-62fb-4673-b5b1-ce4c61f5c65c",
      "GroupPath": "Config/LevelOutput/Group/Groups_P20135_F20135001/LevelGroup_P20135_F20135001_G1.json"
    },
    {
      "ID": 2,
      "Name": "Sound",
      "GroupGUID": "08d896c0-54f2-48c0-b8ce-c58e700be64f",
      "GroupPath": "Config/LevelOutput/Group/Groups_P20135_F20135001/LevelGroup_P20135_F20135001_G2.json"
    },
    {
      "ID": 3,
      "Name": "AtmosphereGroup",
      "GroupGUID": "72f2d8fc-c49e-473f-aa4e-b29587304d56",
      "GroupPath": "Config/LevelOutput/Group/Groups_P20135_F20135001/LevelGroup_P20135_F20135001_G3.json"
    },
    {
      "ID": 4,
      "Name": "Normal_NPC",
      "GroupGUID": "8147e9c9-de33-48f3-9bf8-85360cbcda3c",
      "GroupPath": "Config/LevelOutput/Group/Groups_P20135_F20135001/LevelGroup_P20135_F20135001_G4.json"
    },
    {
      "ID": 5,
      "Name": "Crowd",
      "GroupGUID": "a996bea9-7384-46eb-aa57-84baa7fd0c45",
      "GroupPath": "Config/LevelOutput/Group/Groups_P20135_F20135001/LevelGroup_P20135_F20135001_G5.json"
    },
    {
      "ID": 6,
      "Name": "MainMission2010203_27",
      "GroupGUID": "a1a3c31f-1ccc-47a6-bffd-fd8e4a76c160",
      "GroupPath": "Config/LevelOutput/Group/Groups_P20135_F20135001/LevelGroup_P20135_F20135001_G6.json"
    },
    {
      "ID": 7,
      "Name": "MainMission2010203_28",
      "GroupGUID": "ad1c6543-8b90-47f6-bd8e-ef7d63789f9f",
      "GroupPath": "Config/LevelOutput/Group/Groups_P20135_F20135001/LevelGroup_P20135_F20135001_G7.json"
    },
    {
      "ID": 8,
      "Name": "Chest",
      "GroupGUID": "31b727d6-efe9-46df-89a6-9f818bda3c7f",
      "GroupPath": "Config/LevelOutput/Group/Groups_P20135_F20135001/LevelGroup_P20135_F20135001_G8.json"
    },
    {
      "ID": 9,
      "Name": "MainMission2010203_28",
      "GroupGUID": "490bf131-ba21-4ae2-94d8-ea235c6dc19f",
      "GroupPath": "Config/LevelOutput/Group/Groups_P20135_F20135001/LevelGroup_P20135_F20135001_G9.json"
    },
    {
      "ID": 10,
      "Name": "New Group",
      "GroupGUID": "aa8bb000-52f5-47a9-9310-94a5988a36ef",
      "GroupPath": "Config/LevelOutput/Group/Groups_P20135_F20135001/LevelGroup_P20135_F20135001_G10.json"
    },
    {
      "ID": 11,
      "Name": "New Group",
      "GroupGUID": "02a76ec1-96cf-458a-ba0d-a2bcc2f1afd0",
      "GroupPath": "Config/LevelOutput/Group/Groups_P20135_F20135001/LevelGroup_P20135_F20135001_G11.json"
    },
    {
      "ID": 12,
      "Name": "MainMission4140101_Normal",
      "GroupGUID": "c7814cbd-24c0-4fca-8148-527feca6156b",
      "GroupPath": "Config/LevelOutput/Group/Groups_P20135_F20135001/LevelGroup_P20135_F20135001_G12.json"
    },
    {
      "ID": 13,
      "Name": "Prop_1",
      "GroupGUID": "c6ca8329-39e7-4301-9a2a-3eb32c9c43d4",
      "GroupPath": "Config/LevelOutput/Group/Groups_P20135_F20135001/LevelGroup_P20135_F20135001_G13.json"
    },
    {
      "ID": 14,
      "Name": "Find",
      "GroupGUID": "5625f017-a23e-44b5-be92-f6662cd87c9c",
      "GroupPath": "Config/LevelOutput/Group/Groups_P20135_F20135001/LevelGroup_P20135_F20135001_G14.json"
    },
    {
      "ID": 15,
      "Name": "MainMission4140102_",
      "GroupGUID": "8d55bfde-8300-4156-9583-f51dd3d21b28",
      "GroupPath": "Config/LevelOutput/Group/Groups_P20135_F20135001/LevelGroup_P20135_F20135001_G15.json"
    },
    {
      "ID": 16,
      "Name": "MainMission4140108_Normal",
      "GroupGUID": "3c99b614-7630-4b70-aacd-97bdcc4e2459",
      "GroupPath": "Config/LevelOutput/Group/Groups_P20135_F20135001/LevelGroup_P20135_F20135001_G16.json"
    },
    {
      "ID": 17,
      "Name": "Prop_2",
      "GroupGUID": "8a4245f3-412c-460a-8704-fccff773acd4",
      "GroupPath": "Config/LevelOutput/Group/Groups_P20135_F20135001/LevelGroup_P20135_F20135001_G17.json"
    },
    {
      "ID": 18,
      "Name": "MainMission4140104_",
      "GroupGUID": "13bdfbb9-e7da-4aca-8889-c3024cceb853",
      "GroupPath": "Config/LevelOutput/Group/Groups_P20135_F20135001/LevelGroup_P20135_F20135001_G18.json"
    },
    {
      "ID": 19,
      "Name": "NPC_1",
      "GroupGUID": "dd3795b6-ad7e-4b19-9352-1a9f75bdbb09",
      "GroupPath": "Config/LevelOutput/Group/Groups_P20135_F20135001/LevelGroup_P20135_F20135001_G19.json"
    },
    {
      "ID": 20,
      "Name": "NPC_2",
      "GroupGUID": "439d9490-c108-4851-bd75-829d5ebe8103",
      "GroupPath": "Config/LevelOutput/Group/Groups_P20135_F20135001/LevelGroup_P20135_F20135001_G20.json"
    },
    {
      "ID": 21,
      "Name": "NPC_3",
      "GroupGUID": "b9efc4a8-765c-4ff2-95f4-6f633b1cf784",
      "GroupPath": "Config/LevelOutput/Group/Groups_P20135_F20135001/LevelGroup_P20135_F20135001_G21.json"
    },
    {
      "ID": 22,
      "Name": "MainMission4140103_",
      "GroupGUID": "a13d8a2c-0c67-41a5-8e09-06ea3cafb0b5",
      "GroupPath": "Config/LevelOutput/Group/Groups_P20135_F20135001/LevelGroup_P20135_F20135001_G22.json"
    },
    {
      "ID": 23,
      "Name": "MainMission4140103_",
      "GroupGUID": "d780d7dd-3057-471d-96ab-14b8f21ab4bb",
      "GroupPath": "Config/LevelOutput/Group/Groups_P20135_F20135001/LevelGroup_P20135_F20135001_G23.json"
    },
    {
      "ID": 24,
      "Name": "MainMission4140103_",
      "GroupGUID": "c688b103-cf2b-4712-aded-66e60c04421a",
      "GroupPath": "Config/LevelOutput/Group/Groups_P20135_F20135001/LevelGroup_P20135_F20135001_G24.json"
    },
    {
      "ID": 25,
      "Name": "MainMission4140103_",
      "GroupGUID": "7d9af527-616a-4fbc-81ab-d6688bcc1a24",
      "GroupPath": "Config/LevelOutput/Group/Groups_P20135_F20135001/LevelGroup_P20135_F20135001_G25.json"
    },
    {
      "ID": 26,
      "Name": "SecretResearch",
      "GroupGUID": "234906cb-8a2f-4bb5-82c4-fa4710d04d50",
      "GroupPath": "Config/LevelOutput/Group/Groups_P20135_F20135001/LevelGroup_P20135_F20135001_G26.json"
    },
    {
      "ID": 27,
      "Name": "MainMission4140113_PlanA",
      "GroupGUID": "ff577bf3-6ab8-44b1-aa7e-11a49781bec5",
      "GroupPath": "Config/LevelOutput/Group/Groups_P20135_F20135001/LevelGroup_P20135_F20135001_G27.json"
    },
    {
      "ID": 28,
      "Name": "NPC_SW",
      "GroupGUID": "babf78a0-4133-46a6-9569-ff0453e37553",
      "GroupPath": "Config/LevelOutput/Group/Groups_P20135_F20135001/LevelGroup_P20135_F20135001_G28.json"
    },
    {
      "ID": 29,
      "Name": "Book",
      "GroupGUID": "3356a69d-1a95-4096-9b5a-85d20897ddc0",
      "GroupPath": "Config/LevelOutput/Group/Groups_P20135_F20135001/LevelGroup_P20135_F20135001_G29.json"
    },
    {
      "ID": 30,
      "Name": "SecretResearch",
      "GroupGUID": "76dba610-aa13-440a-9273-12dffa188006",
      "GroupPath": "Config/LevelOutput/Group/Groups_P20135_F20135001/LevelGroup_P20135_F20135001_G30.json"
    },
    {
      "ID": 31,
      "GroupGUID": "37b8d1c6-f948-4a4f-aa7d-e20f1c83b83e",
      "GroupPath": "Config/LevelOutput/Group/Groups_P20135_F20135001/LevelGroup_P20135_F20135001_G31.json"
    }
  ]
}