{
  "FloorID": 20122001,
  "FloorName": "FloorName_20122001",
  "StartGroupID": 2,
  "StartAnchorID": 1,
  "GroupList": [
    {
      "ID": 2,
      "Name": "DefaultData",
      "GroupGUID": "77fdc449-adf2-4988-95a8-0bb3937f8904",
      "GroupPath": "Config/LevelOutput/Group/Groups_P20122_F20122001/LevelGroup_P20122_F20122001_G2.json"
    },
    {
      "ID": 100,
      "Name": "Exit",
      "GroupGUID": "686387ef-b6a6-43b3-8f6c-8bc8a455029b",
      "GroupPath": "Config/LevelOutput/Group/Groups_P20122_F20122001/LevelGroup_P20122_F20122001_G100.json"
    },
    {
      "ID": 12,
      "Name": "Public_Props",
      "GroupGUID": "e49919a3-58e2-41d0-a24f-4ea627ec8f91",
      "GroupPath": "Config/LevelOutput/Group/Groups_P20122_F20122001/LevelGroup_P20122_F20122001_G12.json"
    },
    {
      "ID": 15,
      "Name": "DefaultTreasure",
      "GroupGUID": "11eda805-2d41-4545-af63-3fe11b741066",
      "GroupPath": "Config/LevelOutput/Group/Groups_P20122_F20122001/LevelGroup_P20122_F20122001_G15.json"
    },
    {
      "ID": 50,
      "Name": "DefaultDestructibleItem",
      "GroupGUID": "87df6dcc-d7a6-4802-b997-53ac82bac6f9",
      "GroupPath": "Config/LevelOutput/Group/Groups_P20122_F20122001/LevelGroup_P20122_F20122001_G50.json"
    },
    {
      "ID": 51,
      "Name": "DefaultDestructibleItem",
      "GroupGUID": "696516b4-eb16-490c-a51e-b55b72af51ea",
      "GroupPath": "Config/LevelOutput/Group/Groups_P20122_F20122001/LevelGroup_P20122_F20122001_G51.json"
    },
    {
      "ID": 18,
      "Name": "Books",
      "GroupGUID": "d4efdd3a-141f-419b-9bab-b112b3239ff5",
      "GroupPath": "Config/LevelOutput/Group/Groups_P20122_F20122001/LevelGroup_P20122_F20122001_G18.json"
    },
    {
      "ID": 19,
      "Name": "DefaultMonster1",
      "GroupGUID": "1f1cb8a1-4add-47da-9f26-702873727e2a",
      "GroupPath": "Config/LevelOutput/Group/Groups_P20122_F20122001/LevelGroup_P20122_F20122001_G19.json"
    },
    {
      "ID": 70,
      "Name": "DefaultMonster2",
      "GroupGUID": "ee1fe901-1b16-47bf-8374-f0863066cea2",
      "GroupPath": "Config/LevelOutput/Group/Groups_P20122_F20122001/LevelGroup_P20122_F20122001_G70.json"
    },
    {
      "ID": 3,
      "Name": "MainMonster",
      "GroupGUID": "57f4f576-d067-4a2d-bf99-4418b5095e00",
      "GroupPath": "Config/LevelOutput/Group/Groups_P20122_F20122001/LevelGroup_P20122_F20122001_G3.json"
    },
    {
      "ID": 79,
      "Name": "FarmElement",
      "GroupGUID": "2a1d818a-415f-4b7d-8a8d-8ad0358dbf1a",
      "GroupPath": "Config/LevelOutput/Group/Groups_P20122_F20122001/LevelGroup_P20122_F20122001_G79.json"
    },
    {
      "ID": 37,
      "Name": "DefaultCocoon01",
      "GroupGUID": "4e2581b2-c48b-4ff7-8902-6e0cf41a3d90",
      "GroupPath": "Config/LevelOutput/Group/Groups_P20122_F20122001/LevelGroup_P20122_F20122001_G37.json"
    },
    {
      "ID": 55,
      "Name": "Default_ChallengeChest",
      "GroupGUID": "1ffe3ede-8da3-4670-a641-ec452e681425",
      "GroupPath": "Config/LevelOutput/Group/Groups_P20122_F20122001/LevelGroup_P20122_F20122001_G55.json"
    },
    {
      "ID": 4,
      "Name": "Default_ChallengeChest",
      "GroupGUID": "aafaeaa1-2477-4061-b64d-751b2e6df4aa",
      "GroupPath": "Config/LevelOutput/Group/Groups_P20122_F20122001/LevelGroup_P20122_F20122001_G4.json"
    },
    {
      "ID": 59,
      "Name": "Default_ChallengeChest",
      "GroupGUID": "e2070cba-0f5a-4a1c-9c29-ee8b2e09e579",
      "GroupPath": "Config/LevelOutput/Group/Groups_P20122_F20122001/LevelGroup_P20122_F20122001_G59.json"
    },
    {
      "ID": 36,
      "Name": "MainMission_1010701_08",
      "GroupGUID": "b2a23b55-86fc-404b-96ba-c87e0d945a52",
      "GroupPath": "Config/LevelOutput/Group/Groups_P20122_F20122001/LevelGroup_P20122_F20122001_G36.json"
    },
    {
      "ID": 38,
      "Name": "MainMIssion_101070122",
      "GroupGUID": "8c4de52e-0ef0-48c2-89b9-2c1cff86d67d",
      "GroupPath": "Config/LevelOutput/Group/Groups_P20122_F20122001/LevelGroup_P20122_F20122001_G38.json"
    },
    {
      "ID": 39,
      "Name": "MainMIssion_101070105/06",
      "GroupGUID": "5ab8de56-a558-453d-89b9-dd1b7c363189",
      "GroupPath": "Config/LevelOutput/Group/Groups_P20122_F20122001/LevelGroup_P20122_F20122001_G39.json"
    },
    {
      "ID": 40,
      "Name": "MainMIssion_101070112",
      "GroupGUID": "a7d93f5e-2232-4897-9e73-7a8bfa88d1c4",
      "GroupPath": "Config/LevelOutput/Group/Groups_P20122_F20122001/LevelGroup_P20122_F20122001_G40.json"
    },
    {
      "ID": 41,
      "Name": "MainMIssion_1010701_09/10/16",
      "GroupGUID": "225bf763-22d4-49bd-828e-fe09efadf0bc",
      "GroupPath": "Config/LevelOutput/Group/Groups_P20122_F20122001/LevelGroup_P20122_F20122001_G41.json"
    },
    {
      "ID": 42,
      "Name": "MainMission",
      "GroupGUID": "68684b88-c76a-46cb-b017-84ca99d9ea39",
      "GroupPath": "Config/LevelOutput/Group/Groups_P20122_F20122001/LevelGroup_P20122_F20122001_G42.json"
    },
    {
      "ID": 43,
      "Name": "MainMission",
      "GroupGUID": "ef88ad7b-0006-4fe3-9d46-cc22a90dd10d",
      "GroupPath": "Config/LevelOutput/Group/Groups_P20122_F20122001/LevelGroup_P20122_F20122001_G43.json"
    },
    {
      "ID": 44,
      "Name": "MainMIssion_1010701_17",
      "GroupGUID": "9dbcc187-aa60-4e72-9537-ea3685211bbc",
      "GroupPath": "Config/LevelOutput/Group/Groups_P20122_F20122001/LevelGroup_P20122_F20122001_G44.json"
    },
    {
      "ID": 46,
      "Name": "MainMIssion_1010701_18",
      "GroupGUID": "465d4bd4-ee6f-4d3a-a87f-cd980fde827c",
      "GroupPath": "Config/LevelOutput/Group/Groups_P20122_F20122001/LevelGroup_P20122_F20122001_G46.json"
    },
    {
      "ID": 47,
      "Name": "MainMission1010701_",
      "GroupGUID": "13b681f6-c530-419a-b466-77eaed1918a4",
      "GroupPath": "Config/LevelOutput/Group/Groups_P20122_F20122001/LevelGroup_P20122_F20122001_G47.json"
    },
    {
      "ID": 48,
      "Name": "MainMIssion_1010701_21",
      "GroupGUID": "014240d3-a4e4-49ac-b1fe-178d2dcc3930",
      "GroupPath": "Config/LevelOutput/Group/Groups_P20122_F20122001/LevelGroup_P20122_F20122001_G48.json"
    },
    {
      "ID": 49,
      "Name": "MainMIssion_1010701_02",
      "GroupGUID": "2a118810-7b08-493c-94fd-c7fb71b25574",
      "GroupPath": "Config/LevelOutput/Group/Groups_P20122_F20122001/LevelGroup_P20122_F20122001_G49.json"
    },
    {
      "ID": 54,
      "Name": "MainMIssion_1010701_14",
      "GroupGUID": "8fe3c228-9f45-4d20-bcb9-6903c1eb6413",
      "GroupPath": "Config/LevelOutput/Group/Groups_P20122_F20122001/LevelGroup_P20122_F20122001_G54.json"
    },
    {
      "ID": 7,
      "Name": "SubMission_201070503",
      "GroupGUID": "14c85558-8e24-4a90-aa94-3447222d44d4",
      "GroupPath": "Config/LevelOutput/Group/Groups_P20122_F20122001/LevelGroup_P20122_F20122001_G7.json"
    },
    {
      "ID": 8,
      "Name": "SubMission_201070504/05",
      "GroupGUID": "f0dcc4ee-4f7e-4055-905f-2cc412b78520",
      "GroupPath": "Config/LevelOutput/Group/Groups_P20122_F20122001/LevelGroup_P20122_F20122001_G8.json"
    },
    {
      "ID": 10,
      "Name": "SubMission_201070508",
      "GroupGUID": "5d9e6b7b-4ee1-49b6-b42e-6b539570b7eb",
      "GroupPath": "Config/LevelOutput/Group/Groups_P20122_F20122001/LevelGroup_P20122_F20122001_G10.json"
    },
    {
      "ID": 11,
      "Name": "SubMission_201070511",
      "GroupGUID": "b23741b8-dff6-4278-a004-7d6954fbd84d",
      "GroupPath": "Config/LevelOutput/Group/Groups_P20122_F20122001/LevelGroup_P20122_F20122001_G11.json"
    },
    {
      "ID": 13,
      "Name": "SubMission_201070523",
      "GroupGUID": "78e5591a-b3ee-46f5-960b-649ce9de705f",
      "GroupPath": "Config/LevelOutput/Group/Groups_P20122_F20122001/LevelGroup_P20122_F20122001_G13.json"
    },
    {
      "ID": 14,
      "Name": "SubMission_201070517",
      "GroupGUID": "af474315-4801-4fe8-ba0c-3227d62c0bca",
      "GroupPath": "Config/LevelOutput/Group/Groups_P20122_F20122001/LevelGroup_P20122_F20122001_G14.json"
    },
    {
      "ID": 16,
      "Name": "SubMission_201070510/12/16",
      "GroupGUID": "0afc4c76-5196-469f-813e-ada45be70f44",
      "GroupPath": "Config/LevelOutput/Group/Groups_P20122_F20122001/LevelGroup_P20122_F20122001_G16.json"
    },
    {
      "ID": 17,
      "Name": "SubMission_201070506",
      "GroupGUID": "f8048115-5ab8-4dd0-9564-ffaff6b2e7d8",
      "GroupPath": "Config/LevelOutput/Group/Groups_P20122_F20122001/LevelGroup_P20122_F20122001_G17.json"
    },
    {
      "ID": 23,
      "Name": "MainMission_101070119",
      "GroupGUID": "31909e6b-54f7-4228-8627-e104ed765a07",
      "GroupPath": "Config/LevelOutput/Group/Groups_P20122_F20122001/LevelGroup_P20122_F20122001_G23.json"
    },
    {
      "ID": 26,
      "Name": "SubMission_201070510",
      "GroupGUID": "7c557345-405c-4366-8318-346916e5d767",
      "GroupPath": "Config/LevelOutput/Group/Groups_P20122_F20122001/LevelGroup_P20122_F20122001_G26.json"
    },
    {
      "ID": 27,
      "Name": "SubMission_201070520",
      "GroupGUID": "2f789594-9e61-44af-91fa-ca6f67bf3d9e",
      "GroupPath": "Config/LevelOutput/Group/Groups_P20122_F20122001/LevelGroup_P20122_F20122001_G27.json"
    },
    {
      "ID": 28,
      "Name": "SubMission_201070521",
      "GroupGUID": "44cb3a45-0a5c-4dcd-8307-3ec56d465ffa",
      "GroupPath": "Config/LevelOutput/Group/Groups_P20122_F20122001/LevelGroup_P20122_F20122001_G28.json"
    },
    {
      "ID": 21,
      "Name": "MainMission",
      "GroupGUID": "5f412893-60a0-4c1a-a5e8-401c1db5926d",
      "GroupPath": "Config/LevelOutput/Group/Groups_P20122_F20122001/LevelGroup_P20122_F20122001_G21.json"
    },
    {
      "ID": 29,
      "Name": "MainMIssion_101070103",
      "GroupGUID": "9044ffce-054a-4f59-802f-8af39c5f9d14",
      "GroupPath": "Config/LevelOutput/Group/Groups_P20122_F20122001/LevelGroup_P20122_F20122001_G29.json"
    },
    {
      "ID": 1,
      "Name": "MainMIssion_101070112_s",
      "GroupGUID": "d38ecdbf-5866-4704-bbb4-0aa7140b6431",
      "GroupPath": "Config/LevelOutput/Group/Groups_P20122_F20122001/LevelGroup_P20122_F20122001_G1.json"
    },
    {
      "ID": 22,
      "Name": "SubMission_201070513",
      "GroupGUID": "8ee218b0-d9d6-4363-ad7a-2c18b766637f",
      "GroupPath": "Config/LevelOutput/Group/Groups_P20122_F20122001/LevelGroup_P20122_F20122001_G22.json"
    },
    {
      "ID": 30,
      "Name": "SubMission_201070520_s",
      "GroupGUID": "636140c7-ac6b-4a7d-9be2-21f791a362db",
      "GroupPath": "Config/LevelOutput/Group/Groups_P20122_F20122001/LevelGroup_P20122_F20122001_G30.json"
    },
    {
      "ID": 31,
      "Name": "SubMission_201070510",
      "GroupGUID": "92dbe324-1f6a-4289-bf76-a69b1934b7ec",
      "GroupPath": "Config/LevelOutput/Group/Groups_P20122_F20122001/LevelGroup_P20122_F20122001_G31.json"
    },
    {
      "ID": 32,
      "Name": "MainMIssion_101070123",
      "GroupGUID": "74f5b95e-946c-4c03-a8db-05b5e67fc3cf",
      "GroupPath": "Config/LevelOutput/Group/Groups_P20122_F20122001/LevelGroup_P20122_F20122001_G32.json"
    },
    {
      "ID": 33,
      "Name": "SubMission_201070517",
      "GroupGUID": "0a51d288-aa87-44ff-9dc5-eeae8fe92eb0",
      "GroupPath": "Config/LevelOutput/Group/Groups_P20122_F20122001/LevelGroup_P20122_F20122001_G33.json"
    },
    {
      "ID": 34,
      "Name": "SubMission_201070802",
      "GroupGUID": "174e3921-916b-4ba4-a732-8550bff06e7e",
      "GroupPath": "Config/LevelOutput/Group/Groups_P20122_F20122001/LevelGroup_P20122_F20122001_G34.json"
    },
    {
      "ID": 35,
      "Name": "SubMission_201070802_s",
      "GroupGUID": "7fff0798-b49b-42a9-9fc8-06ac51fdce5d",
      "GroupPath": "Config/LevelOutput/Group/Groups_P20122_F20122001/LevelGroup_P20122_F20122001_G35.json"
    },
    {
      "ID": 53,
      "Name": "SubMission_201090412",
      "GroupGUID": "98414a99-4807-4c4e-a8c0-b6ddf7e00051",
      "GroupPath": "Config/LevelOutput/Group/Groups_P20122_F20122001/LevelGroup_P20122_F20122001_G53.json"
    },
    {
      "ID": 56,
      "Name": "SubMission_201090413",
      "GroupGUID": "0df1160d-2c3a-4d6d-ae8e-f7f883b4ae0a",
      "GroupPath": "Config/LevelOutput/Group/Groups_P20122_F20122001/LevelGroup_P20122_F20122001_G56.json"
    },
    {
      "ID": 57,
      "Name": "SubMission_201090411",
      "GroupGUID": "eb449156-c8b8-4d27-b6fc-8df9052c4db2",
      "GroupPath": "Config/LevelOutput/Group/Groups_P20122_F20122001/LevelGroup_P20122_F20122001_G57.json"
    },
    {
      "ID": 58,
      "Name": "SubMission_Prop",
      "GroupGUID": "91a5c779-9dce-48f5-8086-a64739a56bae",
      "GroupPath": "Config/LevelOutput/Group/Groups_P20122_F20122001/LevelGroup_P20122_F20122001_G58.json"
    },
    {
      "ID": 60,
      "Name": "SubMission_201090411",
      "GroupGUID": "72d19213-6116-49f5-96de-ac886d5f24c9",
      "GroupPath": "Config/LevelOutput/Group/Groups_P20122_F20122001/LevelGroup_P20122_F20122001_G60.json"
    },
    {
      "ID": 61,
      "Name": "SubMission_2010707",
      "GroupGUID": "96609526-3ea4-4475-a5b6-21c7c05813c2",
      "GroupPath": "Config/LevelOutput/Group/Groups_P20122_F20122001/LevelGroup_P20122_F20122001_G61.json"
    },
    {
      "ID": 63,
      "Name": "Monster_ChestMonster",
      "GroupGUID": "73d9dbb8-cb14-44c5-b9c8-22609130ae88",
      "GroupPath": "Config/LevelOutput/Group/Groups_P20122_F20122001/LevelGroup_P20122_F20122001_G63.json"
    },
    {
      "ID": 52,
      "Name": "FindChest_BoxGame",
      "GroupGUID": "55e829a4-2d32-47d9-bce5-92f456f771bb",
      "GroupPath": "Config/LevelOutput/Group/Groups_P20122_F20122001/LevelGroup_P20122_F20122001_G52.json"
    },
    {
      "ID": 62,
      "Name": "New Group",
      "GroupGUID": "7c96a063-d4da-4b68-bea7-4716bcb7bbe2",
      "GroupPath": "Config/LevelOutput/Group/Groups_P20122_F20122001/LevelGroup_P20122_F20122001_G62.json"
    },
    {
      "ID": 20,
      "Name": "Probe_201070512",
      "GroupGUID": "0565925e-3b52-41fb-8b26-8df95c5f7f4b",
      "GroupPath": "Config/LevelOutput/Group/Groups_P20122_F20122001/LevelGroup_P20122_F20122001_G20.json"
    },
    {
      "ID": 64,
      "Name": "ModeProbe_201070516",
      "GroupGUID": "9468bf21-9d50-4e9c-b115-3e1724957c89",
      "GroupPath": "Config/LevelOutput/Group/Groups_P20122_F20122001/LevelGroup_P20122_F20122001_G64.json"
    },
    {
      "ID": 68,
      "Name": "SubMission_201070312",
      "GroupGUID": "a8bec225-2cb3-40f1-a543-861b0353d2d3",
      "GroupPath": "Config/LevelOutput/Group/Groups_P20122_F20122001/LevelGroup_P20122_F20122001_G68.json"
    },
    {
      "ID": 71,
      "Name": "MainMission2010703_",
      "GroupGUID": "d911ea10-7a8b-4516-9333-747d05b1b0c2",
      "GroupPath": "Config/LevelOutput/Group/Groups_P20122_F20122001/LevelGroup_P20122_F20122001_G71.json"
    },
    {
      "ID": 72,
      "Name": "MainMission2010703_",
      "GroupGUID": "67cd53f1-6c1b-483a-a966-7e760b1a22f2",
      "GroupPath": "Config/LevelOutput/Group/Groups_P20122_F20122001/LevelGroup_P20122_F20122001_G72.json"
    },
    {
      "ID": 75,
      "Name": "Sound",
      "GroupGUID": "533f3fc6-cb9e-4259-a116-53499a1bec92",
      "GroupPath": "Config/LevelOutput/Group/Groups_P20122_F20122001/LevelGroup_P20122_F20122001_G75.json"
    },
    {
      "ID": 76,
      "Name": "MainMIssion_101070131",
      "GroupGUID": "028d86bc-fe7b-4fb5-98b8-28ead37b276f",
      "GroupPath": "Config/LevelOutput/Group/Groups_P20122_F20122001/LevelGroup_P20122_F20122001_G76.json"
    },
    {
      "ID": 77,
      "Name": "New Group",
      "GroupGUID": "3d637660-fa5f-4542-bae9-ecc0a7103b84",
      "GroupPath": "Config/LevelOutput/Group/Groups_P20122_F20122001/LevelGroup_P20122_F20122001_G77.json"
    },
    {
      "ID": 78,
      "Name": "MainMission1011501_",
      "GroupGUID": "9457368e-f331-4f90-9e9d-48d2ad15f96b",
      "GroupPath": "Config/LevelOutput/Group/Groups_P20122_F20122001/LevelGroup_P20122_F20122001_G78.json"
    },
    {
      "ID": 80,
      "Name": "MainMission",
      "GroupGUID": "d6dc5607-6974-4c80-8360-6ea08d4e16ee",
      "GroupPath": "Config/LevelOutput/Group/Groups_P20122_F20122001/LevelGroup_P20122_F20122001_G80.json"
    },
    {
      "ID": 83,
      "Name": "SubMission",
      "GroupGUID": "e12c719f-c7e6-4324-809f-cd028dbba635",
      "GroupPath": "Config/LevelOutput/Group/Groups_P20122_F20122001/LevelGroup_P20122_F20122001_G83.json"
    },
    {
      "ID": 84,
      "Name": "SubMission",
      "GroupGUID": "b1175cd3-301d-41e0-b146-eea2b0cb441d",
      "GroupPath": "Config/LevelOutput/Group/Groups_P20122_F20122001/LevelGroup_P20122_F20122001_G84.json"
    },
    {
      "ID": 85,
      "Name": "MainMission2010906_",
      "GroupGUID": "63c30122-6943-4034-bdea-533451fdf5a4",
      "GroupPath": "Config/LevelOutput/Group/Groups_P20122_F20122001/LevelGroup_P20122_F20122001_G85.json"
    },
    {
      "ID": 86,
      "Name": "SubMission",
      "GroupGUID": "d5bac770-7007-4287-8112-8f1f71ee8915",
      "GroupPath": "Config/LevelOutput/Group/Groups_P20122_F20122001/LevelGroup_P20122_F20122001_G86.json"
    },
    {
      "ID": 87,
      "Name": "SubMission_NPC",
      "GroupGUID": "a043bd13-e4d2-4dd6-a301-ba1f03600d8a",
      "GroupPath": "Config/LevelOutput/Group/Groups_P20122_F20122001/LevelGroup_P20122_F20122001_G87.json"
    },
    {
      "ID": 89,
      "Name": "SubMission",
      "GroupGUID": "a38aa52f-c05f-4371-a4d3-862f32ed594a",
      "GroupPath": "Config/LevelOutput/Group/Groups_P20122_F20122001/LevelGroup_P20122_F20122001_G89.json"
    },
    {
      "ID": 91,
      "Name": "MainMission4040103_",
      "GroupGUID": "782aa499-02c7-447a-93c7-c970cdd89f23",
      "GroupPath": "Config/LevelOutput/Group/Groups_P20122_F20122001/LevelGroup_P20122_F20122001_G91.json"
    },
    {
      "ID": 92,
      "Name": "SimpleMission",
      "GroupGUID": "b2799962-f7dd-4ff8-931a-f6ec4bad79df",
      "GroupPath": "Config/LevelOutput/Group/Groups_P20122_F20122001/LevelGroup_P20122_F20122001_G92.json"
    },
    {
      "ID": 94,
      "Name": "MainMission4040153_",
      "GroupGUID": "77acdade-aee6-4999-8bcf-858573c5a8a0",
      "GroupPath": "Config/LevelOutput/Group/Groups_P20122_F20122001/LevelGroup_P20122_F20122001_G94.json"
    },
    {
      "ID": 96,
      "Name": "RobotHunt",
      "GroupGUID": "ae2fc976-464d-4f21-b800-08734cd81697",
      "GroupPath": "Config/LevelOutput/Group/Groups_P20122_F20122001/LevelGroup_P20122_F20122001_G96.json"
    },
    {
      "ID": 97,
      "Name": "New Group",
      "GroupGUID": "c6647181-a78e-4230-9df5-4baaa0ad6173",
      "GroupPath": "Config/LevelOutput/Group/Groups_P20122_F20122001/LevelGroup_P20122_F20122001_G97.json"
    },
    {
      "ID": 98,
      "Name": "PuzzleChest",
      "GroupGUID": "ee89bf29-51fb-40af-b6cb-ebce9bccd7fb",
      "GroupPath": "Config/LevelOutput/Group/Groups_P20122_F20122001/LevelGroup_P20122_F20122001_G98.json"
    },
    {
      "ID": 101,
      "Name": "New Group",
      "GroupGUID": "46f3bef5-9b49-4dda-b871-54d6c6de0376",
      "GroupPath": "Config/LevelOutput/Group/Groups_P20122_F20122001/LevelGroup_P20122_F20122001_G101.json"
    },
    {
      "ID": 102,
      "Name": "DailyMission_3011605",
      "GroupGUID": "e77d8e41-b528-4449-8e65-6e03af9a33ae",
      "GroupPath": "Config/LevelOutput/Group/Groups_P20122_F20122001/LevelGroup_P20122_F20122001_G102.json"
    },
    {
      "ID": 103,
      "Name": "DailyMission_3011605",
      "GroupGUID": "038254d6-a3b5-4193-83b3-720898b49f69",
      "GroupPath": "Config/LevelOutput/Group/Groups_P20122_F20122001/LevelGroup_P20122_F20122001_G103.json"
    },
    {
      "ID": 104,
      "Name": "DailyMission_3011605",
      "GroupGUID": "9391cc10-f459-4fb3-83f9-84a722512ac6",
      "GroupPath": "Config/LevelOutput/Group/Groups_P20122_F20122001/LevelGroup_P20122_F20122001_G104.json"
    },
    {
      "ID": 106,
      "Name": "MainMission8000184_Mission",
      "GroupGUID": "dbe3dfff-d6e3-4232-a688-365488f58664",
      "GroupPath": "Config/LevelOutput/Group/Groups_P20122_F20122001/LevelGroup_P20122_F20122001_G106.json"
    },
    {
      "ID": 109,
      "Name": "MainMission8001214_01",
      "GroupGUID": "58551c76-1be0-47d2-a95c-5ec225471b7b",
      "GroupPath": "Config/LevelOutput/Group/Groups_P20122_F20122001/LevelGroup_P20122_F20122001_G109.json"
    },
    {
      "ID": 110,
      "Name": "MainMission8002105_",
      "GroupGUID": "36310bf4-df34-4222-b45b-0380ace0e403",
      "GroupPath": "Config/LevelOutput/Group/Groups_P20122_F20122001/LevelGroup_P20122_F20122001_G110.json"
    },
    {
      "ID": 113,
      "Name": "MainMission8014101_Mission",
      "GroupGUID": "b959ccdf-0fd6-4869-9277-8065e7d2497f",
      "GroupPath": "Config/LevelOutput/Group/Groups_P20122_F20122001/LevelGroup_P20122_F20122001_G113.json"
    },
    {
      "ID": 114,
      "Name": "ExitGroup",
      "GroupGUID": "b5cf067b-6b94-496a-b09c-0a6a4497e327",
      "GroupPath": "Config/LevelOutput/Group/Groups_P20122_F20122001/LevelGroup_P20122_F20122001_G114.json"
    },
    {
      "ID": 115,
      "Name": "MainMission8002105_1",
      "GroupGUID": "b0bbdb64-d66a-43ab-a9df-f41e65f04385",
      "GroupPath": "Config/LevelOutput/Group/Groups_P20122_F20122001/LevelGroup_P20122_F20122001_G115.json"
    },
    {
      "ID": 116,
      "Name": "MainMission8002105_2",
      "GroupGUID": "26806d9f-51bc-46a0-9d23-c7e22097c2cc",
      "GroupPath": "Config/LevelOutput/Group/Groups_P20122_F20122001/LevelGroup_P20122_F20122001_G116.json"
    },
    {
      "ID": 117,
      "Name": "MainMission8002105_monster",
      "GroupGUID": "4c5e1fce-612c-46b0-bd86-c3fe933c38be",
      "GroupPath": "Config/LevelOutput/Group/Groups_P20122_F20122001/LevelGroup_P20122_F20122001_G117.json"
    }
  ]
}