{
  "FloorID": 20131001,
  "FloorName": "FloorName_20131001",
  "StartGroupID": 2,
  "StartAnchorID": 1,
  "GroupList": [
    {
      "ID": 2,
      "Name": "DefaultData",
      "GroupGUID": "60dda409-a2af-40da-bcb8-8f49cea383f4",
      "GroupPath": "Config/LevelOutput/Group/Groups_P20131_F20131001/LevelGroup_P20131_F20131001_G2.json"
    },
    {
      "ID": 94,
      "Name": "Exit",
      "GroupGUID": "c80ed640-5e9f-4f8e-acd4-a0c8747a7def",
      "GroupPath": "Config/LevelOutput/Group/Groups_P20131_F20131001/LevelGroup_P20131_F20131001_G94.json"
    },
    {
      "ID": 4,
      "Name": "DefaultDistributeItems",
      "GroupGUID": "af619213-7cc8-47f5-b67c-faa8511fb985",
      "GroupPath": "Config/LevelOutput/Group/Groups_P20131_F20131001/LevelGroup_P20131_F20131001_G4.json"
    },
    {
      "ID": 30,
      "Name": "DistributeItemsHP",
      "GroupGUID": "ac7de19b-d8d9-4309-ba06-e59acec63d0e",
      "GroupPath": "Config/LevelOutput/Group/Groups_P20131_F20131001/LevelGroup_P20131_F20131001_G30.json"
    },
    {
      "ID": 5,
      "Name": "DefaultTreasure",
      "GroupGUID": "0ad105e9-f29c-4619-96d5-151e55bf89ed",
      "GroupPath": "Config/LevelOutput/Group/Groups_P20131_F20131001/LevelGroup_P20131_F20131001_G5.json"
    },
    {
      "ID": 95,
      "Name": "DefaultTreasureV090Added",
      "GroupGUID": "3bac4434-4acb-4cfa-9bf7-e16273bd26e2",
      "GroupPath": "Config/LevelOutput/Group/Groups_P20131_F20131001/LevelGroup_P20131_F20131001_G95.json"
    },
    {
      "ID": 92,
      "Name": "FarmElement",
      "GroupGUID": "162f9b5a-178a-4c0c-bb6c-c9ca9c606314",
      "GroupPath": "Config/LevelOutput/Group/Groups_P20131_F20131001/LevelGroup_P20131_F20131001_G92.json"
    },
    {
      "ID": 96,
      "Name": "FarmRelic",
      "GroupGUID": "8d4bf870-ab63-4831-9aac-617426b2dfbf",
      "GroupPath": "Config/LevelOutput/Group/Groups_P20131_F20131001/LevelGroup_P20131_F20131001_G96.json"
    },
    {
      "ID": 6,
      "Name": "DefaultProp",
      "GroupGUID": "28c863a0-6d34-4ddc-a181-506044e03332",
      "GroupPath": "Config/LevelOutput/Group/Groups_P20131_F20131001/LevelGroup_P20131_F20131001_G6.json"
    },
    {
      "ID": 11,
      "Name": "MainMonster",
      "GroupGUID": "e92f47cb-34c8-48cf-94a1-ddbc31e858c2",
      "GroupPath": "Config/LevelOutput/Group/Groups_P20131_F20131001/LevelGroup_P20131_F20131001_G11.json"
    },
    {
      "ID": 73,
      "Name": "Book",
      "GroupGUID": "d1f3bd13-f01a-446a-ae9b-659104107600",
      "GroupPath": "Config/LevelOutput/Group/Groups_P20131_F20131001/LevelGroup_P20131_F20131001_G73.json"
    },
    {
      "ID": 13,
      "Name": "MainMission_NPC",
      "GroupGUID": "9757cccb-688d-409f-a0fc-9d49a76f0be9",
      "GroupPath": "Config/LevelOutput/Group/Groups_P20131_F20131001/LevelGroup_P20131_F20131001_G13.json"
    },
    {
      "ID": 10,
      "Name": "MainMission",
      "GroupGUID": "2c829bf2-4be0-47eb-b98a-61804364da86",
      "GroupPath": "Config/LevelOutput/Group/Groups_P20131_F20131001/LevelGroup_P20131_F20131001_G10.json"
    },
    {
      "ID": 20,
      "Name": "MainMission1010813",
      "GroupGUID": "9c91d8e0-ce23-435a-abeb-999e934055ff",
      "GroupPath": "Config/LevelOutput/Group/Groups_P20131_F20131001/LevelGroup_P20131_F20131001_G20.json"
    },
    {
      "ID": 24,
      "Name": "SubMission",
      "GroupGUID": "87e1b879-4763-486d-8d8d-f70a51fd5d3a",
      "GroupPath": "Config/LevelOutput/Group/Groups_P20131_F20131001/LevelGroup_P20131_F20131001_G24.json"
    },
    {
      "ID": 26,
      "Name": "SubMission",
      "GroupGUID": "0a50308a-d939-4638-a3a1-131698afb81e",
      "GroupPath": "Config/LevelOutput/Group/Groups_P20131_F20131001/LevelGroup_P20131_F20131001_G26.json"
    },
    {
      "ID": 27,
      "Name": "SubMission",
      "GroupGUID": "4350c7b1-095c-4cb8-890e-442d6c1673d5",
      "GroupPath": "Config/LevelOutput/Group/Groups_P20131_F20131001/LevelGroup_P20131_F20131001_G27.json"
    },
    {
      "ID": 40,
      "Name": "MainMission_101120101",
      "GroupGUID": "5b615ce3-f7d9-40ac-88d2-ec5ed022dd48",
      "GroupPath": "Config/LevelOutput/Group/Groups_P20131_F20131001/LevelGroup_P20131_F20131001_G40.json"
    },
    {
      "ID": 41,
      "Name": "MainMission_Prop",
      "GroupGUID": "aae56e3c-7297-43b6-8241-c3959650748d",
      "GroupPath": "Config/LevelOutput/Group/Groups_P20131_F20131001/LevelGroup_P20131_F20131001_G41.json"
    },
    {
      "ID": 43,
      "Name": "MainMission_NPC",
      "GroupGUID": "4de74cca-cc68-4b28-98a6-be78fd1c405f",
      "GroupPath": "Config/LevelOutput/Group/Groups_P20131_F20131001/LevelGroup_P20131_F20131001_G43.json"
    },
    {
      "ID": 44,
      "Name": "MainMission_NPC",
      "GroupGUID": "437756ab-47ff-486f-a54e-d1a72a253dc3",
      "GroupPath": "Config/LevelOutput/Group/Groups_P20131_F20131001/LevelGroup_P20131_F20131001_G44.json"
    },
    {
      "ID": 45,
      "Name": "MainMission1011102_",
      "GroupGUID": "54368f7d-3e08-4f12-89cb-70ceb46adf3d",
      "GroupPath": "Config/LevelOutput/Group/Groups_P20131_F20131001/LevelGroup_P20131_F20131001_G45.json"
    },
    {
      "ID": 21,
      "Name": "MainMission_NPC",
      "GroupGUID": "37ff6d63-a433-4ad9-9e36-49f3d332d1db",
      "GroupPath": "Config/LevelOutput/Group/Groups_P20131_F20131001/LevelGroup_P20131_F20131001_G21.json"
    },
    {
      "ID": 17,
      "Name": "SubMission",
      "GroupGUID": "b5ca3bf0-3bca-476e-a8d4-ed676d7266e2",
      "GroupPath": "Config/LevelOutput/Group/Groups_P20131_F20131001/LevelGroup_P20131_F20131001_G17.json"
    },
    {
      "ID": 22,
      "Name": "SubMission",
      "GroupGUID": "088f59d7-4f61-4c89-8272-67ded47a3adf",
      "GroupPath": "Config/LevelOutput/Group/Groups_P20131_F20131001/LevelGroup_P20131_F20131001_G22.json"
    },
    {
      "ID": 25,
      "Name": "SubMission",
      "GroupGUID": "0200ac85-7203-427f-b5b5-634ee7bdcbd3",
      "GroupPath": "Config/LevelOutput/Group/Groups_P20131_F20131001/LevelGroup_P20131_F20131001_G25.json"
    },
    {
      "ID": 28,
      "Name": "SubMission",
      "GroupGUID": "93c50174-5ba6-41f4-b274-13007650f65d",
      "GroupPath": "Config/LevelOutput/Group/Groups_P20131_F20131001/LevelGroup_P20131_F20131001_G28.json"
    },
    {
      "ID": 29,
      "Name": "SubMission",
      "GroupGUID": "18309cd4-8a40-4e9f-bc0d-085aeca92af2",
      "GroupPath": "Config/LevelOutput/Group/Groups_P20131_F20131001/LevelGroup_P20131_F20131001_G29.json"
    },
    {
      "ID": 23,
      "Name": "MainMIssion_101120102",
      "GroupGUID": "630468ee-dd7a-41df-b771-223ecbed6393",
      "GroupPath": "Config/LevelOutput/Group/Groups_P20131_F20131001/LevelGroup_P20131_F20131001_G23.json"
    },
    {
      "ID": 12,
      "Name": "MainMission_NPC",
      "GroupGUID": "0266f0c1-85e8-4936-8f20-2edfe917826c",
      "GroupPath": "Config/LevelOutput/Group/Groups_P20131_F20131001/LevelGroup_P20131_F20131001_G12.json"
    },
    {
      "ID": 31,
      "Name": "Monster_ChestMonster",
      "GroupGUID": "0905bf3c-796e-4764-8bda-37c3a42b88f0",
      "GroupPath": "Config/LevelOutput/Group/Groups_P20131_F20131001/LevelGroup_P20131_F20131001_G31.json"
    },
    {
      "ID": 34,
      "Name": "FindChest_StepBy",
      "GroupGUID": "1c58abea-bc26-4b0e-88e5-97a26249ade0",
      "GroupPath": "Config/LevelOutput/Group/Groups_P20131_F20131001/LevelGroup_P20131_F20131001_G34.json"
    },
    {
      "ID": 35,
      "Name": "FindChest_StepBy",
      "GroupGUID": "ec81b37c-51c5-4acb-9053-f47effda9141",
      "GroupPath": "Config/LevelOutput/Group/Groups_P20131_F20131001/LevelGroup_P20131_F20131001_G35.json"
    },
    {
      "ID": 36,
      "Name": "SubMission",
      "GroupGUID": "986c1ee0-c490-4b01-954f-99d217d2d53a",
      "GroupPath": "Config/LevelOutput/Group/Groups_P20131_F20131001/LevelGroup_P20131_F20131001_G36.json"
    },
    {
      "ID": 37,
      "Name": "New Group",
      "GroupGUID": "d1065f2e-95ac-4071-962b-38bfb1f6f03a",
      "GroupPath": "Config/LevelOutput/Group/Groups_P20131_F20131001/LevelGroup_P20131_F20131001_G37.json"
    },
    {
      "ID": 7,
      "Name": "SubMission",
      "GroupGUID": "ccc169a4-19a1-4d5c-8fbe-5965c2c3534d",
      "GroupPath": "Config/LevelOutput/Group/Groups_P20131_F20131001/LevelGroup_P20131_F20131001_G7.json"
    },
    {
      "ID": 8,
      "Name": "Sound",
      "GroupGUID": "fd2d8746-16ed-490e-b0a9-a3ae283d7da4",
      "GroupPath": "Config/LevelOutput/Group/Groups_P20131_F20131001/LevelGroup_P20131_F20131001_G8.json"
    },
    {
      "ID": 61,
      "Name": "NPC",
      "GroupGUID": "0ed2dead-f244-43fe-a758-55405ed1a0b8",
      "GroupPath": "Config/LevelOutput/Group/Groups_P20131_F20131001/LevelGroup_P20131_F20131001_G61.json"
    },
    {
      "ID": 62,
      "Name": "Daymission",
      "GroupGUID": "0e5e21f6-b261-4a8f-be47-2326be5d9a72",
      "GroupPath": "Config/LevelOutput/Group/Groups_P20131_F20131001/LevelGroup_P20131_F20131001_G62.json"
    },
    {
      "ID": 63,
      "Name": "Daymission",
      "GroupGUID": "8c6193aa-cd50-4269-b7f9-17c2d8f9ddc4",
      "GroupPath": "Config/LevelOutput/Group/Groups_P20131_F20131001/LevelGroup_P20131_F20131001_G63.json"
    },
    {
      "ID": 64,
      "Name": "Daymission",
      "GroupGUID": "6a172cd2-b59e-429d-82ed-f4cdd4169998",
      "GroupPath": "Config/LevelOutput/Group/Groups_P20131_F20131001/LevelGroup_P20131_F20131001_G64.json"
    },
    {
      "ID": 67,
      "Name": "RobotHunt_01",
      "GroupGUID": "24942585-62c7-4d52-a898-465ba1529bfd",
      "GroupPath": "Config/LevelOutput/Group/Groups_P20131_F20131001/LevelGroup_P20131_F20131001_G67.json"
    },
    {
      "ID": 69,
      "Name": "RobotHunt_02",
      "GroupGUID": "e70bb4ff-7b59-4f93-9526-bf24c24a2c97",
      "GroupPath": "Config/LevelOutput/Group/Groups_P20131_F20131001/LevelGroup_P20131_F20131001_G69.json"
    },
    {
      "ID": 71,
      "Name": "SimpleMission",
      "GroupGUID": "75074550-dcba-497e-a637-245fc5b3a452",
      "GroupPath": "Config/LevelOutput/Group/Groups_P20131_F20131001/LevelGroup_P20131_F20131001_G71.json"
    },
    {
      "ID": 72,
      "Name": "BoxMan",
      "GroupGUID": "9e2555b9-d28a-4812-8c15-1df5c156bc40",
      "GroupPath": "Config/LevelOutput/Group/Groups_P20131_F20131001/LevelGroup_P20131_F20131001_G72.json"
    },
    {
      "ID": 78,
      "Name": "BoxMan",
      "GroupGUID": "4475b6b7-197f-485c-b407-19269882801c",
      "GroupPath": "Config/LevelOutput/Group/Groups_P20131_F20131001/LevelGroup_P20131_F20131001_G78.json"
    },
    {
      "ID": 75,
      "Name": "SubMission",
      "GroupGUID": "6cbacba0-fccc-497d-9871-c2f309d3999c",
      "GroupPath": "Config/LevelOutput/Group/Groups_P20131_F20131001/LevelGroup_P20131_F20131001_G75.json"
    },
    {
      "ID": 79,
      "Name": "BoxMan",
      "GroupGUID": "ad5e3b26-da68-4a15-b68c-b9621b9a932b",
      "GroupPath": "Config/LevelOutput/Group/Groups_P20131_F20131001/LevelGroup_P20131_F20131001_G79.json"
    },
    {
      "ID": 82,
      "Name": "SimpleMission",
      "GroupGUID": "dd080f76-9b62-439e-96ae-709f2bfc2c30",
      "GroupPath": "Config/LevelOutput/Group/Groups_P20131_F20131001/LevelGroup_P20131_F20131001_G82.json"
    },
    {
      "ID": 84,
      "Name": "RaidGateM301",
      "GroupGUID": "2d7ea8a7-142b-4168-8efd-a6647cd8f11c",
      "GroupPath": "Config/LevelOutput/Group/Groups_P20131_F20131001/LevelGroup_P20131_F20131001_G84.json"
    },
    {
      "ID": 85,
      "Name": "WorldBoss",
      "GroupGUID": "137d6094-0fa4-4f79-ab4c-54d7d8693cf8",
      "GroupPath": "Config/LevelOutput/Group/Groups_P20131_F20131001/LevelGroup_P20131_F20131001_G85.json"
    },
    {
      "ID": 86,
      "Name": "DefaultNPC",
      "GroupGUID": "f49fd985-c93d-4681-a810-7cab36a88325",
      "GroupPath": "Config/LevelOutput/Group/Groups_P20131_F20131001/LevelGroup_P20131_F20131001_G86.json"
    },
    {
      "ID": 98,
      "Name": "RaidGuide",
      "GroupGUID": "8161c02e-fe74-49cc-8740-f7095ca9946f",
      "GroupPath": "Config/LevelOutput/Group/Groups_P20131_F20131001/LevelGroup_P20131_F20131001_G98.json"
    },
    {
      "ID": 99,
      "Name": "RaidGuide2",
      "GroupGUID": "54e6dc8d-0e05-401a-8db5-c39709e9bfad",
      "GroupPath": "Config/LevelOutput/Group/Groups_P20131_F20131001/LevelGroup_P20131_F20131001_G99.json"
    },
    {
      "ID": 100,
      "Name": "RaidGuide3",
      "GroupGUID": "585247df-8dee-42f7-8daa-2920e2f1d334",
      "GroupPath": "Config/LevelOutput/Group/Groups_P20131_F20131001/LevelGroup_P20131_F20131001_G100.json"
    },
    {
      "ID": 102,
      "Name": "RaidGateM302",
      "GroupGUID": "a5d51706-56b0-4d2f-a8b2-c072e13cf016",
      "GroupPath": "Config/LevelOutput/Group/Groups_P20131_F20131001/LevelGroup_P20131_F20131001_G102.json"
    },
    {
      "ID": 103,
      "Name": "MainMission8002106_",
      "GroupGUID": "febaa114-00c3-4e63-8e46-6a840511176d",
      "GroupPath": "Config/LevelOutput/Group/Groups_P20131_F20131001/LevelGroup_P20131_F20131001_G103.json"
    },
    {
      "ID": 104,
      "Name": "MainMission2021601_01",
      "GroupGUID": "116f6630-04ce-46f0-9a38-9ef322ad3f1d",
      "GroupPath": "Config/LevelOutput/Group/Groups_P20131_F20131001/LevelGroup_P20131_F20131001_G104.json"
    },
    {
      "ID": 105,
      "Name": "CablePuzzle_202160117",
      "GroupGUID": "6e8e6d2f-4fee-43a8-98c8-532623b7495b",
      "GroupPath": "Config/LevelOutput/Group/Groups_P20131_F20131001/LevelGroup_P20131_F20131001_G105.json"
    },
    {
      "ID": 106,
      "Name": "CablePuzzle_202160118",
      "GroupGUID": "8a26967b-0507-4692-8477-15bf286ba017",
      "GroupPath": "Config/LevelOutput/Group/Groups_P20131_F20131001/LevelGroup_P20131_F20131001_G106.json"
    },
    {
      "ID": 107,
      "Name": "CablePuzzle_202160119",
      "GroupGUID": "db3d9606-bfb5-4cf9-acf8-bce7adea07dd",
      "GroupPath": "Config/LevelOutput/Group/Groups_P20131_F20131001/LevelGroup_P20131_F20131001_G107.json"
    },
    {
      "ID": 109,
      "Name": "MainMission2010203_06",
      "GroupGUID": "5bbe8494-4571-4d16-a480-c874d4b3c604",
      "GroupPath": "Config/LevelOutput/Group/Groups_P20131_F20131001/LevelGroup_P20131_F20131001_G109.json"
    },
    {
      "ID": 110,
      "Name": "New Group",
      "GroupGUID": "a52e8527-de29-4818-8fcf-44bd55f8a0e7",
      "GroupPath": "Config/LevelOutput/Group/Groups_P20131_F20131001/LevelGroup_P20131_F20131001_G110.json"
    },
    {
      "ID": 111,
      "Name": "New Group",
      "GroupGUID": "3269ed85-47db-46cd-badd-772bec92addd",
      "GroupPath": "Config/LevelOutput/Group/Groups_P20131_F20131001/LevelGroup_P20131_F20131001_G111.json"
    },
    {
      "ID": 112,
      "Name": "MainMission8014123_LinkAfter",
      "GroupGUID": "ee6e97f9-9e06-4f18-9bc5-e4327f16ec35",
      "GroupPath": "Config/LevelOutput/Group/Groups_P20131_F20131001/LevelGroup_P20131_F20131001_G112.json"
    },
    {
      "ID": 113,
      "Name": "MainMission8014127_LinkAfter",
      "GroupGUID": "f06bc3f5-cd15-48a1-9aa7-bb051cde4e7c",
      "GroupPath": "Config/LevelOutput/Group/Groups_P20131_F20131001/LevelGroup_P20131_F20131001_G113.json"
    }
  ]
}