{
  "FloorID": 20100001,
  "FloorName": "FloorName_20100001",
  "StartGroupID": 1,
  "StartAnchorID": 1,
  "GroupList": [
    {
      "ID": 1,
      "Name": "New Group",
      "GroupGUID": "2cf00bb1-064d-4dd5-aacd-ce67a3fbf980",
      "GroupPath": "Config/LevelOutput/Group/Groups_P20100_F20100001/LevelGroup_P20100_F20100001_G1.json"
    },
    {
      "ID": 2,
      "Name": "Sound",
      "GroupGUID": "f53ac55b-dd69-4d82-a39c-0f0bb8b06863",
      "GroupPath": "Config/LevelOutput/Group/Groups_P20100_F20100001/LevelGroup_P20100_F20100001_G2.json"
    }
  ]
}