{
  "FloorID": 20132001,
  "FloorName": "FloorName_20132001",
  "StartGroupID": 1,
  "StartAnchorID": 1,
  "GroupList": [
    {
      "ID": 1,
      "Name": "DefaultData",
      "GroupGUID": "07cda49b-0989-4da7-b529-5d74dce95d3b",
      "GroupPath": "Config/LevelOutput/Group/Groups_P20132_F20132001/LevelGroup_P20132_F20132001_G1.json"
    },
    {
      "ID": 3,
      "Name": "MainMission_Prop",
      "GroupGUID": "87067f6d-b27d-42e8-8082-bad6e8cbfbe1",
      "GroupPath": "Config/LevelOutput/Group/Groups_P20132_F20132001/LevelGroup_P20132_F20132001_G3.json"
    },
    {
      "ID": 5,
      "Name": "FogDoor",
      "GroupGUID": "c433d0b6-2166-401e-bbee-f0c60a84164c",
      "GroupPath": "Config/LevelOutput/Group/Groups_P20132_F20132001/LevelGroup_P20132_F20132001_G5.json"
    },
    {
      "ID": 6,
      "Name": "DefalutChest",
      "GroupGUID": "18609bf2-d969-45d5-8288-2acb6e721955",
      "GroupPath": "Config/LevelOutput/Group/Groups_P20132_F20132001/LevelGroup_P20132_F20132001_G6.json"
    },
    {
      "ID": 72,
      "Name": "DefalutChestV090Added",
      "GroupGUID": "796bb496-88f8-4064-8cc7-5e177a675721",
      "GroupPath": "Config/LevelOutput/Group/Groups_P20132_F20132001/LevelGroup_P20132_F20132001_G72.json"
    },
    {
      "ID": 7,
      "Name": "DefalutDestructibleItem",
      "GroupGUID": "241e9dba-d579-4564-a243-ff5e8a212dd4",
      "GroupPath": "Config/LevelOutput/Group/Groups_P20132_F20132001/LevelGroup_P20132_F20132001_G7.json"
    },
    {
      "ID": 62,
      "Name": "Book",
      "GroupGUID": "6a933d2d-7c5b-41ee-95f7-8d31324a3b7e",
      "GroupPath": "Config/LevelOutput/Group/Groups_P20132_F20132001/LevelGroup_P20132_F20132001_G62.json"
    },
    {
      "ID": 44,
      "Name": "DestructibleHP",
      "GroupGUID": "61bef671-f35d-45ec-adf5-eed3ed6307d6",
      "GroupPath": "Config/LevelOutput/Group/Groups_P20132_F20132001/LevelGroup_P20132_F20132001_G44.json"
    },
    {
      "ID": 2,
      "Name": "MainMission01_Monster",
      "GroupGUID": "455dbdb5-6527-47cf-a680-39b2fa4c87bc",
      "GroupPath": "Config/LevelOutput/Group/Groups_P20132_F20132001/LevelGroup_P20132_F20132001_G2.json"
    },
    {
      "ID": 13,
      "Name": "DefaultMonster_Zone05",
      "GroupGUID": "d1e56b3f-f22d-4e35-a10e-bddc888fb3ec",
      "GroupPath": "Config/LevelOutput/Group/Groups_P20132_F20132001/LevelGroup_P20132_F20132001_G13.json"
    },
    {
      "ID": 14,
      "Name": "DefaultMonster_Zone06",
      "GroupGUID": "b467a33e-7cb6-4df0-95c9-3288bbb1df87",
      "GroupPath": "Config/LevelOutput/Group/Groups_P20132_F20132001/LevelGroup_P20132_F20132001_G14.json"
    },
    {
      "ID": 9,
      "Name": "DefaultMonster_Zone01",
      "GroupGUID": "8eb86687-4d92-4f56-9cc6-4392257e1420",
      "GroupPath": "Config/LevelOutput/Group/Groups_P20132_F20132001/LevelGroup_P20132_F20132001_G9.json"
    },
    {
      "ID": 46,
      "Name": "MonsterGroup",
      "GroupGUID": "0314fc50-1e7c-4731-a789-c94e006f826e",
      "GroupPath": "Config/LevelOutput/Group/Groups_P20132_F20132001/LevelGroup_P20132_F20132001_G46.json"
    },
    {
      "ID": 41,
      "Name": "Default_ChallengeChest",
      "GroupGUID": "84ec3822-1ad7-44ee-a3e6-217d448d37d7",
      "GroupPath": "Config/LevelOutput/Group/Groups_P20132_F20132001/LevelGroup_P20132_F20132001_G41.json"
    },
    {
      "ID": 42,
      "Name": "Default_ChallengeChest",
      "GroupGUID": "2f866980-240d-48e0-87f7-bed2c2082667",
      "GroupPath": "Config/LevelOutput/Group/Groups_P20132_F20132001/LevelGroup_P20132_F20132001_G42.json"
    },
    {
      "ID": 77,
      "Name": "Default_ChallengeChest",
      "GroupGUID": "3fc3821b-8482-48ed-a152-1df33d132c99",
      "GroupPath": "Config/LevelOutput/Group/Groups_P20132_F20132001/LevelGroup_P20132_F20132001_G77.json"
    },
    {
      "ID": 70,
      "Name": "WorldBoss090devAdd",
      "GroupGUID": "71e020a8-d076-431f-98cd-8b93a5439413",
      "GroupPath": "Config/LevelOutput/Group/Groups_P20132_F20132001/LevelGroup_P20132_F20132001_G70.json"
    },
    {
      "ID": 23,
      "Name": "FarmElement",
      "GroupGUID": "a3e7cfe8-d213-482e-823a-d0b1db5c19c0",
      "GroupPath": "Config/LevelOutput/Group/Groups_P20132_F20132001/LevelGroup_P20132_F20132001_G23.json"
    },
    {
      "ID": 79,
      "Name": "FarmElement",
      "GroupGUID": "ddfaf825-3e90-47f2-a99d-322ee7817fbc",
      "GroupPath": "Config/LevelOutput/Group/Groups_P20132_F20132001/LevelGroup_P20132_F20132001_G79.json"
    },
    {
      "ID": 10,
      "Name": "FarmRelic",
      "GroupGUID": "282f223b-5f40-4c25-86f8-2e409abfa03f",
      "GroupPath": "Config/LevelOutput/Group/Groups_P20132_F20132001/LevelGroup_P20132_F20132001_G10.json"
    },
    {
      "ID": 28,
      "Name": "MainMission_1011301",
      "GroupGUID": "6a17dd49-6bd0-4887-98ee-78c40657df1b",
      "GroupPath": "Config/LevelOutput/Group/Groups_P20132_F20132001/LevelGroup_P20132_F20132001_G28.json"
    },
    {
      "ID": 29,
      "Name": "MainMission_1011301_01",
      "GroupGUID": "8420c936-4ee1-46c0-a43e-c285d4529859",
      "GroupPath": "Config/LevelOutput/Group/Groups_P20132_F20132001/LevelGroup_P20132_F20132001_G29.json"
    },
    {
      "ID": 30,
      "Name": "MainMission_1011301_02-3",
      "GroupGUID": "069603c3-6f52-4add-964e-390314c35584",
      "GroupPath": "Config/LevelOutput/Group/Groups_P20132_F20132001/LevelGroup_P20132_F20132001_G30.json"
    },
    {
      "ID": 31,
      "Name": "MainMission_1011301_08-17",
      "GroupGUID": "c07366e1-ce94-4594-a17e-8be326235317",
      "GroupPath": "Config/LevelOutput/Group/Groups_P20132_F20132001/LevelGroup_P20132_F20132001_G31.json"
    },
    {
      "ID": 32,
      "Name": "MainMission_1011301_09-11",
      "GroupGUID": "360ddae7-9059-473b-82fe-161ecb3e29b7",
      "GroupPath": "Config/LevelOutput/Group/Groups_P20132_F20132001/LevelGroup_P20132_F20132001_G32.json"
    },
    {
      "ID": 33,
      "Name": "MainMission_1011301_14",
      "GroupGUID": "1ff13cb0-a058-4911-9ecd-a6c8619b2555",
      "GroupPath": "Config/LevelOutput/Group/Groups_P20132_F20132001/LevelGroup_P20132_F20132001_G33.json"
    },
    {
      "ID": 34,
      "Name": "MainMission_1011301_15",
      "GroupGUID": "d3d89fc7-af0c-4ddf-aa0e-cb526f060c81",
      "GroupPath": "Config/LevelOutput/Group/Groups_P20132_F20132001/LevelGroup_P20132_F20132001_G34.json"
    },
    {
      "ID": 35,
      "Name": "MainMission_1011301_17",
      "GroupGUID": "7b9100e4-e965-4619-b87f-348ad667e327",
      "GroupPath": "Config/LevelOutput/Group/Groups_P20132_F20132001/LevelGroup_P20132_F20132001_G35.json"
    },
    {
      "ID": 36,
      "Name": "MainMission_1011301_19-22",
      "GroupGUID": "aac6f65d-c04b-456f-b3c4-05d4e57a0a07",
      "GroupPath": "Config/LevelOutput/Group/Groups_P20132_F20132001/LevelGroup_P20132_F20132001_G36.json"
    },
    {
      "ID": 37,
      "Name": "MainMission_1011301_23-26",
      "GroupGUID": "f7d87129-d311-487b-b349-5da3f273515d",
      "GroupPath": "Config/LevelOutput/Group/Groups_P20132_F20132001/LevelGroup_P20132_F20132001_G37.json"
    },
    {
      "ID": 38,
      "Name": "MainMission_1011301_06",
      "GroupGUID": "19c91083-3428-4fa4-b721-d2271e86581b",
      "GroupPath": "Config/LevelOutput/Group/Groups_P20132_F20132001/LevelGroup_P20132_F20132001_G38.json"
    },
    {
      "ID": 4,
      "Name": "MainMission_101130103",
      "GroupGUID": "22cae855-a3a6-4972-b03f-a0a01b4a83be",
      "GroupPath": "Config/LevelOutput/Group/Groups_P20132_F20132001/LevelGroup_P20132_F20132001_G4.json"
    },
    {
      "ID": 17,
      "Name": "MainMIssion_101130150",
      "GroupGUID": "443454e0-df37-4eab-80e6-137ae332f41c",
      "GroupPath": "Config/LevelOutput/Group/Groups_P20132_F20132001/LevelGroup_P20132_F20132001_G17.json"
    },
    {
      "ID": 8,
      "Name": "MainMission_101130109",
      "GroupGUID": "052e7585-c4f7-451a-9e93-3bd4e180f54e",
      "GroupPath": "Config/LevelOutput/Group/Groups_P20132_F20132001/LevelGroup_P20132_F20132001_G8.json"
    },
    {
      "ID": 16,
      "Name": "New Group",
      "GroupGUID": "adca84a1-621e-4513-8bd7-988536f5e3fb",
      "GroupPath": "Config/LevelOutput/Group/Groups_P20132_F20132001/LevelGroup_P20132_F20132001_G16.json"
    },
    {
      "ID": 47,
      "Name": "New Group",
      "GroupGUID": "6090863a-552e-45dd-87b5-a1ed8cd5ea66",
      "GroupPath": "Config/LevelOutput/Group/Groups_P20132_F20132001/LevelGroup_P20132_F20132001_G47.json"
    },
    {
      "ID": 15,
      "Name": "Monster_ChestMonster",
      "GroupGUID": "81c57abf-eed1-4a02-9b61-02bd350def52",
      "GroupPath": "Config/LevelOutput/Group/Groups_P20132_F20132001/LevelGroup_P20132_F20132001_G15.json"
    },
    {
      "ID": 43,
      "Name": "Sound",
      "GroupGUID": "242352bb-11c6-4ffb-b343-3830dbf3d724",
      "GroupPath": "Config/LevelOutput/Group/Groups_P20132_F20132001/LevelGroup_P20132_F20132001_G43.json"
    },
    {
      "ID": 51,
      "Name": "MainMission_101130115",
      "GroupGUID": "8a7ca708-606b-4d22-83b5-37c4282fa58e",
      "GroupPath": "Config/LevelOutput/Group/Groups_P20132_F20132001/LevelGroup_P20132_F20132001_G51.json"
    },
    {
      "ID": 56,
      "Name": "Sub_4010125",
      "GroupGUID": "3c0725fb-6351-4979-a722-eeab5dd779dd",
      "GroupPath": "Config/LevelOutput/Group/Groups_P20132_F20132001/LevelGroup_P20132_F20132001_G56.json"
    },
    {
      "ID": 57,
      "Name": "RobotHunt_01",
      "GroupGUID": "182e83f8-f8df-4b33-8e7c-c8fd4b72eead",
      "GroupPath": "Config/LevelOutput/Group/Groups_P20132_F20132001/LevelGroup_P20132_F20132001_G57.json"
    },
    {
      "ID": 58,
      "Name": "RobotHunt_02",
      "GroupGUID": "38c5dfae-001e-4e33-8153-e6abc3a35f37",
      "GroupPath": "Config/LevelOutput/Group/Groups_P20132_F20132001/LevelGroup_P20132_F20132001_G58.json"
    },
    {
      "ID": 60,
      "Name": "Sub_4010127",
      "GroupGUID": "1dda5b57-ba96-4cc0-beba-c0d8938a3132",
      "GroupPath": "Config/LevelOutput/Group/Groups_P20132_F20132001/LevelGroup_P20132_F20132001_G60.json"
    },
    {
      "ID": 71,
      "Name": "SubMission_401012701",
      "GroupGUID": "990d2ff2-d200-4508-9f35-85ff879a768d",
      "GroupPath": "Config/LevelOutput/Group/Groups_P20132_F20132001/LevelGroup_P20132_F20132001_G71.json"
    },
    {
      "ID": 65,
      "Name": "RaidEntrance",
      "GroupGUID": "7421cba5-64c5-4797-8b01-7bfd8b686496",
      "GroupPath": "Config/LevelOutput/Group/Groups_P20132_F20132001/LevelGroup_P20132_F20132001_G65.json"
    },
    {
      "ID": 73,
      "Name": "CablePuzzleDaily",
      "GroupGUID": "ef5bf742-2b6f-4db5-aae1-c56d935ecdc3",
      "GroupPath": "Config/LevelOutput/Group/Groups_P20132_F20132001/LevelGroup_P20132_F20132001_G73.json"
    },
    {
      "ID": 74,
      "Name": "DailyMission_3011608",
      "GroupGUID": "9d4f3ab3-65e7-4a39-a36e-9bc81f921ad7",
      "GroupPath": "Config/LevelOutput/Group/Groups_P20132_F20132001/LevelGroup_P20132_F20132001_G74.json"
    },
    {
      "ID": 75,
      "Name": "DailyMission_3011609",
      "GroupGUID": "06264d27-17d4-4d00-bf42-2a92018850a8",
      "GroupPath": "Config/LevelOutput/Group/Groups_P20132_F20132001/LevelGroup_P20132_F20132001_G75.json"
    },
    {
      "ID": 76,
      "Name": "DailyMission_3011610",
      "GroupGUID": "d6680453-6c8d-4955-9fab-f8dcb6fcd43e",
      "GroupPath": "Config/LevelOutput/Group/Groups_P20132_F20132001/LevelGroup_P20132_F20132001_G76.json"
    },
    {
      "ID": 78,
      "IsDelete": true,
      "Name": "MainMission1011400_",
      "GroupGUID": "5a561f94-39a8-4bfd-b436-d66143064a70",
      "GroupPath": "Config/LevelOutput/Group/Groups_P20132_F20132001/LevelGroup_P20132_F20132001_G78.json"
    },
    {
      "ID": 80,
      "Name": "MainMission2010203_24",
      "GroupGUID": "d0b98f8c-d120-4476-8b54-426b40e185dc",
      "GroupPath": "Config/LevelOutput/Group/Groups_P20132_F20132001/LevelGroup_P20132_F20132001_G80.json"
    },
    {
      "ID": 84,
      "Name": "MainMission8014106_Mission",
      "GroupGUID": "d86ed845-c473-45b0-9a78-bb298292385b",
      "GroupPath": "Config/LevelOutput/Group/Groups_P20132_F20132001/LevelGroup_P20132_F20132001_G84.json"
    },
    {
      "ID": 85,
      "Name": "New Group",
      "GroupGUID": "7ea01d67-0e8e-438c-91bd-6d886d6d6ceb",
      "GroupPath": "Config/LevelOutput/Group/Groups_P20132_F20132001/LevelGroup_P20132_F20132001_G85.json"
    },
    {
      "ID": 86,
      "Name": "New Group",
      "GroupGUID": "028b9e5d-e174-454e-b01c-7904d70b1ac3",
      "GroupPath": "Config/LevelOutput/Group/Groups_P20132_F20132001/LevelGroup_P20132_F20132001_G86.json"
    },
    {
      "ID": 87,
      "Name": "New Group",
      "GroupGUID": "3be04a18-32f4-4cb5-bf30-5c37fe6339d6",
      "GroupPath": "Config/LevelOutput/Group/Groups_P20132_F20132001/LevelGroup_P20132_F20132001_G87.json"
    },
    {
      "ID": 89,
      "Name": "ExitGroup",
      "GroupGUID": "976420f7-001e-4dcf-acc7-5c2b1feb4839",
      "GroupPath": "Config/LevelOutput/Group/Groups_P20132_F20132001/LevelGroup_P20132_F20132001_G89.json"
    }
  ]
}