{
  "FloorID": 20133001,
  "FloorName": "FloorName_20133001",
  "StartGroupID": 1,
  "StartAnchorID": 1,
  "GroupList": [
    {
      "ID": 1,
      "Name": "New Group",
      "GroupGUID": "63abf7cc-63c7-44c0-be3e-f675ded34212",
      "GroupPath": "Config/LevelOutput/Group/Groups_P20133_F20133001/LevelGroup_P20133_F20133001_G1.json"
    },
    {
      "ID": 2,
      "Name": "DefaultGroup",
      "GroupGUID": "cb219fae-e256-4ce6-b8e8-cf82e0b7afae",
      "GroupPath": "Config/LevelOutput/Group/Groups_P20133_F20133001/LevelGroup_P20133_F20133001_G2.json"
    },
    {
      "ID": 4,
      "Name": "MainMission",
      "GroupGUID": "f32a7d98-dcec-4888-a4e7-1fee1ffba138",
      "GroupPath": "Config/LevelOutput/Group/Groups_P20133_F20133001/LevelGroup_P20133_F20133001_G4.json"
    },
    {
      "ID": 3,
      "Name": "MainMission",
      "GroupGUID": "9662034b-4fb2-442b-ab0d-3968014b9d64",
      "GroupPath": "Config/LevelOutput/Group/Groups_P20133_F20133001/LevelGroup_P20133_F20133001_G3.json"
    },
    {
      "ID": 9,
      "Name": "MainMission",
      "GroupGUID": "ba03901c-32ad-4331-880e-e191e4749efc",
      "GroupPath": "Config/LevelOutput/Group/Groups_P20133_F20133001/LevelGroup_P20133_F20133001_G9.json"
    },
    {
      "ID": 10,
      "Name": "Sound",
      "GroupGUID": "6163537e-f133-4fc0-8c96-2ec98996133f",
      "GroupPath": "Config/LevelOutput/Group/Groups_P20133_F20133001/LevelGroup_P20133_F20133001_G10.json"
    },
    {
      "ID": 11,
      "Name": "MainMission",
      "GroupGUID": "0d9ce4a4-26b1-4131-adeb-42cfcd03a656",
      "GroupPath": "Config/LevelOutput/Group/Groups_P20133_F20133001/LevelGroup_P20133_F20133001_G11.json"
    },
    {
      "ID": 18,
      "IsDelete": true,
      "Name": "MainMission1011405_",
      "GroupGUID": "b6f0a900-527a-4fad-ad3d-93f6975623db",
      "GroupPath": "Config/LevelOutput/Group/Groups_P20133_F20133001/LevelGroup_P20133_F20133001_G18.json"
    },
    {
      "ID": 20,
      "Name": "SaveGroup",
      "GroupGUID": "5a952daf-334f-438d-a576-67e3df662ac2",
      "GroupPath": "Config/LevelOutput/Group/Groups_P20133_F20133001/LevelGroup_P20133_F20133001_G20.json"
    }
  ]
}