{
  "FloorID": 20231001,
  "FloorName": "FloorName_20231001",
  "StartGroupID": 1,
  "StartAnchorID": 1,
  "GroupList": [
    {
      "ID": 1,
      "Name": "DefaultGroup",
      "GroupGUID": "a6b79c04-237f-4f1c-9711-35abea19a6d9",
      "GroupPath": "Config/LevelOutput/Group/Groups_P20231_F20231001/LevelGroup_P20231_F20231001_G1.json"
    },
    {
      "ID": 112,
      "Name": "Default_Camera",
      "GroupGUID": "e3f1df00-e5a2-4de0-924f-a5df4886507e",
      "GroupPath": "Config/LevelOutput/Group/Groups_P20231_F20231001/LevelGroup_P20231_F20231001_G112.json"
    },
    {
      "ID": 30,
      "Name": "Default_Elevator_01",
      "GroupGUID": "fc04a42b-b51c-4ae7-833e-db335e08ec9f",
      "GroupPath": "Config/LevelOutput/Group/Groups_P20231_F20231001/LevelGroup_P20231_F20231001_G30.json"
    },
    {
      "ID": 31,
      "Name": "Default_Elevator_02",
      "GroupGUID": "35019f69-4efa-4322-8920-bde9c5d74153",
      "GroupPath": "Config/LevelOutput/Group/Groups_P20231_F20231001/LevelGroup_P20231_F20231001_G31.json"
    },
    {
      "ID": 32,
      "Name": "Default_Exit_X202",
      "GroupGUID": "f72c182e-fe42-4f30-a995-d35d9af06f1c",
      "GroupPath": "Config/LevelOutput/Group/Groups_P20231_F20231001/LevelGroup_P20231_F20231001_G32.json"
    },
    {
      "ID": 84,
      "Name": "Default_Exit_X302",
      "GroupGUID": "05dad25a-f843-4b20-821f-830ac4124a21",
      "GroupPath": "Config/LevelOutput/Group/Groups_P20231_F20231001/LevelGroup_P20231_F20231001_G84.json"
    },
    {
      "ID": 33,
      "Name": "Default_Teleport",
      "GroupGUID": "c7058413-6ac3-4a2d-9c4a-f7c34ffefbab",
      "GroupPath": "Config/LevelOutput/Group/Groups_P20231_F20231001/LevelGroup_P20231_F20231001_G33.json"
    },
    {
      "ID": 86,
      "Name": "Default_Door_InsertionPuzzle02",
      "GroupGUID": "fe70d789-146a-4986-b3a4-db339badf54e",
      "GroupPath": "Config/LevelOutput/Group/Groups_P20231_F20231001/LevelGroup_P20231_F20231001_G86.json"
    },
    {
      "ID": 54,
      "Name": "Default_SceneProp_Censer",
      "GroupGUID": "d1d6f50b-def2-407c-80be-5f829809ef42",
      "GroupPath": "Config/LevelOutput/Group/Groups_P20231_F20231001/LevelGroup_P20231_F20231001_G54.json"
    },
    {
      "ID": 80,
      "Name": "Default_MainMission_Blockline",
      "GroupGUID": "22edef13-d5ec-4802-afb5-caa2c2754066",
      "GroupPath": "Config/LevelOutput/Group/Groups_P20231_F20231001/LevelGroup_P20231_F20231001_G80.json"
    },
    {
      "ID": 83,
      "Name": "Default_BoundaryCamera_Client",
      "GroupGUID": "0d4e0510-0df5-4173-bfd8-d5217089ca80",
      "GroupPath": "Config/LevelOutput/Group/Groups_P20231_F20231001/LevelGroup_P20231_F20231001_G83.json"
    },
    {
      "ID": 98,
      "Name": "Default_BoundaryCamera_Client",
      "GroupGUID": "d0d4daac-2095-413a-90c7-960ee2e92798",
      "GroupPath": "Config/LevelOutput/Group/Groups_P20231_F20231001/LevelGroup_P20231_F20231001_G98.json"
    },
    {
      "ID": 99,
      "Name": "Default_BoundaryCamera_Client",
      "GroupGUID": "769a7f8e-3a6b-483a-9fee-5e4e7a8cf5dd",
      "GroupPath": "Config/LevelOutput/Group/Groups_P20231_F20231001/LevelGroup_P20231_F20231001_G99.json"
    },
    {
      "ID": 102,
      "Name": "Default_BoundaryCamera_Client",
      "GroupGUID": "294e810d-7e6e-400c-b9a1-af7e157121f3",
      "GroupPath": "Config/LevelOutput/Group/Groups_P20231_F20231001/LevelGroup_P20231_F20231001_G102.json"
    },
    {
      "ID": 103,
      "Name": "Default_BoundaryCamera_Client",
      "GroupGUID": "af816341-f4af-4cbc-b56f-d0d23353afac",
      "GroupPath": "Config/LevelOutput/Group/Groups_P20231_F20231001/LevelGroup_P20231_F20231001_G103.json"
    },
    {
      "ID": 108,
      "Name": "Shelter Group",
      "GroupGUID": "67b975c7-ea68-4afe-8b2e-62f2fd7ecf0e",
      "GroupPath": "Config/LevelOutput/Group/Groups_P20231_F20231001/LevelGroup_P20231_F20231001_G108.json"
    },
    {
      "ID": 44,
      "Name": "MainMission1021201_MainMissionMonsters",
      "GroupGUID": "b24378bd-70a6-4708-80af-301b4872e21c",
      "GroupPath": "Config/LevelOutput/Group/Groups_P20231_F20231001/LevelGroup_P20231_F20231001_G44.json"
    },
    {
      "ID": 45,
      "Name": "DefaultMonster",
      "GroupGUID": "bd4d5ebf-e275-47c9-9588-23be984eb6a7",
      "GroupPath": "Config/LevelOutput/Group/Groups_P20231_F20231001/LevelGroup_P20231_F20231001_G45.json"
    },
    {
      "ID": 43,
      "Name": "Monster_ChestMonster",
      "GroupGUID": "d5459e28-6796-449c-b431-8b81542200e2",
      "GroupPath": "Config/LevelOutput/Group/Groups_P20231_F20231001/LevelGroup_P20231_F20231001_G43.json"
    },
    {
      "ID": 145,
      "Name": "Default_Chest2",
      "GroupGUID": "bc40e773-4b99-4b6c-89fb-218fecf67c88",
      "GroupPath": "Config/LevelOutput/Group/Groups_P20231_F20231001/LevelGroup_P20231_F20231001_G145.json"
    },
    {
      "ID": 46,
      "Name": "Default_Chest",
      "GroupGUID": "60afdccc-af95-48ce-adc7-a6503ab335a9",
      "GroupPath": "Config/LevelOutput/Group/Groups_P20231_F20231001/LevelGroup_P20231_F20231001_G46.json"
    },
    {
      "ID": 47,
      "Name": "MainMission1021201_Distructable",
      "GroupGUID": "dc2b2b7e-b294-47a3-a912-5c51b3404a2a",
      "GroupPath": "Config/LevelOutput/Group/Groups_P20231_F20231001/LevelGroup_P20231_F20231001_G47.json"
    },
    {
      "ID": 55,
      "Name": "FarmRelic",
      "GroupGUID": "1de9c0fc-7ec6-4be1-bced-7c396305b720",
      "GroupPath": "Config/LevelOutput/Group/Groups_P20231_F20231001/LevelGroup_P20231_F20231001_G55.json"
    },
    {
      "ID": 48,
      "Name": "DistructableDefault",
      "GroupGUID": "0b69a524-1060-4f9a-a445-fa34ed37d68e",
      "GroupPath": "Config/LevelOutput/Group/Groups_P20231_F20231001/LevelGroup_P20231_F20231001_G48.json"
    },
    {
      "ID": 49,
      "Name": "Default_ChallengeChest",
      "GroupGUID": "93a1cc14-821f-44d9-93d3-641c6ba15e02",
      "GroupPath": "Config/LevelOutput/Group/Groups_P20231_F20231001/LevelGroup_P20231_F20231001_G49.json"
    },
    {
      "ID": 50,
      "Name": "Default_ChallengeChest",
      "GroupGUID": "4062b21c-491e-44c4-9d12-6da1618339ff",
      "GroupPath": "Config/LevelOutput/Group/Groups_P20231_F20231001/LevelGroup_P20231_F20231001_G50.json"
    },
    {
      "ID": 51,
      "Name": "Default_ChallengeChest",
      "GroupGUID": "cfe9a54f-dc71-4c4f-a8cc-1bb077d72d08",
      "GroupPath": "Config/LevelOutput/Group/Groups_P20231_F20231001/LevelGroup_P20231_F20231001_G51.json"
    },
    {
      "ID": 122,
      "Name": "FarmElement",
      "GroupGUID": "b861d555-323e-4b51-b5da-12512910de18",
      "GroupPath": "Config/LevelOutput/Group/Groups_P20231_F20231001/LevelGroup_P20231_F20231001_G122.json"
    },
    {
      "ID": 8,
      "Name": "MainMission1021201_02_06",
      "GroupGUID": "30712325-0ac9-45ac-bd89-955d220db6d5",
      "GroupPath": "Config/LevelOutput/Group/Groups_P20231_F20231001/LevelGroup_P20231_F20231001_G8.json"
    },
    {
      "ID": 9,
      "Name": "MainMission1021201_all",
      "GroupGUID": "4286fe46-c677-47b1-a44a-06e31b4de039",
      "GroupPath": "Config/LevelOutput/Group/Groups_P20231_F20231001/LevelGroup_P20231_F20231001_G9.json"
    },
    {
      "ID": 10,
      "IsDelete": true,
      "Name": "MainX3-1-3",
      "GroupGUID": "1bd418bc-61f9-4090-b6e8-bb2ada0bd881",
      "GroupPath": "Config/LevelOutput/Group/Groups_P20231_F20231001/LevelGroup_P20231_F20231001_G10.json"
    },
    {
      "ID": 11,
      "Name": "MainMission1021201_12_24",
      "GroupGUID": "fa3b0e57-b2ae-435e-bcf9-a79b5d596a94",
      "GroupPath": "Config/LevelOutput/Group/Groups_P20231_F20231001/LevelGroup_P20231_F20231001_G11.json"
    },
    {
      "ID": 12,
      "Name": "MainMission1021201_20",
      "GroupGUID": "6e631770-a90f-45be-aaf8-cbe92d985e24",
      "GroupPath": "Config/LevelOutput/Group/Groups_P20231_F20231001/LevelGroup_P20231_F20231001_G12.json"
    },
    {
      "ID": 13,
      "Name": "MainMission1021201_04",
      "GroupGUID": "b234d716-b7e2-4b5a-b5d7-1c349afc5abb",
      "GroupPath": "Config/LevelOutput/Group/Groups_P20231_F20231001/LevelGroup_P20231_F20231001_G13.json"
    },
    {
      "ID": 14,
      "Name": "MainMission1021201_03",
      "GroupGUID": "906858c8-1906-4773-a8ce-265dc86eed87",
      "GroupPath": "Config/LevelOutput/Group/Groups_P20231_F20231001/LevelGroup_P20231_F20231001_G14.json"
    },
    {
      "ID": 15,
      "IsDelete": true,
      "Name": "MainMission102120103",
      "GroupGUID": "8743809e-aa41-40ff-85ae-221965411dee",
      "GroupPath": "Config/LevelOutput/Group/Groups_P20231_F20231001/LevelGroup_P20231_F20231001_G15.json"
    },
    {
      "ID": 16,
      "Name": "Main102120106AF",
      "GroupGUID": "5e57395c-a660-4743-a49e-8797850be369",
      "GroupPath": "Config/LevelOutput/Group/Groups_P20231_F20231001/LevelGroup_P20231_F20231001_G16.json"
    },
    {
      "ID": 17,
      "Name": "MainMission1021201_05_06",
      "GroupGUID": "e0549929-8aa3-4fad-a7fb-ea61f35e98dc",
      "GroupPath": "Config/LevelOutput/Group/Groups_P20231_F20231001/LevelGroup_P20231_F20231001_G17.json"
    },
    {
      "ID": 18,
      "Name": "MainMission102120103",
      "GroupGUID": "74204945-8705-4185-9d13-e6157501734a",
      "GroupPath": "Config/LevelOutput/Group/Groups_P20231_F20231001/LevelGroup_P20231_F20231001_G18.json"
    },
    {
      "ID": 19,
      "Name": "MainMission1021201_06_12",
      "GroupGUID": "b3048af0-0ff8-49af-aa9a-868fa8f8c9c5",
      "GroupPath": "Config/LevelOutput/Group/Groups_P20231_F20231001/LevelGroup_P20231_F20231001_G19.json"
    },
    {
      "ID": 20,
      "Name": "MainMission1021201_13",
      "GroupGUID": "abbfdc40-f86e-4106-a8e6-acce700f797b",
      "GroupPath": "Config/LevelOutput/Group/Groups_P20231_F20231001/LevelGroup_P20231_F20231001_G20.json"
    },
    {
      "ID": 21,
      "Name": "MainMission1021201_24",
      "GroupGUID": "166bb213-8f98-4ef2-9159-8c1cddcde22b",
      "GroupPath": "Config/LevelOutput/Group/Groups_P20231_F20231001/LevelGroup_P20231_F20231001_G21.json"
    },
    {
      "ID": 22,
      "Name": "MainMission1021201_13_24",
      "GroupGUID": "ab7b6a5b-cc5b-4818-a0d5-a03c8d20128c",
      "GroupPath": "Config/LevelOutput/Group/Groups_P20231_F20231001/LevelGroup_P20231_F20231001_G22.json"
    },
    {
      "ID": 23,
      "Name": "MainMission1021201_23",
      "GroupGUID": "73267ddc-0b25-4d68-b7c6-9a5ebac460cb",
      "GroupPath": "Config/LevelOutput/Group/Groups_P20231_F20231001/LevelGroup_P20231_F20231001_G23.json"
    },
    {
      "ID": 24,
      "Name": "MainMission1021201_12",
      "GroupGUID": "b64438c6-d2ab-4478-ad76-90042b34adfa",
      "GroupPath": "Config/LevelOutput/Group/Groups_P20231_F20231001/LevelGroup_P20231_F20231001_G24.json"
    },
    {
      "ID": 25,
      "Name": "MainMission1021201_21",
      "GroupGUID": "91de7af0-7e1d-4683-82f2-106e89b70e8d",
      "GroupPath": "Config/LevelOutput/Group/Groups_P20231_F20231001/LevelGroup_P20231_F20231001_G25.json"
    },
    {
      "ID": 26,
      "Name": "MainMission1021201_22",
      "GroupGUID": "f8af5059-6da1-4467-aa98-2860d570eab3",
      "GroupPath": "Config/LevelOutput/Group/Groups_P20231_F20231001/LevelGroup_P20231_F20231001_G26.json"
    },
    {
      "ID": 52,
      "Name": "Sound",
      "GroupGUID": "4993fa74-4ee4-436f-993c-2fc9c1a5adf4",
      "GroupPath": "Config/LevelOutput/Group/Groups_P20231_F20231001/LevelGroup_P20231_F20231001_G52.json"
    },
    {
      "ID": 56,
      "Name": "LogisticsRobot",
      "GroupGUID": "cc281216-bb2d-4e87-8c53-32496294b4b0",
      "GroupPath": "Config/LevelOutput/Group/Groups_P20231_F20231001/LevelGroup_P20231_F20231001_G56.json"
    },
    {
      "ID": 57,
      "Name": "LogisticsRobot",
      "GroupGUID": "7bbb00c8-390c-4b37-aa57-bbf6818f6d3e",
      "GroupPath": "Config/LevelOutput/Group/Groups_P20231_F20231001/LevelGroup_P20231_F20231001_G57.json"
    },
    {
      "ID": 58,
      "Name": "LogisticsRobot",
      "GroupGUID": "49dd257d-bca4-4b21-bf7e-fc3d93aec982",
      "GroupPath": "Config/LevelOutput/Group/Groups_P20231_F20231001/LevelGroup_P20231_F20231001_G58.json"
    },
    {
      "ID": 59,
      "Name": "LogisticsRobot",
      "GroupGUID": "e984fb21-786d-4c46-9b02-f98af607c6b6",
      "GroupPath": "Config/LevelOutput/Group/Groups_P20231_F20231001/LevelGroup_P20231_F20231001_G59.json"
    },
    {
      "ID": 62,
      "Name": "MainMission2020201_",
      "GroupGUID": "edad0bd4-9980-49b7-90af-2afb0718d274",
      "GroupPath": "Config/LevelOutput/Group/Groups_P20231_F20231001/LevelGroup_P20231_F20231001_G62.json"
    },
    {
      "ID": 63,
      "Name": "MainMission2020201_",
      "GroupGUID": "622ed360-4654-437d-a5c4-000ad7f4fca1",
      "GroupPath": "Config/LevelOutput/Group/Groups_P20231_F20231001/LevelGroup_P20231_F20231001_G63.json"
    },
    {
      "ID": 64,
      "Name": "MainMission2020201_",
      "GroupGUID": "4c556de0-bdc4-4050-95df-e328a69236bd",
      "GroupPath": "Config/LevelOutput/Group/Groups_P20231_F20231001/LevelGroup_P20231_F20231001_G64.json"
    },
    {
      "ID": 65,
      "Name": "MainMission2020201_",
      "GroupGUID": "8cd896b2-3574-49f6-87c6-35a5e8436ff6",
      "GroupPath": "Config/LevelOutput/Group/Groups_P20231_F20231001/LevelGroup_P20231_F20231001_G65.json"
    },
    {
      "ID": 66,
      "IsDelete": true,
      "Name": "MainMission2020201_",
      "GroupGUID": "18a0e473-4c4f-4c1a-a4e1-c052ab519362",
      "GroupPath": "Config/LevelOutput/Group/Groups_P20231_F20231001/LevelGroup_P20231_F20231001_G66.json"
    },
    {
      "ID": 67,
      "IsDelete": true,
      "Name": "MainMission2020201_",
      "GroupGUID": "1f7ef828-2863-4779-a5ee-1e6feaff118d",
      "GroupPath": "Config/LevelOutput/Group/Groups_P20231_F20231001/LevelGroup_P20231_F20231001_G67.json"
    },
    {
      "ID": 68,
      "Name": "MainMission2020201_",
      "GroupGUID": "517c4c1e-5a4b-49c9-9886-369dd95b20b6",
      "GroupPath": "Config/LevelOutput/Group/Groups_P20231_F20231001/LevelGroup_P20231_F20231001_G68.json"
    },
    {
      "ID": 69,
      "Name": "MainMission4040242_",
      "GroupGUID": "d227fbe6-c665-4b7f-96f8-6ae2e47f469f",
      "GroupPath": "Config/LevelOutput/Group/Groups_P20231_F20231001/LevelGroup_P20231_F20231001_G69.json"
    },
    {
      "ID": 70,
      "Name": "MainMission4040242_",
      "GroupGUID": "be2a9e21-a343-4cce-a120-c84e736344c8",
      "GroupPath": "Config/LevelOutput/Group/Groups_P20231_F20231001/LevelGroup_P20231_F20231001_G70.json"
    },
    {
      "ID": 71,
      "Name": "CrowdMember",
      "GroupGUID": "24375153-d79d-435e-a2a1-b4ed5fe2a7b5",
      "GroupPath": "Config/LevelOutput/Group/Groups_P20231_F20231001/LevelGroup_P20231_F20231001_G71.json"
    },
    {
      "ID": 72,
      "Name": "DefaultNPC",
      "GroupGUID": "3ffe29d6-4a3e-4e94-81da-82f9dce0005b",
      "GroupPath": "Config/LevelOutput/Group/Groups_P20231_F20231001/LevelGroup_P20231_F20231001_G72.json"
    },
    {
      "ID": 74,
      "Name": "MainMission1021201_20",
      "GroupGUID": "ef7b7fb9-029a-4b71-bd45-df31a8059ea0",
      "GroupPath": "Config/LevelOutput/Group/Groups_P20231_F20231001/LevelGroup_P20231_F20231001_G74.json"
    },
    {
      "ID": 81,
      "Name": "MainMission2021601_01",
      "GroupGUID": "e60a737c-1a00-4d15-ae78-365f99f0f15b",
      "GroupPath": "Config/LevelOutput/Group/Groups_P20231_F20231001/LevelGroup_P20231_F20231001_G81.json"
    },
    {
      "ID": 82,
      "Name": "MainMission2021601_02",
      "GroupGUID": "f43f2356-241a-4b58-b6c3-83e9d9bc9701",
      "GroupPath": "Config/LevelOutput/Group/Groups_P20231_F20231001/LevelGroup_P20231_F20231001_G82.json"
    },
    {
      "ID": 87,
      "Name": "CompassPuzzle_OneShot",
      "GroupGUID": "d1d7284f-8685-4006-929f-69b9a85fd940",
      "GroupPath": "Config/LevelOutput/Group/Groups_P20231_F20231001/LevelGroup_P20231_F20231001_G87.json"
    },
    {
      "ID": 88,
      "Name": "CompassPuzzle_OneShot",
      "GroupGUID": "786bd6ba-f4fa-44d9-a4ad-a1f8fe836867",
      "GroupPath": "Config/LevelOutput/Group/Groups_P20231_F20231001/LevelGroup_P20231_F20231001_G88.json"
    },
    {
      "ID": 89,
      "Name": "MainMission2020202_",
      "GroupGUID": "89599d7d-01c7-488a-8638-e9eef3716ceb",
      "GroupPath": "Config/LevelOutput/Group/Groups_P20231_F20231001/LevelGroup_P20231_F20231001_G89.json"
    },
    {
      "ID": 90,
      "Name": "MainMission2020901_",
      "GroupGUID": "907ee7b0-14c7-4ccd-baaa-c670c6b51c2d",
      "GroupPath": "Config/LevelOutput/Group/Groups_P20231_F20231001/LevelGroup_P20231_F20231001_G90.json"
    },
    {
      "ID": 92,
      "Name": "PropDialogue",
      "GroupGUID": "cf615110-a514-4594-903f-9b8f95c1c919",
      "GroupPath": "Config/LevelOutput/Group/Groups_P20231_F20231001/LevelGroup_P20231_F20231001_G92.json"
    },
    {
      "ID": 94,
      "Name": "KuaidiXiang1",
      "GroupGUID": "d5068e3c-7876-4b92-b1ba-72f27aa864c0",
      "GroupPath": "Config/LevelOutput/Group/Groups_P20231_F20231001/LevelGroup_P20231_F20231001_G94.json"
    },
    {
      "ID": 95,
      "Name": "KuaidiXiang2",
      "GroupGUID": "4dcd9546-57f4-407e-a4e7-6df4fb33cdcf",
      "GroupPath": "Config/LevelOutput/Group/Groups_P20231_F20231001/LevelGroup_P20231_F20231001_G95.json"
    },
    {
      "ID": 96,
      "Name": "KuaidiXiang3",
      "GroupGUID": "262d9072-6887-4cf4-9ce9-450d84057871",
      "GroupPath": "Config/LevelOutput/Group/Groups_P20231_F20231001/LevelGroup_P20231_F20231001_G96.json"
    },
    {
      "ID": 97,
      "Name": "Kuaidixiang4",
      "GroupGUID": "0a62085f-4157-49c4-b5f2-94a3956b6eaa",
      "GroupPath": "Config/LevelOutput/Group/Groups_P20231_F20231001/LevelGroup_P20231_F20231001_G97.json"
    },
    {
      "ID": 128,
      "Name": "KuaidiXiangGuangdian1",
      "GroupGUID": "22da0f0c-e1c3-423a-9034-4146fdfe4200",
      "GroupPath": "Config/LevelOutput/Group/Groups_P20231_F20231001/LevelGroup_P20231_F20231001_G128.json"
    },
    {
      "ID": 129,
      "Name": "KuaidiXiangGuangdian2",
      "GroupGUID": "02f53ad1-dc9b-4ba9-a9fa-5ec8fd82d005",
      "GroupPath": "Config/LevelOutput/Group/Groups_P20231_F20231001/LevelGroup_P20231_F20231001_G129.json"
    },
    {
      "ID": 130,
      "Name": "KuaidiXiangGuangdian3",
      "GroupGUID": "10401447-cd44-4887-b574-91118cd56ccb",
      "GroupPath": "Config/LevelOutput/Group/Groups_P20231_F20231001/LevelGroup_P20231_F20231001_G130.json"
    },
    {
      "ID": 131,
      "Name": "KuaidiXiangGuangdian4",
      "GroupGUID": "e7bb4b2b-fa0a-49f0-9ff9-e02cee253de4",
      "GroupPath": "Config/LevelOutput/Group/Groups_P20231_F20231001/LevelGroup_P20231_F20231001_G131.json"
    },
    {
      "ID": 104,
      "Name": "New Group",
      "GroupGUID": "e6bf58b6-8ca0-4472-820f-614efc82fbfd",
      "GroupPath": "Config/LevelOutput/Group/Groups_P20231_F20231001/LevelGroup_P20231_F20231001_G104.json"
    },
    {
      "ID": 106,
      "Name": "LogisticsRobot",
      "GroupGUID": "0af7d394-8ab1-4d55-b581-53a8a24a16a0",
      "GroupPath": "Config/LevelOutput/Group/Groups_P20231_F20231001/LevelGroup_P20231_F20231001_G106.json"
    },
    {
      "ID": 107,
      "Name": "LogisticsRobot",
      "GroupGUID": "33d16563-412b-480e-81c9-cc8dc2dff530",
      "GroupPath": "Config/LevelOutput/Group/Groups_P20231_F20231001/LevelGroup_P20231_F20231001_G107.json"
    },
    {
      "ID": 109,
      "Name": "MainMission1021201_all",
      "GroupGUID": "d3408d5c-3d9c-4f17-9e94-679802cf50f8",
      "GroupPath": "Config/LevelOutput/Group/Groups_P20231_F20231001/LevelGroup_P20231_F20231001_G109.json"
    },
    {
      "ID": 110,
      "IsDelete": true,
      "Name": "MainMission8002211_",
      "GroupGUID": "a5ff9398-b7d5-4b0f-b695-3750df4e1d5d",
      "GroupPath": "Config/LevelOutput/Group/Groups_P20231_F20231001/LevelGroup_P20231_F20231001_G110.json"
    },
    {
      "ID": 111,
      "IsDelete": true,
      "Name": "MainMission8002211_",
      "GroupGUID": "00e613d6-a2d5-4357-b363-9a0c13b6982e",
      "GroupPath": "Config/LevelOutput/Group/Groups_P20231_F20231001/LevelGroup_P20231_F20231001_G111.json"
    },
    {
      "ID": 114,
      "Name": "MainMission4122102_",
      "GroupGUID": "34cce586-36a9-4631-ad40-4d35077528e1",
      "GroupPath": "Config/LevelOutput/Group/Groups_P20231_F20231001/LevelGroup_P20231_F20231001_G114.json"
    },
    {
      "ID": 35,
      "Name": "MainMission2020601_1",
      "GroupGUID": "ced21e4c-f2dd-43e9-bf50-6ffbe7e54cad",
      "GroupPath": "Config/LevelOutput/Group/Groups_P20231_F20231001/LevelGroup_P20231_F20231001_G35.json"
    },
    {
      "ID": 36,
      "Name": "MainMission2020601_2",
      "GroupGUID": "d474bd3f-83e9-4051-a616-f70c59fa138e",
      "GroupPath": "Config/LevelOutput/Group/Groups_P20231_F20231001/LevelGroup_P20231_F20231001_G36.json"
    },
    {
      "ID": 73,
      "Name": "DefaultNPC1",
      "GroupGUID": "4f35fbf1-f36b-4fe1-a001-0133bd6a690b",
      "GroupPath": "Config/LevelOutput/Group/Groups_P20231_F20231001/LevelGroup_P20231_F20231001_G73.json"
    },
    {
      "ID": 75,
      "Name": "DefaultNPC2",
      "GroupGUID": "73cd02de-d4ef-4bd3-93d6-0c6a381499ed",
      "GroupPath": "Config/LevelOutput/Group/Groups_P20231_F20231001/LevelGroup_P20231_F20231001_G75.json"
    },
    {
      "ID": 76,
      "Name": "DefaultNPC3",
      "GroupGUID": "41cf1d04-faa1-4bcc-be2f-df2a566430bd",
      "GroupPath": "Config/LevelOutput/Group/Groups_P20231_F20231001/LevelGroup_P20231_F20231001_G76.json"
    },
    {
      "ID": 77,
      "Name": "DefaultNPC4",
      "GroupGUID": "568223e2-55cb-4e06-a320-dc9bb56ef574",
      "GroupPath": "Config/LevelOutput/Group/Groups_P20231_F20231001/LevelGroup_P20231_F20231001_G77.json"
    },
    {
      "ID": 78,
      "Name": "DefaultNPC5",
      "GroupGUID": "27abc46e-5d56-441d-b2d0-088d0e398b49",
      "GroupPath": "Config/LevelOutput/Group/Groups_P20231_F20231001/LevelGroup_P20231_F20231001_G78.json"
    },
    {
      "ID": 79,
      "Name": "DefaultNPC6",
      "GroupGUID": "1d5669d2-00b6-4dd4-bba0-930c654693df",
      "GroupPath": "Config/LevelOutput/Group/Groups_P20231_F20231001/LevelGroup_P20231_F20231001_G79.json"
    },
    {
      "ID": 115,
      "Name": "CrowdDialogue2",
      "GroupGUID": "f5f405f2-44d6-4d18-89fa-3d8b465525cf",
      "GroupPath": "Config/LevelOutput/Group/Groups_P20231_F20231001/LevelGroup_P20231_F20231001_G115.json"
    },
    {
      "ID": 116,
      "Name": "Book",
      "GroupGUID": "8daddd46-eee2-45ee-a31b-9e3339df5db0",
      "GroupPath": "Config/LevelOutput/Group/Groups_P20231_F20231001/LevelGroup_P20231_F20231001_G116.json"
    },
    {
      "ID": 118,
      "Name": "fog_sound",
      "GroupGUID": "3b2d9966-56c2-4944-bca1-24cdb72e30f9",
      "GroupPath": "Config/LevelOutput/Group/Groups_P20231_F20231001/LevelGroup_P20231_F20231001_G118.json"
    },
    {
      "ID": 119,
      "Name": "MainMission4122102_",
      "GroupGUID": "2c1542b8-069e-4fec-8ab3-4d3969054d30",
      "GroupPath": "Config/LevelOutput/Group/Groups_P20231_F20231001/LevelGroup_P20231_F20231001_G119.json"
    },
    {
      "ID": 120,
      "Name": "MainMission4122102_",
      "GroupGUID": "6bff2f36-8dd8-475f-80ab-a35c9882ac43",
      "GroupPath": "Config/LevelOutput/Group/Groups_P20231_F20231001/LevelGroup_P20231_F20231001_G120.json"
    },
    {
      "ID": 121,
      "Name": "MainMission1021201_19",
      "GroupGUID": "9c7b7289-d704-426a-a6a3-73d934d5525d",
      "GroupPath": "Config/LevelOutput/Group/Groups_P20231_F20231001/LevelGroup_P20231_F20231001_G121.json"
    },
    {
      "ID": 123,
      "Name": "MainMission8002211_",
      "GroupGUID": "2ae34c32-c135-4cf0-87fa-1f747152a9b6",
      "GroupPath": "Config/LevelOutput/Group/Groups_P20231_F20231001/LevelGroup_P20231_F20231001_G123.json"
    },
    {
      "ID": 124,
      "Name": "MainMission8002211_",
      "GroupGUID": "a8a5c661-82a0-4969-921c-5302d04942f6",
      "GroupPath": "Config/LevelOutput/Group/Groups_P20231_F20231001/LevelGroup_P20231_F20231001_G124.json"
    },
    {
      "ID": 125,
      "Name": "MainMission8002211_",
      "GroupGUID": "9b839290-9cbd-42af-b619-6b77113d4009",
      "GroupPath": "Config/LevelOutput/Group/Groups_P20231_F20231001/LevelGroup_P20231_F20231001_G125.json"
    },
    {
      "ID": 126,
      "Name": "MainMission8002211_",
      "GroupGUID": "88dbf27f-365a-4e94-a833-de3525b1c940",
      "GroupPath": "Config/LevelOutput/Group/Groups_P20231_F20231001/LevelGroup_P20231_F20231001_G126.json"
    },
    {
      "ID": 127,
      "Name": "MissionBlock",
      "GroupGUID": "aa07665f-e49d-4106-9774-311cc9549a74",
      "GroupPath": "Config/LevelOutput/Group/Groups_P20231_F20231001/LevelGroup_P20231_F20231001_G127.json"
    },
    {
      "ID": 133,
      "Name": "New Group",
      "GroupGUID": "0012f346-7db0-443e-aef8-cd21f0a7d168",
      "GroupPath": "Config/LevelOutput/Group/Groups_P20231_F20231001/LevelGroup_P20231_F20231001_G133.json"
    },
    {
      "ID": 134,
      "Name": "New Group",
      "GroupGUID": "8167b66f-3b11-4b03-b5f4-81d9424fc6e5",
      "GroupPath": "Config/LevelOutput/Group/Groups_P20231_F20231001/LevelGroup_P20231_F20231001_G134.json"
    },
    {
      "ID": 135,
      "Name": "Book",
      "GroupGUID": "2cd5259a-79a3-41de-b129-74e0c1cf2ebe",
      "GroupPath": "Config/LevelOutput/Group/Groups_P20231_F20231001/LevelGroup_P20231_F20231001_G135.json"
    },
    {
      "ID": 136,
      "Name": "MainMission8002211_",
      "GroupGUID": "79f21f7c-6d19-4c20-bad5-1c16f896ae56",
      "GroupPath": "Config/LevelOutput/Group/Groups_P20231_F20231001/LevelGroup_P20231_F20231001_G136.json"
    },
    {
      "ID": 137,
      "Name": "Book2",
      "GroupGUID": "c7028cf2-0092-497a-a967-941fcfc0296c",
      "GroupPath": "Config/LevelOutput/Group/Groups_P20231_F20231001/LevelGroup_P20231_F20231001_G137.json"
    },
    {
      "ID": 138,
      "Name": "Book3",
      "GroupGUID": "237111d1-cf76-4048-8f72-ffdd30bbdf67",
      "GroupPath": "Config/LevelOutput/Group/Groups_P20231_F20231001/LevelGroup_P20231_F20231001_G138.json"
    },
    {
      "ID": 141,
      "Name": "MainMission8015103_Mission",
      "GroupGUID": "e04382b3-01ff-473c-ae99-65442c3c9819",
      "GroupPath": "Config/LevelOutput/Group/Groups_P20231_F20231001/LevelGroup_P20231_F20231001_G141.json"
    },
    {
      "ID": 142,
      "Name": "MainMission8015103_YanqingSword",
      "GroupGUID": "4805f4ad-c125-4802-abc6-518eb6c4e1a1",
      "GroupPath": "Config/LevelOutput/Group/Groups_P20231_F20231001/LevelGroup_P20231_F20231001_G142.json"
    },
    {
      "ID": 143,
      "Name": "MainMission8015103_DeadBody1",
      "GroupGUID": "12e7d740-4426-405e-bd23-86014353f166",
      "GroupPath": "Config/LevelOutput/Group/Groups_P20231_F20231001/LevelGroup_P20231_F20231001_G143.json"
    },
    {
      "ID": 144,
      "Name": "MainMission8015103_DeadBody2",
      "GroupGUID": "6d68cf52-2b58-4452-8f45-eee9b6dcb8ed",
      "GroupPath": "Config/LevelOutput/Group/Groups_P20231_F20231001/LevelGroup_P20231_F20231001_G144.json"
    },
    {
      "ID": 146,
      "Name": "MainMission2020603",
      "GroupGUID": "4fb0f57f-8ec2-443a-abe5-46877cfeafb1",
      "GroupPath": "Config/LevelOutput/Group/Groups_P20231_F20231001/LevelGroup_P20231_F20231001_G146.json"
    },
    {
      "ID": 147,
      "Name": "MainMission4040249_",
      "GroupGUID": "14d24c7b-14d1-4cf9-b2da-ba43b635161e",
      "GroupPath": "Config/LevelOutput/Group/Groups_P20231_F20231001/LevelGroup_P20231_F20231001_G147.json"
    },
    {
      "ID": 148,
      "Name": "MainMission2020601_3",
      "GroupGUID": "b1175f18-087e-442b-8e78-e49f1d568f46",
      "GroupPath": "Config/LevelOutput/Group/Groups_P20231_F20231001/LevelGroup_P20231_F20231001_G148.json"
    },
    {
      "ID": 149,
      "Name": "MainMission4040249_",
      "GroupGUID": "a2a5c24d-6785-4bec-acbe-f87317d4b5d8",
      "GroupPath": "Config/LevelOutput/Group/Groups_P20231_F20231001/LevelGroup_P20231_F20231001_G149.json"
    },
    {
      "ID": 150,
      "Name": "MainMission4040249_",
      "GroupGUID": "59e8e229-9057-42e2-bb51-c28db8a64a8a",
      "GroupPath": "Config/LevelOutput/Group/Groups_P20231_F20231001/LevelGroup_P20231_F20231001_G150.json"
    },
    {
      "ID": 151,
      "Name": "MainMission4040250_",
      "GroupGUID": "202162b5-270a-45f6-b0fd-aebe7120862b",
      "GroupPath": "Config/LevelOutput/Group/Groups_P20231_F20231001/LevelGroup_P20231_F20231001_G151.json"
    },
    {
      "ID": 152,
      "Name": "MainMission4040252_",
      "GroupGUID": "e98d6339-40df-471f-bbe8-a80feeb095f6",
      "GroupPath": "Config/LevelOutput/Group/Groups_P20231_F20231001/LevelGroup_P20231_F20231001_G152.json"
    },
    {
      "ID": 153,
      "Name": "Bailu",
      "GroupGUID": "ba2d40dc-4852-41db-a30b-850c2117bccb",
      "GroupPath": "Config/LevelOutput/Group/Groups_P20231_F20231001/LevelGroup_P20231_F20231001_G153.json"
    },
    {
      "ID": 154,
      "Name": "Book3",
      "GroupGUID": "f9767c7d-045c-4021-85fe-d5f1487a5768",
      "GroupPath": "Config/LevelOutput/Group/Groups_P20231_F20231001/LevelGroup_P20231_F20231001_G154.json"
    },
    {
      "ID": 155,
      "Name": "MainMission8015157_xiongzhai",
      "GroupGUID": "ee8d1af4-40b9-40ac-898c-8fd8c932ae08",
      "GroupPath": "Config/LevelOutput/Group/Groups_P20231_F20231001/LevelGroup_P20231_F20231001_G155.json"
    },
    {
      "ID": 156,
      "Name": "MainMission8015157_xiongzhai",
      "GroupGUID": "6c37d8a2-0d43-4a28-9617-328fe9a98029",
      "GroupPath": "Config/LevelOutput/Group/Groups_P20231_F20231001/LevelGroup_P20231_F20231001_G156.json"
    },
    {
      "ID": 157,
      "Name": "Book4",
      "GroupGUID": "50fd1c0c-de14-461b-b901-04997293ede5",
      "GroupPath": "Config/LevelOutput/Group/Groups_P20231_F20231001/LevelGroup_P20231_F20231001_G157.json"
    }
  ]
}