{
  "FloorID": 20232001,
  "FloorName": "FloorName_20232001",
  "StartGroupID": 1,
  "StartAnchorID": 1,
  "GroupList": [
    {
      "ID": 1,
      "Name": "Default",
      "GroupGUID": "2633475f-5508-49f8-8e0c-c27f5fa9c404",
      "GroupPath": "Config/LevelOutput/Group/Groups_P20232_F20232001/LevelGroup_P20232_F20232001_G1.json"
    },
    {
      "ID": 47,
      "Name": "Default_Chest",
      "GroupGUID": "2f62919d-5cd9-4ef4-825d-6da4427fa163",
      "GroupPath": "Config/LevelOutput/Group/Groups_P20232_F20232001/LevelGroup_P20232_F20232001_G47.json"
    },
    {
      "ID": 120,
      "Name": "Default_Chest2",
      "GroupGUID": "e84eb718-9b60-4536-94a8-e7bac8a2d03b",
      "GroupPath": "Config/LevelOutput/Group/Groups_P20232_F20232001/LevelGroup_P20232_F20232001_G120.json"
    },
    {
      "ID": 52,
      "Name": "MainMission1021501_MainMissionMonsters",
      "GroupGUID": "88d4f6f2-23f2-44d3-8671-f90f2ca965f1",
      "GroupPath": "Config/LevelOutput/Group/Groups_P20232_F20232001/LevelGroup_P20232_F20232001_G52.json"
    },
    {
      "ID": 53,
      "Name": "DefaultMonster",
      "GroupGUID": "aec0d7d7-a7e0-47d5-a975-9ce26649728b",
      "GroupPath": "Config/LevelOutput/Group/Groups_P20232_F20232001/LevelGroup_P20232_F20232001_G53.json"
    },
    {
      "ID": 49,
      "Name": "Monster_ChestMonster",
      "GroupGUID": "9b2e3d57-7164-47a4-a61b-26b653858857",
      "GroupPath": "Config/LevelOutput/Group/Groups_P20232_F20232001/LevelGroup_P20232_F20232001_G49.json"
    },
    {
      "ID": 50,
      "Name": "MainMission1021501_Distructable",
      "GroupGUID": "cbc22d5c-1317-4183-a863-16ca1816c519",
      "GroupPath": "Config/LevelOutput/Group/Groups_P20232_F20232001/LevelGroup_P20232_F20232001_G50.json"
    },
    {
      "ID": 51,
      "Name": "DistructableDefault",
      "GroupGUID": "3ceee89b-279d-421d-895c-088e5f2f264f",
      "GroupPath": "Config/LevelOutput/Group/Groups_P20232_F20232001/LevelGroup_P20232_F20232001_G51.json"
    },
    {
      "ID": 121,
      "Name": "DistructableDefault2",
      "GroupGUID": "2853806d-714c-46ef-bc97-c4758285acea",
      "GroupPath": "Config/LevelOutput/Group/Groups_P20232_F20232001/LevelGroup_P20232_F20232001_G121.json"
    },
    {
      "ID": 45,
      "Name": "Default_ChallengeChest",
      "GroupGUID": "8f9f9229-d6c3-440a-8418-511ea4469323",
      "GroupPath": "Config/LevelOutput/Group/Groups_P20232_F20232001/LevelGroup_P20232_F20232001_G45.json"
    },
    {
      "ID": 46,
      "Name": "Default_ChallengeChest",
      "GroupGUID": "5f33ab52-221d-4584-bad2-e500c395085a",
      "GroupPath": "Config/LevelOutput/Group/Groups_P20232_F20232001/LevelGroup_P20232_F20232001_G46.json"
    },
    {
      "ID": 81,
      "Name": "BATProp",
      "GroupGUID": "3c3feba2-4818-467e-a8ee-7ad1e99ca39f",
      "GroupPath": "Config/LevelOutput/Group/Groups_P20232_F20232001/LevelGroup_P20232_F20232001_G81.json"
    },
    {
      "ID": 99,
      "Name": "FarmElement",
      "GroupGUID": "2ec6ee03-7319-4dae-a8a6-5184427ac629",
      "GroupPath": "Config/LevelOutput/Group/Groups_P20232_F20232001/LevelGroup_P20232_F20232001_G99.json"
    },
    {
      "ID": 57,
      "Name": "WeeklyRaid",
      "GroupGUID": "3848d940-fd5a-4629-aae4-e3b7c132aef9",
      "GroupPath": "Config/LevelOutput/Group/Groups_P20232_F20232001/LevelGroup_P20232_F20232001_G57.json"
    },
    {
      "ID": 44,
      "Name": "Default_ChallengeChest",
      "GroupGUID": "f6dcd81d-77a6-4a73-901d-aba6871aab38",
      "GroupPath": "Config/LevelOutput/Group/Groups_P20232_F20232001/LevelGroup_P20232_F20232001_G44.json"
    },
    {
      "ID": 16,
      "IsDelete": true,
      "Name": "MainMission",
      "GroupGUID": "6b57c49f-4a94-4975-a6c4-679ff1d7115c",
      "GroupPath": "Config/LevelOutput/Group/Groups_P20232_F20232001/LevelGroup_P20232_F20232001_G16.json"
    },
    {
      "ID": 17,
      "IsDelete": true,
      "Name": "MainMission",
      "GroupGUID": "7bb7d6ad-1ed2-4f5d-aadb-ebdf8ace52ed",
      "GroupPath": "Config/LevelOutput/Group/Groups_P20232_F20232001/LevelGroup_P20232_F20232001_G17.json"
    },
    {
      "ID": 18,
      "IsDelete": true,
      "Name": "MainMission",
      "GroupGUID": "8c1b4e41-cd5e-42fb-a280-360c8d56a4d4",
      "GroupPath": "Config/LevelOutput/Group/Groups_P20232_F20232001/LevelGroup_P20232_F20232001_G18.json"
    },
    {
      "ID": 19,
      "IsDelete": true,
      "Name": "MainMission",
      "GroupGUID": "dfa55c70-fa10-4253-b41a-2dd8a689335d",
      "GroupPath": "Config/LevelOutput/Group/Groups_P20232_F20232001/LevelGroup_P20232_F20232001_G19.json"
    },
    {
      "ID": 20,
      "Name": "MainMission",
      "GroupGUID": "0b0b9945-8ff8-4613-b788-44ecb0002e7a",
      "GroupPath": "Config/LevelOutput/Group/Groups_P20232_F20232001/LevelGroup_P20232_F20232001_G20.json"
    },
    {
      "ID": 21,
      "Name": "MainMission1021501_sy1",
      "GroupGUID": "d77e7442-bc4f-4f49-9ca0-de1a94e6201c",
      "GroupPath": "Config/LevelOutput/Group/Groups_P20232_F20232001/LevelGroup_P20232_F20232001_G21.json"
    },
    {
      "ID": 22,
      "Name": "MainMission1021501_sy2",
      "GroupGUID": "a0bab921-79bf-41d7-aa33-1f3c49e5d870",
      "GroupPath": "Config/LevelOutput/Group/Groups_P20232_F20232001/LevelGroup_P20232_F20232001_G22.json"
    },
    {
      "ID": 23,
      "Name": "MainMission1021501_sy3",
      "GroupGUID": "4ae3a4f8-40fe-4e8d-9c96-c42045f11b69",
      "GroupPath": "Config/LevelOutput/Group/Groups_P20232_F20232001/LevelGroup_P20232_F20232001_G23.json"
    },
    {
      "ID": 24,
      "Name": "MainMission1021501_sy4",
      "GroupGUID": "6bf37c16-37e0-47eb-9596-eea2963e3d60",
      "GroupPath": "Config/LevelOutput/Group/Groups_P20232_F20232001/LevelGroup_P20232_F20232001_G24.json"
    },
    {
      "ID": 25,
      "IsDelete": true,
      "Name": "MainMission",
      "GroupGUID": "4e73da24-69f1-4e32-a7ba-b0cb94055f57",
      "GroupPath": "Config/LevelOutput/Group/Groups_P20232_F20232001/LevelGroup_P20232_F20232001_G25.json"
    },
    {
      "ID": 26,
      "IsDelete": true,
      "Name": "MainMission",
      "GroupGUID": "8fa2666c-babc-401c-b407-eecf591b0b0a",
      "GroupPath": "Config/LevelOutput/Group/Groups_P20232_F20232001/LevelGroup_P20232_F20232001_G26.json"
    },
    {
      "ID": 27,
      "IsDelete": true,
      "Name": "MainMission",
      "GroupGUID": "add663cb-42e6-4378-9c8a-53b14fe667ee",
      "GroupPath": "Config/LevelOutput/Group/Groups_P20232_F20232001/LevelGroup_P20232_F20232001_G27.json"
    },
    {
      "ID": 28,
      "IsDelete": true,
      "Name": "MainMission",
      "GroupGUID": "9c687494-fb86-4120-94eb-b7a7b38256c0",
      "GroupPath": "Config/LevelOutput/Group/Groups_P20232_F20232001/LevelGroup_P20232_F20232001_G28.json"
    },
    {
      "ID": 30,
      "Name": "MainMission1021501_0",
      "GroupGUID": "44e13f99-ba91-4837-82bf-b7be57fb2d19",
      "GroupPath": "Config/LevelOutput/Group/Groups_P20232_F20232001/LevelGroup_P20232_F20232001_G30.json"
    },
    {
      "ID": 31,
      "Name": "MainMission",
      "GroupGUID": "f8d84a51-bbd6-4831-b8a7-77e436758eb0",
      "GroupPath": "Config/LevelOutput/Group/Groups_P20232_F20232001/LevelGroup_P20232_F20232001_G31.json"
    },
    {
      "ID": 32,
      "Name": "MainMission",
      "GroupGUID": "cdb607e2-b743-4312-9aa3-c69aec420698",
      "GroupPath": "Config/LevelOutput/Group/Groups_P20232_F20232001/LevelGroup_P20232_F20232001_G32.json"
    },
    {
      "ID": 33,
      "Name": "MainMission",
      "GroupGUID": "0338fc77-1743-49b9-b704-8843e6d70d61",
      "GroupPath": "Config/LevelOutput/Group/Groups_P20232_F20232001/LevelGroup_P20232_F20232001_G33.json"
    },
    {
      "ID": 34,
      "Name": "Sequence_Controller01",
      "GroupGUID": "f631305f-4c6e-4ef5-893e-bd2e604feec4",
      "GroupPath": "Config/LevelOutput/Group/Groups_P20232_F20232001/LevelGroup_P20232_F20232001_G34.json"
    },
    {
      "ID": 35,
      "Name": "Sequence_Controller02",
      "GroupGUID": "d1e2d578-3aa8-45af-9840-e84d948100ee",
      "GroupPath": "Config/LevelOutput/Group/Groups_P20232_F20232001/LevelGroup_P20232_F20232001_G35.json"
    },
    {
      "ID": 36,
      "Name": "Sequence_Controller03",
      "GroupGUID": "12e4ba87-a88b-4588-9f1a-208e5639915a",
      "GroupPath": "Config/LevelOutput/Group/Groups_P20232_F20232001/LevelGroup_P20232_F20232001_G36.json"
    },
    {
      "ID": 54,
      "Name": "Sequence_Light01",
      "GroupGUID": "c465eb4c-7f92-4c3d-bed7-709e0fc1b4ff",
      "GroupPath": "Config/LevelOutput/Group/Groups_P20232_F20232001/LevelGroup_P20232_F20232001_G54.json"
    },
    {
      "ID": 55,
      "Name": "Sequence_Light02",
      "GroupGUID": "5747f899-317a-4870-ac01-b31f86f6ad72",
      "GroupPath": "Config/LevelOutput/Group/Groups_P20232_F20232001/LevelGroup_P20232_F20232001_G55.json"
    },
    {
      "ID": 56,
      "Name": "Sequence_Light03",
      "GroupGUID": "f58c4e59-ff3b-49d5-9ef8-b3044300d0e2",
      "GroupPath": "Config/LevelOutput/Group/Groups_P20232_F20232001/LevelGroup_P20232_F20232001_G56.json"
    },
    {
      "ID": 58,
      "Name": "BrokenBridge",
      "GroupGUID": "b7303624-f984-4a48-9ef2-0153a181f246",
      "GroupPath": "Config/LevelOutput/Group/Groups_P20232_F20232001/LevelGroup_P20232_F20232001_G58.json"
    },
    {
      "ID": 59,
      "Name": "Sound",
      "GroupGUID": "f24c31cc-e910-4cf1-9f04-1fd0daaefaaa",
      "GroupPath": "Config/LevelOutput/Group/Groups_P20232_F20232001/LevelGroup_P20232_F20232001_G59.json"
    },
    {
      "ID": 61,
      "Name": "SeaBlock",
      "GroupGUID": "080ca761-8cb9-499a-888f-3e855b9471aa",
      "GroupPath": "Config/LevelOutput/Group/Groups_P20232_F20232001/LevelGroup_P20232_F20232001_G61.json"
    },
    {
      "ID": 62,
      "Name": "Nisha Group",
      "GroupGUID": "5f78af9c-2d99-45d0-b667-4d4be5dfad8b",
      "GroupPath": "Config/LevelOutput/Group/Groups_P20232_F20232001/LevelGroup_P20232_F20232001_G62.json"
    },
    {
      "ID": 63,
      "Name": "Gameplay_CallPuppy_ForSpecialVision",
      "GroupGUID": "a8c2c046-fad6-4faa-835e-a7a50777d14a",
      "GroupPath": "Config/LevelOutput/Group/Groups_P20232_F20232001/LevelGroup_P20232_F20232001_G63.json"
    },
    {
      "ID": 65,
      "Name": "MainMission2021601_01",
      "GroupGUID": "b082d326-187d-4208-8481-7cda70baf393",
      "GroupPath": "Config/LevelOutput/Group/Groups_P20232_F20232001/LevelGroup_P20232_F20232001_G65.json"
    },
    {
      "ID": 66,
      "Name": "MainMission2021601_02",
      "GroupGUID": "29e245df-c881-4fc9-b309-7306bc124f10",
      "GroupPath": "Config/LevelOutput/Group/Groups_P20232_F20232001/LevelGroup_P20232_F20232001_G66.json"
    },
    {
      "ID": 67,
      "Name": "MainMission2021601_03",
      "GroupGUID": "a3ab4a38-be83-496e-8a6f-ef402c7eb048",
      "GroupPath": "Config/LevelOutput/Group/Groups_P20232_F20232001/LevelGroup_P20232_F20232001_G67.json"
    },
    {
      "ID": 68,
      "Name": "MainMission1021501_RaidProp",
      "GroupGUID": "3038f66b-a8e1-476c-bf1d-1f7d709061e5",
      "GroupPath": "Config/LevelOutput/Group/Groups_P20232_F20232001/LevelGroup_P20232_F20232001_G68.json"
    },
    {
      "ID": 69,
      "Name": "MainMission2020202_",
      "GroupGUID": "f82325c4-4f51-4da4-a774-4bae6664a52e",
      "GroupPath": "Config/LevelOutput/Group/Groups_P20232_F20232001/LevelGroup_P20232_F20232001_G69.json"
    },
    {
      "ID": 70,
      "Name": "MainMission2020202_",
      "GroupGUID": "d50ebd65-3ae5-4864-bc39-3859749135c2",
      "GroupPath": "Config/LevelOutput/Group/Groups_P20232_F20232001/LevelGroup_P20232_F20232001_G70.json"
    },
    {
      "ID": 71,
      "IsDelete": true,
      "Name": "MainMission2021602_01",
      "GroupGUID": "0427985c-6b16-446e-bd56-75b1923f627a",
      "GroupPath": "Config/LevelOutput/Group/Groups_P20232_F20232001/LevelGroup_P20232_F20232001_G71.json"
    },
    {
      "ID": 72,
      "Name": "MainMission2020202_",
      "GroupGUID": "7213cf6d-d152-4864-853d-e703349d5f0e",
      "GroupPath": "Config/LevelOutput/Group/Groups_P20232_F20232001/LevelGroup_P20232_F20232001_G72.json"
    },
    {
      "ID": 73,
      "Name": "MainMission2020202_",
      "GroupGUID": "ece9a5b3-9692-48b4-97ce-13dce5873aac",
      "GroupPath": "Config/LevelOutput/Group/Groups_P20232_F20232001/LevelGroup_P20232_F20232001_G73.json"
    },
    {
      "ID": 74,
      "Name": "MainMission2020202_",
      "GroupGUID": "d39874bc-4c6f-4980-ab55-440ea50c52f6",
      "GroupPath": "Config/LevelOutput/Group/Groups_P20232_F20232001/LevelGroup_P20232_F20232001_G74.json"
    },
    {
      "ID": 75,
      "Name": "MainMission2020202_",
      "GroupGUID": "0aad9197-8030-4748-b132-9f75e7975f9d",
      "GroupPath": "Config/LevelOutput/Group/Groups_P20232_F20232001/LevelGroup_P20232_F20232001_G75.json"
    },
    {
      "ID": 77,
      "Name": "PropDialogue",
      "GroupGUID": "30d28aa9-ec11-4c00-89af-7c2b9fef993a",
      "GroupPath": "Config/LevelOutput/Group/Groups_P20232_F20232001/LevelGroup_P20232_F20232001_G77.json"
    },
    {
      "ID": 80,
      "Name": "MainMission1021501_bh",
      "GroupGUID": "aeae96e6-2374-4d81-93c7-630210e359da",
      "GroupPath": "Config/LevelOutput/Group/Groups_P20232_F20232001/LevelGroup_P20232_F20232001_G80.json"
    },
    {
      "ID": 82,
      "Name": "BrokenBridgeAirwall",
      "GroupGUID": "7d73da16-bc8f-422e-88e7-85afce1ca4db",
      "GroupPath": "Config/LevelOutput/Group/Groups_P20232_F20232001/LevelGroup_P20232_F20232001_G82.json"
    },
    {
      "ID": 83,
      "Name": "MainMission2020203_",
      "GroupGUID": "5e0ee452-028a-48f9-8917-ef02837b5391",
      "GroupPath": "Config/LevelOutput/Group/Groups_P20232_F20232001/LevelGroup_P20232_F20232001_G83.json"
    },
    {
      "ID": 84,
      "Name": "MainMission2020203_",
      "GroupGUID": "a0ac45d1-fd50-43ae-8b7d-3cb9c99cf10a",
      "GroupPath": "Config/LevelOutput/Group/Groups_P20232_F20232001/LevelGroup_P20232_F20232001_G84.json"
    },
    {
      "ID": 85,
      "Name": "MainMission8002221_",
      "GroupGUID": "9d3bd88e-e23f-4868-944b-0ca2eab6b510",
      "GroupPath": "Config/LevelOutput/Group/Groups_P20232_F20232001/LevelGroup_P20232_F20232001_G85.json"
    },
    {
      "ID": 86,
      "Name": "SideMission2020204",
      "GroupGUID": "15adf927-73c9-4d2f-8ee5-de65c84f6ccf",
      "GroupPath": "Config/LevelOutput/Group/Groups_P20232_F20232001/LevelGroup_P20232_F20232001_G86.json"
    },
    {
      "ID": 87,
      "Name": "SideMission2020204",
      "GroupGUID": "f5c05d74-7f34-4859-838e-24630e06271b",
      "GroupPath": "Config/LevelOutput/Group/Groups_P20232_F20232001/LevelGroup_P20232_F20232001_G87.json"
    },
    {
      "ID": 88,
      "Name": "MainMission8002231_",
      "GroupGUID": "0e12dcea-37ce-42c8-9c6c-7e8dafe04d6a",
      "GroupPath": "Config/LevelOutput/Group/Groups_P20232_F20232001/LevelGroup_P20232_F20232001_G88.json"
    },
    {
      "ID": 100,
      "Name": "Nisha Group",
      "GroupGUID": "a7dcfc71-8b4f-43ce-9b12-ce5c2df629e7",
      "GroupPath": "Config/LevelOutput/Group/Groups_P20232_F20232001/LevelGroup_P20232_F20232001_G100.json"
    },
    {
      "ID": 101,
      "Name": "Nisha Group",
      "GroupGUID": "b2e74001-9691-4e9b-a909-400fddeece15",
      "GroupPath": "Config/LevelOutput/Group/Groups_P20232_F20232001/LevelGroup_P20232_F20232001_G101.json"
    },
    {
      "ID": 102,
      "Name": "Nisha Group",
      "GroupGUID": "4aa916d8-339b-4a57-b3e0-3fc6166fe0b5",
      "GroupPath": "Config/LevelOutput/Group/Groups_P20232_F20232001/LevelGroup_P20232_F20232001_G102.json"
    },
    {
      "ID": 103,
      "Name": "Nisha Group",
      "GroupGUID": "848e6282-bf7a-4c81-aaaa-8780d6bd9b89",
      "GroupPath": "Config/LevelOutput/Group/Groups_P20232_F20232001/LevelGroup_P20232_F20232001_G103.json"
    },
    {
      "ID": 104,
      "Name": "Book",
      "GroupGUID": "6bcd0279-9e23-4070-9daf-232e8ff0f5fa",
      "GroupPath": "Config/LevelOutput/Group/Groups_P20232_F20232001/LevelGroup_P20232_F20232001_G104.json"
    },
    {
      "ID": 105,
      "Name": "EnviromentController",
      "GroupGUID": "4c76b80f-4d08-491a-8893-0ee5e10f28a7",
      "GroupPath": "Config/LevelOutput/Group/Groups_P20232_F20232001/LevelGroup_P20232_F20232001_G105.json"
    },
    {
      "ID": 106,
      "Name": "MainMission3020101_D1",
      "GroupGUID": "2f821ee8-8583-45a6-b563-53c06e11375f",
      "GroupPath": "Config/LevelOutput/Group/Groups_P20232_F20232001/LevelGroup_P20232_F20232001_G106.json"
    },
    {
      "ID": 107,
      "Name": "MainMission3020102_D2",
      "GroupGUID": "e31323cc-fd2a-4537-9ef6-94d65ac56462",
      "GroupPath": "Config/LevelOutput/Group/Groups_P20232_F20232001/LevelGroup_P20232_F20232001_G107.json"
    },
    {
      "ID": 109,
      "Name": "MainMission3020103_D3",
      "GroupGUID": "e093b577-e9ae-4adb-a0e1-d183b41acbab",
      "GroupPath": "Config/LevelOutput/Group/Groups_P20232_F20232001/LevelGroup_P20232_F20232001_G109.json"
    },
    {
      "ID": 110,
      "Name": "MainMission3020104_D4",
      "GroupGUID": "81bea367-67ce-4b81-869c-59c92c98c2aa",
      "GroupPath": "Config/LevelOutput/Group/Groups_P20232_F20232001/LevelGroup_P20232_F20232001_G110.json"
    },
    {
      "ID": 111,
      "Name": "MainMission3020105_L1",
      "GroupGUID": "8955bf86-bba5-4a47-9ddc-738a4331f87b",
      "GroupPath": "Config/LevelOutput/Group/Groups_P20232_F20232001/LevelGroup_P20232_F20232001_G111.json"
    },
    {
      "ID": 112,
      "Name": "MainMission3020106_L2",
      "GroupGUID": "e400686a-281a-4cb5-8c9a-b7b15d57cbdf",
      "GroupPath": "Config/LevelOutput/Group/Groups_P20232_F20232001/LevelGroup_P20232_F20232001_G112.json"
    },
    {
      "ID": 113,
      "Name": "MainMission3020107_L3",
      "GroupGUID": "d570ea5b-53fd-4cbd-b915-1a26cdb0e4ae",
      "GroupPath": "Config/LevelOutput/Group/Groups_P20232_F20232001/LevelGroup_P20232_F20232001_G113.json"
    },
    {
      "ID": 114,
      "Name": "MainMission3020108_L4",
      "GroupGUID": "1ff7ed3f-5b78-484b-8cc8-69b18c1a86d7",
      "GroupPath": "Config/LevelOutput/Group/Groups_P20232_F20232001/LevelGroup_P20232_F20232001_G114.json"
    },
    {
      "ID": 115,
      "Name": "Sequence_Light01_Fake",
      "GroupGUID": "c55d9494-b75c-480a-abdd-1d1086466a78",
      "GroupPath": "Config/LevelOutput/Group/Groups_P20232_F20232001/LevelGroup_P20232_F20232001_G115.json"
    },
    {
      "ID": 116,
      "Name": "Sequence_Light02_Fake",
      "GroupGUID": "515d016f-b015-474a-8bef-01c9b2a5067a",
      "GroupPath": "Config/LevelOutput/Group/Groups_P20232_F20232001/LevelGroup_P20232_F20232001_G116.json"
    },
    {
      "ID": 117,
      "Name": "Sequence_Light03_Fake",
      "GroupGUID": "b82b83a3-84dd-41e9-a410-a5b62e9d0021",
      "GroupPath": "Config/LevelOutput/Group/Groups_P20232_F20232001/LevelGroup_P20232_F20232001_G117.json"
    },
    {
      "ID": 118,
      "Name": "MainMission1021501_",
      "GroupGUID": "c00eb541-60a2-43cb-9347-438486ddbbc5",
      "GroupPath": "Config/LevelOutput/Group/Groups_P20232_F20232001/LevelGroup_P20232_F20232001_G118.json"
    },
    {
      "ID": 119,
      "Name": "DragonEffect_Off",
      "GroupGUID": "509a3430-2c4b-462f-b3c7-c78982e178ac",
      "GroupPath": "Config/LevelOutput/Group/Groups_P20232_F20232001/LevelGroup_P20232_F20232001_G119.json"
    },
    {
      "ID": 122,
      "Name": "MainMission8015163_801516312",
      "GroupGUID": "6fd6f235-b2b6-4b66-ae7e-81029cd40407",
      "GroupPath": "Config/LevelOutput/Group/Groups_P20232_F20232001/LevelGroup_P20232_F20232001_G122.json"
    },
    {
      "ID": 123,
      "Name": "MainMission8015163_801516313",
      "GroupGUID": "71d1359f-b877-46fc-baa3-5ac334af232c",
      "GroupPath": "Config/LevelOutput/Group/Groups_P20232_F20232001/LevelGroup_P20232_F20232001_G123.json"
    },
    {
      "ID": 124,
      "Name": "MainMission8015163_801516314",
      "GroupGUID": "90a8a4d2-20cc-41c4-96de-77d54b3a6250",
      "GroupPath": "Config/LevelOutput/Group/Groups_P20232_F20232001/LevelGroup_P20232_F20232001_G124.json"
    },
    {
      "ID": 125,
      "Name": "MainMission8015163_801516315",
      "GroupGUID": "dc23625a-58d1-4784-a506-82a9e919b794",
      "GroupPath": "Config/LevelOutput/Group/Groups_P20232_F20232001/LevelGroup_P20232_F20232001_G125.json"
    },
    {
      "ID": 126,
      "Name": "MainMission8015163_801516316",
      "GroupGUID": "c5683cb4-e27d-486b-b5f8-d92311ff5e5e",
      "GroupPath": "Config/LevelOutput/Group/Groups_P20232_F20232001/LevelGroup_P20232_F20232001_G126.json"
    },
    {
      "ID": 127,
      "Name": "MainMission8015163_801516317",
      "GroupGUID": "51d51720-cce0-4868-9be8-ad8330fcdb09",
      "GroupPath": "Config/LevelOutput/Group/Groups_P20232_F20232001/LevelGroup_P20232_F20232001_G127.json"
    }
  ]
}