{
  "FloorID": 20233001,
  "FloorName": "FloorName_20233001",
  "StartGroupID": 1,
  "StartAnchorID": 1,
  "GroupList": [
    {
      "ID": 1,
      "Name": "DefaultGroup",
      "GroupGUID": "4005af2c-4f7d-4e6b-aa58-f8803e29bdef",
      "GroupPath": "Config/LevelOutput/Group/Groups_P20233_F20233001/LevelGroup_P20233_F20233001_G1.json"
    },
    {
      "ID": 4,
      "Name": "MainX3-3",
      "GroupGUID": "68190431-b0b2-47b2-b246-bd029dd27c68",
      "GroupPath": "Config/LevelOutput/Group/Groups_P20233_F20233001/LevelGroup_P20233_F20233001_G4.json"
    },
    {
      "ID": 5,
      "Name": "MainMission1021702_AfterStory",
      "GroupGUID": "d7bc8bc1-337e-4b85-8225-89ee6080a69b",
      "GroupPath": "Config/LevelOutput/Group/Groups_P20233_F20233001/LevelGroup_P20233_F20233001_G5.json"
    },
    {
      "ID": 6,
      "Name": "BATProp",
      "GroupGUID": "f9a873ff-a0ca-47b6-b090-738a3380b464",
      "GroupPath": "Config/LevelOutput/Group/Groups_P20233_F20233001/LevelGroup_P20233_F20233001_G6.json"
    },
    {
      "ID": 7,
      "Name": "New Group",
      "GroupGUID": "9db4a856-2004-402f-b460-61af24950b12",
      "GroupPath": "Config/LevelOutput/Group/Groups_P20233_F20233001/LevelGroup_P20233_F20233001_G7.json"
    },
    {
      "ID": 10,
      "Name": "Sound",
      "GroupGUID": "a882bd17-9f36-4812-9c0b-315f1b200aa5",
      "GroupPath": "Config/LevelOutput/Group/Groups_P20233_F20233001/LevelGroup_P20233_F20233001_G10.json"
    }
  ]
}