{
  "FloorID": 20213002,
  "FloorName": "FloorName_20213002",
  "StartGroupID": 2,
  "StartAnchorID": 1,
  "GroupList": [
    {
      "ID": 2,
      "Name": "New Group",
      "GroupGUID": "84722d2e-5e24-4c3d-9fff-cb3542e5dbef",
      "GroupPath": "Config/LevelOutput/Group/Groups_P20213_F20213002/LevelGroup_P20213_F20213002_G2.json"
    },
    {
      "ID": 3,
      "Name": "MainMission_1020401",
      "GroupGUID": "8dae4f51-76c3-4952-acc8-b4b6755987dc",
      "GroupPath": "Config/LevelOutput/Group/Groups_P20213_F20213002/LevelGroup_P20213_F20213002_G3.json"
    },
    {
      "ID": 1,
      "Name": "Sound",
      "GroupGUID": "d124c702-51d2-4c2f-88bf-fb7d90e3e162",
      "GroupPath": "Config/LevelOutput/Group/Groups_P20213_F20213002/LevelGroup_P20213_F20213002_G1.json"
    },
    {
      "ID": 4,
      "Name": "BattleArea",
      "GroupGUID": "b2eabdc8-299b-4783-8968-43d4c83695b5",
      "GroupPath": "Config/LevelOutput/Group/Groups_P20213_F20213002/LevelGroup_P20213_F20213002_G4.json"
    }
  ]
}