{
  "FloorID": 20214001,
  "FloorName": "FloorName_20214001",
  "StartGroupID": 2,
  "StartAnchorID": 1,
  "GroupList": [
    {
      "ID": 2,
      "Name": "New Group",
      "GroupGUID": "c986d8e4-c706-49da-99fe-ef9604206f0e",
      "GroupPath": "Config/LevelOutput/Group/Groups_P20214_F20214001/LevelGroup_P20214_F20214001_G2.json"
    },
    {
      "ID": 3,
      "Name": "MainMission_1020401",
      "GroupGUID": "e8351c09-c454-44fc-9a0c-aa3ae185e8b7",
      "GroupPath": "Config/LevelOutput/Group/Groups_P20214_F20214001/LevelGroup_P20214_F20214001_G3.json"
    },
    {
      "ID": 4,
      "Name": "Sound",
      "GroupGUID": "5d01b8fb-8b92-44aa-866c-323e63fd4cf6",
      "GroupPath": "Config/LevelOutput/Group/Groups_P20214_F20214001/LevelGroup_P20214_F20214001_G4.json"
    },
    {
      "ID": 5,
      "Name": "BattleArea",
      "GroupGUID": "852a93ea-ad25-4879-99bb-243e2ae0b0c0",
      "GroupPath": "Config/LevelOutput/Group/Groups_P20214_F20214001/LevelGroup_P20214_F20214001_G5.json"
    }
  ]
}