{
  "FloorID": 20221001,
  "FloorName": "FloorName_20221001",
  "StartGroupID": 5,
  "StartAnchorID": 1,
  "GroupList": [
    {
      "ID": 5,
      "Name": "DefaultGroup",
      "GroupGUID": "ce91a9bc-229f-4681-b285-e1af5ffd27d0",
      "GroupPath": "Config/LevelOutput/Group/Groups_P20221_F20221001/LevelGroup_P20221_F20221001_G5.json"
    },
    {
      "ID": 102,
      "Name": "Exit",
      "GroupGUID": "b7a6f6f5-8b15-45de-8c8d-66ec508bbde3",
      "GroupPath": "Config/LevelOutput/Group/Groups_P20221_F20221001/LevelGroup_P20221_F20221001_G102.json"
    },
    {
      "ID": 113,
      "Name": "Exit_X2-2",
      "GroupGUID": "47c7274d-12ef-4c67-98eb-d48fd1554434",
      "GroupPath": "Config/LevelOutput/Group/Groups_P20221_F20221001/LevelGroup_P20221_F20221001_G113.json"
    },
    {
      "ID": 57,
      "Name": "DistructableDefault",
      "GroupGUID": "0c34ae0f-8181-4788-be5a-195e9e725490",
      "GroupPath": "Config/LevelOutput/Group/Groups_P20221_F20221001/LevelGroup_P20221_F20221001_G57.json"
    },
    {
      "ID": 67,
      "Name": "DestructibleItemHP",
      "GroupGUID": "8450d7e1-cfbc-44ee-aca0-b721b1df2428",
      "GroupPath": "Config/LevelOutput/Group/Groups_P20221_F20221001/LevelGroup_P20221_F20221001_G67.json"
    },
    {
      "ID": 6,
      "Name": "Door",
      "GroupGUID": "c10d8b31-0509-438f-aaca-daa8d60eb832",
      "GroupPath": "Config/LevelOutput/Group/Groups_P20221_F20221001/LevelGroup_P20221_F20221001_G6.json"
    },
    {
      "ID": 7,
      "Name": "Portal",
      "GroupGUID": "0e836973-4b25-4120-ae70-683d3043a4ed",
      "GroupPath": "Config/LevelOutput/Group/Groups_P20221_F20221001/LevelGroup_P20221_F20221001_G7.json"
    },
    {
      "ID": 33,
      "Name": "MainMissionMonster",
      "GroupGUID": "294774e6-cb8c-43c1-92de-2899552c9940",
      "GroupPath": "Config/LevelOutput/Group/Groups_P20221_F20221001/LevelGroup_P20221_F20221001_G33.json"
    },
    {
      "ID": 58,
      "Name": "DefaultMonsters",
      "GroupGUID": "6320e2fa-9f9b-44fe-91d6-48d2e4b239ee",
      "GroupPath": "Config/LevelOutput/Group/Groups_P20221_F20221001/LevelGroup_P20221_F20221001_G58.json"
    },
    {
      "ID": 8,
      "Name": "DefaultTreasure",
      "GroupGUID": "0f658fba-4297-4d7c-9c33-742b629c4d3f",
      "GroupPath": "Config/LevelOutput/Group/Groups_P20221_F20221001/LevelGroup_P20221_F20221001_G8.json"
    },
    {
      "ID": 160,
      "Name": "enviroProfile",
      "GroupGUID": "74f8571c-aa69-4b5e-b3e2-a13a3466d650",
      "GroupPath": "Config/LevelOutput/Group/Groups_P20221_F20221001/LevelGroup_P20221_F20221001_G160.json"
    },
    {
      "ID": 92,
      "Name": "DeployPuzzle_Area1",
      "GroupGUID": "853c3d42-7029-45db-a3a6-aaaf708c78c5",
      "GroupPath": "Config/LevelOutput/Group/Groups_P20221_F20221001/LevelGroup_P20221_F20221001_G92.json"
    },
    {
      "ID": 93,
      "Name": "DeployPuzzle_Area2",
      "GroupGUID": "e59fa067-d0ea-43d9-9d0e-6912e002ccca",
      "GroupPath": "Config/LevelOutput/Group/Groups_P20221_F20221001/LevelGroup_P20221_F20221001_G93.json"
    },
    {
      "ID": 94,
      "Name": "DeployPuzzle_Area3",
      "GroupGUID": "8b5707bc-ee94-4e79-a101-5f92d3c499a5",
      "GroupPath": "Config/LevelOutput/Group/Groups_P20221_F20221001/LevelGroup_P20221_F20221001_G94.json"
    },
    {
      "ID": 10,
      "Name": "DeployPuzzle_Main1",
      "GroupGUID": "d075b43b-e6fb-46a5-91bb-b2b58387c5f0",
      "GroupPath": "Config/LevelOutput/Group/Groups_P20221_F20221001/LevelGroup_P20221_F20221001_G10.json"
    },
    {
      "ID": 11,
      "Name": "DeployPuzzle_Main2",
      "GroupGUID": "f910bb28-2dca-480d-a920-0292d71db42f",
      "GroupPath": "Config/LevelOutput/Group/Groups_P20221_F20221001/LevelGroup_P20221_F20221001_G11.json"
    },
    {
      "ID": 12,
      "Name": "DeployPuzzle_Main3",
      "GroupGUID": "c28c14fb-cd90-428e-b3c5-6f87f6847fa2",
      "GroupPath": "Config/LevelOutput/Group/Groups_P20221_F20221001/LevelGroup_P20221_F20221001_G12.json"
    },
    {
      "ID": 96,
      "Name": "MainMission2020403_BUZHEN1",
      "GroupGUID": "5685e652-0099-48f8-8b8c-3d501e51a5c7",
      "GroupPath": "Config/LevelOutput/Group/Groups_P20221_F20221001/LevelGroup_P20221_F20221001_G96.json"
    },
    {
      "ID": 98,
      "Name": "MainMission2020403_BUZHEN2",
      "GroupGUID": "066729b0-8e0d-4c55-ac53-5ae6ea1edb37",
      "GroupPath": "Config/LevelOutput/Group/Groups_P20221_F20221001/LevelGroup_P20221_F20221001_G98.json"
    },
    {
      "ID": 99,
      "Name": "MainMission2020403_BUZHEN3",
      "GroupGUID": "c84ee294-f810-4fd2-b096-eb199b6e73c2",
      "GroupPath": "Config/LevelOutput/Group/Groups_P20221_F20221001/LevelGroup_P20221_F20221001_G99.json"
    },
    {
      "ID": 68,
      "Name": "Default_ChallengeChest",
      "GroupGUID": "c26c2831-4a61-4004-9a79-3951d52314eb",
      "GroupPath": "Config/LevelOutput/Group/Groups_P20221_F20221001/LevelGroup_P20221_F20221001_G68.json"
    },
    {
      "ID": 69,
      "Name": "Default_ChallengeChest",
      "GroupGUID": "d335357c-6b81-4349-a45c-aa94234d34a3",
      "GroupPath": "Config/LevelOutput/Group/Groups_P20221_F20221001/LevelGroup_P20221_F20221001_G69.json"
    },
    {
      "ID": 111,
      "Name": "Default_ChallengeChest",
      "GroupGUID": "4b57010f-4128-4a1b-997c-41430492e276",
      "GroupPath": "Config/LevelOutput/Group/Groups_P20221_F20221001/LevelGroup_P20221_F20221001_G111.json"
    },
    {
      "ID": 70,
      "Name": "Sound",
      "GroupGUID": "f73ceaf3-be44-4551-b373-7d4a2295974b",
      "GroupPath": "Config/LevelOutput/Group/Groups_P20221_F20221001/LevelGroup_P20221_F20221001_G70.json"
    },
    {
      "ID": 59,
      "Name": "Monster_ChestMonster",
      "GroupGUID": "f7821d3c-c3ed-41be-ae0c-3215a43d704e",
      "GroupPath": "Config/LevelOutput/Group/Groups_P20221_F20221001/LevelGroup_P20221_F20221001_G59.json"
    },
    {
      "ID": 15,
      "Name": "MainMIssion102080101",
      "GroupGUID": "c0a37464-ec2e-408b-ab9f-ff02844e6c96",
      "GroupPath": "Config/LevelOutput/Group/Groups_P20221_F20221001/LevelGroup_P20221_F20221001_G15.json"
    },
    {
      "ID": 16,
      "Name": "MainMission1020801_",
      "GroupGUID": "8bcf0a71-1192-4ef6-92df-2c20a066bd50",
      "GroupPath": "Config/LevelOutput/Group/Groups_P20221_F20221001/LevelGroup_P20221_F20221001_G16.json"
    },
    {
      "ID": 17,
      "Name": "MainMission1020801_",
      "GroupGUID": "54a6c244-4f69-43aa-bf8e-59bd07ebfcc9",
      "GroupPath": "Config/LevelOutput/Group/Groups_P20221_F20221001/LevelGroup_P20221_F20221001_G17.json"
    },
    {
      "ID": 18,
      "Name": "MainMIssion102080104",
      "GroupGUID": "ee1f30b1-c985-4750-9027-318c5d8be111",
      "GroupPath": "Config/LevelOutput/Group/Groups_P20221_F20221001/LevelGroup_P20221_F20221001_G18.json"
    },
    {
      "ID": 19,
      "Name": "MainMIssion102080105",
      "GroupGUID": "4123f623-e041-4a58-a280-5cf45044bcee",
      "GroupPath": "Config/LevelOutput/Group/Groups_P20221_F20221001/LevelGroup_P20221_F20221001_G19.json"
    },
    {
      "ID": 20,
      "Name": "MainMIssion102080106",
      "GroupGUID": "f39f9c94-35da-421d-89d6-040d88edf1e0",
      "GroupPath": "Config/LevelOutput/Group/Groups_P20221_F20221001/LevelGroup_P20221_F20221001_G20.json"
    },
    {
      "ID": 21,
      "Name": "MainMIssion102080107",
      "GroupGUID": "d59927e6-f1bc-4cef-87fc-2cbec24016b6",
      "GroupPath": "Config/LevelOutput/Group/Groups_P20221_F20221001/LevelGroup_P20221_F20221001_G21.json"
    },
    {
      "ID": 22,
      "Name": "MainMIssion102080107",
      "GroupGUID": "785c3e0c-9b51-4029-ba67-ffcc78b87a67",
      "GroupPath": "Config/LevelOutput/Group/Groups_P20221_F20221001/LevelGroup_P20221_F20221001_G22.json"
    },
    {
      "ID": 23,
      "Name": "MainMIssion102080108",
      "GroupGUID": "7e2554b0-9cb9-414d-9bce-c7a6722d35d7",
      "GroupPath": "Config/LevelOutput/Group/Groups_P20221_F20221001/LevelGroup_P20221_F20221001_G23.json"
    },
    {
      "ID": 24,
      "Name": "MainMIssion102080110",
      "GroupGUID": "1927b044-b30b-4ace-894c-d73dc3d23e60",
      "GroupPath": "Config/LevelOutput/Group/Groups_P20221_F20221001/LevelGroup_P20221_F20221001_G24.json"
    },
    {
      "ID": 25,
      "Name": "MainMIssion102080115",
      "GroupGUID": "b9fda2dd-75ec-4829-9b8b-e06f5ead5266",
      "GroupPath": "Config/LevelOutput/Group/Groups_P20221_F20221001/LevelGroup_P20221_F20221001_G25.json"
    },
    {
      "ID": 26,
      "Name": "MainMission102080117",
      "GroupGUID": "18313753-397f-4def-ac70-349f158f19a2",
      "GroupPath": "Config/LevelOutput/Group/Groups_P20221_F20221001/LevelGroup_P20221_F20221001_G26.json"
    },
    {
      "ID": 27,
      "Name": "MainMission102080109",
      "GroupGUID": "f2b0bbdd-11e6-4a22-8226-312aca89f7dc",
      "GroupPath": "Config/LevelOutput/Group/Groups_P20221_F20221001/LevelGroup_P20221_F20221001_G27.json"
    },
    {
      "ID": 28,
      "Name": "MainMission102080111",
      "GroupGUID": "0e6733d8-e7e4-45c0-aec4-ac70d10e0910",
      "GroupPath": "Config/LevelOutput/Group/Groups_P20221_F20221001/LevelGroup_P20221_F20221001_G28.json"
    },
    {
      "ID": 29,
      "Name": "MainMission102080112",
      "GroupGUID": "f3d8f9fc-7203-40e7-8d9f-8f63f363d32a",
      "GroupPath": "Config/LevelOutput/Group/Groups_P20221_F20221001/LevelGroup_P20221_F20221001_G29.json"
    },
    {
      "ID": 30,
      "Name": "MainMission1020801",
      "GroupGUID": "3870d5f7-18aa-4126-a679-707be67afe57",
      "GroupPath": "Config/LevelOutput/Group/Groups_P20221_F20221001/LevelGroup_P20221_F20221001_G30.json"
    },
    {
      "ID": 31,
      "Name": "MainMission102080121",
      "GroupGUID": "122340a1-5d82-4abc-b63e-19818ea2990f",
      "GroupPath": "Config/LevelOutput/Group/Groups_P20221_F20221001/LevelGroup_P20221_F20221001_G31.json"
    },
    {
      "ID": 32,
      "Name": "MainMission102080122",
      "GroupGUID": "b3b2001b-0705-4617-8211-d4d699d8dd1d",
      "GroupPath": "Config/LevelOutput/Group/Groups_P20221_F20221001/LevelGroup_P20221_F20221001_G32.json"
    },
    {
      "ID": 34,
      "Name": "MainMission102100102",
      "GroupGUID": "7e514ea2-ad52-41be-a3f0-38cdc6d52fd0",
      "GroupPath": "Config/LevelOutput/Group/Groups_P20221_F20221001/LevelGroup_P20221_F20221001_G34.json"
    },
    {
      "ID": 35,
      "Name": "MainMission1021001_",
      "GroupGUID": "b3075f41-8baf-4548-8784-012b44fad596",
      "GroupPath": "Config/LevelOutput/Group/Groups_P20221_F20221001/LevelGroup_P20221_F20221001_G35.json"
    },
    {
      "ID": 37,
      "Name": "MainMission1021001_",
      "GroupGUID": "49e7a900-c24a-4b6d-95de-9b10b9e801f3",
      "GroupPath": "Config/LevelOutput/Group/Groups_P20221_F20221001/LevelGroup_P20221_F20221001_G37.json"
    },
    {
      "ID": 38,
      "Name": "MainMission102100108",
      "GroupGUID": "2a7fc769-1d33-4ede-bec3-b8bb6590446d",
      "GroupPath": "Config/LevelOutput/Group/Groups_P20221_F20221001/LevelGroup_P20221_F20221001_G38.json"
    },
    {
      "ID": 39,
      "Name": "MainMission102100107",
      "GroupGUID": "916a9911-9985-4cbe-bc90-255eb7df558c",
      "GroupPath": "Config/LevelOutput/Group/Groups_P20221_F20221001/LevelGroup_P20221_F20221001_G39.json"
    },
    {
      "ID": 40,
      "Name": "MainMission102100106",
      "GroupGUID": "2c2036d9-1030-48fc-9723-0e94d2831f69",
      "GroupPath": "Config/LevelOutput/Group/Groups_P20221_F20221001/LevelGroup_P20221_F20221001_G40.json"
    },
    {
      "ID": 41,
      "Name": "MainMission102080122",
      "GroupGUID": "589bdf1c-fef8-4c00-9515-e30509ebc974",
      "GroupPath": "Config/LevelOutput/Group/Groups_P20221_F20221001/LevelGroup_P20221_F20221001_G41.json"
    },
    {
      "ID": 42,
      "Name": "MainMission1020801",
      "GroupGUID": "b4b30dca-d9e5-467c-9c32-4a4f93e097fe",
      "GroupPath": "Config/LevelOutput/Group/Groups_P20221_F20221001/LevelGroup_P20221_F20221001_G42.json"
    },
    {
      "ID": 43,
      "Name": "MainMission1020801_",
      "GroupGUID": "726b5339-f72f-49eb-bb3f-bd67113c51be",
      "GroupPath": "Config/LevelOutput/Group/Groups_P20221_F20221001/LevelGroup_P20221_F20221001_G43.json"
    },
    {
      "ID": 44,
      "Name": "MainMission1020801",
      "GroupGUID": "a09c1fdb-49fb-4f21-95f2-3c3fe750be4b",
      "GroupPath": "Config/LevelOutput/Group/Groups_P20221_F20221001/LevelGroup_P20221_F20221001_G44.json"
    },
    {
      "ID": 45,
      "Name": "MainMission102080124",
      "GroupGUID": "218d57e8-a977-43f6-b16f-fe7e74d49fd9",
      "GroupPath": "Config/LevelOutput/Group/Groups_P20221_F20221001/LevelGroup_P20221_F20221001_G45.json"
    },
    {
      "ID": 46,
      "Name": "MainMission102080125",
      "GroupGUID": "0ec5fd5f-035f-4c60-95a9-2f9307f82d04",
      "GroupPath": "Config/LevelOutput/Group/Groups_P20221_F20221001/LevelGroup_P20221_F20221001_G46.json"
    },
    {
      "ID": 47,
      "Name": "MainMission1020801",
      "GroupGUID": "b2d29f13-3a44-462f-9bf4-d907fe8313bf",
      "GroupPath": "Config/LevelOutput/Group/Groups_P20221_F20221001/LevelGroup_P20221_F20221001_G47.json"
    },
    {
      "ID": 48,
      "Name": "MainMission1021001_",
      "GroupGUID": "f46d39f4-fc84-48e2-80ac-ba6b82f767ac",
      "GroupPath": "Config/LevelOutput/Group/Groups_P20221_F20221001/LevelGroup_P20221_F20221001_G48.json"
    },
    {
      "ID": 49,
      "Name": "MainMission102100112",
      "GroupGUID": "9dfc5286-1f2f-4e2c-9bc4-ac50790722c4",
      "GroupPath": "Config/LevelOutput/Group/Groups_P20221_F20221001/LevelGroup_P20221_F20221001_G49.json"
    },
    {
      "ID": 50,
      "Name": "MainMission102100113",
      "GroupGUID": "43c13531-6bf8-4b34-a671-0b35c3c9c3b6",
      "GroupPath": "Config/LevelOutput/Group/Groups_P20221_F20221001/LevelGroup_P20221_F20221001_G50.json"
    },
    {
      "ID": 51,
      "Name": "MainMission1021001_",
      "GroupGUID": "d9df4b6b-1e66-434c-85ca-f8a1c8307796",
      "GroupPath": "Config/LevelOutput/Group/Groups_P20221_F20221001/LevelGroup_P20221_F20221001_G51.json"
    },
    {
      "ID": 52,
      "Name": "MainMission1021001_",
      "GroupGUID": "7c8b585a-5d36-4168-b80b-7cc6b03da4d9",
      "GroupPath": "Config/LevelOutput/Group/Groups_P20221_F20221001/LevelGroup_P20221_F20221001_G52.json"
    },
    {
      "ID": 53,
      "Name": "MainMission1021001",
      "GroupGUID": "71e9c55e-e9b9-4fa2-ad54-2ad73ad3fce3",
      "GroupPath": "Config/LevelOutput/Group/Groups_P20221_F20221001/LevelGroup_P20221_F20221001_G53.json"
    },
    {
      "ID": 54,
      "Name": "MainMIssion1021001",
      "GroupGUID": "65d265db-e65c-48d0-b9bf-4a520bb492ad",
      "GroupPath": "Config/LevelOutput/Group/Groups_P20221_F20221001/LevelGroup_P20221_F20221001_G54.json"
    },
    {
      "ID": 55,
      "Name": "MainMission",
      "GroupGUID": "f3be2e18-c7b3-4bb5-bb55-a095d873849a",
      "GroupPath": "Config/LevelOutput/Group/Groups_P20221_F20221001/LevelGroup_P20221_F20221001_G55.json"
    },
    {
      "ID": 2,
      "Name": "Portals",
      "GroupGUID": "328cc0eb-c7ca-406e-bd9b-2e5a7571897c",
      "GroupPath": "Config/LevelOutput/Group/Groups_P20221_F20221001/LevelGroup_P20221_F20221001_G2.json"
    },
    {
      "ID": 56,
      "Name": "AreaIdentifier",
      "GroupGUID": "5e991cc6-2f15-41e3-9437-8e22b280cd79",
      "GroupPath": "Config/LevelOutput/Group/Groups_P20221_F20221001/LevelGroup_P20221_F20221001_G56.json"
    },
    {
      "ID": 71,
      "Name": "PortalController",
      "GroupGUID": "f3235b91-78a3-4bee-b657-f4d1d700cbdb",
      "GroupPath": "Config/LevelOutput/Group/Groups_P20221_F20221001/LevelGroup_P20221_F20221001_G71.json"
    },
    {
      "ID": 73,
      "Name": "NPC-Resident",
      "GroupGUID": "e764103c-b092-4057-9d3a-5220a4556c9f",
      "GroupPath": "Config/LevelOutput/Group/Groups_P20221_F20221001/LevelGroup_P20221_F20221001_G73.json"
    },
    {
      "ID": 77,
      "Name": "MainMIssion102080113",
      "GroupGUID": "693cdf33-1455-4c24-88fe-3045e8e153a6",
      "GroupPath": "Config/LevelOutput/Group/Groups_P20221_F20221001/LevelGroup_P20221_F20221001_G77.json"
    },
    {
      "ID": 82,
      "Name": "StarSkiff",
      "GroupGUID": "96aab9d8-f029-4727-89ac-897a8be3a638",
      "GroupPath": "Config/LevelOutput/Group/Groups_P20221_F20221001/LevelGroup_P20221_F20221001_G82.json"
    },
    {
      "ID": 84,
      "Name": "MainMission2020403_YSYS2",
      "GroupGUID": "f4871e15-32eb-44da-a9b5-b02c5c8d9f18",
      "GroupPath": "Config/LevelOutput/Group/Groups_P20221_F20221001/LevelGroup_P20221_F20221001_G84.json"
    },
    {
      "ID": 85,
      "Name": "LogisticsRobot",
      "GroupGUID": "468e8991-0c04-4497-9e46-208807482917",
      "GroupPath": "Config/LevelOutput/Group/Groups_P20221_F20221001/LevelGroup_P20221_F20221001_G85.json"
    },
    {
      "ID": 86,
      "Name": "LogisticsRobot",
      "GroupGUID": "ccd9d600-9f1c-46ea-8dcd-a7b64ed9596a",
      "GroupPath": "Config/LevelOutput/Group/Groups_P20221_F20221001/LevelGroup_P20221_F20221001_G86.json"
    },
    {
      "ID": 89,
      "Name": "MainMission2020403_Anchors",
      "GroupGUID": "f5fa47aa-71c8-4b5f-a9e7-0a4679a7a66c",
      "GroupPath": "Config/LevelOutput/Group/Groups_P20221_F20221001/LevelGroup_P20221_F20221001_G89.json"
    },
    {
      "ID": 95,
      "Name": "InsertionDoor",
      "GroupGUID": "cdebd9e2-7d2d-44e5-99ff-4a0f05858eb0",
      "GroupPath": "Config/LevelOutput/Group/Groups_P20221_F20221001/LevelGroup_P20221_F20221001_G95.json"
    },
    {
      "ID": 97,
      "Name": "InsertionDoor",
      "GroupGUID": "2a51a48e-7595-4071-a68a-bfdfbba483ba",
      "GroupPath": "Config/LevelOutput/Group/Groups_P20221_F20221001/LevelGroup_P20221_F20221001_G97.json"
    },
    {
      "ID": 72,
      "Name": "InsertionPuzzle",
      "GroupGUID": "c7fe78f7-fd54-4100-a365-73d590b06643",
      "GroupPath": "Config/LevelOutput/Group/Groups_P20221_F20221001/LevelGroup_P20221_F20221001_G72.json"
    },
    {
      "ID": 100,
      "Name": "InsertionPuzzle",
      "GroupGUID": "5a7376f3-034b-49b5-8bf6-b6e6fd803f6d",
      "GroupPath": "Config/LevelOutput/Group/Groups_P20221_F20221001/LevelGroup_P20221_F20221001_G100.json"
    },
    {
      "ID": 101,
      "Name": "InsertionPuzzle",
      "GroupGUID": "acf684d1-4f47-44a3-a58c-aba9326a25c8",
      "GroupPath": "Config/LevelOutput/Group/Groups_P20221_F20221001/LevelGroup_P20221_F20221001_G101.json"
    },
    {
      "ID": 103,
      "Name": "RubikCubeOfficial08",
      "GroupGUID": "20f17f72-8036-41a7-a30f-ef5e19c6c527",
      "GroupPath": "Config/LevelOutput/Group/Groups_P20221_F20221001/LevelGroup_P20221_F20221001_G103.json"
    },
    {
      "ID": 104,
      "Name": "RubikCubeOfficial09",
      "GroupGUID": "e355b2e8-5388-464a-b94c-2868558bfd5b",
      "GroupPath": "Config/LevelOutput/Group/Groups_P20221_F20221001/LevelGroup_P20221_F20221001_G104.json"
    },
    {
      "ID": 105,
      "Name": "RubikCubeOfficial10",
      "GroupGUID": "6b36326f-7a52-44c6-a543-c671d6ae75a0",
      "GroupPath": "Config/LevelOutput/Group/Groups_P20221_F20221001/LevelGroup_P20221_F20221001_G105.json"
    },
    {
      "ID": 106,
      "Name": "RubikCubeOfficial11",
      "GroupGUID": "1271f733-84f4-4312-b73e-86baab8250c9",
      "GroupPath": "Config/LevelOutput/Group/Groups_P20221_F20221001/LevelGroup_P20221_F20221001_G106.json"
    },
    {
      "ID": 107,
      "Name": "RubikCubeOfficial23",
      "GroupGUID": "c8c124e1-1fff-4249-b0b0-4fd3d76f1660",
      "GroupPath": "Config/LevelOutput/Group/Groups_P20221_F20221001/LevelGroup_P20221_F20221001_G107.json"
    },
    {
      "ID": 108,
      "Name": "RubikCubeOfficial24",
      "GroupGUID": "e8f17139-fd9e-409e-8a3c-f6459993231c",
      "GroupPath": "Config/LevelOutput/Group/Groups_P20221_F20221001/LevelGroup_P20221_F20221001_G108.json"
    },
    {
      "ID": 109,
      "Name": "RubikCubeOfficial25",
      "GroupGUID": "9fac5dfb-9ec6-475a-9716-b7983cf9424e",
      "GroupPath": "Config/LevelOutput/Group/Groups_P20221_F20221001/LevelGroup_P20221_F20221001_G109.json"
    },
    {
      "ID": 110,
      "Name": "RubikCubeOfficial26",
      "GroupGUID": "5409ea1e-eaff-4e0d-bc81-5bdff2d7b29f",
      "GroupPath": "Config/LevelOutput/Group/Groups_P20221_F20221001/LevelGroup_P20221_F20221001_G110.json"
    },
    {
      "ID": 112,
      "Name": "BATProp",
      "GroupGUID": "399f998c-8ee3-4390-86f0-a491cc1fff79",
      "GroupPath": "Config/LevelOutput/Group/Groups_P20221_F20221001/LevelGroup_P20221_F20221001_G112.json"
    },
    {
      "ID": 114,
      "Name": "CompassPuzzle_OneShot",
      "GroupGUID": "385db1fb-8a76-40a9-806d-9a85a5c40a8d",
      "GroupPath": "Config/LevelOutput/Group/Groups_P20221_F20221001/LevelGroup_P20221_F20221001_G114.json"
    },
    {
      "ID": 115,
      "Name": "CompassPuzzle_OneShot",
      "GroupGUID": "7ade3dff-350d-4a99-bf8f-c904249c48bb",
      "GroupPath": "Config/LevelOutput/Group/Groups_P20221_F20221001/LevelGroup_P20221_F20221001_G115.json"
    },
    {
      "ID": 116,
      "Name": "CompassPuzzle_OneShot",
      "GroupGUID": "04e71394-e449-4738-8687-27bc2a70dced",
      "GroupPath": "Config/LevelOutput/Group/Groups_P20221_F20221001/LevelGroup_P20221_F20221001_G116.json"
    },
    {
      "ID": 117,
      "Name": "CompassPuzzle_OneShot",
      "GroupGUID": "50e94794-0365-43a8-9b0f-742a2ba03475",
      "GroupPath": "Config/LevelOutput/Group/Groups_P20221_F20221001/LevelGroup_P20221_F20221001_G117.json"
    },
    {
      "ID": 118,
      "IsDelete": true,
      "Name": "Contamination_Norm_OB01",
      "GroupGUID": "3bd4d87d-9f38-4f7b-986e-9909f51962e1",
      "GroupPath": "Config/LevelOutput/Group/Groups_P20221_F20221001/LevelGroup_P20221_F20221001_G118.json"
    },
    {
      "ID": 122,
      "IsDelete": true,
      "Name": "Contamination_Norm_OB01",
      "GroupGUID": "0b0a0a62-1bed-42f7-9a20-94cf0a61fa36",
      "GroupPath": "Config/LevelOutput/Group/Groups_P20221_F20221001/LevelGroup_P20221_F20221001_G122.json"
    },
    {
      "ID": 119,
      "IsDelete": true,
      "Name": "Contamination_Key_OB01",
      "GroupGUID": "1680bf19-5423-403f-8caa-b30f0801fbdc",
      "GroupPath": "Config/LevelOutput/Group/Groups_P20221_F20221001/LevelGroup_P20221_F20221001_G119.json"
    },
    {
      "ID": 120,
      "IsDelete": true,
      "Name": "Contamination_Norm_OB02",
      "GroupGUID": "3276040f-6820-495e-9836-0b49cb168627",
      "GroupPath": "Config/LevelOutput/Group/Groups_P20221_F20221001/LevelGroup_P20221_F20221001_G120.json"
    },
    {
      "ID": 123,
      "IsDelete": true,
      "Name": "Contamination_Norm_OB02",
      "GroupGUID": "ede50f7b-2d06-4ea1-8d9a-b58bb760c141",
      "GroupPath": "Config/LevelOutput/Group/Groups_P20221_F20221001/LevelGroup_P20221_F20221001_G123.json"
    },
    {
      "ID": 121,
      "IsDelete": true,
      "Name": "Contamination_Key_OB02",
      "GroupGUID": "e37e8b28-4782-4aef-98b4-0ccc5977ddd3",
      "GroupPath": "Config/LevelOutput/Group/Groups_P20221_F20221001/LevelGroup_P20221_F20221001_G121.json"
    },
    {
      "ID": 125,
      "Name": "HunTianYi",
      "GroupGUID": "a9559120-3569-41aa-8c7f-57a7ef0e7ece",
      "GroupPath": "Config/LevelOutput/Group/Groups_P20221_F20221001/LevelGroup_P20221_F20221001_G125.json"
    },
    {
      "ID": 126,
      "Name": "Crowd",
      "GroupGUID": "62e57581-8618-42f3-ab6d-86642a91f3d3",
      "GroupPath": "Config/LevelOutput/Group/Groups_P20221_F20221001/LevelGroup_P20221_F20221001_G126.json"
    },
    {
      "ID": 127,
      "Name": "CrowdAfterMainMission1",
      "GroupGUID": "d0a3f8a9-efad-491e-97bd-3e5ab5605843",
      "GroupPath": "Config/LevelOutput/Group/Groups_P20221_F20221001/LevelGroup_P20221_F20221001_G127.json"
    },
    {
      "ID": 128,
      "Name": "Books",
      "GroupGUID": "c21f210c-82da-4ced-8d3c-26728b737a9c",
      "GroupPath": "Config/LevelOutput/Group/Groups_P20221_F20221001/LevelGroup_P20221_F20221001_G128.json"
    },
    {
      "ID": 129,
      "Name": "MainMission4015301_DeployPuzzle_Repeat_Area1_1",
      "GroupGUID": "0c46a640-771b-4bd7-be54-bde6377819c0",
      "GroupPath": "Config/LevelOutput/Group/Groups_P20221_F20221001/LevelGroup_P20221_F20221001_G129.json"
    },
    {
      "ID": 133,
      "Name": "MainMission4015301_DeployPuzzle_Repeat_Area2_1",
      "GroupGUID": "2c0c886a-6643-417e-bd9d-d062bc3bff2f",
      "GroupPath": "Config/LevelOutput/Group/Groups_P20221_F20221001/LevelGroup_P20221_F20221001_G133.json"
    },
    {
      "ID": 130,
      "Name": "MainMission4015301_DeployPuzzle_Repeat_Area1_2",
      "GroupGUID": "e723dae0-6b15-4b2b-8db4-7fdfba52b120",
      "GroupPath": "Config/LevelOutput/Group/Groups_P20221_F20221001/LevelGroup_P20221_F20221001_G130.json"
    },
    {
      "ID": 138,
      "Name": "MainMission4015302_DeployPuzzle_Repeat_Area3_1",
      "GroupGUID": "6515c427-77b7-4c42-9db5-aa6687028184",
      "GroupPath": "Config/LevelOutput/Group/Groups_P20221_F20221001/LevelGroup_P20221_F20221001_G138.json"
    },
    {
      "ID": 134,
      "Name": "MainMission4015302_DeployPuzzle_Repeat_Area2_2",
      "GroupGUID": "bcd29bf3-136e-400f-829d-b0e085337b3e",
      "GroupPath": "Config/LevelOutput/Group/Groups_P20221_F20221001/LevelGroup_P20221_F20221001_G134.json"
    },
    {
      "ID": 139,
      "Name": "MainMission4015302_DeployPuzzle_Repeat_Area3_2",
      "GroupGUID": "fe1fdf17-aabb-4ec9-ab8a-0e166303d484",
      "GroupPath": "Config/LevelOutput/Group/Groups_P20221_F20221001/LevelGroup_P20221_F20221001_G139.json"
    },
    {
      "ID": 140,
      "Name": "MainMission4015303_DeployPuzzle_Repeat_Area3_3",
      "GroupGUID": "01dfa47b-ec34-44a0-8d1c-6a337e747d89",
      "GroupPath": "Config/LevelOutput/Group/Groups_P20221_F20221001/LevelGroup_P20221_F20221001_G140.json"
    },
    {
      "ID": 131,
      "Name": "MainMission4015303_DeployPuzzle_Repeat_Area1_3",
      "GroupGUID": "63813ce3-c14a-4b94-92c5-f0d606dfc84d",
      "GroupPath": "Config/LevelOutput/Group/Groups_P20221_F20221001/LevelGroup_P20221_F20221001_G131.json"
    },
    {
      "ID": 135,
      "Name": "MainMission4015303_DeployPuzzle_Repeat_Area2_3",
      "GroupGUID": "3ae932b1-b182-41cc-96a4-85f1c116d5a9",
      "GroupPath": "Config/LevelOutput/Group/Groups_P20221_F20221001/LevelGroup_P20221_F20221001_G135.json"
    },
    {
      "ID": 149,
      "Name": "DeployPuzzle_Chest",
      "GroupGUID": "10a4f182-5a7d-45cf-9e2a-16a3ae3e0a51",
      "GroupPath": "Config/LevelOutput/Group/Groups_P20221_F20221001/LevelGroup_P20221_F20221001_G149.json"
    },
    {
      "ID": 152,
      "Name": "MainMission4015301_NPC",
      "GroupGUID": "b46714e5-c7e4-4e7a-b895-a69464807300",
      "GroupPath": "Config/LevelOutput/Group/Groups_P20221_F20221001/LevelGroup_P20221_F20221001_G152.json"
    },
    {
      "ID": 159,
      "Name": "MainMission4015301_Bubble",
      "GroupGUID": "f7af0623-5218-4b52-b24a-ba54aaddda35",
      "GroupPath": "Config/LevelOutput/Group/Groups_P20221_F20221001/LevelGroup_P20221_F20221001_G159.json"
    },
    {
      "ID": 155,
      "Name": "DeployPuzzleMission_Day12",
      "GroupGUID": "5836cd6c-7966-4704-9bbd-a293e6cb02e4",
      "GroupPath": "Config/LevelOutput/Group/Groups_P20221_F20221001/LevelGroup_P20221_F20221001_G155.json"
    },
    {
      "ID": 153,
      "Name": "MainMission4015302_NPC",
      "GroupGUID": "428c7bca-6c6c-4dbf-a29f-f04237c784c3",
      "GroupPath": "Config/LevelOutput/Group/Groups_P20221_F20221001/LevelGroup_P20221_F20221001_G153.json"
    },
    {
      "ID": 158,
      "Name": "MainMission4015302_Bubble",
      "GroupGUID": "efc38ed4-0b3a-4c3a-a282-09a6492efa1b",
      "GroupPath": "Config/LevelOutput/Group/Groups_P20221_F20221001/LevelGroup_P20221_F20221001_G158.json"
    },
    {
      "ID": 156,
      "Name": "DeployPuzzleMission_Day23",
      "GroupGUID": "38e6e1eb-4f11-478a-9049-5204c3c21b95",
      "GroupPath": "Config/LevelOutput/Group/Groups_P20221_F20221001/LevelGroup_P20221_F20221001_G156.json"
    },
    {
      "ID": 154,
      "Name": "MainMission4015303_NPC",
      "GroupGUID": "bc680bfa-9660-42d7-84fd-1223e4063815",
      "GroupPath": "Config/LevelOutput/Group/Groups_P20221_F20221001/LevelGroup_P20221_F20221001_G154.json"
    },
    {
      "ID": 157,
      "Name": "MainMission4015303_Bubble",
      "GroupGUID": "2733370a-9026-4909-a823-1e3d23405ee3",
      "GroupPath": "Config/LevelOutput/Group/Groups_P20221_F20221001/LevelGroup_P20221_F20221001_G157.json"
    },
    {
      "ID": 137,
      "Name": "DeployPuzzle_Repeat_Area1_4",
      "GroupGUID": "b7411166-1abb-4177-9047-d4837e822c0f",
      "GroupPath": "Config/LevelOutput/Group/Groups_P20221_F20221001/LevelGroup_P20221_F20221001_G137.json"
    },
    {
      "ID": 136,
      "Name": "DeployPuzzle_Repeat_Area2_4",
      "GroupGUID": "26790cd8-9e0a-4468-9b50-011beb452dea",
      "GroupPath": "Config/LevelOutput/Group/Groups_P20221_F20221001/LevelGroup_P20221_F20221001_G136.json"
    },
    {
      "ID": 141,
      "Name": "DeployPuzzle_Repeat_Area3_4",
      "GroupGUID": "aa163b32-a85e-432c-b337-8fc3939d0d4d",
      "GroupPath": "Config/LevelOutput/Group/Groups_P20221_F20221001/LevelGroup_P20221_F20221001_G141.json"
    },
    {
      "ID": 142,
      "Name": "LogisticsRobot",
      "GroupGUID": "d15da377-b48f-403e-9883-5d6c215f29c0",
      "GroupPath": "Config/LevelOutput/Group/Groups_P20221_F20221001/LevelGroup_P20221_F20221001_G142.json"
    },
    {
      "ID": 143,
      "Name": "LogisticsRobot",
      "GroupGUID": "cd349e83-c29d-43c4-be38-cbf6cc6666d2",
      "GroupPath": "Config/LevelOutput/Group/Groups_P20221_F20221001/LevelGroup_P20221_F20221001_G143.json"
    },
    {
      "ID": 144,
      "Name": "PropDialoge",
      "GroupGUID": "cd273308-cdb4-4bed-af6c-0e0eabd8fe95",
      "GroupPath": "Config/LevelOutput/Group/Groups_P20221_F20221001/LevelGroup_P20221_F20221001_G144.json"
    },
    {
      "ID": 145,
      "Name": "Mianmission1021001",
      "GroupGUID": "548e537f-29f1-4bba-8017-da1cb46883c5",
      "GroupPath": "Config/LevelOutput/Group/Groups_P20221_F20221001/LevelGroup_P20221_F20221001_G145.json"
    },
    {
      "ID": 148,
      "Name": "SubMission4040231",
      "GroupGUID": "bdfca4a6-33bd-47e2-8608-f3dab71498eb",
      "GroupPath": "Config/LevelOutput/Group/Groups_P20221_F20221001/LevelGroup_P20221_F20221001_G148.json"
    },
    {
      "ID": 166,
      "Name": "JianMu_Sfx_Sound",
      "GroupGUID": "c07b65b1-e56d-4ce8-88a3-219882cc5d46",
      "GroupPath": "Config/LevelOutput/Group/Groups_P20221_F20221001/LevelGroup_P20221_F20221001_G166.json"
    },
    {
      "ID": 168,
      "Name": "MainMission6020202_",
      "GroupGUID": "358ac3dc-fda3-4f39-9eca-9eed9f8d5bef",
      "GroupPath": "Config/LevelOutput/Group/Groups_P20221_F20221001/LevelGroup_P20221_F20221001_G168.json"
    },
    {
      "ID": 169,
      "Name": "Group75_Insertion",
      "GroupGUID": "f6dbd59a-8b21-494f-b794-f1ef7cf02fa6",
      "GroupPath": "Config/LevelOutput/Group/Groups_P20221_F20221001/LevelGroup_P20221_F20221001_G169.json"
    },
    {
      "ID": 170,
      "Name": "Group97_Insertion",
      "GroupGUID": "0e03f5fa-d348-4730-8ec2-5c3924f29956",
      "GroupPath": "Config/LevelOutput/Group/Groups_P20221_F20221001/LevelGroup_P20221_F20221001_G170.json"
    },
    {
      "ID": 162,
      "Name": "MainMission2020501_04",
      "GroupGUID": "efa353dd-672e-4bae-b2fd-a6e14bbbfe19",
      "GroupPath": "Config/LevelOutput/Group/Groups_P20221_F20221001/LevelGroup_P20221_F20221001_G162.json"
    },
    {
      "ID": 163,
      "Name": "MainMission2020501_",
      "GroupGUID": "13f82828-50d6-404a-8f38-0f6e51700bb6",
      "GroupPath": "Config/LevelOutput/Group/Groups_P20221_F20221001/LevelGroup_P20221_F20221001_G163.json"
    },
    {
      "ID": 164,
      "Name": "MainMission2020501_12",
      "GroupGUID": "0078f3aa-cbbb-4808-8f56-de0cea6f1904",
      "GroupPath": "Config/LevelOutput/Group/Groups_P20221_F20221001/LevelGroup_P20221_F20221001_G164.json"
    },
    {
      "ID": 172,
      "Name": "MainMission1021702_AF_Fuxuan",
      "GroupGUID": "1eeff00b-0c22-4015-aad3-3f567d223b54",
      "GroupPath": "Config/LevelOutput/Group/Groups_P20221_F20221001/LevelGroup_P20221_F20221001_G172.json"
    },
    {
      "ID": 75,
      "Name": "Sub_Kfk",
      "GroupGUID": "e384a68e-2743-4e4c-abc2-df28f5328be0",
      "GroupPath": "Config/LevelOutput/Group/Groups_P20221_F20221001/LevelGroup_P20221_F20221001_G75.json"
    },
    {
      "ID": 171,
      "Name": "New Group",
      "GroupGUID": "9c3032a7-bc9b-46b4-b655-a7afddf2b3d3",
      "GroupPath": "Config/LevelOutput/Group/Groups_P20221_F20221001/LevelGroup_P20221_F20221001_G171.json"
    },
    {
      "ID": 76,
      "Name": "Sub_Kfk",
      "GroupGUID": "216d2ca5-279b-4f55-8e19-7f2bd3750069",
      "GroupPath": "Config/LevelOutput/Group/Groups_P20221_F20221001/LevelGroup_P20221_F20221001_G76.json"
    },
    {
      "ID": 78,
      "Name": "Sub_Kfk",
      "GroupGUID": "c5199c14-cfe3-49bc-96bc-22c2313687b0",
      "GroupPath": "Config/LevelOutput/Group/Groups_P20221_F20221001/LevelGroup_P20221_F20221001_G78.json"
    },
    {
      "ID": 173,
      "Name": "Shelter Group",
      "GroupGUID": "62622e22-e55d-40eb-bf2f-d90a88323264",
      "GroupPath": "Config/LevelOutput/Group/Groups_P20221_F20221001/LevelGroup_P20221_F20221001_G173.json"
    },
    {
      "ID": 83,
      "Name": "Sub_Kfk",
      "GroupGUID": "3a47724c-36f8-4bba-86c4-c91553e95164",
      "GroupPath": "Config/LevelOutput/Group/Groups_P20221_F20221001/LevelGroup_P20221_F20221001_G83.json"
    },
    {
      "ID": 174,
      "Name": "MainMission2020901_",
      "GroupGUID": "fc1e0d68-8812-4319-890d-89286656a36a",
      "GroupPath": "Config/LevelOutput/Group/Groups_P20221_F20221001/LevelGroup_P20221_F20221001_G174.json"
    },
    {
      "ID": 175,
      "Name": "MainMission2020901_",
      "GroupGUID": "e176178f-87d6-49f3-8ae2-9aa453a23777",
      "GroupPath": "Config/LevelOutput/Group/Groups_P20221_F20221001/LevelGroup_P20221_F20221001_G175.json"
    },
    {
      "ID": 176,
      "Name": "MainMission2020901_",
      "GroupGUID": "d754ef3d-3009-43f6-aecb-910a86f6ab4b",
      "GroupPath": "Config/LevelOutput/Group/Groups_P20221_F20221001/LevelGroup_P20221_F20221001_G176.json"
    },
    {
      "ID": 177,
      "IsDelete": true,
      "Name": "MainMission2020901_",
      "GroupGUID": "d4cc59f8-9260-404d-afed-7b2973183aeb",
      "GroupPath": "Config/LevelOutput/Group/Groups_P20221_F20221001/LevelGroup_P20221_F20221001_G177.json"
    },
    {
      "ID": 178,
      "Name": "NPC1",
      "GroupGUID": "b458355e-7e13-4bee-97ce-32cdd83f0e8f",
      "GroupPath": "Config/LevelOutput/Group/Groups_P20221_F20221001/LevelGroup_P20221_F20221001_G178.json"
    },
    {
      "ID": 179,
      "Name": "NPC2",
      "GroupGUID": "311e3fea-6930-433b-b2f6-afef98e7829e",
      "GroupPath": "Config/LevelOutput/Group/Groups_P20221_F20221001/LevelGroup_P20221_F20221001_G179.json"
    },
    {
      "ID": 180,
      "Name": "NPC3",
      "GroupGUID": "6131deb3-7cbf-436c-81b8-db6b373914cc",
      "GroupPath": "Config/LevelOutput/Group/Groups_P20221_F20221001/LevelGroup_P20221_F20221001_G180.json"
    },
    {
      "ID": 181,
      "Name": "NPC4",
      "GroupGUID": "fe70cdf6-1919-451d-a02a-f999768649af",
      "GroupPath": "Config/LevelOutput/Group/Groups_P20221_F20221001/LevelGroup_P20221_F20221001_G181.json"
    },
    {
      "ID": 182,
      "Name": "MainMission4122102_",
      "GroupGUID": "c84f8386-adbe-4944-aae0-8f5f3015d7a1",
      "GroupPath": "Config/LevelOutput/Group/Groups_P20221_F20221001/LevelGroup_P20221_F20221001_G182.json"
    },
    {
      "ID": 183,
      "Name": "MainMission4122102_",
      "GroupGUID": "1424f65d-c2e9-4edf-8026-01e02ed8cd40",
      "GroupPath": "Config/LevelOutput/Group/Groups_P20221_F20221001/LevelGroup_P20221_F20221001_G183.json"
    },
    {
      "ID": 184,
      "Name": "MainMission4122102_",
      "GroupGUID": "72841460-e6d4-42a1-9330-8312e6b31aae",
      "GroupPath": "Config/LevelOutput/Group/Groups_P20221_F20221001/LevelGroup_P20221_F20221001_G184.json"
    },
    {
      "ID": 185,
      "Name": "MainMission6020201_LightPoint",
      "GroupGUID": "2c0d2b08-8289-49fd-b333-9e7f8c1a2af1",
      "GroupPath": "Config/LevelOutput/Group/Groups_P20221_F20221001/LevelGroup_P20221_F20221001_G185.json"
    },
    {
      "ID": 186,
      "Name": "MainMission6020201_LightPoint2",
      "GroupGUID": "38842a90-fa07-4eb6-a1d9-044e993da048",
      "GroupPath": "Config/LevelOutput/Group/Groups_P20221_F20221001/LevelGroup_P20221_F20221001_G186.json"
    },
    {
      "ID": 187,
      "Name": "MainMission8015102_Mission",
      "GroupGUID": "82427988-c0c9-4fd4-b2f1-768548ae3378",
      "GroupPath": "Config/LevelOutput/Group/Groups_P20221_F20221001/LevelGroup_P20221_F20221001_G187.json"
    },
    {
      "ID": 188,
      "Name": "MainMission8015102_Mission",
      "GroupGUID": "c352d2b3-64f4-460d-abec-b53a07061194",
      "GroupPath": "Config/LevelOutput/Group/Groups_P20221_F20221001/LevelGroup_P20221_F20221001_G188.json"
    },
    {
      "ID": 189,
      "Name": "MainMission8015102_Fuxuan",
      "GroupGUID": "0af0b6d9-0044-4146-9b81-b31b64438772",
      "GroupPath": "Config/LevelOutput/Group/Groups_P20221_F20221001/LevelGroup_P20221_F20221001_G189.json"
    },
    {
      "ID": 192,
      "Name": "MainMission4040253_",
      "GroupGUID": "a7a648a8-b310-4763-9964-952a82b25f84",
      "GroupPath": "Config/LevelOutput/Group/Groups_P20221_F20221001/LevelGroup_P20221_F20221001_G192.json"
    },
    {
      "ID": 193,
      "Name": "NPCfuxuan",
      "GroupGUID": "41c0a631-d3b8-46a7-9e9b-dea3856db00b",
      "GroupPath": "Config/LevelOutput/Group/Groups_P20221_F20221001/LevelGroup_P20221_F20221001_G193.json"
    },
    {
      "ID": 201,
      "Name": "MainMission8015155_801515502",
      "GroupGUID": "cb3f5344-2792-4ec8-80a7-15aac0068bab",
      "GroupPath": "Config/LevelOutput/Group/Groups_P20221_F20221001/LevelGroup_P20221_F20221001_G201.json"
    },
    {
      "ID": 202,
      "Name": "MainMission8015155_801515503",
      "GroupGUID": "3d81cd3b-50aa-4022-9bd4-06850204f379",
      "GroupPath": "Config/LevelOutput/Group/Groups_P20221_F20221001/LevelGroup_P20221_F20221001_G202.json"
    },
    {
      "ID": 203,
      "Name": "MainMission8015155_801515504",
      "GroupGUID": "42d49112-9fce-4bf2-b67b-db89af295934",
      "GroupPath": "Config/LevelOutput/Group/Groups_P20221_F20221001/LevelGroup_P20221_F20221001_G203.json"
    },
    {
      "ID": 204,
      "Name": "MainMission8015155_801515505",
      "GroupGUID": "37869f56-f7cd-427c-b1ca-1a8f01ba259a",
      "GroupPath": "Config/LevelOutput/Group/Groups_P20221_F20221001/LevelGroup_P20221_F20221001_G204.json"
    },
    {
      "ID": 208,
      "Name": "MainMission4122102_",
      "GroupGUID": "1fb87fdd-9e32-41d0-9f21-15e56bcef3cd",
      "GroupPath": "Config/LevelOutput/Group/Groups_P20221_F20221001/LevelGroup_P20221_F20221001_G208.json",
      "ExportTarget": "Dev"
    },
    {
      "ID": 209,
      "Name": "MainMission8015162_01",
      "GroupGUID": "1e4a4dc8-2573-4838-b0dd-8b4f8a18724d",
      "GroupPath": "Config/LevelOutput/Group/Groups_P20221_F20221001/LevelGroup_P20221_F20221001_G209.json"
    },
    {
      "ID": 210,
      "Name": "MainMission8015162_02",
      "GroupGUID": "ed840435-e0b0-4ecb-9751-3ae2d5333c47",
      "GroupPath": "Config/LevelOutput/Group/Groups_P20221_F20221001/LevelGroup_P20221_F20221001_G210.json"
    },
    {
      "ID": 211,
      "Name": "MainMission8015162_03",
      "GroupGUID": "a296aeb1-2e2e-48a7-94b7-3cedcb43d6c0",
      "GroupPath": "Config/LevelOutput/Group/Groups_P20221_F20221001/LevelGroup_P20221_F20221001_G211.json"
    },
    {
      "ID": 212,
      "Name": "MainMission8015162_04",
      "GroupGUID": "5aaca186-47b4-4f75-b00d-762beca060a9",
      "GroupPath": "Config/LevelOutput/Group/Groups_P20221_F20221001/LevelGroup_P20221_F20221001_G212.json"
    },
    {
      "ID": 213,
      "Name": "MainMission8015162_11",
      "GroupGUID": "40309f0f-d719-4dac-a175-449bbae36da7",
      "GroupPath": "Config/LevelOutput/Group/Groups_P20221_F20221001/LevelGroup_P20221_F20221001_G213.json"
    },
    {
      "ID": 214,
      "Name": "MainMission8015102_Mission",
      "GroupGUID": "b93709e8-96d7-48fd-9da9-45800dc13fd9",
      "GroupPath": "Config/LevelOutput/Group/Groups_P20221_F20221001/LevelGroup_P20221_F20221001_G214.json"
    }
  ]
}