{
  "FloorID": 20222001,
  "FloorName": "FloorName_20222001",
  "StartGroupID": 3,
  "StartAnchorID": 1,
  "GroupList": [
    {
      "ID": 3,
      "Name": "DefaultGroup",
      "GroupGUID": "93946da8-000f-4f02-a5b9-105596dceeca",
      "GroupPath": "Config/LevelOutput/Group/Groups_P20222_F20222001/LevelGroup_P20222_F20222001_G3.json"
    },
    {
      "ID": 128,
      "Name": "Exit",
      "GroupGUID": "7f9ec980-1b83-4eec-b294-e4cd1f60f7c7",
      "GroupPath": "Config/LevelOutput/Group/Groups_P20222_F20222001/LevelGroup_P20222_F20222001_G128.json"
    },
    {
      "ID": 5,
      "Name": "MainProp",
      "GroupGUID": "9825a53f-1478-4596-8e17-687691c3b412",
      "GroupPath": "Config/LevelOutput/Group/Groups_P20222_F20222001/LevelGroup_P20222_F20222001_G5.json"
    },
    {
      "ID": 81,
      "Name": "BATProp",
      "GroupGUID": "91232e31-6558-45f8-91e1-9f4f432a0d65",
      "GroupPath": "Config/LevelOutput/Group/Groups_P20222_F20222001/LevelGroup_P20222_F20222001_G81.json"
    },
    {
      "ID": 82,
      "Name": "BATBossProp",
      "GroupGUID": "a6ee6850-7e46-4890-ad69-315315d11c57",
      "GroupPath": "Config/LevelOutput/Group/Groups_P20222_F20222001/LevelGroup_P20222_F20222001_G82.json"
    },
    {
      "ID": 93,
      "Name": "JianMu",
      "GroupGUID": "71d24b90-51a5-4b07-89ec-4a267ab64587",
      "GroupPath": "Config/LevelOutput/Group/Groups_P20222_F20222001/LevelGroup_P20222_F20222001_G93.json"
    },
    {
      "ID": 6,
      "Name": "Portal",
      "GroupGUID": "b205f961-d624-49cb-b13d-8101546c6098",
      "GroupPath": "Config/LevelOutput/Group/Groups_P20222_F20222001/LevelGroup_P20222_F20222001_G6.json"
    },
    {
      "ID": 10,
      "Name": "CommonProp",
      "GroupGUID": "7177746c-d5f7-449e-a5f2-466f3cc01635",
      "GroupPath": "Config/LevelOutput/Group/Groups_P20222_F20222001/LevelGroup_P20222_F20222001_G10.json"
    },
    {
      "ID": 58,
      "Name": "DistructableDefault",
      "GroupGUID": "846fc147-ddcd-434b-bc60-a274c7158d2f",
      "GroupPath": "Config/LevelOutput/Group/Groups_P20222_F20222001/LevelGroup_P20222_F20222001_G58.json"
    },
    {
      "ID": 59,
      "Name": "MainMission1021101_",
      "GroupGUID": "ff6c4cb6-d1a8-419e-bd1d-c9a15a637ba2",
      "GroupPath": "Config/LevelOutput/Group/Groups_P20222_F20222001/LevelGroup_P20222_F20222001_G59.json"
    },
    {
      "ID": 50,
      "Name": "Default_Chest",
      "GroupGUID": "e3d70f02-3d12-40d5-b8f3-cf272c82f998",
      "GroupPath": "Config/LevelOutput/Group/Groups_P20222_F20222001/LevelGroup_P20222_F20222001_G50.json"
    },
    {
      "ID": 55,
      "Name": "DefaultMonster",
      "GroupGUID": "345a62a1-4d01-41dc-b2b5-5fe86f694e00",
      "GroupPath": "Config/LevelOutput/Group/Groups_P20222_F20222001/LevelGroup_P20222_F20222001_G55.json"
    },
    {
      "ID": 33,
      "Name": "MainMission1021101_MainMissionMonsters",
      "GroupGUID": "195647de-69c8-45f1-b21e-6eb1b8427721",
      "GroupPath": "Config/LevelOutput/Group/Groups_P20222_F20222001/LevelGroup_P20222_F20222001_G33.json"
    },
    {
      "ID": 57,
      "Name": "Monster_ChestMonster",
      "GroupGUID": "1e947a62-4064-4900-9a76-f0258945a0e4",
      "GroupPath": "Config/LevelOutput/Group/Groups_P20222_F20222001/LevelGroup_P20222_F20222001_G57.json"
    },
    {
      "ID": 79,
      "Name": "Default_ChallengeChest",
      "GroupGUID": "52ebbbb5-5b0b-4ccc-8451-05603a739e96",
      "GroupPath": "Config/LevelOutput/Group/Groups_P20222_F20222001/LevelGroup_P20222_F20222001_G79.json"
    },
    {
      "ID": 80,
      "Name": "Default_ChallengeChest",
      "GroupGUID": "17c95c4a-8107-4865-8cc5-7b81591e7a5c",
      "GroupPath": "Config/LevelOutput/Group/Groups_P20222_F20222001/LevelGroup_P20222_F20222001_G80.json"
    },
    {
      "ID": 183,
      "Name": "FarmElement",
      "GroupGUID": "9b8da061-8256-42a8-a7f2-cc723828c9b5",
      "GroupPath": "Config/LevelOutput/Group/Groups_P20222_F20222001/LevelGroup_P20222_F20222001_G183.json"
    },
    {
      "ID": 11,
      "Name": "MainMission0_",
      "GroupGUID": "e45ecef1-c68e-47e3-af64-22d758e69622",
      "GroupPath": "Config/LevelOutput/Group/Groups_P20222_F20222001/LevelGroup_P20222_F20222001_G11.json"
    },
    {
      "ID": 12,
      "Name": "MainMission102110102",
      "GroupGUID": "cebf1375-2ff3-42cc-a29b-07d564fa17bd",
      "GroupPath": "Config/LevelOutput/Group/Groups_P20222_F20222001/LevelGroup_P20222_F20222001_G12.json"
    },
    {
      "ID": 13,
      "Name": "MainMission102110103",
      "GroupGUID": "dda7fc52-ba0f-446d-b982-6b57f2f9eeee",
      "GroupPath": "Config/LevelOutput/Group/Groups_P20222_F20222001/LevelGroup_P20222_F20222001_G13.json"
    },
    {
      "ID": 14,
      "Name": "MainMission102110106",
      "GroupGUID": "28f1a18d-d01d-4b94-a0d1-11c899f423ed",
      "GroupPath": "Config/LevelOutput/Group/Groups_P20222_F20222001/LevelGroup_P20222_F20222001_G14.json"
    },
    {
      "ID": 15,
      "Name": "MainMission1021101_",
      "GroupGUID": "e1338ee0-da52-4420-a966-f341209889e8",
      "GroupPath": "Config/LevelOutput/Group/Groups_P20222_F20222001/LevelGroup_P20222_F20222001_G15.json"
    },
    {
      "ID": 16,
      "Name": "MainMission102110107",
      "GroupGUID": "a148aab0-5bc3-4e8f-8576-fb831fe1709e",
      "GroupPath": "Config/LevelOutput/Group/Groups_P20222_F20222001/LevelGroup_P20222_F20222001_G16.json"
    },
    {
      "ID": 17,
      "Name": "MainMission102110108",
      "GroupGUID": "45dba406-2e73-48c4-a21d-750a23c08678",
      "GroupPath": "Config/LevelOutput/Group/Groups_P20222_F20222001/LevelGroup_P20222_F20222001_G17.json"
    },
    {
      "ID": 18,
      "Name": "MainMission102110116",
      "GroupGUID": "0be39511-169e-4210-a34c-e1bd1298b093",
      "GroupPath": "Config/LevelOutput/Group/Groups_P20222_F20222001/LevelGroup_P20222_F20222001_G18.json"
    },
    {
      "ID": 19,
      "Name": "MainMission102110110",
      "GroupGUID": "72dd9d2b-f302-45b6-8589-0126bfc6fbed",
      "GroupPath": "Config/LevelOutput/Group/Groups_P20222_F20222001/LevelGroup_P20222_F20222001_G19.json"
    },
    {
      "ID": 20,
      "Name": "MainMission102110117",
      "GroupGUID": "89d67e66-9e19-430b-8505-5188e66fbff0",
      "GroupPath": "Config/LevelOutput/Group/Groups_P20222_F20222001/LevelGroup_P20222_F20222001_G20.json"
    },
    {
      "ID": 21,
      "Name": "MainMission1021101_",
      "GroupGUID": "e0bc4fef-8622-4198-8997-17de7093f81e",
      "GroupPath": "Config/LevelOutput/Group/Groups_P20222_F20222001/LevelGroup_P20222_F20222001_G21.json"
    },
    {
      "ID": 22,
      "Name": "MainMission1021101_12",
      "GroupGUID": "9570e837-18e3-4cdc-9fb9-b44e9e949450",
      "GroupPath": "Config/LevelOutput/Group/Groups_P20222_F20222001/LevelGroup_P20222_F20222001_G22.json"
    },
    {
      "ID": 23,
      "Name": "New Group",
      "GroupGUID": "1da6e8a5-80b1-47a4-a413-6ffdf68670fc",
      "GroupPath": "Config/LevelOutput/Group/Groups_P20222_F20222001/LevelGroup_P20222_F20222001_G23.json"
    },
    {
      "ID": 26,
      "Name": "Elevator",
      "GroupGUID": "217e6626-6823-4cdb-bdbc-9e539963a1fc",
      "GroupPath": "Config/LevelOutput/Group/Groups_P20222_F20222001/LevelGroup_P20222_F20222001_G26.json"
    },
    {
      "ID": 28,
      "Name": "MainMission102110119",
      "GroupGUID": "4bbe66ca-b1e2-4370-a8ae-1b6c0710ffe4",
      "GroupPath": "Config/LevelOutput/Group/Groups_P20222_F20222001/LevelGroup_P20222_F20222001_G28.json"
    },
    {
      "ID": 29,
      "Name": "MainMission102110120",
      "GroupGUID": "6c2cfc9b-b269-4e42-8f2c-aa62dc7ff782",
      "GroupPath": "Config/LevelOutput/Group/Groups_P20222_F20222001/LevelGroup_P20222_F20222001_G29.json"
    },
    {
      "ID": 30,
      "Name": "MainMission102110108",
      "GroupGUID": "8ea14b1b-4f2d-4b98-ae29-cd430af6e7a9",
      "GroupPath": "Config/LevelOutput/Group/Groups_P20222_F20222001/LevelGroup_P20222_F20222001_G30.json"
    },
    {
      "ID": 31,
      "Name": "MainMission1021101_",
      "GroupGUID": "ad34c236-8167-44ec-bac9-a12fee291f4c",
      "GroupPath": "Config/LevelOutput/Group/Groups_P20222_F20222001/LevelGroup_P20222_F20222001_G31.json"
    },
    {
      "ID": 32,
      "Name": "MainMission102110108",
      "GroupGUID": "2c1d149d-f9cd-470c-a238-eea0eb91f53a",
      "GroupPath": "Config/LevelOutput/Group/Groups_P20222_F20222001/LevelGroup_P20222_F20222001_G32.json"
    },
    {
      "ID": 34,
      "Name": "MainMission102110111",
      "GroupGUID": "d02bb894-37dd-4035-acde-1bbdeabaed01",
      "GroupPath": "Config/LevelOutput/Group/Groups_P20222_F20222001/LevelGroup_P20222_F20222001_G34.json"
    },
    {
      "ID": 35,
      "Name": "MainMission102110126",
      "GroupGUID": "d2c4f15f-eb07-48c9-aeab-f2ab53719abb",
      "GroupPath": "Config/LevelOutput/Group/Groups_P20222_F20222001/LevelGroup_P20222_F20222001_G35.json"
    },
    {
      "ID": 36,
      "Name": "MainMission1021101_",
      "GroupGUID": "0886758c-07b7-4035-8fdc-fcf447db2da6",
      "GroupPath": "Config/LevelOutput/Group/Groups_P20222_F20222001/LevelGroup_P20222_F20222001_G36.json"
    },
    {
      "ID": 38,
      "Name": "MainMission10211014",
      "GroupGUID": "14d135bc-0506-4e93-b9dd-b029f121987e",
      "GroupPath": "Config/LevelOutput/Group/Groups_P20222_F20222001/LevelGroup_P20222_F20222001_G38.json"
    },
    {
      "ID": 39,
      "Name": "MainMission102101027",
      "GroupGUID": "ea4f81cb-e235-4d4c-900c-dacfbaeb305a",
      "GroupPath": "Config/LevelOutput/Group/Groups_P20222_F20222001/LevelGroup_P20222_F20222001_G39.json"
    },
    {
      "ID": 40,
      "Name": "MainMission1021101_",
      "GroupGUID": "04f39f83-cb5c-4be9-90da-debcb358350c",
      "GroupPath": "Config/LevelOutput/Group/Groups_P20222_F20222001/LevelGroup_P20222_F20222001_G40.json"
    },
    {
      "ID": 41,
      "Name": "MainMission1021101",
      "GroupGUID": "de712019-1582-4735-b9e2-42731c974a2d",
      "GroupPath": "Config/LevelOutput/Group/Groups_P20222_F20222001/LevelGroup_P20222_F20222001_G41.json"
    },
    {
      "ID": 42,
      "Name": "MainMission1021101",
      "GroupGUID": "2f58e131-d448-45c8-a4ad-e1513b209d54",
      "GroupPath": "Config/LevelOutput/Group/Groups_P20222_F20222001/LevelGroup_P20222_F20222001_G42.json"
    },
    {
      "ID": 43,
      "Name": "MainMission1021101_",
      "GroupGUID": "22e290d3-0916-4e0b-9027-08297d235ea0",
      "GroupPath": "Config/LevelOutput/Group/Groups_P20222_F20222001/LevelGroup_P20222_F20222001_G43.json"
    },
    {
      "ID": 44,
      "Name": "MainMission1021101_",
      "GroupGUID": "8942e638-3328-4ede-8695-dab363d619f8",
      "GroupPath": "Config/LevelOutput/Group/Groups_P20222_F20222001/LevelGroup_P20222_F20222001_G44.json"
    },
    {
      "ID": 45,
      "Name": "MainMission1021101_",
      "GroupGUID": "32bb2173-ef5a-4751-befd-df92fd5e210e",
      "GroupPath": "Config/LevelOutput/Group/Groups_P20222_F20222001/LevelGroup_P20222_F20222001_G45.json"
    },
    {
      "ID": 51,
      "Name": "Elevator",
      "GroupGUID": "d646f25f-290d-4c44-8caf-9151115dc2db",
      "GroupPath": "Config/LevelOutput/Group/Groups_P20222_F20222001/LevelGroup_P20222_F20222001_G51.json"
    },
    {
      "ID": 53,
      "Name": "Sound",
      "GroupGUID": "106f9270-2bdd-4218-a741-585892c5ff0e",
      "GroupPath": "Config/LevelOutput/Group/Groups_P20222_F20222001/LevelGroup_P20222_F20222001_G53.json"
    },
    {
      "ID": 54,
      "Name": "MainMission2020401_Mission",
      "GroupGUID": "37339d55-a937-42c7-82be-da6de297f5b8",
      "GroupPath": "Config/LevelOutput/Group/Groups_P20222_F20222001/LevelGroup_P20222_F20222001_G54.json"
    },
    {
      "ID": 63,
      "Name": "New Group",
      "GroupGUID": "4689643f-c20c-43ea-9828-e093f18c67a9",
      "GroupPath": "Config/LevelOutput/Group/Groups_P20222_F20222001/LevelGroup_P20222_F20222001_G63.json"
    },
    {
      "ID": 62,
      "Name": "Container01",
      "GroupGUID": "2d3ee0d7-f4c0-4942-888c-958b66dc5c43",
      "GroupPath": "Config/LevelOutput/Group/Groups_P20222_F20222001/LevelGroup_P20222_F20222001_G62.json"
    },
    {
      "ID": 66,
      "Name": "MainMission2020401_Mission",
      "GroupGUID": "8d5f1872-82a6-4072-9a66-87fe998694af",
      "GroupPath": "Config/LevelOutput/Group/Groups_P20222_F20222001/LevelGroup_P20222_F20222001_G66.json"
    },
    {
      "ID": 68,
      "Name": "MainMission2020402_Mission",
      "GroupGUID": "44ec64a1-81db-490a-95b0-655462fcfff0",
      "GroupPath": "Config/LevelOutput/Group/Groups_P20222_F20222001/LevelGroup_P20222_F20222001_G68.json"
    },
    {
      "ID": 70,
      "Name": "MainMission2020403_Mission",
      "GroupGUID": "aaa24154-67d4-4b95-88a9-32b0426e04c4",
      "GroupPath": "Config/LevelOutput/Group/Groups_P20222_F20222001/LevelGroup_P20222_F20222001_G70.json"
    },
    {
      "ID": 71,
      "Name": "RubikCubeOfficial12",
      "GroupGUID": "c0fbf1a2-6ad4-4f80-891f-9f1877356d12",
      "GroupPath": "Config/LevelOutput/Group/Groups_P20222_F20222001/LevelGroup_P20222_F20222001_G71.json"
    },
    {
      "ID": 72,
      "Name": "RubikCubeOfficial13",
      "GroupGUID": "19f31bbb-6595-4c88-96e0-af9476b3b1be",
      "GroupPath": "Config/LevelOutput/Group/Groups_P20222_F20222001/LevelGroup_P20222_F20222001_G72.json"
    },
    {
      "ID": 73,
      "Name": "RubikCubeOfficial14",
      "GroupGUID": "180a4529-7a7f-49c3-bc48-62974b88eaad",
      "GroupPath": "Config/LevelOutput/Group/Groups_P20222_F20222001/LevelGroup_P20222_F20222001_G73.json"
    },
    {
      "ID": 74,
      "Name": "RubikCubeOfficial15",
      "GroupGUID": "25c13078-4a04-47c1-a150-134e02228046",
      "GroupPath": "Config/LevelOutput/Group/Groups_P20222_F20222001/LevelGroup_P20222_F20222001_G74.json"
    },
    {
      "ID": 75,
      "Name": "RubikCubeOfficial27",
      "GroupGUID": "d9c22a6c-36a9-4c6a-b2a0-b9023adedf3a",
      "GroupPath": "Config/LevelOutput/Group/Groups_P20222_F20222001/LevelGroup_P20222_F20222001_G75.json"
    },
    {
      "ID": 76,
      "Name": "RubikCubeOfficial28",
      "GroupGUID": "8e44cf0a-ff01-4b09-865b-3cc024a74c74",
      "GroupPath": "Config/LevelOutput/Group/Groups_P20222_F20222001/LevelGroup_P20222_F20222001_G76.json"
    },
    {
      "ID": 77,
      "Name": "RubikCubeOfficial29",
      "GroupGUID": "e0bd49fd-db59-4a07-9164-2ebc22d4dc24",
      "GroupPath": "Config/LevelOutput/Group/Groups_P20222_F20222001/LevelGroup_P20222_F20222001_G77.json"
    },
    {
      "ID": 78,
      "Name": "RubikCubeOfficial30",
      "GroupGUID": "8aaeb96a-25d3-459c-8020-5f6cc1408b88",
      "GroupPath": "Config/LevelOutput/Group/Groups_P20222_F20222001/LevelGroup_P20222_F20222001_G78.json"
    },
    {
      "ID": 86,
      "Name": "SimpleMission",
      "GroupGUID": "9d6fdcf3-153b-40dd-b3e7-49292483b3c6",
      "GroupPath": "Config/LevelOutput/Group/Groups_P20222_F20222001/LevelGroup_P20222_F20222001_G86.json"
    },
    {
      "ID": 91,
      "Name": "CompassPuzzle_OneShot",
      "GroupGUID": "ce5d4622-079c-4a72-b8c6-d6353bf00de6",
      "GroupPath": "Config/LevelOutput/Group/Groups_P20222_F20222001/LevelGroup_P20222_F20222001_G91.json"
    },
    {
      "ID": 92,
      "Name": "CompassPuzzle_OneShot",
      "GroupGUID": "7e90a773-4dd8-49ba-aeff-01802064a56a",
      "GroupPath": "Config/LevelOutput/Group/Groups_P20222_F20222001/LevelGroup_P20222_F20222001_G92.json"
    },
    {
      "ID": 94,
      "IsDelete": true,
      "Name": "Contamination_Norm_OB09",
      "GroupGUID": "e97e366c-796b-4158-99ca-a63147bc59f8",
      "GroupPath": "Config/LevelOutput/Group/Groups_P20222_F20222001/LevelGroup_P20222_F20222001_G94.json"
    },
    {
      "ID": 95,
      "IsDelete": true,
      "Name": "Contamination_Norm_OB09",
      "GroupGUID": "fb674c87-afb1-406f-a07f-58f2b7a91117",
      "GroupPath": "Config/LevelOutput/Group/Groups_P20222_F20222001/LevelGroup_P20222_F20222001_G95.json"
    },
    {
      "ID": 96,
      "IsDelete": true,
      "Name": "Contamination_Key_OB09",
      "GroupGUID": "4db137ec-8279-4427-8fa6-a64a0bd95b0f",
      "GroupPath": "Config/LevelOutput/Group/Groups_P20222_F20222001/LevelGroup_P20222_F20222001_G96.json"
    },
    {
      "ID": 99,
      "IsDelete": true,
      "Name": "Contamination_Key_OB10",
      "GroupGUID": "f8a7bed1-3bbe-4c48-8df1-25618734c7a6",
      "GroupPath": "Config/LevelOutput/Group/Groups_P20222_F20222001/LevelGroup_P20222_F20222001_G99.json"
    },
    {
      "ID": 98,
      "IsDelete": true,
      "Name": "Contamination_Norm_OB10",
      "GroupGUID": "0685c187-5a4d-4b8f-8edf-97a3d3a0066e",
      "GroupPath": "Config/LevelOutput/Group/Groups_P20222_F20222001/LevelGroup_P20222_F20222001_G98.json"
    },
    {
      "ID": 102,
      "IsDelete": true,
      "Name": "Contamination_Key_OB11",
      "GroupGUID": "34ed698c-5762-47e8-8b79-4a5e7ba634f9",
      "GroupPath": "Config/LevelOutput/Group/Groups_P20222_F20222001/LevelGroup_P20222_F20222001_G102.json"
    },
    {
      "ID": 104,
      "Name": "MainMission1021101_",
      "GroupGUID": "bd42b809-9867-47eb-a9d0-0712907feb09",
      "GroupPath": "Config/LevelOutput/Group/Groups_P20222_F20222001/LevelGroup_P20222_F20222001_G104.json"
    },
    {
      "ID": 105,
      "Name": "DefaultMonster",
      "GroupGUID": "3caafbf8-e25e-44a4-b3df-e86e1476bd7f",
      "GroupPath": "Config/LevelOutput/Group/Groups_P20222_F20222001/LevelGroup_P20222_F20222001_G105.json"
    },
    {
      "ID": 106,
      "Name": "DefaultMonster",
      "GroupGUID": "197c07d2-337c-4c98-b33e-9c48b3d9cf81",
      "GroupPath": "Config/LevelOutput/Group/Groups_P20222_F20222001/LevelGroup_P20222_F20222001_G106.json"
    },
    {
      "ID": 110,
      "Name": "FakeRootPuzzle",
      "GroupGUID": "81526f95-7af2-4cc9-91ad-0978ae1e19f2",
      "GroupPath": "Config/LevelOutput/Group/Groups_P20222_F20222001/LevelGroup_P20222_F20222001_G110.json"
    },
    {
      "ID": 111,
      "Name": "MainMission0_",
      "GroupGUID": "cead2c2b-234f-4832-bbbf-3a93bf2a46fc",
      "GroupPath": "Config/LevelOutput/Group/Groups_P20222_F20222001/LevelGroup_P20222_F20222001_G111.json"
    },
    {
      "ID": 112,
      "Name": "FakeRootPuzzle",
      "GroupGUID": "1d972974-b6fd-49dc-8280-d41ffec2f056",
      "GroupPath": "Config/LevelOutput/Group/Groups_P20222_F20222001/LevelGroup_P20222_F20222001_G112.json"
    },
    {
      "ID": 114,
      "Name": "CrowdGroup",
      "GroupGUID": "07b82b68-2f79-4144-b90f-c63e8fc070c1",
      "GroupPath": "Config/LevelOutput/Group/Groups_P20222_F20222001/LevelGroup_P20222_F20222001_G114.json"
    },
    {
      "ID": 115,
      "Name": "MainMission1021101_12",
      "GroupGUID": "e5c956e9-87f6-491c-a520-8dc4fba6ce23",
      "GroupPath": "Config/LevelOutput/Group/Groups_P20222_F20222001/LevelGroup_P20222_F20222001_G115.json"
    },
    {
      "ID": 116,
      "Name": "New Group",
      "GroupGUID": "74a8558e-c344-4571-8bb0-c603b796a288",
      "GroupPath": "Config/LevelOutput/Group/Groups_P20222_F20222001/LevelGroup_P20222_F20222001_G116.json"
    },
    {
      "ID": 47,
      "Name": "Submisisn2020309",
      "GroupGUID": "e7d34f7f-b1ce-4e4d-b43f-f898775ac023",
      "GroupPath": "Config/LevelOutput/Group/Groups_P20222_F20222001/LevelGroup_P20222_F20222001_G47.json"
    },
    {
      "ID": 117,
      "Name": "LogisticsRobot",
      "GroupGUID": "6c9774de-f0ab-4726-8fef-11f9af2af883",
      "GroupPath": "Config/LevelOutput/Group/Groups_P20222_F20222001/LevelGroup_P20222_F20222001_G117.json"
    },
    {
      "ID": 118,
      "Name": "LogisticsRobot",
      "GroupGUID": "edd6abd1-e9a1-446b-970b-f328083cd48e",
      "GroupPath": "Config/LevelOutput/Group/Groups_P20222_F20222001/LevelGroup_P20222_F20222001_G118.json"
    },
    {
      "ID": 119,
      "Name": "LogisticsRobot",
      "GroupGUID": "db866f55-eb37-4fe6-a8cd-774e4655b973",
      "GroupPath": "Config/LevelOutput/Group/Groups_P20222_F20222001/LevelGroup_P20222_F20222001_G119.json"
    },
    {
      "ID": 120,
      "Name": "LogisticsRobot",
      "GroupGUID": "89e01380-f1df-428b-a137-2b0cfeee7d02",
      "GroupPath": "Config/LevelOutput/Group/Groups_P20222_F20222001/LevelGroup_P20222_F20222001_G120.json"
    },
    {
      "ID": 121,
      "Name": "PropDialogue",
      "GroupGUID": "61e1f4ee-cf43-42ef-92e1-9c164d6ce811",
      "GroupPath": "Config/LevelOutput/Group/Groups_P20222_F20222001/LevelGroup_P20222_F20222001_G121.json"
    },
    {
      "ID": 122,
      "Name": "InsertionPuzzle",
      "GroupGUID": "6dfd6a80-ab3a-4a5f-8d3c-7f648817e3ae",
      "GroupPath": "Config/LevelOutput/Group/Groups_P20222_F20222001/LevelGroup_P20222_F20222001_G122.json"
    },
    {
      "ID": 123,
      "Name": "NPC-Resident",
      "GroupGUID": "ec1b1745-5e9b-4176-b31c-67da9644957e",
      "GroupPath": "Config/LevelOutput/Group/Groups_P20222_F20222001/LevelGroup_P20222_F20222001_G123.json"
    },
    {
      "ID": 129,
      "Name": "MainMission2020104_07",
      "GroupGUID": "4f175154-0d65-49aa-940c-e52e68a298ce",
      "GroupPath": "Config/LevelOutput/Group/Groups_P20222_F20222001/LevelGroup_P20222_F20222001_G129.json"
    },
    {
      "ID": 130,
      "Name": "MainMission2020104_08",
      "GroupGUID": "42d2465a-bc59-4047-b2c8-8317f0fd0174",
      "GroupPath": "Config/LevelOutput/Group/Groups_P20222_F20222001/LevelGroup_P20222_F20222001_G130.json"
    },
    {
      "ID": 131,
      "Name": "MainMission_RoadBlock",
      "GroupGUID": "15f3ff61-1145-4029-a8e9-939ff50f71d6",
      "GroupPath": "Config/LevelOutput/Group/Groups_P20222_F20222001/LevelGroup_P20222_F20222001_G131.json"
    },
    {
      "ID": 132,
      "IsDelete": true,
      "Name": "GateCLose",
      "GroupGUID": "11ba3cff-34e7-4e96-bbcf-8fcc3578b126",
      "GroupPath": "Config/LevelOutput/Group/Groups_P20222_F20222001/LevelGroup_P20222_F20222001_G132.json"
    },
    {
      "ID": 133,
      "Name": "HideStageObj",
      "GroupGUID": "c94e2ad9-6133-4265-bc36-f6f0c267a0b8",
      "GroupPath": "Config/LevelOutput/Group/Groups_P20222_F20222001/LevelGroup_P20222_F20222001_G133.json"
    },
    {
      "ID": 134,
      "Name": "MainMission4015202_",
      "GroupGUID": "81961cdd-a8dc-4fbb-b0da-abf71dee5b78",
      "GroupPath": "Config/LevelOutput/Group/Groups_P20222_F20222001/LevelGroup_P20222_F20222001_G134.json"
    },
    {
      "ID": 170,
      "Name": "MainMission4015202_MappingInfo",
      "GroupGUID": "d848dcd7-c2a3-42ed-ba26-99c0c88ac194",
      "GroupPath": "Config/LevelOutput/Group/Groups_P20222_F20222001/LevelGroup_P20222_F20222001_G170.json"
    },
    {
      "ID": 150,
      "Name": "MainMission4015203_",
      "GroupGUID": "a62b5c1e-d498-4dae-bf19-47e1ab3a9da5",
      "GroupPath": "Config/LevelOutput/Group/Groups_P20222_F20222001/LevelGroup_P20222_F20222001_G150.json"
    },
    {
      "ID": 168,
      "Name": "MainMission4015203_MappingInfo",
      "GroupGUID": "9755c956-a38c-4453-aae7-07639aa795d2",
      "GroupPath": "Config/LevelOutput/Group/Groups_P20222_F20222001/LevelGroup_P20222_F20222001_G168.json"
    },
    {
      "ID": 151,
      "Name": "MainMission4015204_",
      "GroupGUID": "5ea0cfe6-b21f-4205-8486-8352cb77e1ce",
      "GroupPath": "Config/LevelOutput/Group/Groups_P20222_F20222001/LevelGroup_P20222_F20222001_G151.json"
    },
    {
      "ID": 169,
      "Name": "MainMission4015204_MappingInfo",
      "GroupGUID": "83edfac6-c9c6-4a07-9cb0-45c4412c7d0e",
      "GroupPath": "Config/LevelOutput/Group/Groups_P20222_F20222001/LevelGroup_P20222_F20222001_G169.json"
    },
    {
      "ID": 135,
      "Name": "MainMission4015202_",
      "GroupGUID": "1efd184a-813e-4479-9c1f-d72155e5e432",
      "GroupPath": "Config/LevelOutput/Group/Groups_P20222_F20222001/LevelGroup_P20222_F20222001_G135.json"
    },
    {
      "ID": 136,
      "Name": "MainMission4015202_",
      "GroupGUID": "c3590b6d-7305-44e5-b1c1-fcec093cced8",
      "GroupPath": "Config/LevelOutput/Group/Groups_P20222_F20222001/LevelGroup_P20222_F20222001_G136.json"
    },
    {
      "ID": 137,
      "Name": "MainMission4015202_",
      "GroupGUID": "e35ddf2a-2a05-472b-883b-12fe9a3c2fc3",
      "GroupPath": "Config/LevelOutput/Group/Groups_P20222_F20222001/LevelGroup_P20222_F20222001_G137.json"
    },
    {
      "ID": 139,
      "IsDelete": true,
      "Name": "MainMission4015202_",
      "GroupGUID": "802317d8-4972-42d7-b1ac-deb60e6ebb38",
      "GroupPath": "Config/LevelOutput/Group/Groups_P20222_F20222001/LevelGroup_P20222_F20222001_G139.json"
    },
    {
      "ID": 144,
      "Name": "MainMission4015203_",
      "GroupGUID": "5f867a76-b7c2-4564-ab2e-6ee90aedbe96",
      "GroupPath": "Config/LevelOutput/Group/Groups_P20222_F20222001/LevelGroup_P20222_F20222001_G144.json"
    },
    {
      "ID": 145,
      "Name": "MainMission4015203_",
      "GroupGUID": "08595f22-4c72-42d2-b4e0-9b56aaca7b20",
      "GroupPath": "Config/LevelOutput/Group/Groups_P20222_F20222001/LevelGroup_P20222_F20222001_G145.json"
    },
    {
      "ID": 146,
      "Name": "MainMission4015203_",
      "GroupGUID": "665a9240-5b7a-4fc7-8995-46953deaa837",
      "GroupPath": "Config/LevelOutput/Group/Groups_P20222_F20222001/LevelGroup_P20222_F20222001_G146.json"
    },
    {
      "ID": 147,
      "Name": "MainMission4015204_",
      "GroupGUID": "a7be4d82-acb8-498c-a403-eb233187b29b",
      "GroupPath": "Config/LevelOutput/Group/Groups_P20222_F20222001/LevelGroup_P20222_F20222001_G147.json"
    },
    {
      "ID": 148,
      "Name": "MainMission4015202_",
      "GroupGUID": "13a3ff7b-3cf1-4284-9892-d91d67a16b85",
      "GroupPath": "Config/LevelOutput/Group/Groups_P20222_F20222001/LevelGroup_P20222_F20222001_G148.json"
    },
    {
      "ID": 149,
      "Name": "MainMission4015202_",
      "GroupGUID": "347713b0-6deb-4099-b504-73b5055e1f37",
      "GroupPath": "Config/LevelOutput/Group/Groups_P20222_F20222001/LevelGroup_P20222_F20222001_G149.json"
    },
    {
      "ID": 141,
      "Name": "MainMission4015202_",
      "GroupGUID": "27c89ac2-20ad-4fa2-93a8-a3eeb3b4ffd2",
      "GroupPath": "Config/LevelOutput/Group/Groups_P20222_F20222001/LevelGroup_P20222_F20222001_G141.json"
    },
    {
      "ID": 138,
      "Name": "MainMission4015202_",
      "GroupGUID": "aaf7eea8-90f7-4608-b84c-d10f4d697b54",
      "GroupPath": "Config/LevelOutput/Group/Groups_P20222_F20222001/LevelGroup_P20222_F20222001_G138.json"
    },
    {
      "ID": 140,
      "Name": "MainMission4015202_",
      "GroupGUID": "85457f0c-95a3-40dd-8413-b8094f76c6f8",
      "GroupPath": "Config/LevelOutput/Group/Groups_P20222_F20222001/LevelGroup_P20222_F20222001_G140.json"
    },
    {
      "ID": 154,
      "Name": "MainMission4015203_",
      "GroupGUID": "058e9a77-28a4-4e2e-9e9d-cf1ce8795e2e",
      "GroupPath": "Config/LevelOutput/Group/Groups_P20222_F20222001/LevelGroup_P20222_F20222001_G154.json"
    },
    {
      "ID": 157,
      "Name": "MainMission4015204_",
      "GroupGUID": "4341f1ba-533e-4749-8fa7-11270df67552",
      "GroupPath": "Config/LevelOutput/Group/Groups_P20222_F20222001/LevelGroup_P20222_F20222001_G157.json"
    },
    {
      "ID": 159,
      "Name": "MainMission2020104_17",
      "GroupGUID": "52fcfd31-6dc6-47a0-90ca-327feca39a52",
      "GroupPath": "Config/LevelOutput/Group/Groups_P20222_F20222001/LevelGroup_P20222_F20222001_G159.json"
    },
    {
      "ID": 160,
      "Name": "Gameplay_CallPuppy_ForSpecialVision",
      "GroupGUID": "d22c7cc5-ff17-4e1a-8a66-fe7a47ff8b73",
      "GroupPath": "Config/LevelOutput/Group/Groups_P20222_F20222001/LevelGroup_P20222_F20222001_G160.json"
    },
    {
      "ID": 161,
      "Name": "MainMission2020104_18",
      "GroupGUID": "6add90cf-6393-4abe-ad17-7bcef14cae12",
      "GroupPath": "Config/LevelOutput/Group/Groups_P20222_F20222001/LevelGroup_P20222_F20222001_G161.json"
    },
    {
      "ID": 162,
      "Name": "MainMission2020104_30",
      "GroupGUID": "d8c54466-5660-47a6-994e-e0e5abdecf8c",
      "GroupPath": "Config/LevelOutput/Group/Groups_P20222_F20222001/LevelGroup_P20222_F20222001_G162.json"
    },
    {
      "ID": 163,
      "Name": "MainMission2020104_19",
      "GroupGUID": "16e275d2-110b-4fae-977e-076a54f89550",
      "GroupPath": "Config/LevelOutput/Group/Groups_P20222_F20222001/LevelGroup_P20222_F20222001_G163.json"
    },
    {
      "ID": 164,
      "Name": "JianMu",
      "GroupGUID": "cde4b3c9-ce02-435a-b842-e4a8e5e4087b",
      "GroupPath": "Config/LevelOutput/Group/Groups_P20222_F20222001/LevelGroup_P20222_F20222001_G164.json"
    },
    {
      "ID": 165,
      "Name": "EffGroup",
      "GroupGUID": "d2e4b40f-312e-40d1-99c5-7c01a89a57bd",
      "GroupPath": "Config/LevelOutput/Group/Groups_P20222_F20222001/LevelGroup_P20222_F20222001_G165.json"
    },
    {
      "ID": 166,
      "Name": "MainMission2020104_35",
      "GroupGUID": "f9934c5c-4a8f-4f93-9c08-8a7a2a936d2d",
      "GroupPath": "Config/LevelOutput/Group/Groups_P20222_F20222001/LevelGroup_P20222_F20222001_G166.json"
    },
    {
      "ID": 171,
      "Name": "New Group",
      "GroupGUID": "9ed8bbce-9441-4892-90fc-193a1c01a003",
      "GroupPath": "Config/LevelOutput/Group/Groups_P20222_F20222001/LevelGroup_P20222_F20222001_G171.json"
    },
    {
      "ID": 172,
      "Name": "MainMission4040244_",
      "GroupGUID": "c73fffd3-c392-4f96-8363-4658603a5f26",
      "GroupPath": "Config/LevelOutput/Group/Groups_P20222_F20222001/LevelGroup_P20222_F20222001_G172.json"
    },
    {
      "ID": 173,
      "Name": "MainMission1021702_AF_Gongshu",
      "GroupGUID": "4cbe1253-ca9d-40f2-97c4-9a6f05318061",
      "GroupPath": "Config/LevelOutput/Group/Groups_P20222_F20222001/LevelGroup_P20222_F20222001_G173.json"
    },
    {
      "ID": 61,
      "Name": "ExitGroup",
      "GroupGUID": "56b6b976-5c10-442e-b6a6-6a9201c438cb",
      "GroupPath": "Config/LevelOutput/Group/Groups_P20222_F20222001/LevelGroup_P20222_F20222001_G61.json"
    },
    {
      "ID": 174,
      "Name": "Shelter Group",
      "GroupGUID": "669e81ba-b192-4818-9cdf-c64a2ff6d7d4",
      "GroupPath": "Config/LevelOutput/Group/Groups_P20222_F20222001/LevelGroup_P20222_F20222001_G174.json"
    },
    {
      "ID": 127,
      "Name": "ExitFrom",
      "GroupGUID": "aa0491b2-2bfa-4331-a2ef-fc35c71fdc26",
      "GroupPath": "Config/LevelOutput/Group/Groups_P20222_F20222001/LevelGroup_P20222_F20222001_G127.json"
    },
    {
      "ID": 176,
      "Name": "MainMission4040244_",
      "GroupGUID": "3d968a17-971d-48b0-8f9f-6ff774a2fee1",
      "GroupPath": "Config/LevelOutput/Group/Groups_P20222_F20222001/LevelGroup_P20222_F20222001_G176.json"
    },
    {
      "ID": 177,
      "Name": "MainMission4040241_",
      "GroupGUID": "b2bc41df-ae3d-4119-8ff7-a6c62a004098",
      "GroupPath": "Config/LevelOutput/Group/Groups_P20222_F20222001/LevelGroup_P20222_F20222001_G177.json"
    },
    {
      "ID": 179,
      "Name": "MainMission1021101_14",
      "GroupGUID": "7ab8f018-61a4-410f-92a8-eebcc4593441",
      "GroupPath": "Config/LevelOutput/Group/Groups_P20222_F20222001/LevelGroup_P20222_F20222001_G179.json"
    },
    {
      "ID": 180,
      "Name": "MainMission_RoadBlock",
      "GroupGUID": "615c9617-58de-408d-800f-5fa2c5ea4040",
      "GroupPath": "Config/LevelOutput/Group/Groups_P20222_F20222001/LevelGroup_P20222_F20222001_G180.json"
    },
    {
      "ID": 181,
      "Name": "Alabastrum",
      "GroupGUID": "dbe39cae-c754-4c97-bcc5-4f9497f157e5",
      "GroupPath": "Config/LevelOutput/Group/Groups_P20222_F20222001/LevelGroup_P20222_F20222001_G181.json"
    },
    {
      "ID": 182,
      "Name": "MainMission1021101_13",
      "GroupGUID": "090af04d-24b7-4392-9022-9657973410d5",
      "GroupPath": "Config/LevelOutput/Group/Groups_P20222_F20222001/LevelGroup_P20222_F20222001_G182.json"
    },
    {
      "ID": 184,
      "Name": "MainMission_RoadBlock",
      "GroupGUID": "34888442-eef3-4d38-a014-02e9634e66ba",
      "GroupPath": "Config/LevelOutput/Group/Groups_P20222_F20222001/LevelGroup_P20222_F20222001_G184.json"
    },
    {
      "ID": 185,
      "Name": "Danshu-Diary02",
      "GroupGUID": "cc7cad2f-400f-487e-a370-53a772ff7de3",
      "GroupPath": "Config/LevelOutput/Group/Groups_P20222_F20222001/LevelGroup_P20222_F20222001_G185.json"
    }
  ]
}