{
  "FloorID": 20223001,
  "FloorName": "FloorName_20223001",
  "StartGroupID": 1,
  "StartAnchorID": 1,
  "GroupList": [
    {
      "ID": 1,
      "Name": "DefaultGroup",
      "GroupGUID": "94787389-f226-417b-bd94-4da76c075534",
      "GroupPath": "Config/LevelOutput/Group/Groups_P20223_F20223001/LevelGroup_P20223_F20223001_G1.json"
    },
    {
      "ID": 265,
      "Name": "CheckPointAdded",
      "GroupGUID": "0a05ae98-ff02-41df-9ecb-7dd20dd3ee8a",
      "GroupPath": "Config/LevelOutput/Group/Groups_P20223_F20223001/LevelGroup_P20223_F20223001_G265.json"
    },
    {
      "ID": 2,
      "Name": "Exit",
      "GroupGUID": "c7211ae8-d5f1-4960-87da-013be59c9e39",
      "GroupPath": "Config/LevelOutput/Group/Groups_P20223_F20223001/LevelGroup_P20223_F20223001_G2.json"
    },
    {
      "ID": 12,
      "Name": "MainMission2021701_HH_TX_01",
      "GroupGUID": "743a9734-448e-4900-b58c-c5d441e55698",
      "GroupPath": "Config/LevelOutput/Group/Groups_P20223_F20223001/LevelGroup_P20223_F20223001_G12.json"
    },
    {
      "ID": 13,
      "Name": "Portal",
      "GroupGUID": "d59870a1-a228-45d4-9c6c-8dd763a1732a",
      "GroupPath": "Config/LevelOutput/Group/Groups_P20223_F20223001/LevelGroup_P20223_F20223001_G13.json"
    },
    {
      "ID": 14,
      "Name": "MainMission2021701_HH_TX_02",
      "GroupGUID": "f587c5ca-40f5-45eb-9222-bcb8c96f3a2e",
      "GroupPath": "Config/LevelOutput/Group/Groups_P20223_F20223001/LevelGroup_P20223_F20223001_G14.json"
    },
    {
      "ID": 15,
      "Name": "DistructableDefault",
      "GroupGUID": "30701c83-f223-4379-8c74-31156cc6096b",
      "GroupPath": "Config/LevelOutput/Group/Groups_P20223_F20223001/LevelGroup_P20223_F20223001_G15.json"
    },
    {
      "ID": 143,
      "Name": "DefaultMonster",
      "GroupGUID": "9cb404b6-9d80-4e88-bd78-bf5131b1f9e1",
      "GroupPath": "Config/LevelOutput/Group/Groups_P20223_F20223001/LevelGroup_P20223_F20223001_G143.json"
    },
    {
      "ID": 16,
      "Name": "DefaultMonster",
      "GroupGUID": "4a09218f-b700-44e0-ad65-9a966ba16ffd",
      "GroupPath": "Config/LevelOutput/Group/Groups_P20223_F20223001/LevelGroup_P20223_F20223001_G16.json"
    },
    {
      "ID": 142,
      "Name": "DefaultMonster",
      "GroupGUID": "dfea037a-f0cd-4a68-9286-836c445c89fe",
      "GroupPath": "Config/LevelOutput/Group/Groups_P20223_F20223001/LevelGroup_P20223_F20223001_G142.json"
    },
    {
      "ID": 17,
      "Name": "Monster_ChestMonster",
      "GroupGUID": "511edd93-5fe6-474d-a352-8516a8cb10a5",
      "GroupPath": "Config/LevelOutput/Group/Groups_P20223_F20223001/LevelGroup_P20223_F20223001_G17.json"
    },
    {
      "ID": 22,
      "Name": "Default_ChallengeChest",
      "GroupGUID": "158d276c-0999-4beb-8404-1acc56d8155d",
      "GroupPath": "Config/LevelOutput/Group/Groups_P20223_F20223001/LevelGroup_P20223_F20223001_G22.json"
    },
    {
      "ID": 18,
      "Name": "Default_ChallengeChest",
      "GroupGUID": "ae3704a3-22d9-4eec-bb02-0b6e3f866c33",
      "GroupPath": "Config/LevelOutput/Group/Groups_P20223_F20223001/LevelGroup_P20223_F20223001_G18.json"
    },
    {
      "ID": 20,
      "Name": "FarmElement",
      "GroupGUID": "e40683a2-20cf-4db2-8777-58299e913670",
      "GroupPath": "Config/LevelOutput/Group/Groups_P20223_F20223001/LevelGroup_P20223_F20223001_G20.json"
    },
    {
      "ID": 67,
      "Name": "FarmRelic",
      "GroupGUID": "29c7961d-6a38-4fd9-95c1-97b99a84d080",
      "GroupPath": "Config/LevelOutput/Group/Groups_P20223_F20223001/LevelGroup_P20223_F20223001_G67.json"
    },
    {
      "ID": 144,
      "Name": "MainMission2021701_Monster",
      "GroupGUID": "5e5b9227-d6af-48ea-ac46-53806fe56ec4",
      "GroupPath": "Config/LevelOutput/Group/Groups_P20223_F20223001/LevelGroup_P20223_F20223001_G144.json"
    },
    {
      "ID": 21,
      "Name": "Default_Chest",
      "GroupGUID": "b7c77d42-2db5-4bbb-baaf-89f5082ad07b",
      "GroupPath": "Config/LevelOutput/Group/Groups_P20223_F20223001/LevelGroup_P20223_F20223001_G21.json"
    },
    {
      "ID": 24,
      "Name": "MainMission2021701_HH_TX_03",
      "GroupGUID": "c123151e-97cb-4ea2-8a82-f4181654d2c7",
      "GroupPath": "Config/LevelOutput/Group/Groups_P20223_F20223001/LevelGroup_P20223_F20223001_G24.json"
    },
    {
      "ID": 25,
      "Name": "MainMission2021701_HH_TX_04",
      "GroupGUID": "9fe7a558-33c7-4c5d-acf4-50989f2485a1",
      "GroupPath": "Config/LevelOutput/Group/Groups_P20223_F20223001/LevelGroup_P20223_F20223001_G25.json"
    },
    {
      "ID": 26,
      "Name": "MainMission2021701_HH_TX_05",
      "GroupGUID": "1ed4172a-531b-4a7f-a8b6-febc387e5876",
      "GroupPath": "Config/LevelOutput/Group/Groups_P20223_F20223001/LevelGroup_P20223_F20223001_G26.json"
    },
    {
      "ID": 27,
      "Name": "Tower",
      "GroupGUID": "1721bc65-7632-4f0e-95f0-d08d38749873",
      "GroupPath": "Config/LevelOutput/Group/Groups_P20223_F20223001/LevelGroup_P20223_F20223001_G27.json"
    },
    {
      "ID": 28,
      "Name": "MainMission2021703_HH_TX_06",
      "GroupGUID": "c671bd6a-54cf-48b1-bc1e-201590a4a149",
      "GroupPath": "Config/LevelOutput/Group/Groups_P20223_F20223001/LevelGroup_P20223_F20223001_G28.json"
    },
    {
      "ID": 29,
      "Name": "MainMission8015101_Mission",
      "GroupGUID": "eff337a8-1105-4818-8790-337aab17247c",
      "GroupPath": "Config/LevelOutput/Group/Groups_P20223_F20223001/LevelGroup_P20223_F20223001_G29.json",
      "ExportTarget": "Dev"
    },
    {
      "ID": 30,
      "Name": "MainMission2021705_HH_TX_End",
      "GroupGUID": "44e5527d-ffa4-4f95-a114-ce92ae511919",
      "GroupPath": "Config/LevelOutput/Group/Groups_P20223_F20223001/LevelGroup_P20223_F20223001_G30.json"
    },
    {
      "ID": 32,
      "Name": "MainMission8015101_Hanya",
      "GroupGUID": "4a614861-a522-4356-9e82-69e0f0efddd1",
      "GroupPath": "Config/LevelOutput/Group/Groups_P20223_F20223001/LevelGroup_P20223_F20223001_G32.json",
      "ExportTarget": "Dev"
    },
    {
      "ID": 33,
      "Name": "MainMission8015101_Jingyuan",
      "GroupGUID": "a584a861-1293-4da0-86e2-439d29e00791",
      "GroupPath": "Config/LevelOutput/Group/Groups_P20223_F20223001/LevelGroup_P20223_F20223001_G33.json",
      "ExportTarget": "Dev"
    },
    {
      "ID": 36,
      "Name": "MainMission8015104_Mission",
      "GroupGUID": "f8d0d777-07c3-434d-8ffe-0f89390dd6c9",
      "GroupPath": "Config/LevelOutput/Group/Groups_P20223_F20223001/LevelGroup_P20223_F20223001_G36.json",
      "ExportTarget": "Dev"
    },
    {
      "ID": 37,
      "Name": "MainMission8015104_801510408",
      "GroupGUID": "6050f14c-e6a5-4be9-bbb2-688703cd1348",
      "GroupPath": "Config/LevelOutput/Group/Groups_P20223_F20223001/LevelGroup_P20223_F20223001_G37.json",
      "ExportTarget": "Dev"
    },
    {
      "ID": 38,
      "Name": "MainMission8015104_801510409",
      "GroupGUID": "7ac71973-9683-4a93-923d-10f553302a5c",
      "GroupPath": "Config/LevelOutput/Group/Groups_P20223_F20223001/LevelGroup_P20223_F20223001_G38.json",
      "ExportTarget": "Dev"
    },
    {
      "ID": 40,
      "Name": "MainMission8015104_Jingyuan",
      "GroupGUID": "ff762d10-0dc7-468d-bcaf-2a7b68ae004f",
      "GroupPath": "Config/LevelOutput/Group/Groups_P20223_F20223001/LevelGroup_P20223_F20223001_G40.json",
      "ExportTarget": "Dev"
    },
    {
      "ID": 34,
      "Name": "MainMission8015102_Mission",
      "GroupGUID": "180149d5-70a8-4118-8b1d-3d311381bb95",
      "GroupPath": "Config/LevelOutput/Group/Groups_P20223_F20223001/LevelGroup_P20223_F20223001_G34.json",
      "ExportTarget": "Dev"
    },
    {
      "ID": 44,
      "Name": "MainMission8015102_Jingyuan",
      "GroupGUID": "8953b801-08b9-40ac-ad79-72e1f55056fb",
      "GroupPath": "Config/LevelOutput/Group/Groups_P20223_F20223001/LevelGroup_P20223_F20223001_G44.json",
      "ExportTarget": "Dev"
    },
    {
      "ID": 47,
      "Name": "MainMission8015104_801510416",
      "GroupGUID": "b5776718-b52f-4bbe-a542-daea2de2bd18",
      "GroupPath": "Config/LevelOutput/Group/Groups_P20223_F20223001/LevelGroup_P20223_F20223001_G47.json",
      "ExportTarget": "Dev"
    },
    {
      "ID": 46,
      "Name": "MainMission8015103_Mission",
      "GroupGUID": "f43e15fb-5c54-42c9-9543-02e662344d17",
      "GroupPath": "Config/LevelOutput/Group/Groups_P20223_F20223001/LevelGroup_P20223_F20223001_G46.json",
      "ExportTarget": "Dev"
    },
    {
      "ID": 49,
      "Name": "SuiGardenElevator",
      "GroupGUID": "312deb00-258b-4373-826e-e698703d1b0e",
      "GroupPath": "Config/LevelOutput/Group/Groups_P20223_F20223001/LevelGroup_P20223_F20223001_G49.json"
    },
    {
      "ID": 50,
      "Name": "MainMission8015191_PreMission",
      "GroupGUID": "49d5456e-2688-47fb-945f-6d26290f9af2",
      "GroupPath": "Config/LevelOutput/Group/Groups_P20223_F20223001/LevelGroup_P20223_F20223001_G50.json",
      "ExportTarget": "Dev"
    },
    {
      "ID": 51,
      "Name": "MainMission8015192_PreMission",
      "GroupGUID": "dd9267d6-ad43-4b79-b956-a38167f1cb4a",
      "GroupPath": "Config/LevelOutput/Group/Groups_P20223_F20223001/LevelGroup_P20223_F20223001_G51.json",
      "ExportTarget": "Dev"
    },
    {
      "ID": 52,
      "Name": "MainMission8015193_PreMission",
      "GroupGUID": "b2ddb6fa-90d1-4b2f-af33-4782429bc71b",
      "GroupPath": "Config/LevelOutput/Group/Groups_P20223_F20223001/LevelGroup_P20223_F20223001_G52.json",
      "ExportTarget": "Dev"
    },
    {
      "ID": 54,
      "Name": "MainMission_80151",
      "GroupGUID": "9e60d959-f4a6-4add-9636-19201b541622",
      "GroupPath": "Config/LevelOutput/Group/Groups_P20223_F20223001/LevelGroup_P20223_F20223001_G54.json"
    },
    {
      "ID": 57,
      "Name": "Heliobus_ChallengeTower1",
      "GroupGUID": "53546abc-436e-4b02-b5d7-b561c0d8c641",
      "GroupPath": "Config/LevelOutput/Group/Groups_P20223_F20223001/LevelGroup_P20223_F20223001_G57.json"
    },
    {
      "ID": 58,
      "Name": "Heliobus_ChallengeTower2",
      "GroupGUID": "8711a4c7-fb69-4f18-8ddd-ce5a6bb8fdb2",
      "GroupPath": "Config/LevelOutput/Group/Groups_P20223_F20223001/LevelGroup_P20223_F20223001_G58.json"
    },
    {
      "ID": 59,
      "Name": "Heliobus_ChallengeTower3",
      "GroupGUID": "ca1c71d9-6a33-4992-b185-21c166286229",
      "GroupPath": "Config/LevelOutput/Group/Groups_P20223_F20223001/LevelGroup_P20223_F20223001_G59.json"
    },
    {
      "ID": 60,
      "Name": "Heliobus_ChallengeTower4",
      "GroupGUID": "b07b1466-81d3-48df-a3aa-756cb887893d",
      "GroupPath": "Config/LevelOutput/Group/Groups_P20223_F20223001/LevelGroup_P20223_F20223001_G60.json"
    },
    {
      "ID": 65,
      "Name": "MainMission8015150_801515001",
      "GroupGUID": "a5dd2ca5-dcf6-4cb6-9aef-b3ca8551a9ba",
      "GroupPath": "Config/LevelOutput/Group/Groups_P20223_F20223001/LevelGroup_P20223_F20223001_G65.json"
    },
    {
      "ID": 66,
      "Name": "MainMission8015153_801515301",
      "GroupGUID": "651c052f-fe5f-4aab-b631-d3ad235ef320",
      "GroupPath": "Config/LevelOutput/Group/Groups_P20223_F20223001/LevelGroup_P20223_F20223001_G66.json"
    },
    {
      "ID": 68,
      "Name": "MainMission8015152_801515201",
      "GroupGUID": "4a25e8c5-fcb1-413c-b3bb-ea74d4fe8ff2",
      "GroupPath": "Config/LevelOutput/Group/Groups_P20223_F20223001/LevelGroup_P20223_F20223001_G68.json"
    },
    {
      "ID": 69,
      "Name": "MainMission8015152_801515205",
      "GroupGUID": "ff6093bc-dc0c-403d-91d3-0d99eb6acd20",
      "GroupPath": "Config/LevelOutput/Group/Groups_P20223_F20223001/LevelGroup_P20223_F20223001_G69.json"
    },
    {
      "ID": 70,
      "Name": "Heliobus_ChallengeTower5",
      "GroupGUID": "1484e067-0f6f-4c54-8cd1-0acfd9d41bfc",
      "GroupPath": "Config/LevelOutput/Group/Groups_P20223_F20223001/LevelGroup_P20223_F20223001_G70.json"
    },
    {
      "ID": 71,
      "Name": "MainMission8015152_801515208",
      "GroupGUID": "e4e3f9c4-6d4e-431f-a4f2-22a55773fb67",
      "GroupPath": "Config/LevelOutput/Group/Groups_P20223_F20223001/LevelGroup_P20223_F20223001_G71.json"
    },
    {
      "ID": 72,
      "Name": "BattleArea",
      "GroupGUID": "88d35339-7324-4df2-846d-bddced6e09c6",
      "GroupPath": "Config/LevelOutput/Group/Groups_P20223_F20223001/LevelGroup_P20223_F20223001_G72.json"
    },
    {
      "ID": 73,
      "Name": "MainMission8015155_801515501",
      "GroupGUID": "f795c2d3-6b21-4e10-9c93-5dc8bbc3ebec",
      "GroupPath": "Config/LevelOutput/Group/Groups_P20223_F20223001/LevelGroup_P20223_F20223001_G73.json"
    },
    {
      "ID": 74,
      "Name": "MainMission8015155_801515506",
      "GroupGUID": "87b4401e-54da-4967-a98d-f8c0b7d2a73f",
      "GroupPath": "Config/LevelOutput/Group/Groups_P20223_F20223001/LevelGroup_P20223_F20223001_G74.json"
    },
    {
      "ID": 75,
      "Name": "MainMission8015155_801515507",
      "GroupGUID": "491680d9-91f4-41d5-9f6d-6f48147e75d5",
      "GroupPath": "Config/LevelOutput/Group/Groups_P20223_F20223001/LevelGroup_P20223_F20223001_G75.json"
    },
    {
      "ID": 76,
      "Name": "Drone",
      "GroupGUID": "8969dec8-2eda-4e90-8e1d-005f685b8427",
      "GroupPath": "Config/LevelOutput/Group/Groups_P20223_F20223001/LevelGroup_P20223_F20223001_G76.json"
    },
    {
      "ID": 260,
      "Name": "Drone",
      "GroupGUID": "9a654a83-4ef2-426d-861f-adc718d7c0b8",
      "GroupPath": "Config/LevelOutput/Group/Groups_P20223_F20223001/LevelGroup_P20223_F20223001_G260.json"
    },
    {
      "ID": 77,
      "Name": "Drone",
      "GroupGUID": "af2ea4ab-fec1-41dd-bcc8-a5824773c18d",
      "GroupPath": "Config/LevelOutput/Group/Groups_P20223_F20223001/LevelGroup_P20223_F20223001_G77.json"
    },
    {
      "ID": 261,
      "Name": "Drone",
      "GroupGUID": "971740e8-f7a5-4a59-9972-d1eaff046f1e",
      "GroupPath": "Config/LevelOutput/Group/Groups_P20223_F20223001/LevelGroup_P20223_F20223001_G261.json"
    },
    {
      "ID": 78,
      "Name": "Drone",
      "GroupGUID": "3e22adc9-4d52-483f-a282-e19402419f27",
      "GroupPath": "Config/LevelOutput/Group/Groups_P20223_F20223001/LevelGroup_P20223_F20223001_G78.json"
    },
    {
      "ID": 262,
      "Name": "Drone",
      "GroupGUID": "228b90b1-2a88-46b3-b1e6-f5b2b22e4377",
      "GroupPath": "Config/LevelOutput/Group/Groups_P20223_F20223001/LevelGroup_P20223_F20223001_G262.json"
    },
    {
      "ID": 79,
      "Name": "MainMission8015180_New Group",
      "GroupGUID": "f9dbbe1d-477c-41ee-9906-fe6bde889c39",
      "GroupPath": "Config/LevelOutput/Group/Groups_P20223_F20223001/LevelGroup_P20223_F20223001_G79.json"
    },
    {
      "ID": 80,
      "Name": "MainMission8015180_New Group",
      "GroupGUID": "5ee6c9ea-603c-4c36-a792-3f206b23c822",
      "GroupPath": "Config/LevelOutput/Group/Groups_P20223_F20223001/LevelGroup_P20223_F20223001_G80.json"
    },
    {
      "ID": 81,
      "Name": "MainMission8015180_New Group",
      "GroupGUID": "77f0b291-8176-4154-8153-ccf4cd6f8709",
      "GroupPath": "Config/LevelOutput/Group/Groups_P20223_F20223001/LevelGroup_P20223_F20223001_G81.json"
    },
    {
      "ID": 83,
      "Name": "MainMission8015161_801516101",
      "GroupGUID": "495469b6-d064-449c-b70a-6c7f9ef7b76d",
      "GroupPath": "Config/LevelOutput/Group/Groups_P20223_F20223001/LevelGroup_P20223_F20223001_G83.json"
    },
    {
      "ID": 84,
      "Name": "MainMission8015162_801516201",
      "GroupGUID": "47ddc1bd-14c9-4a19-b8a4-bb52184c015c",
      "GroupPath": "Config/LevelOutput/Group/Groups_P20223_F20223001/LevelGroup_P20223_F20223001_G84.json"
    },
    {
      "ID": 85,
      "Name": "MainMission8015163_801516301",
      "GroupGUID": "35066b4a-980a-4c69-86e8-1426bab3a859",
      "GroupPath": "Config/LevelOutput/Group/Groups_P20223_F20223001/LevelGroup_P20223_F20223001_G85.json"
    },
    {
      "ID": 86,
      "Name": "MainMission8015164_801516401",
      "GroupGUID": "95a48757-7468-42c5-9a80-9f88cfb6e281",
      "GroupPath": "Config/LevelOutput/Group/Groups_P20223_F20223001/LevelGroup_P20223_F20223001_G86.json"
    },
    {
      "ID": 87,
      "Name": "MainMission8015165_801516501",
      "GroupGUID": "0047148f-d4eb-4ac2-b1d2-09e5028cf496",
      "GroupPath": "Config/LevelOutput/Group/Groups_P20223_F20223001/LevelGroup_P20223_F20223001_G87.json"
    },
    {
      "ID": 88,
      "Name": "MainMission8015171_801517101",
      "GroupGUID": "605a845d-7367-4375-a465-a268c311f228",
      "GroupPath": "Config/LevelOutput/Group/Groups_P20223_F20223001/LevelGroup_P20223_F20223001_G88.json"
    },
    {
      "ID": 89,
      "Name": "MainMission8015172_801517201",
      "GroupGUID": "ae6bc544-7fc5-4c66-a6a2-fa9b2fc5e3da",
      "GroupPath": "Config/LevelOutput/Group/Groups_P20223_F20223001/LevelGroup_P20223_F20223001_G89.json"
    },
    {
      "ID": 90,
      "Name": "MainMission8015173_801517301",
      "GroupGUID": "7ba7b0e5-f792-4632-835a-e262d7f20e9d",
      "GroupPath": "Config/LevelOutput/Group/Groups_P20223_F20223001/LevelGroup_P20223_F20223001_G90.json"
    },
    {
      "ID": 91,
      "Name": "New Group",
      "GroupGUID": "420b99f1-6f9a-4788-b979-f2bf80b83bc2",
      "GroupPath": "Config/LevelOutput/Group/Groups_P20223_F20223001/LevelGroup_P20223_F20223001_G91.json"
    },
    {
      "ID": 92,
      "Name": "MainMission8015194_801519401",
      "GroupGUID": "8d539127-b4e4-463d-8177-3059c690f895",
      "GroupPath": "Config/LevelOutput/Group/Groups_P20223_F20223001/LevelGroup_P20223_F20223001_G92.json"
    },
    {
      "ID": 93,
      "Name": "MainMission8015194_801519402",
      "GroupGUID": "cfb83649-95e7-4cfd-9c16-4552a3d646a9",
      "GroupPath": "Config/LevelOutput/Group/Groups_P20223_F20223001/LevelGroup_P20223_F20223001_G93.json"
    },
    {
      "ID": 95,
      "Name": "New Group",
      "GroupGUID": "c2c9229f-b6cb-42ef-a27a-ba0ecba12eef",
      "GroupPath": "Config/LevelOutput/Group/Groups_P20223_F20223001/LevelGroup_P20223_F20223001_G95.json"
    },
    {
      "ID": 96,
      "Name": "New Group",
      "GroupGUID": "4975b99e-edca-4717-93fd-73421d73f341",
      "GroupPath": "Config/LevelOutput/Group/Groups_P20223_F20223001/LevelGroup_P20223_F20223001_G96.json"
    },
    {
      "ID": 97,
      "Name": "Sound_01",
      "GroupGUID": "fcbc44dd-5d3c-4763-83b7-c1bd57e11d24",
      "GroupPath": "Config/LevelOutput/Group/Groups_P20223_F20223001/LevelGroup_P20223_F20223001_G97.json"
    },
    {
      "ID": 98,
      "Name": "Sound_02",
      "GroupGUID": "2ecbb0fc-bf80-439d-9588-954486b9641c",
      "GroupPath": "Config/LevelOutput/Group/Groups_P20223_F20223001/LevelGroup_P20223_F20223001_G98.json"
    },
    {
      "ID": 99,
      "Name": "Sound_03",
      "GroupGUID": "84590dd9-aa79-4ebc-8c48-38d95e525ad0",
      "GroupPath": "Config/LevelOutput/Group/Groups_P20223_F20223001/LevelGroup_P20223_F20223001_G99.json"
    },
    {
      "ID": 100,
      "Name": "MainMission4040260_1",
      "GroupGUID": "bf2a9972-7715-4b3c-ac7f-492bf6d62ef9",
      "GroupPath": "Config/LevelOutput/Group/Groups_P20223_F20223001/LevelGroup_P20223_F20223001_G100.json"
    },
    {
      "ID": 101,
      "Name": "MainMission4040260_2",
      "GroupGUID": "d8528281-2930-49c2-8ce2-678420c91014",
      "GroupPath": "Config/LevelOutput/Group/Groups_P20223_F20223001/LevelGroup_P20223_F20223001_G101.json"
    },
    {
      "ID": 102,
      "Name": "MainMission4040260_3",
      "GroupGUID": "27dfe38e-489c-4a74-8448-546157d6d183",
      "GroupPath": "Config/LevelOutput/Group/Groups_P20223_F20223001/LevelGroup_P20223_F20223001_G102.json"
    },
    {
      "ID": 103,
      "Name": "MainMission8015104_New Group",
      "GroupGUID": "a13dce1d-9ba0-4c15-b31d-333cff565ff2",
      "GroupPath": "Config/LevelOutput/Group/Groups_P20223_F20223001/LevelGroup_P20223_F20223001_G103.json"
    },
    {
      "ID": 104,
      "Name": "MainMission8015104_All",
      "GroupGUID": "c29d818a-8d67-4fb9-976f-2785b36d7b73",
      "GroupPath": "Config/LevelOutput/Group/Groups_P20223_F20223001/LevelGroup_P20223_F20223001_G104.json"
    },
    {
      "ID": 105,
      "Name": "MainMission8015104_12",
      "GroupGUID": "765df78f-3261-4f4c-ad80-7003802e2802",
      "GroupPath": "Config/LevelOutput/Group/Groups_P20223_F20223001/LevelGroup_P20223_F20223001_G105.json"
    },
    {
      "ID": 106,
      "Name": "MainMission8015104_14",
      "GroupGUID": "5cd0fce9-c622-4067-a2b6-292aa4216421",
      "GroupPath": "Config/LevelOutput/Group/Groups_P20223_F20223001/LevelGroup_P20223_F20223001_G106.json"
    },
    {
      "ID": 107,
      "Name": "MainMission8015104_16",
      "GroupGUID": "3b61840a-74ce-4339-bf1b-8215f99589c3",
      "GroupPath": "Config/LevelOutput/Group/Groups_P20223_F20223001/LevelGroup_P20223_F20223001_G107.json"
    },
    {
      "ID": 108,
      "Name": "MainMission8015153_801515309",
      "GroupGUID": "b34fa4f5-00eb-4013-b574-98b6d016bce2",
      "GroupPath": "Config/LevelOutput/Group/Groups_P20223_F20223001/LevelGroup_P20223_F20223001_G108.json"
    },
    {
      "ID": 109,
      "Name": "MainMission4040262_1",
      "GroupGUID": "95ea93e4-940e-444c-a03f-7e9687b8ff31",
      "GroupPath": "Config/LevelOutput/Group/Groups_P20223_F20223001/LevelGroup_P20223_F20223001_G109.json"
    },
    {
      "ID": 110,
      "Name": "MainMission4040262_2",
      "GroupGUID": "883da34f-f2d4-44c0-aff4-4bf87671932c",
      "GroupPath": "Config/LevelOutput/Group/Groups_P20223_F20223001/LevelGroup_P20223_F20223001_G110.json"
    },
    {
      "ID": 111,
      "Name": "MainMission4040262_3",
      "GroupGUID": "b707ead6-6a6d-4c9c-a4c2-96bf9a1b90d3",
      "GroupPath": "Config/LevelOutput/Group/Groups_P20223_F20223001/LevelGroup_P20223_F20223001_G111.json"
    },
    {
      "ID": 112,
      "Name": "MainMission4040263_4",
      "GroupGUID": "eca2cee0-2288-4944-bcd2-9ad5fd260db3",
      "GroupPath": "Config/LevelOutput/Group/Groups_P20223_F20223001/LevelGroup_P20223_F20223001_G112.json"
    },
    {
      "ID": 113,
      "Name": "MainMission4040262_5",
      "GroupGUID": "a1a75f96-b751-4902-82d6-c1c8773a2700",
      "GroupPath": "Config/LevelOutput/Group/Groups_P20223_F20223001/LevelGroup_P20223_F20223001_G113.json"
    },
    {
      "ID": 114,
      "Name": "MainMission8015153_801515313",
      "GroupGUID": "eecc331b-95b1-45a6-886a-ad87468cf0c1",
      "GroupPath": "Config/LevelOutput/Group/Groups_P20223_F20223001/LevelGroup_P20223_F20223001_G114.json"
    },
    {
      "ID": 116,
      "Name": "MainMission8015151_01",
      "GroupGUID": "74e1e2d0-f943-47c0-abd1-625569e2eb16",
      "GroupPath": "Config/LevelOutput/Group/Groups_P20223_F20223001/LevelGroup_P20223_F20223001_G116.json"
    },
    {
      "ID": 117,
      "IsDelete": true,
      "Name": "MainMission8015151_02",
      "GroupGUID": "5b7ecd84-f47b-4b2d-bfd5-7efc321bc9ab",
      "GroupPath": "Config/LevelOutput/Group/Groups_P20223_F20223001/LevelGroup_P20223_F20223001_G117.json"
    },
    {
      "ID": 118,
      "IsDelete": true,
      "Name": "MainMission8015151_03",
      "GroupGUID": "d39b7ebf-6e91-44dd-af99-41dadbcfef00",
      "GroupPath": "Config/LevelOutput/Group/Groups_P20223_F20223001/LevelGroup_P20223_F20223001_G118.json"
    },
    {
      "ID": 119,
      "IsDelete": true,
      "Name": "MainMission8015151_04",
      "GroupGUID": "8d4949e9-071a-4173-93db-45b517b656e7",
      "GroupPath": "Config/LevelOutput/Group/Groups_P20223_F20223001/LevelGroup_P20223_F20223001_G119.json"
    },
    {
      "ID": 120,
      "IsDelete": true,
      "Name": "MainMission8015151_05",
      "GroupGUID": "68faf201-a94b-4d73-b64e-beb0b9ad44ab",
      "GroupPath": "Config/LevelOutput/Group/Groups_P20223_F20223001/LevelGroup_P20223_F20223001_G120.json"
    },
    {
      "ID": 121,
      "IsDelete": true,
      "Name": "MainMission8015151_06",
      "GroupGUID": "19ec537c-6bcb-486c-9e5a-6f2ee258a8e0",
      "GroupPath": "Config/LevelOutput/Group/Groups_P20223_F20223001/LevelGroup_P20223_F20223001_G121.json"
    },
    {
      "ID": 122,
      "Name": "MainMission8015151_07",
      "GroupGUID": "453392b0-c57b-4335-b1fb-415d9a06f60f",
      "GroupPath": "Config/LevelOutput/Group/Groups_P20223_F20223001/LevelGroup_P20223_F20223001_G122.json"
    },
    {
      "ID": 123,
      "Name": "MainMission8015151_08",
      "GroupGUID": "cdc7ba19-6f4c-49c2-a905-1b6c6ddace3d",
      "GroupPath": "Config/LevelOutput/Group/Groups_P20223_F20223001/LevelGroup_P20223_F20223001_G123.json"
    },
    {
      "ID": 124,
      "IsDelete": true,
      "Name": "MainMission8015151_09",
      "GroupGUID": "220d93b3-8504-42fc-b27d-5859d53f05f6",
      "GroupPath": "Config/LevelOutput/Group/Groups_P20223_F20223001/LevelGroup_P20223_F20223001_G124.json"
    },
    {
      "ID": 125,
      "Name": "MainMission8015151_FollowGhost",
      "GroupGUID": "c9d5f9c6-c9e5-44b2-89dd-932b04741589",
      "GroupPath": "Config/LevelOutput/Group/Groups_P20223_F20223001/LevelGroup_P20223_F20223001_G125.json"
    },
    {
      "ID": 126,
      "Name": "MainMission8015151_PerformanceBoat",
      "GroupGUID": "dcb7775d-a646-4dda-81f7-621b497ec144",
      "GroupPath": "Config/LevelOutput/Group/Groups_P20223_F20223001/LevelGroup_P20223_F20223001_G126.json"
    },
    {
      "ID": 127,
      "Name": "MainMission8015151_12",
      "GroupGUID": "f1edd37b-e6db-427f-92de-8f3ff714cbca",
      "GroupPath": "Config/LevelOutput/Group/Groups_P20223_F20223001/LevelGroup_P20223_F20223001_G127.json"
    },
    {
      "ID": 128,
      "Name": "MainMission4040259_1",
      "GroupGUID": "c12e0a04-c459-4bc7-91ea-5cfcc362bfca",
      "GroupPath": "Config/LevelOutput/Group/Groups_P20223_F20223001/LevelGroup_P20223_F20223001_G128.json"
    },
    {
      "ID": 129,
      "Name": "MainMission4040259_2",
      "GroupGUID": "04f19c6d-416c-4ddb-bf8d-0ad7cfd5b221",
      "GroupPath": "Config/LevelOutput/Group/Groups_P20223_F20223001/LevelGroup_P20223_F20223001_G129.json"
    },
    {
      "ID": 130,
      "Name": "MainMission4040259_3",
      "GroupGUID": "18b71729-becd-490e-87f4-6a3e1c565207",
      "GroupPath": "Config/LevelOutput/Group/Groups_P20223_F20223001/LevelGroup_P20223_F20223001_G130.json"
    },
    {
      "ID": 131,
      "Name": "MainMission4040259_4",
      "GroupGUID": "682d017d-f54b-4002-9fe6-798f139fa367",
      "GroupPath": "Config/LevelOutput/Group/Groups_P20223_F20223001/LevelGroup_P20223_F20223001_G131.json"
    },
    {
      "ID": 132,
      "Name": "MapNpc1",
      "GroupGUID": "548311a5-e268-4478-91b6-672676a348f2",
      "GroupPath": "Config/LevelOutput/Group/Groups_P20223_F20223001/LevelGroup_P20223_F20223001_G132.json"
    },
    {
      "ID": 133,
      "Name": "MapNpc2",
      "GroupGUID": "a0bf2369-f817-459a-bc48-f957d9541d52",
      "GroupPath": "Config/LevelOutput/Group/Groups_P20223_F20223001/LevelGroup_P20223_F20223001_G133.json"
    },
    {
      "ID": 134,
      "Name": "MapNpc3",
      "GroupGUID": "eaf2130c-4b5a-4be8-9528-2995a54203b2",
      "GroupPath": "Config/LevelOutput/Group/Groups_P20223_F20223001/LevelGroup_P20223_F20223001_G134.json"
    },
    {
      "ID": 135,
      "Name": "MapNpc4",
      "GroupGUID": "4163fcad-8b35-44a6-89c2-061c5dccc016",
      "GroupPath": "Config/LevelOutput/Group/Groups_P20223_F20223001/LevelGroup_P20223_F20223001_G135.json"
    },
    {
      "ID": 136,
      "Name": "MapNpc5",
      "GroupGUID": "2a98d21c-389c-4d3f-9cfb-8404ef7400b3",
      "GroupPath": "Config/LevelOutput/Group/Groups_P20223_F20223001/LevelGroup_P20223_F20223001_G136.json"
    },
    {
      "ID": 137,
      "Name": "MainMission4040258_01",
      "GroupGUID": "74ccdcf5-2b8d-4cc7-9a78-20b635140ec2",
      "GroupPath": "Config/LevelOutput/Group/Groups_P20223_F20223001/LevelGroup_P20223_F20223001_G137.json"
    },
    {
      "ID": 138,
      "Name": "MainMission8015159_01",
      "GroupGUID": "3d94c8e8-7f63-44a1-8978-ac2ad1f55363",
      "GroupPath": "Config/LevelOutput/Group/Groups_P20223_F20223001/LevelGroup_P20223_F20223001_G138.json"
    },
    {
      "ID": 140,
      "Name": "MainMission8015171_801517101",
      "GroupGUID": "1bf86e24-6f69-423f-8b0f-03a6ab3f61f4",
      "GroupPath": "Config/LevelOutput/Group/Groups_P20223_F20223001/LevelGroup_P20223_F20223001_G140.json"
    },
    {
      "ID": 141,
      "Name": "MainMission8015171_801517102",
      "GroupGUID": "76ab9d76-e614-49af-8991-0e6c987e4b4a",
      "GroupPath": "Config/LevelOutput/Group/Groups_P20223_F20223001/LevelGroup_P20223_F20223001_G141.json"
    },
    {
      "ID": 145,
      "Name": "MainMission8015154_01",
      "GroupGUID": "76d9f3b4-9fc9-4fd8-bf3d-a73b91cb5595",
      "GroupPath": "Config/LevelOutput/Group/Groups_P20223_F20223001/LevelGroup_P20223_F20223001_G145.json"
    },
    {
      "ID": 146,
      "Name": "MainMission4040261_01",
      "GroupGUID": "1c6fd128-e1ff-4747-94b8-dbfd18255d25",
      "GroupPath": "Config/LevelOutput/Group/Groups_P20223_F20223001/LevelGroup_P20223_F20223001_G146.json"
    },
    {
      "ID": 147,
      "Name": "MainMission4040261_02",
      "GroupGUID": "078ba507-362e-4dd4-b169-3c3afdf65146",
      "GroupPath": "Config/LevelOutput/Group/Groups_P20223_F20223001/LevelGroup_P20223_F20223001_G147.json"
    },
    {
      "ID": 148,
      "Name": "MainMission4040261_03",
      "GroupGUID": "5d127492-d5d5-4d9e-869d-0b3a146553bc",
      "GroupPath": "Config/LevelOutput/Group/Groups_P20223_F20223001/LevelGroup_P20223_F20223001_G148.json"
    },
    {
      "ID": 149,
      "Name": "MainMission4040261_04",
      "GroupGUID": "2119df15-b873-47de-80bb-87dc1e8d2f2f",
      "GroupPath": "Config/LevelOutput/Group/Groups_P20223_F20223001/LevelGroup_P20223_F20223001_G149.json"
    },
    {
      "ID": 151,
      "Name": "MainMission8015161_1",
      "GroupGUID": "e67baede-42c2-4509-9cde-df4ac663e061",
      "GroupPath": "Config/LevelOutput/Group/Groups_P20223_F20223001/LevelGroup_P20223_F20223001_G151.json"
    },
    {
      "ID": 152,
      "Name": "MainMission4040260_Music",
      "GroupGUID": "36e9d956-d886-4eab-a6ac-37cf99c6b9ce",
      "GroupPath": "Config/LevelOutput/Group/Groups_P20223_F20223001/LevelGroup_P20223_F20223001_G152.json"
    },
    {
      "ID": 153,
      "Name": "Music",
      "GroupGUID": "3245cfad-f0b9-4f53-b9d4-1c67e5abc1d4",
      "GroupPath": "Config/LevelOutput/Group/Groups_P20223_F20223001/LevelGroup_P20223_F20223001_G153.json"
    },
    {
      "ID": 157,
      "Name": "New Group",
      "GroupGUID": "3889d22c-a9be-4a68-ae2f-8868e2b90423",
      "GroupPath": "Config/LevelOutput/Group/Groups_P20223_F20223001/LevelGroup_P20223_F20223001_G157.json"
    },
    {
      "ID": 158,
      "Name": "MainMission8015157_New Group",
      "GroupGUID": "0551aa4f-6bad-4bfa-bcf3-100a23b7e5fc",
      "GroupPath": "Config/LevelOutput/Group/Groups_P20223_F20223001/LevelGroup_P20223_F20223001_G158.json"
    },
    {
      "ID": 159,
      "Name": "MainMission4015401_01",
      "GroupGUID": "a86d137d-ce14-4881-baa5-4191e2fcf561",
      "GroupPath": "Config/LevelOutput/Group/Groups_P20223_F20223001/LevelGroup_P20223_F20223001_G159.json"
    },
    {
      "ID": 160,
      "Name": "MainMission4015401_02",
      "GroupGUID": "3c65551d-2f0c-49c0-806c-91f6c04a1cee",
      "GroupPath": "Config/LevelOutput/Group/Groups_P20223_F20223001/LevelGroup_P20223_F20223001_G160.json"
    },
    {
      "ID": 161,
      "Name": "MainMission4015401_03",
      "GroupGUID": "b5f2ed67-7423-4f72-9b85-97bd756a995c",
      "GroupPath": "Config/LevelOutput/Group/Groups_P20223_F20223001/LevelGroup_P20223_F20223001_G161.json"
    },
    {
      "ID": 162,
      "Name": "MainMission4015401_02",
      "GroupGUID": "50dcf2b2-bccd-4d8a-af49-7b32cfbcbddf",
      "GroupPath": "Config/LevelOutput/Group/Groups_P20223_F20223001/LevelGroup_P20223_F20223001_G162.json"
    },
    {
      "ID": 163,
      "Name": "MainMission4015401_02",
      "GroupGUID": "af275a3c-ebb7-46c7-8380-6fb257c54b52",
      "GroupPath": "Config/LevelOutput/Group/Groups_P20223_F20223001/LevelGroup_P20223_F20223001_G163.json"
    },
    {
      "ID": 164,
      "Name": "MainMission4015401_02",
      "GroupGUID": "44787af0-dff4-4381-b33a-0faf07e2dc64",
      "GroupPath": "Config/LevelOutput/Group/Groups_P20223_F20223001/LevelGroup_P20223_F20223001_G164.json"
    },
    {
      "ID": 165,
      "Name": "MainMission4015401_07",
      "GroupGUID": "69f43675-5efb-4a70-9a54-7dbe5179df2e",
      "GroupPath": "Config/LevelOutput/Group/Groups_P20223_F20223001/LevelGroup_P20223_F20223001_G165.json"
    },
    {
      "ID": 166,
      "Name": "MainMission4015401_09",
      "GroupGUID": "f984e719-8cf0-46fe-bf3e-d114c17747d7",
      "GroupPath": "Config/LevelOutput/Group/Groups_P20223_F20223001/LevelGroup_P20223_F20223001_G166.json"
    },
    {
      "ID": 167,
      "Name": "MainMission4015401_02",
      "GroupGUID": "b758f286-8d84-4a93-a110-1362bcc0f56a",
      "GroupPath": "Config/LevelOutput/Group/Groups_P20223_F20223001/LevelGroup_P20223_F20223001_G167.json"
    },
    {
      "ID": 168,
      "Name": "MainMission4015401_10",
      "GroupGUID": "f0379fbc-2dd7-449a-ab11-414345e5b71b",
      "GroupPath": "Config/LevelOutput/Group/Groups_P20223_F20223001/LevelGroup_P20223_F20223001_G168.json"
    },
    {
      "ID": 169,
      "Name": "MainMission4015402_01",
      "GroupGUID": "9ac07ee0-152f-4a19-84ed-5683a6dde3d0",
      "GroupPath": "Config/LevelOutput/Group/Groups_P20223_F20223001/LevelGroup_P20223_F20223001_G169.json"
    },
    {
      "ID": 170,
      "Name": "MainMission4015402_01",
      "GroupGUID": "51e1536c-9914-441a-854c-92254af24b95",
      "GroupPath": "Config/LevelOutput/Group/Groups_P20223_F20223001/LevelGroup_P20223_F20223001_G170.json"
    },
    {
      "ID": 171,
      "Name": "MainMission4015402_03",
      "GroupGUID": "c279a07e-7117-4322-bf5d-0e7a5f832ec1",
      "GroupPath": "Config/LevelOutput/Group/Groups_P20223_F20223001/LevelGroup_P20223_F20223001_G171.json"
    },
    {
      "ID": 172,
      "Name": "MainMission4015402_04",
      "GroupGUID": "9f36312e-b185-4fa6-b253-afa1ca1feabb",
      "GroupPath": "Config/LevelOutput/Group/Groups_P20223_F20223001/LevelGroup_P20223_F20223001_G172.json"
    },
    {
      "ID": 173,
      "Name": "MainMission4015402_03",
      "GroupGUID": "fb4bc50d-4f71-4c95-853c-c088d31c6892",
      "GroupPath": "Config/LevelOutput/Group/Groups_P20223_F20223001/LevelGroup_P20223_F20223001_G173.json"
    },
    {
      "ID": 174,
      "Name": "MainMission4015402_06",
      "GroupGUID": "4896dbc1-151a-433b-bc74-84896d70028d",
      "GroupPath": "Config/LevelOutput/Group/Groups_P20223_F20223001/LevelGroup_P20223_F20223001_G174.json"
    },
    {
      "ID": 175,
      "Name": "MainMission4015402_07",
      "GroupGUID": "1e1ddb2f-fc01-43e1-aec8-b4f7552d98bd",
      "GroupPath": "Config/LevelOutput/Group/Groups_P20223_F20223001/LevelGroup_P20223_F20223001_G175.json"
    },
    {
      "ID": 176,
      "Name": "MainMission4015402_08",
      "GroupGUID": "8ad505ce-cb5e-4dc2-9482-ff30391115b4",
      "GroupPath": "Config/LevelOutput/Group/Groups_P20223_F20223001/LevelGroup_P20223_F20223001_G176.json"
    },
    {
      "ID": 177,
      "Name": "MainMission4015402_09",
      "GroupGUID": "238cdc2f-794b-4922-b6b7-2745204331c2",
      "GroupPath": "Config/LevelOutput/Group/Groups_P20223_F20223001/LevelGroup_P20223_F20223001_G177.json"
    },
    {
      "ID": 178,
      "Name": "MainMission4015403_01",
      "GroupGUID": "9c790e5b-6901-4a07-a6cd-aebf733525a2",
      "GroupPath": "Config/LevelOutput/Group/Groups_P20223_F20223001/LevelGroup_P20223_F20223001_G178.json"
    },
    {
      "ID": 179,
      "Name": "MainMission4015403_01",
      "GroupGUID": "9a6706a7-470e-4212-a01b-41b1c197d7df",
      "GroupPath": "Config/LevelOutput/Group/Groups_P20223_F20223001/LevelGroup_P20223_F20223001_G179.json"
    },
    {
      "ID": 180,
      "Name": "MainMission4015403_03",
      "GroupGUID": "df0cfb59-5fba-4bda-9b75-7f1c6bbdf9be",
      "GroupPath": "Config/LevelOutput/Group/Groups_P20223_F20223001/LevelGroup_P20223_F20223001_G180.json"
    },
    {
      "ID": 181,
      "Name": "MainMission4015403_04",
      "GroupGUID": "9b34a025-012f-4dd0-9a96-6376522d3374",
      "GroupPath": "Config/LevelOutput/Group/Groups_P20223_F20223001/LevelGroup_P20223_F20223001_G181.json"
    },
    {
      "ID": 182,
      "Name": "MainMission4015403_05",
      "GroupGUID": "8f4c1ebb-0a08-432b-b589-cdd984610634",
      "GroupPath": "Config/LevelOutput/Group/Groups_P20223_F20223001/LevelGroup_P20223_F20223001_G182.json"
    },
    {
      "ID": 183,
      "Name": "MainMission4015403_06",
      "GroupGUID": "c701c475-cd15-48c1-b69c-bbf090cdda10",
      "GroupPath": "Config/LevelOutput/Group/Groups_P20223_F20223001/LevelGroup_P20223_F20223001_G183.json"
    },
    {
      "ID": 184,
      "Name": "MainMission4015403_07",
      "GroupGUID": "f480a299-ba0a-4a0f-b37c-747394937650",
      "GroupPath": "Config/LevelOutput/Group/Groups_P20223_F20223001/LevelGroup_P20223_F20223001_G184.json"
    },
    {
      "ID": 185,
      "Name": "MainMission4015403_08",
      "GroupGUID": "e4481288-f070-492e-8afc-efed2adacaee",
      "GroupPath": "Config/LevelOutput/Group/Groups_P20223_F20223001/LevelGroup_P20223_F20223001_G185.json"
    },
    {
      "ID": 186,
      "Name": "MainMission4015403_09",
      "GroupGUID": "25429912-a369-47fc-a054-38936887c613",
      "GroupPath": "Config/LevelOutput/Group/Groups_P20223_F20223001/LevelGroup_P20223_F20223001_G186.json"
    },
    {
      "ID": 155,
      "Name": "MainMission8015172_04",
      "GroupGUID": "fb88a72c-896f-42aa-a87a-a6f1b84392ed",
      "GroupPath": "Config/LevelOutput/Group/Groups_P20223_F20223001/LevelGroup_P20223_F20223001_G155.json"
    },
    {
      "ID": 156,
      "Name": "MainMission8015172_05",
      "GroupGUID": "cabb944b-cc48-4426-b0e3-b345c6ad8b78",
      "GroupPath": "Config/LevelOutput/Group/Groups_P20223_F20223001/LevelGroup_P20223_F20223001_G156.json"
    },
    {
      "ID": 187,
      "Name": "MainMission8015173_07",
      "GroupGUID": "fae0b995-9c1d-4a34-ac74-0532cd908d80",
      "GroupPath": "Config/LevelOutput/Group/Groups_P20223_F20223001/LevelGroup_P20223_F20223001_G187.json"
    },
    {
      "ID": 188,
      "Name": "MainMission8015173_08",
      "GroupGUID": "bbf147d7-50a5-4c6c-b755-165e6b0c96bc",
      "GroupPath": "Config/LevelOutput/Group/Groups_P20223_F20223001/LevelGroup_P20223_F20223001_G188.json"
    },
    {
      "ID": 189,
      "Name": "MainMission8015172_07",
      "GroupGUID": "05513899-c846-4816-b12a-1ea0820fd57c",
      "GroupPath": "Config/LevelOutput/Group/Groups_P20223_F20223001/LevelGroup_P20223_F20223001_G189.json"
    },
    {
      "ID": 190,
      "Name": "New Group",
      "GroupGUID": "a99b1550-a2a6-479a-8507-ba6c0df89944",
      "GroupPath": "Config/LevelOutput/Group/Groups_P20223_F20223001/LevelGroup_P20223_F20223001_G190.json"
    },
    {
      "ID": 192,
      "Name": "MainMission8015104_801510415",
      "GroupGUID": "6da9bd30-f391-45dd-a377-699a8773987b",
      "GroupPath": "Config/LevelOutput/Group/Groups_P20223_F20223001/LevelGroup_P20223_F20223001_G192.json"
    },
    {
      "ID": 193,
      "Name": "GhostBoat",
      "GroupGUID": "3982997b-a452-4ac0-aef0-88a88aa72664",
      "GroupPath": "Config/LevelOutput/Group/Groups_P20223_F20223001/LevelGroup_P20223_F20223001_G193.json"
    },
    {
      "ID": 194,
      "Name": "New Group",
      "GroupGUID": "38449bad-34b7-4d25-8d05-40cbf18fe2f4",
      "GroupPath": "Config/LevelOutput/Group/Groups_P20223_F20223001/LevelGroup_P20223_F20223001_G194.json"
    },
    {
      "ID": 195,
      "Name": "MainMission4040261_MusicBefore",
      "GroupGUID": "f9658cbe-2b61-49c4-8173-92b9ebe75eb8",
      "GroupPath": "Config/LevelOutput/Group/Groups_P20223_F20223001/LevelGroup_P20223_F20223001_G195.json"
    },
    {
      "ID": 196,
      "Name": "Music",
      "GroupGUID": "a883211f-b746-473f-9a6f-8e73bc098d9d",
      "GroupPath": "Config/LevelOutput/Group/Groups_P20223_F20223001/LevelGroup_P20223_F20223001_G196.json"
    },
    {
      "ID": 197,
      "Name": "Reading",
      "GroupGUID": "0c0abfa5-09ba-4e5f-be96-f358f5349a41",
      "GroupPath": "Config/LevelOutput/Group/Groups_P20223_F20223001/LevelGroup_P20223_F20223001_G197.json"
    },
    {
      "ID": 198,
      "Name": "Tower1",
      "GroupGUID": "c46e3c7c-d315-41ac-b425-a87de5bd6e17",
      "GroupPath": "Config/LevelOutput/Group/Groups_P20223_F20223001/LevelGroup_P20223_F20223001_G198.json"
    },
    {
      "ID": 199,
      "Name": "Tower2",
      "GroupGUID": "4a932cd5-9182-4a33-9918-d309308eb246",
      "GroupPath": "Config/LevelOutput/Group/Groups_P20223_F20223001/LevelGroup_P20223_F20223001_G199.json"
    },
    {
      "ID": 200,
      "Name": "Tower3",
      "GroupGUID": "6ad8c6b3-1730-43ec-ac3b-11798c2b18fb",
      "GroupPath": "Config/LevelOutput/Group/Groups_P20223_F20223001/LevelGroup_P20223_F20223001_G200.json"
    },
    {
      "ID": 201,
      "Name": "Tower4",
      "GroupGUID": "75df63ed-0147-4cb9-9a59-efb772ccb330",
      "GroupPath": "Config/LevelOutput/Group/Groups_P20223_F20223001/LevelGroup_P20223_F20223001_G201.json"
    },
    {
      "ID": 202,
      "Name": "Tower5",
      "GroupGUID": "364748f3-daa0-4ea6-965d-6b2f34d27c15",
      "GroupPath": "Config/LevelOutput/Group/Groups_P20223_F20223001/LevelGroup_P20223_F20223001_G202.json"
    },
    {
      "ID": 203,
      "Name": "MainMission8015151_Yukong",
      "GroupGUID": "750b441b-c3b7-4fc3-98bd-79c901fc4c2c",
      "GroupPath": "Config/LevelOutput/Group/Groups_P20223_F20223001/LevelGroup_P20223_F20223001_G203.json"
    },
    {
      "ID": 220,
      "Name": "MainMission8015151_Suiyang",
      "GroupGUID": "6bab6a01-090f-4e36-b997-6ca1e686291e",
      "GroupPath": "Config/LevelOutput/Group/Groups_P20223_F20223001/LevelGroup_P20223_F20223001_G220.json"
    },
    {
      "ID": 213,
      "Name": "MainMission8015162_Drone",
      "GroupGUID": "1d9f168f-3ee8-46af-b8e3-88e0b3776bc1",
      "GroupPath": "Config/LevelOutput/Group/Groups_P20223_F20223001/LevelGroup_P20223_F20223001_G213.json"
    },
    {
      "ID": 212,
      "Name": "MainMission8015172_08",
      "GroupGUID": "22dac7de-f6cc-4e89-9ac5-c547221be76f",
      "GroupPath": "Config/LevelOutput/Group/Groups_P20223_F20223001/LevelGroup_P20223_F20223001_G212.json"
    },
    {
      "ID": 209,
      "Name": "CommandRobotPuzzle_Lv1",
      "GroupGUID": "0cb108a2-99ef-4849-be54-a862bd13b59c",
      "GroupPath": "Config/LevelOutput/Group/Groups_P20223_F20223001/LevelGroup_P20223_F20223001_G209.json"
    },
    {
      "ID": 226,
      "Name": "CommandRobotPuzzle_Lv2",
      "GroupGUID": "132cd7fd-fa72-4fef-b50e-3028de1dabc7",
      "GroupPath": "Config/LevelOutput/Group/Groups_P20223_F20223001/LevelGroup_P20223_F20223001_G226.json"
    },
    {
      "ID": 227,
      "Name": "CommandRobotPuzzle_Lv3",
      "GroupGUID": "236c0bb1-2236-4fd8-b8fd-05f0d7b8dc71",
      "GroupPath": "Config/LevelOutput/Group/Groups_P20223_F20223001/LevelGroup_P20223_F20223001_G227.json"
    },
    {
      "ID": 228,
      "Name": "CommandRobotPuzzle_Lv4",
      "GroupGUID": "476ad6de-d4e7-4a3f-9054-4c5b1261695b",
      "GroupPath": "Config/LevelOutput/Group/Groups_P20223_F20223001/LevelGroup_P20223_F20223001_G228.json"
    },
    {
      "ID": 219,
      "Name": "MainMission8015162_08",
      "GroupGUID": "87637bf9-9598-43d4-95b5-629ef0514b47",
      "GroupPath": "Config/LevelOutput/Group/Groups_P20223_F20223001/LevelGroup_P20223_F20223001_G219.json"
    },
    {
      "ID": 215,
      "Name": "MainMission8015162_01",
      "GroupGUID": "8d4bd53a-ea22-49ff-8cfc-81213d4ea9c4",
      "GroupPath": "Config/LevelOutput/Group/Groups_P20223_F20223001/LevelGroup_P20223_F20223001_G215.json"
    },
    {
      "ID": 216,
      "Name": "MainMission8015162_02",
      "GroupGUID": "c91f53a5-b3ca-4da2-b08d-a5bd29128d3d",
      "GroupPath": "Config/LevelOutput/Group/Groups_P20223_F20223001/LevelGroup_P20223_F20223001_G216.json"
    },
    {
      "ID": 217,
      "Name": "MainMission8015162_03",
      "GroupGUID": "667eb9a5-37f4-4107-a12e-9fd440304a87",
      "GroupPath": "Config/LevelOutput/Group/Groups_P20223_F20223001/LevelGroup_P20223_F20223001_G217.json"
    },
    {
      "ID": 229,
      "Name": "CommandRobotPuzzle_Lv5",
      "GroupGUID": "c39beb11-f619-4af9-acd7-bad429d6bc1d",
      "GroupPath": "Config/LevelOutput/Group/Groups_P20223_F20223001/LevelGroup_P20223_F20223001_G229.json"
    },
    {
      "ID": 230,
      "Name": "CommandRobotPuzzle_Lv6",
      "GroupGUID": "29ccf25b-5691-4619-8740-e46c5c2efea5",
      "GroupPath": "Config/LevelOutput/Group/Groups_P20223_F20223001/LevelGroup_P20223_F20223001_G230.json"
    },
    {
      "ID": 231,
      "Name": "CommandRobotPuzzle_Lv7",
      "GroupGUID": "38c531d2-14d0-4f3b-9a69-1b54e6eb40ce",
      "GroupPath": "Config/LevelOutput/Group/Groups_P20223_F20223001/LevelGroup_P20223_F20223001_G231.json"
    },
    {
      "ID": 232,
      "Name": "CommandRobotPuzzle_Lv8",
      "GroupGUID": "d26eafd1-c6df-4794-8c29-254e09817b9e",
      "GroupPath": "Config/LevelOutput/Group/Groups_P20223_F20223001/LevelGroup_P20223_F20223001_G232.json"
    },
    {
      "ID": 233,
      "Name": "CommandRobotPuzzle_Lv9",
      "GroupGUID": "8d5498a9-5314-4ef9-a3d9-dad8a8bdc78f",
      "GroupPath": "Config/LevelOutput/Group/Groups_P20223_F20223001/LevelGroup_P20223_F20223001_G233.json"
    },
    {
      "ID": 250,
      "Name": "MainMission8015163_801516303",
      "GroupGUID": "c66aa9cc-3b13-4da9-b8a9-612387cf3111",
      "GroupPath": "Config/LevelOutput/Group/Groups_P20223_F20223001/LevelGroup_P20223_F20223001_G250.json"
    },
    {
      "ID": 251,
      "Name": "MainMission4015401_CmdBot_MappingInfo_1",
      "GroupGUID": "1f471bf0-f364-4d1c-b8dc-da1224c15ab7",
      "GroupPath": "Config/LevelOutput/Group/Groups_P20223_F20223001/LevelGroup_P20223_F20223001_G251.json"
    },
    {
      "ID": 252,
      "Name": "CmdBot_MappingInfo_2",
      "GroupGUID": "30b4bcd5-3f9b-436b-a711-5c8a342c2fa2",
      "GroupPath": "Config/LevelOutput/Group/Groups_P20223_F20223001/LevelGroup_P20223_F20223001_G252.json"
    },
    {
      "ID": 253,
      "Name": "CmdBot_MappingInfo_3",
      "GroupGUID": "e561a96a-0aae-47b0-952d-90cd1b9a5ed0",
      "GroupPath": "Config/LevelOutput/Group/Groups_P20223_F20223001/LevelGroup_P20223_F20223001_G253.json"
    },
    {
      "ID": 259,
      "Name": "New Group",
      "GroupGUID": "99b27bec-4603-4b58-85d5-bb841e2e815f",
      "GroupPath": "Config/LevelOutput/Group/Groups_P20223_F20223001/LevelGroup_P20223_F20223001_G259.json"
    },
    {
      "ID": 266,
      "Name": "MainMission8015151_17",
      "GroupGUID": "b33c2ab2-3f5b-4962-bceb-ca3bb7d0fa1f",
      "GroupPath": "Config/LevelOutput/Group/Groups_P20223_F20223001/LevelGroup_P20223_F20223001_G266.json"
    },
    {
      "ID": 267,
      "Name": "MainMission8015151_18",
      "GroupGUID": "245143e0-b9f9-4c3a-81d4-2f9a184fd0f5",
      "GroupPath": "Config/LevelOutput/Group/Groups_P20223_F20223001/LevelGroup_P20223_F20223001_G267.json"
    },
    {
      "ID": 268,
      "Name": "MainMission8015151_19",
      "GroupGUID": "f5608b09-082f-46b9-9be4-50481ef63d98",
      "GroupPath": "Config/LevelOutput/Group/Groups_P20223_F20223001/LevelGroup_P20223_F20223001_G268.json"
    },
    {
      "ID": 269,
      "Name": "MainMission8015151_20",
      "GroupGUID": "a26b30d2-9965-4ee4-8d31-6a21db3df716",
      "GroupPath": "Config/LevelOutput/Group/Groups_P20223_F20223001/LevelGroup_P20223_F20223001_G269.json"
    },
    {
      "ID": 270,
      "Name": "MainMission8015151_21",
      "GroupGUID": "4499e37d-4ebf-4291-ab5f-d61e87535e14",
      "GroupPath": "Config/LevelOutput/Group/Groups_P20223_F20223001/LevelGroup_P20223_F20223001_G270.json"
    }
  ]
}