{
  "FloorID": 20211001,
  "FloorName": "MazeText_Empty",
  "StartGroupID": 1,
  "StartAnchorID": 1,
  "GroupList": [
    {
      "ID": 1,
      "Name": "Default",
      "GroupGUID": "615852ee-91e2-4efa-9a14-197c42b983b0",
      "GroupPath": "Config/LevelOutput/Group/Groups_P20211_F20211001/LevelGroup_P20211_F20211001_G1.json"
    },
    {
      "ID": 38,
      "Name": "Exit",
      "GroupGUID": "26ff7fc5-1127-4e02-a52e-09c84d28cc95",
      "GroupPath": "Config/LevelOutput/Group/Groups_P20211_F20211001/LevelGroup_P20211_F20211001_G38.json"
    },
    {
      "ID": 35,
      "Name": "Default_Props_Door",
      "GroupGUID": "b59a6aaa-aa61-43f8-98a1-ab67393f1caf",
      "GroupPath": "Config/LevelOutput/Group/Groups_P20211_F20211001/LevelGroup_P20211_F20211001_G35.json"
    },
    {
      "ID": 187,
      "Name": "Default_Props_Door",
      "GroupGUID": "c5280fcd-8956-4893-8a9e-6a92e8ebbd06",
      "GroupPath": "Config/LevelOutput/Group/Groups_P20211_F20211001/LevelGroup_P20211_F20211001_G187.json"
    },
    {
      "ID": 2,
      "Name": "TreasureBox",
      "GroupGUID": "5da064bd-e312-453a-bd43-49998525c884",
      "GroupPath": "Config/LevelOutput/Group/Groups_P20211_F20211001/LevelGroup_P20211_F20211001_G2.json"
    },
    {
      "ID": 3,
      "Name": "DistructableDefault",
      "GroupGUID": "e89db4b9-cd20-4bf7-8c78-1d88020e6110",
      "GroupPath": "Config/LevelOutput/Group/Groups_P20211_F20211001/LevelGroup_P20211_F20211001_G3.json"
    },
    {
      "ID": 106,
      "Name": "Book",
      "GroupGUID": "9af2d7f9-8872-4860-a79a-4bddbdc9743e",
      "GroupPath": "Config/LevelOutput/Group/Groups_P20211_F20211001/LevelGroup_P20211_F20211001_G106.json"
    },
    {
      "ID": 43,
      "Name": "DestructibleItemHP",
      "GroupGUID": "24b2029e-57c5-4d3d-8147-771dd728d67a",
      "GroupPath": "Config/LevelOutput/Group/Groups_P20211_F20211001/LevelGroup_P20211_F20211001_G43.json"
    },
    {
      "ID": 4,
      "Name": "MainMission1020201_MainMissionMonster",
      "GroupGUID": "0e1cfdf9-9e9e-4904-bfca-348e9097fc86",
      "GroupPath": "Config/LevelOutput/Group/Groups_P20211_F20211001/LevelGroup_P20211_F20211001_G4.json"
    },
    {
      "ID": 55,
      "Name": "DefaultMonster",
      "GroupGUID": "86354e16-0379-45c0-be91-beff4e791fff",
      "GroupPath": "Config/LevelOutput/Group/Groups_P20211_F20211001/LevelGroup_P20211_F20211001_G55.json"
    },
    {
      "ID": 103,
      "Name": "Monster_ChestMonster",
      "GroupGUID": "cfc1e593-8b1b-4046-bdf3-c54ec6e38ced",
      "GroupPath": "Config/LevelOutput/Group/Groups_P20211_F20211001/LevelGroup_P20211_F20211001_G103.json"
    },
    {
      "ID": 7,
      "Name": "Containertutorial",
      "GroupGUID": "fcd45829-b27d-4a32-afa5-401e15c6a5e5",
      "GroupPath": "Config/LevelOutput/Group/Groups_P20211_F20211001/LevelGroup_P20211_F20211001_G7.json"
    },
    {
      "ID": 119,
      "Name": "WorldBoss090devAdd",
      "GroupGUID": "6ea7576c-7311-4133-afb3-70a80170f2cf",
      "GroupPath": "Config/LevelOutput/Group/Groups_P20211_F20211001/LevelGroup_P20211_F20211001_G119.json"
    },
    {
      "ID": 40,
      "Name": "FarmElement",
      "GroupGUID": "8ab11d64-7af8-479c-9e49-b2e4fe08aed5",
      "GroupPath": "Config/LevelOutput/Group/Groups_P20211_F20211001/LevelGroup_P20211_F20211001_G40.json"
    },
    {
      "ID": 56,
      "Name": "FarmRelic",
      "GroupGUID": "dbcd9db0-f96f-4369-975f-bff8a8e4e9ed",
      "GroupPath": "Config/LevelOutput/Group/Groups_P20211_F20211001/LevelGroup_P20211_F20211001_G56.json"
    },
    {
      "ID": 41,
      "Name": "Default_ChallengeChest",
      "GroupGUID": "d2586629-9dc6-49e9-b1f7-b0b9b52277dd",
      "GroupPath": "Config/LevelOutput/Group/Groups_P20211_F20211001/LevelGroup_P20211_F20211001_G41.json"
    },
    {
      "ID": 42,
      "Name": "Default_ChallengeChest",
      "GroupGUID": "96fb2b73-0b48-4657-8659-ca17484c0f98",
      "GroupPath": "Config/LevelOutput/Group/Groups_P20211_F20211001/LevelGroup_P20211_F20211001_G42.json"
    },
    {
      "ID": 10,
      "Name": "MainMission1020201",
      "GroupGUID": "c77601db-5770-4861-b921-04b56bca9a97",
      "GroupPath": "Config/LevelOutput/Group/Groups_P20211_F20211001/LevelGroup_P20211_F20211001_G10.json"
    },
    {
      "ID": 11,
      "Name": "MainMission102020103",
      "GroupGUID": "6aa4fd6f-d74c-4192-a6f3-525f411f0602",
      "GroupPath": "Config/LevelOutput/Group/Groups_P20211_F20211001/LevelGroup_P20211_F20211001_G11.json"
    },
    {
      "ID": 12,
      "Name": "MainMission102020105",
      "GroupGUID": "c09ff5db-e73e-4295-a51a-ed57f04da3bf",
      "GroupPath": "Config/LevelOutput/Group/Groups_P20211_F20211001/LevelGroup_P20211_F20211001_G12.json"
    },
    {
      "ID": 14,
      "Name": "MainMission102020107",
      "GroupGUID": "fa394dcb-f9f3-423f-9ef8-d92a198004dc",
      "GroupPath": "Config/LevelOutput/Group/Groups_P20211_F20211001/LevelGroup_P20211_F20211001_G14.json"
    },
    {
      "ID": 15,
      "Name": "MainMission102020108",
      "GroupGUID": "ba77be46-ee56-4c4f-9e81-93724c1f8262",
      "GroupPath": "Config/LevelOutput/Group/Groups_P20211_F20211001/LevelGroup_P20211_F20211001_G15.json"
    },
    {
      "ID": 16,
      "Name": "MainMission1020201",
      "GroupGUID": "8d42ea50-134e-4e0e-be60-ce5871b0ea84",
      "GroupPath": "Config/LevelOutput/Group/Groups_P20211_F20211001/LevelGroup_P20211_F20211001_G16.json"
    },
    {
      "ID": 18,
      "Name": "MainMission1020201_",
      "GroupGUID": "1a2483d3-8d92-4aa5-ad2e-c2a1b1d7023f",
      "GroupPath": "Config/LevelOutput/Group/Groups_P20211_F20211001/LevelGroup_P20211_F20211001_G18.json"
    },
    {
      "ID": 22,
      "IsDelete": true,
      "Name": "MainMission_102040103",
      "GroupGUID": "fc86cc8f-08b9-4f38-9c6c-7f866b3608f2",
      "GroupPath": "Config/LevelOutput/Group/Groups_P20211_F20211001/LevelGroup_P20211_F20211001_G22.json"
    },
    {
      "ID": 23,
      "IsDelete": true,
      "Name": "MainMission_102040104",
      "GroupGUID": "706c907a-e4b5-4a43-aa42-d3021d435069",
      "GroupPath": "Config/LevelOutput/Group/Groups_P20211_F20211001/LevelGroup_P20211_F20211001_G23.json"
    },
    {
      "ID": 26,
      "Name": "MainMission_102020122",
      "GroupGUID": "0bf03cbb-e5eb-47b2-bae2-dba3e50cbfd0",
      "GroupPath": "Config/LevelOutput/Group/Groups_P20211_F20211001/LevelGroup_P20211_F20211001_G26.json"
    },
    {
      "ID": 27,
      "Name": "MainMission1020201_",
      "GroupGUID": "ed2cc5af-d0c6-446e-873b-01619419dc7d",
      "GroupPath": "Config/LevelOutput/Group/Groups_P20211_F20211001/LevelGroup_P20211_F20211001_G27.json"
    },
    {
      "ID": 28,
      "Name": "MainMission_102040207",
      "GroupGUID": "fb52270f-4835-4a00-8ecc-7ddfcb277118",
      "GroupPath": "Config/LevelOutput/Group/Groups_P20211_F20211001/LevelGroup_P20211_F20211001_G28.json"
    },
    {
      "ID": 29,
      "IsDelete": true,
      "Name": "MainMission_102040208",
      "GroupGUID": "07532e2f-99cc-4934-9c7c-9b28b3944baf",
      "GroupPath": "Config/LevelOutput/Group/Groups_P20211_F20211001/LevelGroup_P20211_F20211001_G29.json"
    },
    {
      "ID": 30,
      "IsDelete": true,
      "Name": "MainMission_102040209",
      "GroupGUID": "e23093c7-f536-47ba-a3e2-f05c475afd50",
      "GroupPath": "Config/LevelOutput/Group/Groups_P20211_F20211001/LevelGroup_P20211_F20211001_G30.json"
    },
    {
      "ID": 31,
      "IsDelete": true,
      "Name": "MainMission_102040201",
      "GroupGUID": "b30644f3-9a60-476b-8914-6237ed18edd7",
      "GroupPath": "Config/LevelOutput/Group/Groups_P20211_F20211001/LevelGroup_P20211_F20211001_G31.json"
    },
    {
      "ID": 39,
      "Name": "BlockLine",
      "GroupGUID": "4fc536a4-b11b-4f5d-a5a3-f29199b1a7cb",
      "GroupPath": "Config/LevelOutput/Group/Groups_P20211_F20211001/LevelGroup_P20211_F20211001_G39.json"
    },
    {
      "ID": 44,
      "IsDelete": true,
      "Name": "WorldBoss",
      "GroupGUID": "686cc123-63e1-4315-a5a1-be25c16e3bf2",
      "GroupPath": "Config/LevelOutput/Group/Groups_P20211_F20211001/LevelGroup_P20211_F20211001_G44.json"
    },
    {
      "ID": 49,
      "Name": "Sub4010127",
      "GroupGUID": "b8e1a8b9-4840-4900-bb0d-5b9b2634f1fd",
      "GroupPath": "Config/LevelOutput/Group/Groups_P20211_F20211001/LevelGroup_P20211_F20211001_G49.json"
    },
    {
      "ID": 54,
      "Name": "StarSkiff",
      "GroupGUID": "f72058e0-15b7-47e3-a49f-a491f447d749",
      "GroupPath": "Config/LevelOutput/Group/Groups_P20211_F20211001/LevelGroup_P20211_F20211001_G54.json"
    },
    {
      "ID": 57,
      "Name": "Container01",
      "GroupGUID": "48b1fcdb-8f5f-4218-880a-61a1a96ace3e",
      "GroupPath": "Config/LevelOutput/Group/Groups_P20211_F20211001/LevelGroup_P20211_F20211001_G57.json"
    },
    {
      "ID": 58,
      "Name": "Container02",
      "GroupGUID": "eebc72ae-1c1d-403a-9b6a-e06e6aaa6c7c",
      "GroupPath": "Config/LevelOutput/Group/Groups_P20211_F20211001/LevelGroup_P20211_F20211001_G58.json"
    },
    {
      "ID": 59,
      "Name": "Container03",
      "GroupGUID": "572ece6c-eb71-4f1d-b5ed-89f5c435db02",
      "GroupPath": "Config/LevelOutput/Group/Groups_P20211_F20211001/LevelGroup_P20211_F20211001_G59.json"
    },
    {
      "ID": 60,
      "Name": "Container04",
      "GroupGUID": "ab5394f9-faa9-4a6f-8bf4-208eea7c17f6",
      "GroupPath": "Config/LevelOutput/Group/Groups_P20211_F20211001/LevelGroup_P20211_F20211001_G60.json"
    },
    {
      "ID": 62,
      "Name": "Sound",
      "GroupGUID": "e5df87a7-a8dd-47b5-84f6-814e15a6c3a2",
      "GroupPath": "Config/LevelOutput/Group/Groups_P20211_F20211001/LevelGroup_P20211_F20211001_G62.json"
    },
    {
      "ID": 67,
      "IsDelete": true,
      "Name": "Book",
      "GroupGUID": "283ab35d-07a5-43f8-8812-6c1c8f19edec",
      "GroupPath": "Config/LevelOutput/Group/Groups_P20211_F20211001/LevelGroup_P20211_F20211001_G67.json"
    },
    {
      "ID": 70,
      "Name": "AreaIdentifier",
      "GroupGUID": "e56efa71-f62f-4ac1-95aa-73980b5bd821",
      "GroupPath": "Config/LevelOutput/Group/Groups_P20211_F20211001/LevelGroup_P20211_F20211001_G70.json"
    },
    {
      "ID": 77,
      "Name": "LogisticsRobot",
      "GroupGUID": "8474acaf-4ac1-42a3-838b-e96ed6e9d234",
      "GroupPath": "Config/LevelOutput/Group/Groups_P20211_F20211001/LevelGroup_P20211_F20211001_G77.json"
    },
    {
      "ID": 95,
      "Name": "LogisticsRobot",
      "GroupGUID": "cf6a0ea1-4a9d-4cc2-8c0f-6d4b9b59913c",
      "GroupPath": "Config/LevelOutput/Group/Groups_P20211_F20211001/LevelGroup_P20211_F20211001_G95.json"
    },
    {
      "ID": 96,
      "Name": "New Group",
      "GroupGUID": "f722b41e-aa6c-4e45-aede-9a1448b7373f",
      "GroupPath": "Config/LevelOutput/Group/Groups_P20211_F20211001/LevelGroup_P20211_F20211001_G96.json"
    },
    {
      "ID": 99,
      "Name": "WorldBoss",
      "GroupGUID": "59dd12f3-0e8e-4628-9131-f4f3399b60ab",
      "GroupPath": "Config/LevelOutput/Group/Groups_P20211_F20211001/LevelGroup_P20211_F20211001_G99.json"
    },
    {
      "ID": 107,
      "Name": "SubMission_401012701",
      "GroupGUID": "cd572f75-f6e6-4a45-9dca-61f691aeeb35",
      "GroupPath": "Config/LevelOutput/Group/Groups_P20211_F20211001/LevelGroup_P20211_F20211001_G107.json"
    },
    {
      "ID": 112,
      "Name": "ScenePropSfx",
      "GroupGUID": "50b968d8-4835-49a7-b8da-27f236873ff1",
      "GroupPath": "Config/LevelOutput/Group/Groups_P20211_F20211001/LevelGroup_P20211_F20211001_G112.json"
    },
    {
      "ID": 113,
      "Name": "QiongYiCore",
      "GroupGUID": "37f0aae8-9bca-4a28-9761-1d4e4e46ee81",
      "GroupPath": "Config/LevelOutput/Group/Groups_P20211_F20211001/LevelGroup_P20211_F20211001_G113.json"
    },
    {
      "ID": 71,
      "Name": "MainMission2020303_",
      "GroupGUID": "e7c526b8-a683-43d3-887c-c7d37d4c0336",
      "GroupPath": "Config/LevelOutput/Group/Groups_P20211_F20211001/LevelGroup_P20211_F20211001_G71.json"
    },
    {
      "ID": 72,
      "Name": "mission_2020303_1",
      "GroupGUID": "3d337849-ddb7-4ac2-82a0-e9e8a547f700",
      "GroupPath": "Config/LevelOutput/Group/Groups_P20211_F20211001/LevelGroup_P20211_F20211001_G72.json"
    },
    {
      "ID": 104,
      "Name": "LogisticsRobot_Mission",
      "GroupGUID": "e4ad2db4-7ee3-4909-b1ff-a78f9319306b",
      "GroupPath": "Config/LevelOutput/Group/Groups_P20211_F20211001/LevelGroup_P20211_F20211001_G104.json"
    },
    {
      "ID": 108,
      "Name": "LogisticsRobot",
      "GroupGUID": "b9bf9641-36ce-45d5-b0fa-8465a002878a",
      "GroupPath": "Config/LevelOutput/Group/Groups_P20211_F20211001/LevelGroup_P20211_F20211001_G108.json"
    },
    {
      "ID": 115,
      "Name": "MainMission0_",
      "GroupGUID": "e5798d27-22d7-4499-a384-9d2408287072",
      "GroupPath": "Config/LevelOutput/Group/Groups_P20211_F20211001/LevelGroup_P20211_F20211001_G115.json"
    },
    {
      "ID": 117,
      "Name": "SimpleMission",
      "GroupGUID": "0f05d159-703e-4a35-a815-a3b6afea50b0",
      "GroupPath": "Config/LevelOutput/Group/Groups_P20211_F20211001/LevelGroup_P20211_F20211001_G117.json"
    },
    {
      "ID": 120,
      "Name": "LogisticsRobot",
      "GroupGUID": "2f75405f-c1a9-4afb-84cc-236ea0c201c9",
      "GroupPath": "Config/LevelOutput/Group/Groups_P20211_F20211001/LevelGroup_P20211_F20211001_G120.json"
    },
    {
      "ID": 122,
      "Name": "SimpleMission",
      "GroupGUID": "df369c76-cc8b-4aea-8961-b4d068b4a2c7",
      "GroupPath": "Config/LevelOutput/Group/Groups_P20211_F20211001/LevelGroup_P20211_F20211001_G122.json"
    },
    {
      "ID": 123,
      "Name": "MainMission4040203_",
      "GroupGUID": "6343ae7f-fc88-4bb7-9972-8fbe3838cf8e",
      "GroupPath": "Config/LevelOutput/Group/Groups_P20211_F20211001/LevelGroup_P20211_F20211001_G123.json"
    },
    {
      "ID": 125,
      "IsDelete": true,
      "Name": "Insertion_DoorConsole",
      "GroupGUID": "48f168c4-5640-4047-a6b1-0c113d55ebfc",
      "GroupPath": "Config/LevelOutput/Group/Groups_P20211_F20211001/LevelGroup_P20211_F20211001_G125.json"
    },
    {
      "ID": 126,
      "IsDelete": true,
      "Name": "Insertion_DoorConsole",
      "GroupGUID": "d5037ae9-2ec0-4e47-a496-caa5e74b4b81",
      "GroupPath": "Config/LevelOutput/Group/Groups_P20211_F20211001/LevelGroup_P20211_F20211001_G126.json"
    },
    {
      "ID": 127,
      "Name": "SimpleMision_Insertion",
      "GroupGUID": "f15a48c0-e364-4721-b5e7-e4add0900e1b",
      "GroupPath": "Config/LevelOutput/Group/Groups_P20211_F20211001/LevelGroup_P20211_F20211001_G127.json"
    },
    {
      "ID": 131,
      "Name": "RubikCubeOfficial01",
      "GroupGUID": "60e219e5-2fb5-4a6a-8286-3abc7d579df0",
      "GroupPath": "Config/LevelOutput/Group/Groups_P20211_F20211001/LevelGroup_P20211_F20211001_G131.json"
    },
    {
      "ID": 132,
      "Name": "RubikCubeOfficial02",
      "GroupGUID": "3e77e747-69f6-4dd0-a2f8-dd2bb7c40eb3",
      "GroupPath": "Config/LevelOutput/Group/Groups_P20211_F20211001/LevelGroup_P20211_F20211001_G132.json"
    },
    {
      "ID": 133,
      "Name": "RubikCubeOfficial03",
      "GroupGUID": "8133e249-8e97-4ba6-a4de-b67536efae94",
      "GroupPath": "Config/LevelOutput/Group/Groups_P20211_F20211001/LevelGroup_P20211_F20211001_G133.json"
    },
    {
      "ID": 134,
      "Name": "RubikCubeOfficial04",
      "GroupGUID": "a456e6cd-da94-4658-a754-8ff067712d01",
      "GroupPath": "Config/LevelOutput/Group/Groups_P20211_F20211001/LevelGroup_P20211_F20211001_G134.json"
    },
    {
      "ID": 138,
      "Name": "RubikCubeOfficial16",
      "GroupGUID": "d4178b05-2842-4152-bed6-cc86d5e24f39",
      "GroupPath": "Config/LevelOutput/Group/Groups_P20211_F20211001/LevelGroup_P20211_F20211001_G138.json"
    },
    {
      "ID": 139,
      "Name": "RubikCubeOfficial17",
      "GroupGUID": "0102ec3b-5159-4e28-a644-1635c81f6f86",
      "GroupPath": "Config/LevelOutput/Group/Groups_P20211_F20211001/LevelGroup_P20211_F20211001_G139.json"
    },
    {
      "ID": 140,
      "Name": "RubikCubeOfficial18",
      "GroupGUID": "2850bd67-0015-41f1-bb6a-43a9c5fae419",
      "GroupPath": "Config/LevelOutput/Group/Groups_P20211_F20211001/LevelGroup_P20211_F20211001_G140.json"
    },
    {
      "ID": 141,
      "Name": "RubikCubeOfficial19",
      "GroupGUID": "cedc153e-1503-478c-83d0-90f8e28814e0",
      "GroupPath": "Config/LevelOutput/Group/Groups_P20211_F20211001/LevelGroup_P20211_F20211001_G141.json"
    },
    {
      "ID": 153,
      "IsDelete": true,
      "Name": "Contamination_Key_OB01",
      "GroupGUID": "e403f482-9686-4cf7-a84d-2b5aa02bcfe3",
      "GroupPath": "Config/LevelOutput/Group/Groups_P20211_F20211001/LevelGroup_P20211_F20211001_G153.json"
    },
    {
      "ID": 154,
      "IsDelete": true,
      "Name": "Contamination_Key_OB02",
      "GroupGUID": "9f9b3b9a-73ca-4e79-aa9e-062bb71ff42e",
      "GroupPath": "Config/LevelOutput/Group/Groups_P20211_F20211001/LevelGroup_P20211_F20211001_G154.json"
    },
    {
      "ID": 155,
      "IsDelete": true,
      "Name": "Contamination_Key_OB03",
      "GroupGUID": "55f182d4-18a8-4389-943f-3b95002649d9",
      "GroupPath": "Config/LevelOutput/Group/Groups_P20211_F20211001/LevelGroup_P20211_F20211001_G155.json"
    },
    {
      "ID": 150,
      "IsDelete": true,
      "Name": "Contamination_Norm_OB01",
      "GroupGUID": "b61d6b2b-7e4d-47b7-8005-b5080521a565",
      "GroupPath": "Config/LevelOutput/Group/Groups_P20211_F20211001/LevelGroup_P20211_F20211001_G150.json"
    },
    {
      "ID": 160,
      "IsDelete": true,
      "Name": "Contamination_Norm_OB01",
      "GroupGUID": "73ad46c5-576e-40ec-a8c4-af81696f9cf0",
      "GroupPath": "Config/LevelOutput/Group/Groups_P20211_F20211001/LevelGroup_P20211_F20211001_G160.json"
    },
    {
      "ID": 151,
      "IsDelete": true,
      "Name": "Contamination_Norm_OB02",
      "GroupGUID": "e1c927e2-3f5f-4b0f-84c5-14c6c0a71f7b",
      "GroupPath": "Config/LevelOutput/Group/Groups_P20211_F20211001/LevelGroup_P20211_F20211001_G151.json"
    },
    {
      "ID": 161,
      "IsDelete": true,
      "Name": "Contamination_Norm_OB02",
      "GroupGUID": "49b33a5b-e36b-4f4d-9cca-08758ffbfb7e",
      "GroupPath": "Config/LevelOutput/Group/Groups_P20211_F20211001/LevelGroup_P20211_F20211001_G161.json"
    },
    {
      "ID": 157,
      "Name": "CompassPuzzle_OneShot",
      "GroupGUID": "7dc365d5-1198-44f9-8409-902217852ba1",
      "GroupPath": "Config/LevelOutput/Group/Groups_P20211_F20211001/LevelGroup_P20211_F20211001_G157.json"
    },
    {
      "ID": 158,
      "Name": "CompassPuzzle_OneShot",
      "GroupGUID": "99c1cf00-6ed7-4593-a348-173e913d49da",
      "GroupPath": "Config/LevelOutput/Group/Groups_P20211_F20211001/LevelGroup_P20211_F20211001_G158.json"
    },
    {
      "ID": 159,
      "Name": "PropDialogue",
      "GroupGUID": "a009d29d-5404-43b0-b1ea-3fe21d3ef2be",
      "GroupPath": "Config/LevelOutput/Group/Groups_P20211_F20211001/LevelGroup_P20211_F20211001_G159.json"
    },
    {
      "ID": 137,
      "Name": "PuzzleCompass_Anchor",
      "GroupGUID": "4b723f75-33a0-48f7-af08-591b089c903a",
      "GroupPath": "Config/LevelOutput/Group/Groups_P20211_F20211001/LevelGroup_P20211_F20211001_G137.json"
    },
    {
      "ID": 162,
      "Name": "MainMission4015101_PuzzleCompass_NPC",
      "GroupGUID": "457e4e64-02ea-43d4-b58f-c6c4bd1eede6",
      "GroupPath": "Config/LevelOutput/Group/Groups_P20211_F20211001/LevelGroup_P20211_F20211001_G162.json"
    },
    {
      "ID": 181,
      "Name": "MainMission4015101_PuzzleCompass_NPC",
      "GroupGUID": "5b3075a6-ba80-47c4-804c-243ef70579a3",
      "GroupPath": "Config/LevelOutput/Group/Groups_P20211_F20211001/LevelGroup_P20211_F20211001_G181.json"
    },
    {
      "ID": 129,
      "Name": "MainMission4015101_PuzzleCompass_SR01",
      "GroupGUID": "36549bd8-568f-4efc-bbed-57b50ff9c78c",
      "GroupPath": "Config/LevelOutput/Group/Groups_P20211_F20211001/LevelGroup_P20211_F20211001_G129.json"
    },
    {
      "ID": 130,
      "Name": "MainMission4015101_PuzzleCompass_SR02",
      "GroupGUID": "054813fa-7371-44be-aca3-a6b885462276",
      "GroupPath": "Config/LevelOutput/Group/Groups_P20211_F20211001/LevelGroup_P20211_F20211001_G130.json"
    },
    {
      "ID": 168,
      "Name": "MainMission4015101_PuzzleCompass_SR03",
      "GroupGUID": "e367c198-62e4-4658-8697-932d2b8dce87",
      "GroupPath": "Config/LevelOutput/Group/Groups_P20211_F20211001/LevelGroup_P20211_F20211001_G168.json"
    },
    {
      "ID": 165,
      "Name": "MainMission4015101_",
      "GroupGUID": "cac7e222-2b47-474b-b7d9-ea404ab3f5f2",
      "GroupPath": "Config/LevelOutput/Group/Groups_P20211_F20211001/LevelGroup_P20211_F20211001_G165.json"
    },
    {
      "ID": 169,
      "Name": "MainMission4015101_PuzzleCompass_SR04",
      "GroupGUID": "478f79a1-9cb4-436a-b4e2-8198f6e345f3",
      "GroupPath": "Config/LevelOutput/Group/Groups_P20211_F20211001/LevelGroup_P20211_F20211001_G169.json"
    },
    {
      "ID": 164,
      "Name": "MainMission4015103_",
      "GroupGUID": "4cb3ba10-24c7-4c2a-94bd-b029b16edb7d",
      "GroupPath": "Config/LevelOutput/Group/Groups_P20211_F20211001/LevelGroup_P20211_F20211001_G164.json"
    },
    {
      "ID": 174,
      "Name": "MainMission4015103_PuzzleCompass_SR05",
      "GroupGUID": "59a08d26-c2a3-4eb0-a371-e5749e9e7075",
      "GroupPath": "Config/LevelOutput/Group/Groups_P20211_F20211001/LevelGroup_P20211_F20211001_G174.json"
    },
    {
      "ID": 175,
      "Name": "MainMission4015103_PuzzleCompass_SR06",
      "GroupGUID": "f4e2ebb7-223e-4d23-8ce6-12ffa1117dab",
      "GroupPath": "Config/LevelOutput/Group/Groups_P20211_F20211001/LevelGroup_P20211_F20211001_G175.json"
    },
    {
      "ID": 166,
      "Name": "MainMission4015103_",
      "GroupGUID": "40773428-3df9-453b-a4db-4604e01f774e",
      "GroupPath": "Config/LevelOutput/Group/Groups_P20211_F20211001/LevelGroup_P20211_F20211001_G166.json"
    },
    {
      "ID": 177,
      "Name": "MainMission4015103_PuzzleCompass_SR07",
      "GroupGUID": "2251dfa1-ffb0-4f9f-bd4a-53f68f33e1ea",
      "GroupPath": "Config/LevelOutput/Group/Groups_P20211_F20211001/LevelGroup_P20211_F20211001_G177.json"
    },
    {
      "ID": 163,
      "Name": "MainMission4015103_",
      "GroupGUID": "ced71220-134a-46a0-ad31-2723c7353922",
      "GroupPath": "Config/LevelOutput/Group/Groups_P20211_F20211001/LevelGroup_P20211_F20211001_G163.json"
    },
    {
      "ID": 178,
      "Name": "MainMission4015103_PuzzleCompass_SR08",
      "GroupGUID": "3d8b0e6a-2951-48d9-9345-fd9b37be052b",
      "GroupPath": "Config/LevelOutput/Group/Groups_P20211_F20211001/LevelGroup_P20211_F20211001_G178.json"
    },
    {
      "ID": 172,
      "Name": "MainMission4015102_PuzzleCompass_SR09",
      "GroupGUID": "359e5ada-bca6-49f4-b05b-d4610e2e7c3e",
      "GroupPath": "Config/LevelOutput/Group/Groups_P20211_F20211001/LevelGroup_P20211_F20211001_G172.json"
    },
    {
      "ID": 170,
      "Name": "MainMission4015102_PuzzleCompass_SR10",
      "GroupGUID": "f368e12b-e10e-4558-94e3-1c87bfe872a9",
      "GroupPath": "Config/LevelOutput/Group/Groups_P20211_F20211001/LevelGroup_P20211_F20211001_G170.json"
    },
    {
      "ID": 171,
      "Name": "MainMission4015102_PuzzleCompass_SR11",
      "GroupGUID": "47de0611-e50c-47fa-a3e0-6ee2dbd4d9f1",
      "GroupPath": "Config/LevelOutput/Group/Groups_P20211_F20211001/LevelGroup_P20211_F20211001_G171.json"
    },
    {
      "ID": 167,
      "Name": "MainMission4015102_",
      "GroupGUID": "5a30a94f-0172-49b4-a16c-d3f77b7103ac",
      "GroupPath": "Config/LevelOutput/Group/Groups_P20211_F20211001/LevelGroup_P20211_F20211001_G167.json"
    },
    {
      "ID": 173,
      "Name": "MainMission4015102_PuzzleCompass_SR12",
      "GroupGUID": "76f0fbd9-85b3-410f-aa4e-71f22e269d27",
      "GroupPath": "Config/LevelOutput/Group/Groups_P20211_F20211001/LevelGroup_P20211_F20211001_G173.json"
    },
    {
      "ID": 183,
      "IsDelete": true,
      "Name": "MainMission2020104_15",
      "GroupGUID": "235e15b2-a003-41a5-b029-41fe8febaf5c",
      "GroupPath": "Config/LevelOutput/Group/Groups_P20211_F20211001/LevelGroup_P20211_F20211001_G183.json"
    },
    {
      "ID": 184,
      "Name": "MainMission_RoadBlock",
      "GroupGUID": "84882bbc-bc9b-4126-8287-eec01c122da6",
      "GroupPath": "Config/LevelOutput/Group/Groups_P20211_F20211001/LevelGroup_P20211_F20211001_G184.json"
    },
    {
      "ID": 186,
      "Name": "New Group",
      "GroupGUID": "cd872bad-797a-4ac4-878a-a47d1e552d38",
      "GroupPath": "Config/LevelOutput/Group/Groups_P20211_F20211001/LevelGroup_P20211_F20211001_G186.json"
    },
    {
      "ID": 73,
      "Name": "SubMission202030601",
      "GroupGUID": "607ec16b-6215-4b23-bd52-ad1994065968",
      "GroupPath": "Config/LevelOutput/Group/Groups_P20211_F20211001/LevelGroup_P20211_F20211001_G73.json"
    },
    {
      "ID": 78,
      "Name": "Submission2020306",
      "GroupGUID": "8c4e55ef-1081-4b4f-803c-5918306e7122",
      "GroupPath": "Config/LevelOutput/Group/Groups_P20211_F20211001/LevelGroup_P20211_F20211001_G78.json"
    },
    {
      "ID": 80,
      "Name": "SubMission202030606",
      "GroupGUID": "0f4ab329-501b-4ac9-b792-c35f7b3f6f71",
      "GroupPath": "Config/LevelOutput/Group/Groups_P20211_F20211001/LevelGroup_P20211_F20211001_G80.json"
    },
    {
      "ID": 81,
      "Name": "SubMission202030607",
      "GroupGUID": "419d832a-e482-48e9-a6f8-062615ee64a4",
      "GroupPath": "Config/LevelOutput/Group/Groups_P20211_F20211001/LevelGroup_P20211_F20211001_G81.json"
    },
    {
      "ID": 82,
      "Name": "SubMission202030613",
      "GroupGUID": "39064278-809b-4001-9cbe-ddd56c1abced",
      "GroupPath": "Config/LevelOutput/Group/Groups_P20211_F20211001/LevelGroup_P20211_F20211001_G82.json"
    },
    {
      "ID": 83,
      "Name": "Submission202030612",
      "GroupGUID": "9e441f3c-b953-422d-9b6e-94b04a2eccb6",
      "GroupPath": "Config/LevelOutput/Group/Groups_P20211_F20211001/LevelGroup_P20211_F20211001_G83.json"
    },
    {
      "ID": 84,
      "Name": "Submission202030609",
      "GroupGUID": "59a8436b-552c-4895-a6d6-d128918d905f",
      "GroupPath": "Config/LevelOutput/Group/Groups_P20211_F20211001/LevelGroup_P20211_F20211001_G84.json"
    },
    {
      "ID": 85,
      "Name": "Submission202030615",
      "GroupGUID": "8e37f66c-3ed1-460d-a037-e45bf2a61ecf",
      "GroupPath": "Config/LevelOutput/Group/Groups_P20211_F20211001/LevelGroup_P20211_F20211001_G85.json"
    },
    {
      "ID": 87,
      "Name": "Submission202030619",
      "GroupGUID": "3e7f2346-aea1-4673-9ca4-547f480331fb",
      "GroupPath": "Config/LevelOutput/Group/Groups_P20211_F20211001/LevelGroup_P20211_F20211001_G87.json"
    },
    {
      "ID": 89,
      "Name": "Submission202030617",
      "GroupGUID": "6934987e-8593-4fbb-aa87-dc818fdf37c8",
      "GroupPath": "Config/LevelOutput/Group/Groups_P20211_F20211001/LevelGroup_P20211_F20211001_G89.json"
    },
    {
      "ID": 90,
      "Name": "Submission202030621",
      "GroupGUID": "f74cc8f9-4775-4136-af26-315fbe88bced",
      "GroupPath": "Config/LevelOutput/Group/Groups_P20211_F20211001/LevelGroup_P20211_F20211001_G90.json"
    },
    {
      "ID": 91,
      "Name": "Submission202030623",
      "GroupGUID": "4fc52cfe-3559-4814-a05a-429cba6475c2",
      "GroupPath": "Config/LevelOutput/Group/Groups_P20211_F20211001/LevelGroup_P20211_F20211001_G91.json"
    },
    {
      "ID": 92,
      "Name": "Submission202030625",
      "GroupGUID": "5ed40954-443f-4228-bd9e-027620260bbe",
      "GroupPath": "Config/LevelOutput/Group/Groups_P20211_F20211001/LevelGroup_P20211_F20211001_G92.json"
    },
    {
      "ID": 93,
      "Name": "Submission202030626",
      "GroupGUID": "dbcc9901-6ee2-4e16-ac60-e129865a0fcc",
      "GroupPath": "Config/LevelOutput/Group/Groups_P20211_F20211001/LevelGroup_P20211_F20211001_G93.json"
    },
    {
      "ID": 102,
      "Name": "SubMission2020306",
      "GroupGUID": "baebe4a4-bb25-4617-a0fd-da5d0bfb3504",
      "GroupPath": "Config/LevelOutput/Group/Groups_P20211_F20211001/LevelGroup_P20211_F20211001_G102.json"
    },
    {
      "ID": 105,
      "Name": "MainMission2020313_BeforeRaid",
      "GroupGUID": "a6438fce-6e4d-4cd1-9de6-e2954e76d4fc",
      "GroupPath": "Config/LevelOutput/Group/Groups_P20211_F20211001/LevelGroup_P20211_F20211001_G105.json"
    },
    {
      "ID": 109,
      "Name": "SubMission202030601",
      "GroupGUID": "734f0663-36eb-4d56-b479-691f9f7e94fc",
      "GroupPath": "Config/LevelOutput/Group/Groups_P20211_F20211001/LevelGroup_P20211_F20211001_G109.json"
    },
    {
      "ID": 110,
      "Name": "SubMission2020306",
      "GroupGUID": "1e8ef29e-4e6e-4c29-b3b1-a8ea0927cdd6",
      "GroupPath": "Config/LevelOutput/Group/Groups_P20211_F20211001/LevelGroup_P20211_F20211001_G110.json"
    },
    {
      "ID": 114,
      "Name": "Submission202031306",
      "GroupGUID": "8663b7a3-9122-452e-9839-fcb93ea690c6",
      "GroupPath": "Config/LevelOutput/Group/Groups_P20211_F20211001/LevelGroup_P20211_F20211001_G114.json"
    },
    {
      "ID": 189,
      "Name": "RaidGate_2020313",
      "GroupGUID": "0dd1355c-656c-4195-8b84-a99a8444ff71",
      "GroupPath": "Config/LevelOutput/Group/Groups_P20211_F20211001/LevelGroup_P20211_F20211001_G189.json"
    },
    {
      "ID": 190,
      "Name": "New Group",
      "GroupGUID": "b3294ae0-02fa-4d59-b96f-9c7101294e2b",
      "GroupPath": "Config/LevelOutput/Group/Groups_P20211_F20211001/LevelGroup_P20211_F20211001_G190.json"
    },
    {
      "ID": 192,
      "Name": "MainMission8003240_01",
      "GroupGUID": "a8204c1f-99e9-40af-9196-857076454aa2",
      "GroupPath": "Config/LevelOutput/Group/Groups_P20211_F20211001/LevelGroup_P20211_F20211001_G192.json"
    },
    {
      "ID": 199,
      "Name": "MainMission8003240_02",
      "GroupGUID": "f963974b-14d1-4d7a-b93b-8aec72a70844",
      "GroupPath": "Config/LevelOutput/Group/Groups_P20211_F20211001/LevelGroup_P20211_F20211001_G199.json"
    },
    {
      "ID": 206,
      "Name": "MainMission8003240_03",
      "GroupGUID": "e2ac68ea-ad71-4262-bb24-37f1947cc281",
      "GroupPath": "Config/LevelOutput/Group/Groups_P20211_F20211001/LevelGroup_P20211_F20211001_G206.json"
    },
    {
      "ID": 207,
      "Name": "MainMission8003240_04",
      "GroupGUID": "adb1a2a8-6048-4ca9-b96d-8a8febd6d3bc",
      "GroupPath": "Config/LevelOutput/Group/Groups_P20211_F20211001/LevelGroup_P20211_F20211001_G207.json"
    },
    {
      "ID": 204,
      "Name": "MainMission8003240_05",
      "GroupGUID": "545784cb-93a0-4e34-bfbd-8e6103191a10",
      "GroupPath": "Config/LevelOutput/Group/Groups_P20211_F20211001/LevelGroup_P20211_F20211001_G204.json"
    },
    {
      "ID": 205,
      "Name": "MainMission8003240_06",
      "GroupGUID": "7fb8e3ff-da94-4194-8232-ad869444f68a",
      "GroupPath": "Config/LevelOutput/Group/Groups_P20211_F20211001/LevelGroup_P20211_F20211001_G205.json"
    },
    {
      "ID": 208,
      "Name": "MainMission8003241_01",
      "GroupGUID": "3379915e-6c16-4d04-ac63-3d7d8c716164",
      "GroupPath": "Config/LevelOutput/Group/Groups_P20211_F20211001/LevelGroup_P20211_F20211001_G208.json"
    },
    {
      "ID": 193,
      "Name": "New Group",
      "GroupGUID": "931f936e-92af-433b-98c9-c538bd7bdf57",
      "GroupPath": "Config/LevelOutput/Group/Groups_P20211_F20211001/LevelGroup_P20211_F20211001_G193.json"
    },
    {
      "ID": 194,
      "Name": "NPC1",
      "GroupGUID": "cab85026-a316-4a1c-88d1-b093df5925fa",
      "GroupPath": "Config/LevelOutput/Group/Groups_P20211_F20211001/LevelGroup_P20211_F20211001_G194.json"
    },
    {
      "ID": 195,
      "Name": "NPC2",
      "GroupGUID": "0b57b59b-4481-4ed8-b784-55ea0e62648b",
      "GroupPath": "Config/LevelOutput/Group/Groups_P20211_F20211001/LevelGroup_P20211_F20211001_G195.json"
    },
    {
      "ID": 196,
      "Name": "NPC3",
      "GroupGUID": "178f8939-2562-406e-8733-aa324723b4a7",
      "GroupPath": "Config/LevelOutput/Group/Groups_P20211_F20211001/LevelGroup_P20211_F20211001_G196.json"
    },
    {
      "ID": 197,
      "Name": "NPC4",
      "GroupGUID": "3df96b3d-1509-4f72-a0ec-7e37056ee1ee",
      "GroupPath": "Config/LevelOutput/Group/Groups_P20211_F20211001/LevelGroup_P20211_F20211001_G197.json"
    },
    {
      "ID": 198,
      "Name": "MainMission_RoadBlock",
      "GroupGUID": "12eed33e-4f61-4da7-a4ed-29972d59c2c9",
      "GroupPath": "Config/LevelOutput/Group/Groups_P20211_F20211001/LevelGroup_P20211_F20211001_G198.json"
    },
    {
      "ID": 200,
      "Name": "MainMission4122102_",
      "GroupGUID": "6576ac99-823e-4d16-bf94-2bbc5bdc2961",
      "GroupPath": "Config/LevelOutput/Group/Groups_P20211_F20211001/LevelGroup_P20211_F20211001_G200.json"
    },
    {
      "ID": 201,
      "Name": "MainMission4122102_",
      "GroupGUID": "e79046a4-db3f-433c-b7e4-66928c278fc3",
      "GroupPath": "Config/LevelOutput/Group/Groups_P20211_F20211001/LevelGroup_P20211_F20211001_G201.json"
    },
    {
      "ID": 202,
      "Name": "Book2",
      "GroupGUID": "468484cb-cda1-4397-a6ab-47883ddf942f",
      "GroupPath": "Config/LevelOutput/Group/Groups_P20211_F20211001/LevelGroup_P20211_F20211001_G202.json"
    },
    {
      "ID": 203,
      "Name": "Book2",
      "GroupGUID": "4fac7a8c-1ec0-46d8-8ebe-a9bb04293791",
      "GroupPath": "Config/LevelOutput/Group/Groups_P20211_F20211001/LevelGroup_P20211_F20211001_G203.json"
    },
    {
      "ID": 211,
      "Name": "MainMission8015104_4",
      "GroupGUID": "e788bbfb-bd56-477b-b374-a963bb5db943",
      "GroupPath": "Config/LevelOutput/Group/Groups_P20211_F20211001/LevelGroup_P20211_F20211001_G211.json"
    },
    {
      "ID": 212,
      "Name": "MainMission8015104_6",
      "GroupGUID": "764aa5a5-1047-4918-8c1d-bd47d5d0d970",
      "GroupPath": "Config/LevelOutput/Group/Groups_P20211_F20211001/LevelGroup_P20211_F20211001_G212.json"
    },
    {
      "ID": 215,
      "Name": "MainMission8015173_03",
      "GroupGUID": "7f3f4a64-3705-45e9-952f-3fbec2eb656c",
      "GroupPath": "Config/LevelOutput/Group/Groups_P20211_F20211001/LevelGroup_P20211_F20211001_G215.json"
    },
    {
      "ID": 216,
      "Name": "MainMission8015173_04",
      "GroupGUID": "5854270e-3d9b-4fde-bd8b-6547f197470e",
      "GroupPath": "Config/LevelOutput/Group/Groups_P20211_F20211001/LevelGroup_P20211_F20211001_G216.json"
    },
    {
      "ID": 232,
      "Name": "MainMission8015104_New Group",
      "GroupGUID": "9fd93cae-18c1-4100-b214-b9460590a300",
      "GroupPath": "Config/LevelOutput/Group/Groups_P20211_F20211001/LevelGroup_P20211_F20211001_G232.json"
    }
  ]
}