{
  "FloorID": 30104001,
  "FloorName": "FloorName_30104001",
  "StartGroupID": 1,
  "StartAnchorID": 1,
  "GroupList": [
    {
      "ID": 1,
      "Name": "DefaultData",
      "GroupGUID": "f510c810-240c-4d78-a7bf-cf896d9f2801",
      "GroupPath": "Config/LevelOutput/Group/Groups_P30104_F30104001/LevelGroup_P30104_F30104001_G1.json"
    },
    {
      "ID": 8,
      "Name": "Contents",
      "GroupGUID": "1bfae11a-79f1-4c51-b81c-f7bc8731b492",
      "GroupPath": "Config/LevelOutput/Group/Groups_P30104_F30104001/LevelGroup_P30104_F30104001_G8.json"
    },
    {
      "ID": 9,
      "Name": "Contents",
      "GroupGUID": "9df90dc0-97ff-4b7e-a799-2e6174ef302b",
      "GroupPath": "Config/LevelOutput/Group/Groups_P30104_F30104001/LevelGroup_P30104_F30104001_G9.json"
    },
    {
      "ID": 10,
      "Name": "Contents",
      "GroupGUID": "d917589d-0d16-4868-96d7-ee934cbc9df2",
      "GroupPath": "Config/LevelOutput/Group/Groups_P30104_F30104001/LevelGroup_P30104_F30104001_G10.json"
    },
    {
      "ID": 11,
      "Name": "Contents",
      "GroupGUID": "208ecf5d-a20a-4526-9273-2cdaad17df20",
      "GroupPath": "Config/LevelOutput/Group/Groups_P30104_F30104001/LevelGroup_P30104_F30104001_G11.json"
    },
    {
      "ID": 12,
      "Name": "Default",
      "GroupGUID": "cb41b96f-3493-45f0-a891-afcdbe03083b",
      "GroupPath": "Config/LevelOutput/Group/Groups_P30104_F30104001/LevelGroup_P30104_F30104001_G12.json"
    },
    {
      "ID": 13,
      "Name": "Sound",
      "GroupGUID": "50dab823-736e-4a9e-bfb5-15126105c56e",
      "GroupPath": "Config/LevelOutput/Group/Groups_P30104_F30104001/LevelGroup_P30104_F30104001_G13.json"
    },
    {
      "ID": 15,
      "Name": "PolymerSceneProp",
      "GroupGUID": "e196496d-2b63-442f-86a4-8427ba86335c",
      "GroupPath": "Config/LevelOutput/Group/Groups_P30104_F30104001/LevelGroup_P30104_F30104001_G15.json"
    }
  ]
}