{
  "FloorID": 30105001,
  "FloorName": "FloorName_30105001",
  "StartGroupID": 1,
  "StartAnchorID": 1,
  "GroupList": [
    {
      "ID": 1,
      "Name": "DefaultData",
      "GroupGUID": "34007374-6a34-4d20-ab5f-772e3860a094",
      "GroupPath": "Config/LevelOutput/Group/Groups_P30105_F30105001/LevelGroup_P30105_F30105001_G1.json"
    },
    {
      "ID": 8,
      "Name": "Contents",
      "GroupGUID": "c502dbc7-9841-4854-93d7-e4e6e5f954b6",
      "GroupPath": "Config/LevelOutput/Group/Groups_P30105_F30105001/LevelGroup_P30105_F30105001_G8.json"
    },
    {
      "ID": 9,
      "Name": "Contents",
      "GroupGUID": "447f7b1e-bee7-405b-b120-a5ed9fdcd51c",
      "GroupPath": "Config/LevelOutput/Group/Groups_P30105_F30105001/LevelGroup_P30105_F30105001_G9.json"
    },
    {
      "ID": 10,
      "Name": "Contents",
      "GroupGUID": "bf85c0b8-e077-4546-a5f4-6d62a8ab9cfc",
      "GroupPath": "Config/LevelOutput/Group/Groups_P30105_F30105001/LevelGroup_P30105_F30105001_G10.json"
    },
    {
      "ID": 11,
      "Name": "Contents",
      "GroupGUID": "d7725b17-e86e-4cd7-9b07-5cba283b6c8a",
      "GroupPath": "Config/LevelOutput/Group/Groups_P30105_F30105001/LevelGroup_P30105_F30105001_G11.json"
    },
    {
      "ID": 12,
      "Name": "DefaultGroup",
      "GroupGUID": "acb142e6-77c8-42fb-b606-8d68a49ab824",
      "GroupPath": "Config/LevelOutput/Group/Groups_P30105_F30105001/LevelGroup_P30105_F30105001_G12.json"
    },
    {
      "ID": 13,
      "Name": "BATProp",
      "GroupGUID": "4a5aaa47-8612-4c5b-9e17-f7aa0a6a61a1",
      "GroupPath": "Config/LevelOutput/Group/Groups_P30105_F30105001/LevelGroup_P30105_F30105001_G13.json"
    },
    {
      "ID": 14,
      "Name": "BATBossProp",
      "GroupGUID": "b62278a6-e85c-434a-9469-6b8458103dcc",
      "GroupPath": "Config/LevelOutput/Group/Groups_P30105_F30105001/LevelGroup_P30105_F30105001_G14.json"
    },
    {
      "ID": 16,
      "Name": "Sound",
      "GroupGUID": "85c0040d-7dcd-41bd-8ae6-c117278acf8c",
      "GroupPath": "Config/LevelOutput/Group/Groups_P30105_F30105001/LevelGroup_P30105_F30105001_G16.json"
    },
    {
      "ID": 19,
      "Name": "MainMission_RoadBlock",
      "GroupGUID": "638d8d92-24e8-4a12-a5f7-fad1ae44ee30",
      "GroupPath": "Config/LevelOutput/Group/Groups_P30105_F30105001/LevelGroup_P30105_F30105001_G19.json"
    },
    {
      "ID": 20,
      "Name": "Contents",
      "GroupGUID": "dff80545-cae3-41f0-95f8-b45dd7655452",
      "GroupPath": "Config/LevelOutput/Group/Groups_P30105_F30105001/LevelGroup_P30105_F30105001_G20.json"
    }
  ]
}