{
  "FloorID": 30102001,
  "FloorName": "FloorName_30102001",
  "StartGroupID": 1,
  "StartAnchorID": 1,
  "GroupList": [
    {
      "ID": 1,
      "Name": "PlayerStart",
      "GroupGUID": "2146a71e-8383-4f1e-875c-d0f460ec265c",
      "GroupPath": "Config/LevelOutput/Group/Groups_P30102_F30102001/LevelGroup_P30102_F30102001_G1.json"
    },
    {
      "ID": 8,
      "Name": "Contents",
      "GroupGUID": "287e6169-f723-49c6-aa14-792dc89a9d16",
      "GroupPath": "Config/LevelOutput/Group/Groups_P30102_F30102001/LevelGroup_P30102_F30102001_G8.json"
    },
    {
      "ID": 9,
      "Name": "Contents",
      "GroupGUID": "ddf2732c-2644-4521-89d6-383a351713df",
      "GroupPath": "Config/LevelOutput/Group/Groups_P30102_F30102001/LevelGroup_P30102_F30102001_G9.json"
    },
    {
      "ID": 10,
      "Name": "Contents",
      "GroupGUID": "9af0d100-d0c7-49e0-bac8-7cd682f0627a",
      "GroupPath": "Config/LevelOutput/Group/Groups_P30102_F30102001/LevelGroup_P30102_F30102001_G10.json"
    },
    {
      "ID": 11,
      "Name": "Contents",
      "GroupGUID": "f2e4fc76-e4d8-48f3-8121-f74468aa5442",
      "GroupPath": "Config/LevelOutput/Group/Groups_P30102_F30102001/LevelGroup_P30102_F30102001_G11.json"
    },
    {
      "ID": 12,
      "Name": "Sound",
      "GroupGUID": "45e225af-d4ce-4f4e-a19c-8f87c645e20a",
      "GroupPath": "Config/LevelOutput/Group/Groups_P30102_F30102001/LevelGroup_P30102_F30102001_G12.json"
    },
    {
      "ID": 13,
      "Name": "Contents_NormalBattleArea",
      "GroupGUID": "06ccc977-5f38-4482-83c1-069c0da3772f",
      "GroupPath": "Config/LevelOutput/Group/Groups_P30102_F30102001/LevelGroup_P30102_F30102001_G13.json"
    },
    {
      "ID": 14,
      "Name": "Contents_NormalBattleArea",
      "GroupGUID": "bfa16073-3fb8-49ce-89fe-4c2458100708",
      "GroupPath": "Config/LevelOutput/Group/Groups_P30102_F30102001/LevelGroup_P30102_F30102001_G14.json"
    },
    {
      "ID": 15,
      "Name": "Contents_NormalBattleArea",
      "GroupGUID": "27fdb7ff-22d5-4063-9207-3df3c57db3a3",
      "GroupPath": "Config/LevelOutput/Group/Groups_P30102_F30102001/LevelGroup_P30102_F30102001_G15.json"
    },
    {
      "ID": 16,
      "Name": "Contents_NormalBattleArea",
      "GroupGUID": "a45a435a-fed4-4abd-b4bd-62ff8680b2d0",
      "GroupPath": "Config/LevelOutput/Group/Groups_P30102_F30102001/LevelGroup_P30102_F30102001_G16.json"
    }
  ]
}