{
  "FloorID": 30102003,
  "FloorName": "MazeText_Empty",
  "StartGroupID": 1,
  "StartAnchorID": 1,
  "GroupList": [
    {
      "ID": 1,
      "Name": "DefaultGroup",
      "GroupGUID": "5835ac3a-9ee6-4121-916a-3edc0aea61c1",
      "GroupPath": "Config/LevelOutput/Group/Groups_P30102_F30102003/LevelGroup_P30102_F30102003_G1.json"
    },
    {
      "ID": 2,
      "Name": "DefaultGroup",
      "GroupGUID": "afc5eb3d-0385-4382-a939-3e36545fc6a7",
      "GroupPath": "Config/LevelOutput/Group/Groups_P30102_F30102003/LevelGroup_P30102_F30102003_G2.json"
    },
    {
      "ID": 3,
      "Name": "Sound_01",
      "GroupGUID": "b658ee2c-b094-4904-beb3-21ec9ef7e503",
      "GroupPath": "Config/LevelOutput/Group/Groups_P30102_F30102003/LevelGroup_P30102_F30102003_G3.json"
    },
    {
      "ID": 4,
      "Name": "Contents",
      "GroupGUID": "ac42c519-c594-429b-8a07-850097f29f25",
      "GroupPath": "Config/LevelOutput/Group/Groups_P30102_F30102003/LevelGroup_P30102_F30102003_G4.json"
    },
    {
      "ID": 5,
      "Name": "Contents",
      "GroupGUID": "526875d2-cab3-428b-a1ad-a1ef6458f03d",
      "GroupPath": "Config/LevelOutput/Group/Groups_P30102_F30102003/LevelGroup_P30102_F30102003_G5.json"
    },
    {
      "ID": 6,
      "Name": "Contents",
      "GroupGUID": "213dbb49-0b3a-4194-a872-d2a06d53bc2b",
      "GroupPath": "Config/LevelOutput/Group/Groups_P30102_F30102003/LevelGroup_P30102_F30102003_G6.json"
    },
    {
      "ID": 7,
      "Name": "Contents",
      "GroupGUID": "1a15817c-4d2e-47ca-968e-01db1090df54",
      "GroupPath": "Config/LevelOutput/Group/Groups_P30102_F30102003/LevelGroup_P30102_F30102003_G7.json"
    },
    {
      "ID": 8,
      "Name": "Tower",
      "GroupGUID": "d73d4cfe-aabf-4052-8d57-bf1105366b97",
      "GroupPath": "Config/LevelOutput/Group/Groups_P30102_F30102003/LevelGroup_P30102_F30102003_G8.json"
    }
  ]
}