{
  "FloorID": 30101001,
  "FloorName": "FloorName_30101001",
  "StartGroupID": 1,
  "StartAnchorID": 1,
  "GroupList": [
    {
      "ID": 1,
      "Name": "DefaultGroup",
      "GroupGUID": "06279034-391a-4897-bca1-4541a188e8ca",
      "GroupPath": "Config/LevelOutput/Group/Groups_P30101_F30101001/LevelGroup_P30101_F30101001_G1.json"
    },
    {
      "ID": 2,
      "Name": "Contents",
      "GroupGUID": "2f76f834-bdd5-441b-bdf7-2949f9cbbf1a",
      "GroupPath": "Config/LevelOutput/Group/Groups_P30101_F30101001/LevelGroup_P30101_F30101001_G2.json"
    },
    {
      "ID": 3,
      "Name": "Contents",
      "GroupGUID": "a51251b4-06bf-4df9-bc6d-b2c03e1982c2",
      "GroupPath": "Config/LevelOutput/Group/Groups_P30101_F30101001/LevelGroup_P30101_F30101001_G3.json"
    },
    {
      "ID": 4,
      "Name": "Contents",
      "GroupGUID": "1569b338-7fe8-4a6c-aec8-4ae8020d3404",
      "GroupPath": "Config/LevelOutput/Group/Groups_P30101_F30101001/LevelGroup_P30101_F30101001_G4.json"
    },
    {
      "ID": 5,
      "Name": "Contents",
      "GroupGUID": "67ab0b61-58b1-480d-ac4b-154e52dfe5b9",
      "GroupPath": "Config/LevelOutput/Group/Groups_P30101_F30101001/LevelGroup_P30101_F30101001_G5.json"
    },
    {
      "ID": 7,
      "Name": "Sound",
      "GroupGUID": "80193d12-7bfd-4bae-bbd4-041d4ed8504c",
      "GroupPath": "Config/LevelOutput/Group/Groups_P30101_F30101001/LevelGroup_P30101_F30101001_G7.json"
    }
  ]
}