{
  "FloorID": 30102002,
  "FloorName": "MazeText_Empty",
  "StartGroupID": 1,
  "StartAnchorID": 1,
  "GroupList": [
    {
      "ID": 1,
      "Name": "DefaultGroup",
      "GroupGUID": "4c4c197d-18ac-44fb-b1a6-ff485665e8d0",
      "GroupPath": "Config/LevelOutput/Group/Groups_P30102_F30102002/LevelGroup_P30102_F30102002_G1.json"
    },
    {
      "ID": 2,
      "Name": "DefaultGroup",
      "GroupGUID": "39634109-de3b-442a-b075-1055c4c3ceaf",
      "GroupPath": "Config/LevelOutput/Group/Groups_P30102_F30102002/LevelGroup_P30102_F30102002_G2.json"
    },
    {
      "ID": 3,
      "Name": "Default_BoundaryCamera_Client",
      "GroupGUID": "a5605689-8058-43c6-8359-62399791aadc",
      "GroupPath": "Config/LevelOutput/Group/Groups_P30102_F30102002/LevelGroup_P30102_F30102002_G3.json"
    },
    {
      "ID": 4,
      "Name": "Sound",
      "GroupGUID": "5282d9e6-ec04-47c6-815c-975bda35ae8c",
      "GroupPath": "Config/LevelOutput/Group/Groups_P30102_F30102002/LevelGroup_P30102_F30102002_G4.json"
    },
    {
      "ID": 5,
      "Name": "Contents",
      "GroupGUID": "7eba2a24-6e95-473d-bf55-7b5f21f8fe47",
      "GroupPath": "Config/LevelOutput/Group/Groups_P30102_F30102002/LevelGroup_P30102_F30102002_G5.json"
    },
    {
      "ID": 6,
      "Name": "Contents",
      "GroupGUID": "810d195a-6ef7-4ec4-9c45-df7db2d70284",
      "GroupPath": "Config/LevelOutput/Group/Groups_P30102_F30102002/LevelGroup_P30102_F30102002_G6.json"
    },
    {
      "ID": 7,
      "Name": "Contents",
      "GroupGUID": "db020bcd-a816-4612-a3e6-3f0461f0045a",
      "GroupPath": "Config/LevelOutput/Group/Groups_P30102_F30102002/LevelGroup_P30102_F30102002_G7.json"
    },
    {
      "ID": 8,
      "Name": "Contents",
      "GroupGUID": "25ff53f7-bd49-4324-be10-ca832218a321",
      "GroupPath": "Config/LevelOutput/Group/Groups_P30102_F30102002/LevelGroup_P30102_F30102002_G8.json"
    }
  ]
}