{
  "FloorID": 30120001,
  "FloorName": "MazeText_Empty",
  "StartGroupID": 1,
  "StartAnchorID": 1,
  "GroupList": [
    {
      "ID": 1,
      "Name": "DefaultData",
      "GroupGUID": "0abc5d0e-d95c-4516-85c9-469ca0d4d88c",
      "GroupPath": "Config/LevelOutput/Group/Groups_P30120_F30120001/LevelGroup_P30120_F30120001_G1.json"
    },
    {
      "ID": 2,
      "Name": "Contents01",
      "GroupGUID": "d3c9cd50-e889-4ee8-9758-23dad7778cca",
      "GroupPath": "Config/LevelOutput/Group/Groups_P30120_F30120001/LevelGroup_P30120_F30120001_G2.json"
    },
    {
      "ID": 3,
      "Name": "Contents02",
      "GroupGUID": "ad6402a7-dc03-4303-a443-a31762c19943",
      "GroupPath": "Config/LevelOutput/Group/Groups_P30120_F30120001/LevelGroup_P30120_F30120001_G3.json"
    },
    {
      "ID": 4,
      "Name": "Contents03",
      "GroupGUID": "8296b728-fe2a-45eb-9e2f-4ac5c857f01a",
      "GroupPath": "Config/LevelOutput/Group/Groups_P30120_F30120001/LevelGroup_P30120_F30120001_G4.json"
    },
    {
      "ID": 5,
      "Name": "Contents04",
      "GroupGUID": "662cef04-7dda-4e1c-9767-1007a9cca1ac",
      "GroupPath": "Config/LevelOutput/Group/Groups_P30120_F30120001/LevelGroup_P30120_F30120001_G5.json"
    },
    {
      "ID": 6,
      "Name": "Contents05",
      "GroupGUID": "5c7c1647-cfaf-40f0-afb5-7ef8f7c245ae",
      "GroupPath": "Config/LevelOutput/Group/Groups_P30120_F30120001/LevelGroup_P30120_F30120001_G6.json"
    },
    {
      "ID": 7,
      "Name": "Contents06",
      "GroupGUID": "9059c761-ad38-4462-8db8-826064364c22",
      "GroupPath": "Config/LevelOutput/Group/Groups_P30120_F30120001/LevelGroup_P30120_F30120001_G7.json"
    }
  ]
}