{
  "FloorID": 30203001,
  "FloorName": "FloorName_30203001",
  "StartGroupID": 1,
  "StartAnchorID": 1,
  "GroupList": [
    {
      "ID": 1,
      "Name": "Default",
      "GroupGUID": "2cbba706-1ebd-436d-8bbb-097d1cbc5e30",
      "GroupPath": "Config/LevelOutput/Group/Groups_P30201_F30203001/LevelGroup_P30201_F30203001_G1.json"
    },
    {
      "ID": 2,
      "Name": "Content",
      "GroupGUID": "132d9280-500d-4135-853a-daed36399a84",
      "GroupPath": "Config/LevelOutput/Group/Groups_P30201_F30203001/LevelGroup_P30201_F30203001_G2.json"
    },
    {
      "ID": 3,
      "Name": "MP",
      "GroupGUID": "6e28102b-b3f9-4f1b-8abe-40f6ce8d3760",
      "GroupPath": "Config/LevelOutput/Group/Groups_P30201_F30203001/LevelGroup_P30201_F30203001_G3.json"
    },
    {
      "ID": 5,
      "Name": "Sound",
      "GroupGUID": "05d926b3-9518-435d-8809-ceab0fc60e78",
      "GroupPath": "Config/LevelOutput/Group/Groups_P30201_F30203001/LevelGroup_P30201_F30203001_G5.json"
    }
  ]
}