{
  "FloorID": 30204001,
  "FloorName": "FloorName_30204001",
  "StartGroupID": 1,
  "StartAnchorID": 1,
  "GroupList": [
    {
      "ID": 1,
      "Name": "Default",
      "GroupGUID": "903676da-e168-45ca-a218-a30a74ed4f14",
      "GroupPath": "Config/LevelOutput/Group/Groups_P30201_F30204001/LevelGroup_P30201_F30204001_G1.json"
    },
    {
      "ID": 2,
      "Name": "Content",
      "GroupGUID": "67b81726-857b-4cad-a6bf-273681671da2",
      "GroupPath": "Config/LevelOutput/Group/Groups_P30201_F30204001/LevelGroup_P30201_F30204001_G2.json"
    },
    {
      "ID": 3,
      "Name": "MP",
      "GroupGUID": "c0762044-17db-4408-a125-63717e0eed7c",
      "GroupPath": "Config/LevelOutput/Group/Groups_P30201_F30204001/LevelGroup_P30201_F30204001_G3.json"
    },
    {
      "ID": 5,
      "Name": "Sound",
      "GroupGUID": "aeaafcd0-2ac5-4f7e-a733-a833343f95a3",
      "GroupPath": "Config/LevelOutput/Group/Groups_P30201_F30204001/LevelGroup_P30201_F30204001_G5.json"
    }
  ]
}