{
  "FloorID": 30206001,
  "FloorName": "FloorName_30206001",
  "StartGroupID": 1,
  "StartAnchorID": 1,
  "GroupList": [
    {
      "ID": 1,
      "Name": "Default",
      "GroupGUID": "3dba5d93-e02f-4198-81e6-32ff7912de51",
      "GroupPath": "Config/LevelOutput/Group/Groups_P30201_F30206001/LevelGroup_P30201_F30206001_G1.json"
    },
    {
      "ID": 2,
      "Name": "Content",
      "GroupGUID": "2fe5e64f-7999-4eab-b6c3-ecdfe8fa6a08",
      "GroupPath": "Config/LevelOutput/Group/Groups_P30201_F30206001/LevelGroup_P30201_F30206001_G2.json"
    },
    {
      "ID": 3,
      "Name": "MP",
      "GroupGUID": "877ec4f6-f7d2-4b55-bf5b-273d8be6e474",
      "GroupPath": "Config/LevelOutput/Group/Groups_P30201_F30206001/LevelGroup_P30201_F30206001_G3.json"
    },
    {
      "ID": 5,
      "Name": "Sound",
      "GroupGUID": "6187334c-ff1d-4436-8d9d-d57e1330bbb4",
      "GroupPath": "Config/LevelOutput/Group/Groups_P30201_F30206001/LevelGroup_P30201_F30206001_G5.json"
    }
  ]
}