{
  "FloorID": 30202001,
  "FloorName": "FloorName_30202001",
  "StartGroupID": 1,
  "StartAnchorID": 1,
  "GroupList": [
    {
      "ID": 1,
      "Name": "Default",
      "GroupGUID": "697c5471-578d-4afc-bc54-128a4d210f9c",
      "GroupPath": "Config/LevelOutput/Group/Groups_P30201_F30202001/LevelGroup_P30201_F30202001_G1.json"
    },
    {
      "ID": 2,
      "Name": "Content",
      "GroupGUID": "2b47b948-0bf0-4847-a074-9d0f9b25ac14",
      "GroupPath": "Config/LevelOutput/Group/Groups_P30201_F30202001/LevelGroup_P30201_F30202001_G2.json"
    },
    {
      "ID": 3,
      "Name": "MP",
      "GroupGUID": "794ecc6f-cca3-448c-8d4d-e640897a2645",
      "GroupPath": "Config/LevelOutput/Group/Groups_P30201_F30202001/LevelGroup_P30201_F30202001_G3.json"
    },
    {
      "ID": 6,
      "Name": "Sound",
      "GroupGUID": "e5bb6446-e9b8-4267-ba2c-292300f19973",
      "GroupPath": "Config/LevelOutput/Group/Groups_P30201_F30202001/LevelGroup_P30201_F30202001_G6.json"
    },
    {
      "ID": 7,
      "Name": "Chest",
      "GroupGUID": "e024b6ba-5d1a-49fd-97a9-aed643901990",
      "GroupPath": "Config/LevelOutput/Group/Groups_P30201_F30202001/LevelGroup_P30201_F30202001_G7.json"
    }
  ]
}