{
  "FloorID": 30201001,
  "FloorName": "MazeText_Empty",
  "StartGroupID": 1,
  "StartAnchorID": 1,
  "GroupList": [
    {
      "ID": 1,
      "Name": "DefaultGroup",
      "GroupGUID": "cd324cc5-b5f3-4350-b25a-b82c6806893d",
      "GroupPath": "Config/LevelOutput/Group/Groups_P30201_F30201001/LevelGroup_P30201_F30201001_G1.json"
    },
    {
      "ID": 2,
      "Name": "Content",
      "GroupGUID": "766eaa10-0d40-401f-b62a-03014a40bc21",
      "GroupPath": "Config/LevelOutput/Group/Groups_P30201_F30201001/LevelGroup_P30201_F30201001_G2.json"
    },
    {
      "ID": 3,
      "Name": "MP",
      "GroupGUID": "1ed0e8a1-eaa4-4f61-b2ab-295f18103522",
      "GroupPath": "Config/LevelOutput/Group/Groups_P30201_F30201001/LevelGroup_P30201_F30201001_G3.json"
    },
    {
      "ID": 6,
      "Name": "Sound",
      "GroupGUID": "5125bcfb-4bc0-4980-aa03-f48366e2ec03",
      "GroupPath": "Config/LevelOutput/Group/Groups_P30201_F30201001/LevelGroup_P30201_F30201001_G6.json"
    },
    {
      "ID": 4,
      "Name": "MainMission_RoadBlock",
      "GroupGUID": "f41f9e0b-ea47-49a5-a397-e4ceae35d215",
      "GroupPath": "Config/LevelOutput/Group/Groups_P30201_F30201001/LevelGroup_P30201_F30201001_G4.json"
    }
  ]
}