{
  "FloorID": 30205001,
  "FloorName": "FloorName_30205001",
  "StartGroupID": 1,
  "StartAnchorID": 1,
  "GroupList": [
    {
      "ID": 1,
      "Name": "Default",
      "GroupGUID": "bb34f5e4-891b-4375-8a6e-c317d09a72f2",
      "GroupPath": "Config/LevelOutput/Group/Groups_P30201_F30205001/LevelGroup_P30201_F30205001_G1.json"
    },
    {
      "ID": 2,
      "Name": "Content",
      "GroupGUID": "9c48039c-38a5-4534-b2e5-053b1b0f6cb8",
      "GroupPath": "Config/LevelOutput/Group/Groups_P30201_F30205001/LevelGroup_P30201_F30205001_G2.json"
    },
    {
      "ID": 3,
      "Name": "MP",
      "GroupGUID": "f7b11b80-f034-45e9-afd2-3e7cdd0fa282",
      "GroupPath": "Config/LevelOutput/Group/Groups_P30201_F30205001/LevelGroup_P30201_F30205001_G3.json"
    },
    {
      "ID": 6,
      "Name": "Sound",
      "GroupGUID": "fec82f7b-4f93-47dc-8aa1-646c78ba185c",
      "GroupPath": "Config/LevelOutput/Group/Groups_P30201_F30205001/LevelGroup_P30201_F30205001_G6.json"
    }
  ]
}