{
  "FloorID": 30301003,
  "FloorName": "FloorName_30301003",
  "StartGroupID": 1,
  "StartAnchorID": 1,
  "GroupList": [
    {
      "ID": 1,
      "Name": "DefaultData",
      "GroupGUID": "a263e61c-47d8-4be8-8446-7b4d03553c20",
      "GroupPath": "Config/LevelOutput/Group/Groups_P30301_F30301003/LevelGroup_P30301_F30301003_G1.json"
    },
    {
      "ID": 2,
      "Name": "New Group",
      "GroupGUID": "97ff0137-372f-4044-832a-dbb7e42655b7",
      "GroupPath": "Config/LevelOutput/Group/Groups_P30301_F30301003/LevelGroup_P30301_F30301003_G2.json"
    },
    {
      "ID": 3,
      "Name": "Sound",
      "GroupGUID": "7991ee99-817e-47be-938e-978ac9148381",
      "GroupPath": "Config/LevelOutput/Group/Groups_P30301_F30301003/LevelGroup_P30301_F30301003_G3.json"
    }
  ]
}