{
  "FloorID": 30301006,
  "FloorName": "FloorName_30301006",
  "StartGroupID": 1,
  "StartAnchorID": 1,
  "GroupList": [
    {
      "ID": 1,
      "Name": "DefaultData",
      "GroupGUID": "0954d3d9-303a-4175-8ef8-4e63903fd8a6",
      "GroupPath": "Config/LevelOutput/Group/Groups_P30301_F30301006/LevelGroup_P30301_F30301006_G1.json"
    },
    {
      "ID": 2,
      "Name": "New Group",
      "GroupGUID": "a12e72f6-7981-4c3d-885d-955a3fa29f9e",
      "GroupPath": "Config/LevelOutput/Group/Groups_P30301_F30301006/LevelGroup_P30301_F30301006_G2.json"
    },
    {
      "ID": 4,
      "Name": "Sound",
      "GroupGUID": "735a7716-cdb3-4db5-bac3-310bfe0ba604",
      "GroupPath": "Config/LevelOutput/Group/Groups_P30301_F30301006/LevelGroup_P30301_F30301006_G4.json"
    }
  ]
}