{
  "FloorID": 30301004,
  "FloorName": "FloorName_30301004",
  "StartGroupID": 1,
  "StartAnchorID": 1,
  "GroupList": [
    {
      "ID": 1,
      "Name": "Public01",
      "GroupGUID": "7ab340b1-8952-412a-8f4e-e9cdb8c19fce",
      "GroupPath": "Config/LevelOutput/Group/Groups_P30301_F30301004/LevelGroup_P30301_F30301004_G1.json"
    },
    {
      "ID": 2,
      "Name": "New Group",
      "GroupGUID": "de4c26b5-2bf8-4658-aa74-3321b4616a2d",
      "GroupPath": "Config/LevelOutput/Group/Groups_P30301_F30301004/LevelGroup_P30301_F30301004_G2.json"
    },
    {
      "ID": 3,
      "Name": "Sound",
      "GroupGUID": "e7616395-08e8-4903-ab2a-1838833bd517",
      "GroupPath": "Config/LevelOutput/Group/Groups_P30301_F30301004/LevelGroup_P30301_F30301004_G3.json"
    }
  ]
}