{
  "FloorID": 30301002,
  "FloorName": "FloorName_30301002",
  "StartGroupID": 1,
  "StartAnchorID": 1,
  "GroupList": [
    {
      "ID": 1,
      "Name": "PlayerStart",
      "GroupGUID": "70a09edc-c5d9-41d7-b566-ba3f4076523e",
      "GroupPath": "Config/LevelOutput/Group/Groups_P30301_F30301002/LevelGroup_P30301_F30301002_G1.json"
    },
    {
      "ID": 2,
      "Name": "New Group",
      "GroupGUID": "8ba5e03c-0b0a-4dca-beb5-fa56e42efa61",
      "GroupPath": "Config/LevelOutput/Group/Groups_P30301_F30301002/LevelGroup_P30301_F30301002_G2.json"
    },
    {
      "ID": 3,
      "Name": "Sound",
      "GroupGUID": "b61eb25f-5eda-4f98-ac33-6a2d7af53d23",
      "GroupPath": "Config/LevelOutput/Group/Groups_P30301_F30301002/LevelGroup_P30301_F30301002_G3.json"
    }
  ]
}