{
  "FloorID": 30301001,
  "FloorName": "FloorName_30301001",
  "StartGroupID": 1,
  "StartAnchorID": 1,
  "GroupList": [
    {
      "ID": 1,
      "Name": "DefaultData",
      "GroupGUID": "831e1a49-1d07-4324-b23c-8c7d571025cd",
      "GroupPath": "Config/LevelOutput/Group/Groups_P30301_F30301001/LevelGroup_P30301_F30301001_G1.json"
    },
    {
      "ID": 2,
      "Name": "New Group",
      "GroupGUID": "7e8c03a8-160c-4d05-9cff-d5df34481e98",
      "GroupPath": "Config/LevelOutput/Group/Groups_P30301_F30301001/LevelGroup_P30301_F30301001_G2.json"
    },
    {
      "ID": 4,
      "Name": "Sound",
      "GroupGUID": "7d87b28a-906f-45cb-a0a8-2c1b161232a5",
      "GroupPath": "Config/LevelOutput/Group/Groups_P30301_F30301001/LevelGroup_P30301_F30301001_G4.json"
    }
  ]
}