{
  "FloorID": 30301007,
  "FloorName": "FloorName_30301007",
  "StartGroupID": 1,
  "StartAnchorID": 1,
  "GroupList": [
    {
      "ID": 1,
      "Name": "DefaultData",
      "GroupGUID": "d88a99f7-2b56-4ade-8bb4-020efe08a6af",
      "GroupPath": "Config/LevelOutput/Group/Groups_P30301_F30301007/LevelGroup_P30301_F30301007_G1.json"
    },
    {
      "ID": 2,
      "Name": "New Group",
      "GroupGUID": "d33358b2-6f4f-4fbf-abc4-1fa3ab9eb7e9",
      "GroupPath": "Config/LevelOutput/Group/Groups_P30301_F30301007/LevelGroup_P30301_F30301007_G2.json"
    },
    {
      "ID": 3,
      "Name": "Sound",
      "GroupGUID": "b65ae4c5-79a9-4db2-9b45-d3e883f0fd9c",
      "GroupPath": "Config/LevelOutput/Group/Groups_P30301_F30301007/LevelGroup_P30301_F30301007_G3.json"
    }
  ]
}