{
  "FloorID": 30301005,
  "FloorName": "FloorName_30301005",
  "StartGroupID": 1,
  "StartAnchorID": 1,
  "GroupList": [
    {
      "ID": 1,
      "Name": "DefaultData",
      "GroupGUID": "81581a5c-bdbe-45e1-8c4d-f8a54b1dc2bb",
      "GroupPath": "Config/LevelOutput/Group/Groups_P30301_F30301005/LevelGroup_P30301_F30301005_G1.json"
    },
    {
      "ID": 2,
      "Name": "New Group",
      "GroupGUID": "b2b77821-039d-4215-aab4-579e07b5c3e5",
      "GroupPath": "Config/LevelOutput/Group/Groups_P30301_F30301005/LevelGroup_P30301_F30301005_G2.json"
    },
    {
      "ID": 3,
      "Name": "Sound",
      "GroupGUID": "3aac4d71-fd7c-488b-9071-a37e0a0e6ccf",
      "GroupPath": "Config/LevelOutput/Group/Groups_P30301_F30301005/LevelGroup_P30301_F30301005_G3.json"
    }
  ]
}