{
  "FloorID": 30401005,
  "FloorName": "FloorName_30401005",
  "StartGroupID": 1,
  "StartAnchorID": 1,
  "GroupList": [
    {
      "ID": 1,
      "Name": "DefaultGroup",
      "GroupGUID": "3f24f403-dd57-481f-a23f-9cfbc5661cf4",
      "GroupPath": "Config/LevelOutput/Group/Groups_P30401_F30401005/LevelGroup_P30401_F30401005_G1.json"
    },
    {
      "ID": 2,
      "Name": "DefaultGroup",
      "GroupGUID": "0efac053-b70f-4382-8203-333e4f83efde",
      "GroupPath": "Config/LevelOutput/Group/Groups_P30401_F30401005/LevelGroup_P30401_F30401005_G2.json"
    },
    {
      "ID": 3,
      "Name": "enviroProfile",
      "GroupGUID": "df731cd2-5184-4300-b525-bb4941ed496d",
      "GroupPath": "Config/LevelOutput/Group/Groups_P30401_F30401005/LevelGroup_P30401_F30401005_G3.json"
    },
    {
      "ID": 4,
      "Name": "Sound",
      "GroupGUID": "bfff738b-d041-4991-9769-e089360bf8a5",
      "GroupPath": "Config/LevelOutput/Group/Groups_P30401_F30401005/LevelGroup_P30401_F30401005_G4.json"
    },
    {
      "ID": 5,
      "Name": "BATProp",
      "GroupGUID": "a16347dd-702e-4a04-bf22-2c7c12b163bd",
      "GroupPath": "Config/LevelOutput/Group/Groups_P30401_F30401005/LevelGroup_P30401_F30401005_G5.json"
    }
  ]
}