{
  "FloorID": 30401003,
  "FloorName": "FloorName_30401003",
  "StartGroupID": 1,
  "StartAnchorID": 1,
  "GroupList": [
    {
      "ID": 1,
      "Name": "DefaultGroup",
      "GroupGUID": "d12eb73a-3e49-4f32-9346-e0561499d241",
      "GroupPath": "Config/LevelOutput/Group/Groups_P30401_F30401003/LevelGroup_P30401_F30401003_G1.json"
    },
    {
      "ID": 2,
      "Name": "DefaultData",
      "GroupGUID": "785417aa-9b97-441e-88e3-939ebbc6e2c9",
      "GroupPath": "Config/LevelOutput/Group/Groups_P30401_F30401003/LevelGroup_P30401_F30401003_G2.json"
    },
    {
      "ID": 3,
      "Name": "Sound",
      "GroupGUID": "cc8eb489-219f-4d71-a05e-9deed384c9ee",
      "GroupPath": "Config/LevelOutput/Group/Groups_P30401_F30401003/LevelGroup_P30401_F30401003_G3.json"
    }
  ]
}