{
  "FloorID": 30401001,
  "FloorName": "FloorName_30401001",
  "StartGroupID": 4,
  "StartAnchorID": 1,
  "GroupList": [
    {
      "ID": 4,
      "Name": "DefaultGroup",
      "GroupGUID": "f1224d98-6c55-4b38-a5f2-95bafdf7c545",
      "GroupPath": "Config/LevelOutput/Group/Groups_P30401_F30401001/LevelGroup_P30401_F30401001_G4.json"
    },
    {
      "ID": 5,
      "Name": "Sound",
      "GroupGUID": "1809fd16-09a1-4262-b37d-7c114a0d7cba",
      "GroupPath": "Config/LevelOutput/Group/Groups_P30401_F30401001/LevelGroup_P30401_F30401001_G5.json"
    },
    {
      "ID": 8,
      "Name": "Door",
      "GroupGUID": "a0f52894-d7f8-474a-a48a-c6288f20234c",
      "GroupPath": "Config/LevelOutput/Group/Groups_P30401_F30401001/LevelGroup_P30401_F30401001_G8.json"
    },
    {
      "ID": 9,
      "Name": "FlipBridge",
      "GroupGUID": "46141919-de8c-4530-8aa6-eed8a648979a",
      "GroupPath": "Config/LevelOutput/Group/Groups_P30401_F30401001/LevelGroup_P30401_F30401001_G9.json"
    },
    {
      "ID": 10,
      "Name": "MainMission_RoadBlock",
      "GroupGUID": "2c93f8c9-35a3-4ba0-8e5a-c1b6feb156ba",
      "GroupPath": "Config/LevelOutput/Group/Groups_P30401_F30401001/LevelGroup_P30401_F30401001_G10.json"
    },
    {
      "ID": 11,
      "Name": "DefaultMonster",
      "GroupGUID": "acee0c5d-c466-4668-be37-144e13b4ca09",
      "GroupPath": "Config/LevelOutput/Group/Groups_P30401_F30401001/LevelGroup_P30401_F30401001_G11.json"
    }
  ]
}