{
  "FloorID": 30401002,
  "FloorName": "FloorName_30401002",
  "StartGroupID": 1,
  "StartAnchorID": 1,
  "GroupList": [
    {
      "ID": 1,
      "Name": "DefaultGroup",
      "GroupGUID": "f79bdc4a-b240-4ae9-ab99-44c8216bb14d",
      "GroupPath": "Config/LevelOutput/Group/Groups_P30401_F30401002/LevelGroup_P30401_F30401002_G1.json"
    },
    {
      "ID": 2,
      "Name": "DefaultData",
      "GroupGUID": "4c3dba5d-5df8-490f-ba15-9f7930701fba",
      "GroupPath": "Config/LevelOutput/Group/Groups_P30401_F30401002/LevelGroup_P30401_F30401002_G2.json"
    },
    {
      "ID": 3,
      "Name": "Sound",
      "GroupGUID": "4455fe64-1e05-4df0-b657-16c1e5d44f76",
      "GroupPath": "Config/LevelOutput/Group/Groups_P30401_F30401002/LevelGroup_P30401_F30401002_G3.json"
    },
    {
      "ID": 4,
      "Name": "Sound",
      "GroupGUID": "df60b298-2ecb-4ea7-9e4f-875cfb8acb80",
      "GroupPath": "Config/LevelOutput/Group/Groups_P30401_F30401002/LevelGroup_P30401_F30401002_G4.json"
    },
    {
      "ID": 5,
      "Name": "DefaultMonster",
      "GroupGUID": "0d409cc3-5213-443e-81dd-d0f120e047dc",
      "GroupPath": "Config/LevelOutput/Group/Groups_P30401_F30401002/LevelGroup_P30401_F30401002_G5.json"
    }
  ]
}