{
  "FloorID": 30401004,
  "FloorName": "FloorName_30401004",
  "StartGroupID": 1,
  "StartAnchorID": 1,
  "GroupList": [
    {
      "ID": 1,
      "Name": "DefaultGroup",
      "GroupGUID": "98596c8d-2ef1-48a1-9ead-28286203cc28",
      "GroupPath": "Config/LevelOutput/Group/Groups_P30401_F30401004/LevelGroup_P30401_F30401004_G1.json"
    },
    {
      "ID": 2,
      "Name": "Defalut_Group",
      "GroupGUID": "daa5d8b8-5d27-4caf-bc38-2c073246773c",
      "GroupPath": "Config/LevelOutput/Group/Groups_P30401_F30401004/LevelGroup_P30401_F30401004_G2.json"
    },
    {
      "ID": 3,
      "Name": "Sound",
      "GroupGUID": "6f803672-c8b7-45b7-baa6-198363775c22",
      "GroupPath": "Config/LevelOutput/Group/Groups_P30401_F30401004/LevelGroup_P30401_F30401004_G3.json"
    }
  ]
}