{
  "FloorID": 30500001,
  "FloorName": "MazeText_Empty",
  "StartGroupID": 8,
  "StartAnchorID": 2,
  "GroupList": [
    {
      "ID": 1,
      "Name": "DefaultGroup",
      "GroupGUID": "e57fa3c2-d126-4637-90d1-479829c5b5d4",
      "GroupPath": "Config/LevelOutput/Group/Groups_P30500_F30500001/LevelGroup_P30500_F30500001_G1.json"
    },
    {
      "ID": 2,
      "Name": "Public01",
      "GroupGUID": "a27a19a4-bc01-4c13-9f64-f33384916358",
      "GroupPath": "Config/LevelOutput/Group/Groups_P30500_F30500001/LevelGroup_P30500_F30500001_G2.json"
    },
    {
      "ID": 7,
      "Name": "Sound",
      "GroupGUID": "701d89a9-e3b5-4de7-a177-5835005572af",
      "GroupPath": "Config/LevelOutput/Group/Groups_P30500_F30500001/LevelGroup_P30500_F30500001_G7.json"
    },
    {
      "ID": 8,
      "Name": "Wave1_Monsters",
      "GroupGUID": "0f895208-6bdf-4722-a734-d874b125576f",
      "GroupPath": "Config/LevelOutput/Group/Groups_P30500_F30500001/LevelGroup_P30500_F30500001_G8.json"
    },
    {
      "ID": 9,
      "Name": "Wave1_Destructable",
      "GroupGUID": "4fdfd9c2-694d-4b76-8b91-4df58578ecd0",
      "GroupPath": "Config/LevelOutput/Group/Groups_P30500_F30500001/LevelGroup_P30500_F30500001_G9.json"
    },
    {
      "ID": 10,
      "Name": "Hint",
      "GroupGUID": "95c55289-085f-468a-8ce0-f0c40f61626a",
      "GroupPath": "Config/LevelOutput/Group/Groups_P30500_F30500001/LevelGroup_P30500_F30500001_G10.json"
    }
  ]
}