{
  "FloorID": 30502001,
  "FloorName": "MazeText_Empty",
  "StartGroupID": 1,
  "StartAnchorID": 1,
  "GroupList": [
    {
      "ID": 1,
      "Name": "DefaultGroup",
      "GroupGUID": "c56d1b62-9ca2-442b-a016-7576c5776a2a",
      "GroupPath": "Config/LevelOutput/Group/Groups_P30502_F30502001/LevelGroup_P30502_F30502001_G1.json"
    },
    {
      "ID": 2,
      "Name": "Default",
      "GroupGUID": "db6263fc-125a-440e-aa32-347325dda114",
      "GroupPath": "Config/LevelOutput/Group/Groups_P30502_F30502001/LevelGroup_P30502_F30502001_G2.json"
    },
    {
      "ID": 3,
      "Name": "Sound",
      "GroupGUID": "c0371367-0777-4241-ac4a-0500d9c7fc81",
      "GroupPath": "Config/LevelOutput/Group/Groups_P30502_F30502001/LevelGroup_P30502_F30502001_G3.json"
    },
    {
      "ID": 4,
      "Name": "MainMission_RoadBlock",
      "GroupGUID": "f0f9a0ae-8ff6-49e3-9d64-6e8ac746e192",
      "GroupPath": "Config/LevelOutput/Group/Groups_P30502_F30502001/LevelGroup_P30502_F30502001_G4.json"
    },
    {
      "ID": 5,
      "Name": "PolymerSceneProp",
      "GroupGUID": "9a2d1a3e-031d-4846-9395-76434b18ccab",
      "GroupPath": "Config/LevelOutput/Group/Groups_P30502_F30502001/LevelGroup_P30502_F30502001_G5.json"
    },
    {
      "ID": 6,
      "Name": "Wave1_Monsters",
      "GroupGUID": "ecf3dd82-f2e0-44c4-851d-f3ced38884fb",
      "GroupPath": "Config/LevelOutput/Group/Groups_P30502_F30502001/LevelGroup_P30502_F30502001_G6.json"
    },
    {
      "ID": 7,
      "Name": "Wave1_Destructable",
      "GroupGUID": "c0b22e72-b371-4bf6-b8bc-19d555a5a3ed",
      "GroupPath": "Config/LevelOutput/Group/Groups_P30502_F30502001/LevelGroup_P30502_F30502001_G7.json"
    }
  ]
}