{
  "FloorID": 30501001,
  "FloorName": "MazeText_Empty",
  "StartGroupID": 5,
  "StartAnchorID": 2,
  "GroupList": [
    {
      "ID": 1,
      "Name": "DefaultGroup",
      "GroupGUID": "677cb921-88ee-45b0-b03f-1453919f609b",
      "GroupPath": "Config/LevelOutput/Group/Groups_P30501_F30501001/LevelGroup_P30501_F30501001_G1.json"
    },
    {
      "ID": 2,
      "Name": "Public01",
      "GroupGUID": "aff0259b-13e3-4156-a8e3-f65025d4b72b",
      "GroupPath": "Config/LevelOutput/Group/Groups_P30501_F30501001/LevelGroup_P30501_F30501001_G2.json"
    },
    {
      "ID": 3,
      "Name": "Sound",
      "GroupGUID": "d667c3d5-842d-459f-aff2-b90d0994edbc",
      "GroupPath": "Config/LevelOutput/Group/Groups_P30501_F30501001/LevelGroup_P30501_F30501001_G3.json"
    },
    {
      "ID": 5,
      "Name": "Wave1_Monsters",
      "GroupGUID": "56f585cb-0d7e-4f89-87f8-81e98e47ecba",
      "GroupPath": "Config/LevelOutput/Group/Groups_P30501_F30501001/LevelGroup_P30501_F30501001_G5.json"
    },
    {
      "ID": 6,
      "Name": "Wave1_Destructable",
      "GroupGUID": "0973a630-fa27-4697-993c-3e17b05c1ee5",
      "GroupPath": "Config/LevelOutput/Group/Groups_P30501_F30501001/LevelGroup_P30501_F30501001_G6.json"
    },
    {
      "ID": 13,
      "Name": "Wave1_Destructable",
      "GroupGUID": "62a98798-4706-437f-b45b-2fcd0b08a776",
      "GroupPath": "Config/LevelOutput/Group/Groups_P30501_F30501001/LevelGroup_P30501_F30501001_G13.json"
    },
    {
      "ID": 14,
      "Name": "Hint",
      "GroupGUID": "0d072ccb-1ece-4920-9c21-19ca87553806",
      "GroupPath": "Config/LevelOutput/Group/Groups_P30501_F30501001/LevelGroup_P30501_F30501001_G14.json"
    }
  ]
}