{
  "FloorID": 40002002,
  "FloorName": "FloorName_40002002",
  "StartGroupID": 1,
  "StartAnchorID": 1,
  "GroupList": [
    {
      "ID": 1,
      "Name": "DefaultGroup",
      "GroupGUID": "eea0604f-e21b-4aa2-821e-314e3f186abf",
      "GroupPath": "Config/LevelOutput/Group/Groups_P40002_F40002002/LevelGroup_P40002_F40002002_G1.json"
    },
    {
      "ID": 2,
      "Name": "FlipBridge",
      "GroupGUID": "e618e948-3ad3-45f4-8dcb-1b9c21f8bad8",
      "GroupPath": "Config/LevelOutput/Group/Groups_P40002_F40002002/LevelGroup_P40002_F40002002_G2.json"
    },
    {
      "ID": 3,
      "Name": "MonsterGroup1",
      "GroupGUID": "c05c91fa-b205-4f48-8eb8-26fccbb2eda1",
      "GroupPath": "Config/LevelOutput/Group/Groups_P40002_F40002002/LevelGroup_P40002_F40002002_G3.json"
    },
    {
      "ID": 4,
      "Name": "MonsterGroup2",
      "GroupGUID": "fa48dc06-4827-4162-b793-9344e0d508cc",
      "GroupPath": "Config/LevelOutput/Group/Groups_P40002_F40002002/LevelGroup_P40002_F40002002_G4.json"
    },
    {
      "ID": 5,
      "Name": "MonsterGroup3",
      "GroupGUID": "79d5ea72-960c-46f2-bdba-d24ff321cec6",
      "GroupPath": "Config/LevelOutput/Group/Groups_P40002_F40002002/LevelGroup_P40002_F40002002_G5.json"
    },
    {
      "ID": 6,
      "Name": "V1_StageProp",
      "GroupGUID": "1a314b6f-4ee0-4e99-b575-412e06d0f41a",
      "GroupPath": "Config/LevelOutput/Group/Groups_P40002_F40002002/LevelGroup_P40002_F40002002_G6.json"
    },
    {
      "ID": 7,
      "Name": "MonsterGroup5",
      "GroupGUID": "a85719cd-91d7-4321-ae5b-167c920e8d94",
      "GroupPath": "Config/LevelOutput/Group/Groups_P40002_F40002002/LevelGroup_P40002_F40002002_G7.json"
    },
    {
      "ID": 8,
      "Name": "TreasureGroup",
      "GroupGUID": "cfbf6da4-588c-4cd8-9c94-ad1cf6cca406",
      "GroupPath": "Config/LevelOutput/Group/Groups_P40002_F40002002/LevelGroup_P40002_F40002002_G8.json"
    },
    {
      "ID": 9,
      "Name": "MonsterGroup4",
      "GroupGUID": "ddfba951-c998-4312-9e45-e0d618d9e885",
      "GroupPath": "Config/LevelOutput/Group/Groups_P40002_F40002002/LevelGroup_P40002_F40002002_G9.json"
    },
    {
      "ID": 10,
      "Name": "Battery_MonsterGroup1",
      "GroupGUID": "dfad8499-27c9-4ec2-822a-2d212faeb999",
      "GroupPath": "Config/LevelOutput/Group/Groups_P40002_F40002002/LevelGroup_P40002_F40002002_G10.json"
    },
    {
      "ID": 11,
      "Name": "Battery_MonsterGroup2",
      "GroupGUID": "3466d8d6-11f2-4df6-a7e1-19923269e67c",
      "GroupPath": "Config/LevelOutput/Group/Groups_P40002_F40002002/LevelGroup_P40002_F40002002_G11.json"
    },
    {
      "ID": 12,
      "Name": "Battery_MonsterGroup3",
      "GroupGUID": "bbf29e0b-2c34-4fc4-8edf-aa19cf67f040",
      "GroupPath": "Config/LevelOutput/Group/Groups_P40002_F40002002/LevelGroup_P40002_F40002002_G12.json"
    },
    {
      "ID": 13,
      "Name": "SubMission_Group1",
      "GroupGUID": "2dd69853-5229-411e-8f69-953fda0d7ce3",
      "GroupPath": "Config/LevelOutput/Group/Groups_P40002_F40002002/LevelGroup_P40002_F40002002_G13.json"
    },
    {
      "ID": 20,
      "Name": "SubMission_Group2",
      "GroupGUID": "a722c8c8-5753-4eb5-83c6-4f51b47ba9d9",
      "GroupPath": "Config/LevelOutput/Group/Groups_P40002_F40002002/LevelGroup_P40002_F40002002_G20.json"
    },
    {
      "ID": 21,
      "Name": "SubMission_Group3",
      "GroupGUID": "717a2f01-82db-4a26-96f2-99cb0033360e",
      "GroupPath": "Config/LevelOutput/Group/Groups_P40002_F40002002/LevelGroup_P40002_F40002002_G21.json"
    },
    {
      "ID": 14,
      "Name": "Elevator",
      "GroupGUID": "f480ee00-f0ad-45ab-86ee-a5b8488c6199",
      "GroupPath": "Config/LevelOutput/Group/Groups_P40002_F40002002/LevelGroup_P40002_F40002002_G14.json"
    },
    {
      "ID": 16,
      "Name": "Room1 Group",
      "GroupGUID": "ab193b2e-eb43-43e6-8e96-d73ea7f0c776",
      "GroupPath": "Config/LevelOutput/Group/Groups_P40002_F40002002/LevelGroup_P40002_F40002002_G16.json"
    },
    {
      "ID": 22,
      "Name": "HPProp Group",
      "GroupGUID": "44561bba-f030-4de1-bb94-6b4432927dfa",
      "GroupPath": "Config/LevelOutput/Group/Groups_P40002_F40002002/LevelGroup_P40002_F40002002_G22.json"
    },
    {
      "ID": 23,
      "Name": "V1_Saves",
      "GroupGUID": "e1fa478d-de08-42c5-a193-141905d493fa",
      "GroupPath": "Config/LevelOutput/Group/Groups_P40002_F40002002/LevelGroup_P40002_F40002002_G23.json"
    },
    {
      "ID": 25,
      "Name": "AddBuff Group",
      "GroupGUID": "fa0798d1-c36c-4f67-bf99-dc3e9f8af3c0",
      "GroupPath": "Config/LevelOutput/Group/Groups_P40002_F40002002/LevelGroup_P40002_F40002002_G25.json"
    },
    {
      "ID": 26,
      "Name": "MonsterGroup1sub",
      "GroupGUID": "7fe4803d-21f2-4675-ae8c-4c6c555ede78",
      "GroupPath": "Config/LevelOutput/Group/Groups_P40002_F40002002/LevelGroup_P40002_F40002002_G26.json"
    },
    {
      "ID": 35,
      "Name": "V1_Monster1",
      "GroupGUID": "219e6b30-93f6-4b2c-936c-794d8fe30d0f",
      "GroupPath": "Config/LevelOutput/Group/Groups_P40002_F40002002/LevelGroup_P40002_F40002002_G35.json"
    },
    {
      "ID": 36,
      "Name": "V1_Monster2",
      "GroupGUID": "71d06853-0901-4c5f-9af4-ad267d29595b",
      "GroupPath": "Config/LevelOutput/Group/Groups_P40002_F40002002/LevelGroup_P40002_F40002002_G36.json"
    },
    {
      "ID": 37,
      "Name": "V1_NormalProp Group",
      "GroupGUID": "9f2f5d8f-86d9-440a-8c18-c13d31395b65",
      "GroupPath": "Config/LevelOutput/Group/Groups_P40002_F40002002/LevelGroup_P40002_F40002002_G37.json"
    },
    {
      "ID": 38,
      "Name": "V1_KeyProp2",
      "GroupGUID": "b589e187-9918-4b2f-8298-c4d2e4129814",
      "GroupPath": "Config/LevelOutput/Group/Groups_P40002_F40002002/LevelGroup_P40002_F40002002_G38.json"
    },
    {
      "ID": 39,
      "Name": "V1_KeyProp2",
      "GroupGUID": "9c4ab4a9-87b8-4ca8-bb5b-f5242a9988bb",
      "GroupPath": "Config/LevelOutput/Group/Groups_P40002_F40002002/LevelGroup_P40002_F40002002_G39.json"
    },
    {
      "ID": 40,
      "Name": "V1_KeyProp3",
      "GroupGUID": "3a85692c-866f-4a45-ba56-1095eed045ce",
      "GroupPath": "Config/LevelOutput/Group/Groups_P40002_F40002002/LevelGroup_P40002_F40002002_G40.json"
    },
    {
      "ID": 41,
      "Name": "V1_KeyProp4",
      "GroupGUID": "70ce45de-e635-4df4-a9bb-c8b7d2c704a1",
      "GroupPath": "Config/LevelOutput/Group/Groups_P40002_F40002002/LevelGroup_P40002_F40002002_G41.json"
    },
    {
      "ID": 42,
      "Name": "New Group",
      "GroupGUID": "75e10c52-e39f-4a62-8efa-96c283f998eb",
      "GroupPath": "Config/LevelOutput/Group/Groups_P40002_F40002002/LevelGroup_P40002_F40002002_G42.json"
    },
    {
      "ID": 43,
      "Name": "InteractProp Group",
      "GroupGUID": "f57962a4-8db1-4dde-87f5-e6132042f9e8",
      "GroupPath": "Config/LevelOutput/Group/Groups_P40002_F40002002/LevelGroup_P40002_F40002002_G43.json"
    },
    {
      "ID": 45,
      "Name": "V1_KeyProp5",
      "GroupGUID": "b3957cd2-24ca-4449-90aa-080e0a5151d4",
      "GroupPath": "Config/LevelOutput/Group/Groups_P40002_F40002002/LevelGroup_P40002_F40002002_G45.json"
    },
    {
      "ID": 46,
      "Name": "V1_NPC_Group",
      "GroupGUID": "57021789-8640-4d1b-a465-8df20c603236",
      "GroupPath": "Config/LevelOutput/Group/Groups_P40002_F40002002/LevelGroup_P40002_F40002002_G46.json"
    },
    {
      "ID": 47,
      "Name": "DialogBlock1 Group",
      "GroupGUID": "9298b38e-772a-459b-94cf-58488a3cd194",
      "GroupPath": "Config/LevelOutput/Group/Groups_P40002_F40002002/LevelGroup_P40002_F40002002_G47.json"
    },
    {
      "ID": 48,
      "Name": "DialogBlock1 Group",
      "GroupGUID": "fa05721a-fcc5-4883-b071-5de62597e5cd",
      "GroupPath": "Config/LevelOutput/Group/Groups_P40002_F40002002/LevelGroup_P40002_F40002002_G48.json"
    },
    {
      "ID": 49,
      "Name": "V1_Monster3",
      "GroupGUID": "2ad76ab1-9fc5-47fb-bf92-39094b9648e8",
      "GroupPath": "Config/LevelOutput/Group/Groups_P40002_F40002002/LevelGroup_P40002_F40002002_G49.json"
    },
    {
      "ID": 50,
      "Name": "V1_NormalMonster Group",
      "GroupGUID": "df90c826-caf5-4e06-97ae-c520a8c7eb01",
      "GroupPath": "Config/LevelOutput/Group/Groups_P40002_F40002002/LevelGroup_P40002_F40002002_G50.json"
    },
    {
      "ID": 51,
      "Name": "V1_Monster1",
      "GroupGUID": "236b1879-fb79-47fd-a51a-c33da74883a4",
      "GroupPath": "Config/LevelOutput/Group/Groups_P40002_F40002002/LevelGroup_P40002_F40002002_G51.json"
    },
    {
      "ID": 52,
      "Name": "Sound",
      "GroupGUID": "13c0387b-cda5-439b-9073-a4547ca9d408",
      "GroupPath": "Config/LevelOutput/Group/Groups_P40002_F40002002/LevelGroup_P40002_F40002002_G52.json"
    },
    {
      "ID": 54,
      "Name": "MainMission_RoadBlock",
      "GroupGUID": "27cd5aa7-3ef0-4211-86a6-9d125d1da274",
      "GroupPath": "Config/LevelOutput/Group/Groups_P40002_F40002002/LevelGroup_P40002_F40002002_G54.json"
    }
  ]
}