{
  "FloorID": 40002103,
  "FloorName": "FloorName_40002103",
  "StartGroupID": 1,
  "StartAnchorID": 1,
  "GroupList": [
    {
      "ID": 1,
      "Name": "DefaultGroup",
      "GroupGUID": "4a659826-f288-4dac-98a1-f92371f5cda6",
      "GroupPath": "Config/LevelOutput/Group/Groups_P40002_F40002103/LevelGroup_P40002_F40002103_G1.json"
    },
    {
      "ID": 2,
      "Name": "Graffiti1",
      "GroupGUID": "fb2d2dd5-da04-4b20-aa32-3b2e28960705",
      "GroupPath": "Config/LevelOutput/Group/Groups_P40002_F40002103/LevelGroup_P40002_F40002103_G2.json"
    },
    {
      "ID": 3,
      "Name": "Sound",
      "GroupGUID": "8f42a1e7-087f-46c5-ad61-0cc991df43ff",
      "GroupPath": "Config/LevelOutput/Group/Groups_P40002_F40002103/LevelGroup_P40002_F40002103_G3.json"
    },
    {
      "ID": 4,
      "Name": "StageProp",
      "GroupGUID": "ac4e1855-5172-4cea-b6e9-6b793b8cc9ca",
      "GroupPath": "Config/LevelOutput/Group/Groups_P40002_F40002103/LevelGroup_P40002_F40002103_G4.json"
    },
    {
      "ID": 5,
      "Name": "Elevator",
      "GroupGUID": "60f1192b-d141-4d89-8e26-e2698c277d69",
      "GroupPath": "Config/LevelOutput/Group/Groups_P40002_F40002103/LevelGroup_P40002_F40002103_G5.json"
    },
    {
      "ID": 6,
      "Name": "FlipBridge",
      "GroupGUID": "394e2f76-347a-4677-a749-04444e05fd71",
      "GroupPath": "Config/LevelOutput/Group/Groups_P40002_F40002103/LevelGroup_P40002_F40002103_G6.json"
    },
    {
      "ID": 7,
      "Name": "PadsPuzzle1",
      "GroupGUID": "723ae24f-4292-4b70-b501-99037dc71fe9",
      "GroupPath": "Config/LevelOutput/Group/Groups_P40002_F40002103/LevelGroup_P40002_F40002103_G7.json"
    },
    {
      "ID": 8,
      "Name": "PadBridge",
      "GroupGUID": "e5249dce-30d6-439b-9d17-73f34f9a4f44",
      "GroupPath": "Config/LevelOutput/Group/Groups_P40002_F40002103/LevelGroup_P40002_F40002103_G8.json"
    },
    {
      "ID": 9,
      "Name": "PadPuzzle2",
      "GroupGUID": "15448736-dce9-431f-ae65-686e523a918f",
      "GroupPath": "Config/LevelOutput/Group/Groups_P40002_F40002103/LevelGroup_P40002_F40002103_G9.json"
    },
    {
      "ID": 10,
      "Name": "PadsPuzzle3",
      "GroupGUID": "b0755b46-a65a-49bb-85f8-95c07ca251ad",
      "GroupPath": "Config/LevelOutput/Group/Groups_P40002_F40002103/LevelGroup_P40002_F40002103_G10.json"
    },
    {
      "ID": 11,
      "Name": "Monster Group",
      "GroupGUID": "6a905d32-6f20-471b-9d6b-7f1c71406aa4",
      "GroupPath": "Config/LevelOutput/Group/Groups_P40002_F40002103/LevelGroup_P40002_F40002103_G11.json"
    },
    {
      "ID": 12,
      "Name": "Graffiti2",
      "GroupGUID": "f8037b47-938a-4919-81d1-521bafe819c4",
      "GroupPath": "Config/LevelOutput/Group/Groups_P40002_F40002103/LevelGroup_P40002_F40002103_G12.json"
    },
    {
      "ID": 13,
      "Name": "Graffiti3",
      "GroupGUID": "190b4e65-fa2b-4253-bbf8-043f9b2bbca7",
      "GroupPath": "Config/LevelOutput/Group/Groups_P40002_F40002103/LevelGroup_P40002_F40002103_G13.json"
    },
    {
      "ID": 14,
      "Name": "Graffiti4",
      "GroupGUID": "898b4c5f-d3b6-4681-b449-8b12a8f726ba",
      "GroupPath": "Config/LevelOutput/Group/Groups_P40002_F40002103/LevelGroup_P40002_F40002103_G14.json"
    },
    {
      "ID": 15,
      "Name": "Graffiti5",
      "GroupGUID": "579fb585-6174-4ca0-9317-832b0e0be6e7",
      "GroupPath": "Config/LevelOutput/Group/Groups_P40002_F40002103/LevelGroup_P40002_F40002103_G15.json"
    },
    {
      "ID": 16,
      "Name": "Graffiti6",
      "GroupGUID": "47b49938-64d9-400d-a3dc-00a17ed6cf60",
      "GroupPath": "Config/LevelOutput/Group/Groups_P40002_F40002103/LevelGroup_P40002_F40002103_G16.json"
    },
    {
      "ID": 17,
      "Name": "Buffprop",
      "GroupGUID": "73215d7b-8c27-4ed3-b04c-27bee95f9912",
      "GroupPath": "Config/LevelOutput/Group/Groups_P40002_F40002103/LevelGroup_P40002_F40002103_G17.json"
    },
    {
      "ID": 18,
      "Name": "Graffiti7",
      "GroupGUID": "f0a5bf34-5239-4d14-ab1c-791f77434ef5",
      "GroupPath": "Config/LevelOutput/Group/Groups_P40002_F40002103/LevelGroup_P40002_F40002103_G18.json"
    },
    {
      "ID": 19,
      "Name": "Graffiti8",
      "GroupGUID": "f1175acf-01eb-4d0f-b029-6be001bd62c5",
      "GroupPath": "Config/LevelOutput/Group/Groups_P40002_F40002103/LevelGroup_P40002_F40002103_G19.json"
    },
    {
      "ID": 20,
      "Name": "MainMission0_",
      "GroupGUID": "c954d4ea-ca22-4f43-9c17-2772c075662c",
      "GroupPath": "Config/LevelOutput/Group/Groups_P40002_F40002103/LevelGroup_P40002_F40002103_G20.json"
    },
    {
      "ID": 21,
      "Name": "Graffiti10",
      "GroupGUID": "7d40d903-30cf-4afb-ad45-f0e233d122fe",
      "GroupPath": "Config/LevelOutput/Group/Groups_P40002_F40002103/LevelGroup_P40002_F40002103_G21.json"
    },
    {
      "ID": 22,
      "Name": "Boss1",
      "GroupGUID": "f6a24a67-3722-4402-aef6-3bdd548f8460",
      "GroupPath": "Config/LevelOutput/Group/Groups_P40002_F40002103/LevelGroup_P40002_F40002103_G22.json"
    },
    {
      "ID": 23,
      "Name": "MainMission0_",
      "GroupGUID": "1f8b8030-3fc6-41c9-8869-dd9335dc7f3e",
      "GroupPath": "Config/LevelOutput/Group/Groups_P40002_F40002103/LevelGroup_P40002_F40002103_G23.json"
    },
    {
      "ID": 24,
      "Name": "Boss2",
      "GroupGUID": "3dc533cb-b4ac-4a07-92b5-3570327bfe90",
      "GroupPath": "Config/LevelOutput/Group/Groups_P40002_F40002103/LevelGroup_P40002_F40002103_G24.json"
    },
    {
      "ID": 25,
      "Name": "Boss2",
      "GroupGUID": "ebcb3127-665f-4209-8cf1-8c858146044f",
      "GroupPath": "Config/LevelOutput/Group/Groups_P40002_F40002103/LevelGroup_P40002_F40002103_G25.json"
    },
    {
      "ID": 26,
      "Name": "V1_Saves",
      "GroupGUID": "f2e29c4f-a033-4585-b6fd-1e2d049fdef6",
      "GroupPath": "Config/LevelOutput/Group/Groups_P40002_F40002103/LevelGroup_P40002_F40002103_G26.json"
    },
    {
      "ID": 27,
      "Name": "MPProp",
      "GroupGUID": "f08ac6c2-0b27-44c4-a04d-9ba1a253683b",
      "GroupPath": "Config/LevelOutput/Group/Groups_P40002_F40002103/LevelGroup_P40002_F40002103_G27.json"
    },
    {
      "ID": 28,
      "Name": "Exit",
      "GroupGUID": "f1e3cc3e-35c3-47ca-979d-4f33aa7ffe79",
      "GroupPath": "Config/LevelOutput/Group/Groups_P40002_F40002103/LevelGroup_P40002_F40002103_G28.json"
    },
    {
      "ID": 29,
      "Name": "Exit2",
      "GroupGUID": "15f2df48-5473-4f43-9189-1b5d4dcdfc8a",
      "GroupPath": "Config/LevelOutput/Group/Groups_P40002_F40002103/LevelGroup_P40002_F40002103_G29.json"
    }
  ]
}