{
  "FloorID": 40000001,
  "FloorName": "FloorName_40000001",
  "StartGroupID": 1,
  "StartAnchorID": 1,
  "GroupList": [
    {
      "ID": 1,
      "Name": "Common",
      "GroupGUID": "6d7b2590-5e05-41b6-a0dc-066dcccabf1a",
      "GroupPath": "Config/LevelOutput/Group/Groups_P40000_F40000001/LevelGroup_P40000_F40000001_G1.json"
    },
    {
      "ID": 2,
      "Name": "New Group",
      "GroupGUID": "dc9b45a2-c7a7-4de7-98f0-412a8806f95f",
      "GroupPath": "Config/LevelOutput/Group/Groups_P40000_F40000001/LevelGroup_P40000_F40000001_G2.json"
    }
  ]
}