{
  "FloorID": 40002102,
  "FloorName": "FloorName_40002102",
  "StartGroupID": 1,
  "StartAnchorID": 1,
  "GroupList": [
    {
      "ID": 1,
      "Name": "DefaultGroup",
      "GroupGUID": "0f896047-0e87-4518-9ea8-84b84b137ef6",
      "GroupPath": "Config/LevelOutput/Group/Groups_P40002_F40002102/LevelGroup_P40002_F40002102_G1.json"
    },
    {
      "ID": 2,
      "Name": "Graffiti1",
      "GroupGUID": "7f7de244-7add-41c1-a7a5-e804a3d961e2",
      "GroupPath": "Config/LevelOutput/Group/Groups_P40002_F40002102/LevelGroup_P40002_F40002102_G2.json"
    },
    {
      "ID": 3,
      "Name": "Sound",
      "GroupGUID": "fbfe3d8e-c0b1-42c1-9d6f-bfbf0b3164f0",
      "GroupPath": "Config/LevelOutput/Group/Groups_P40002_F40002102/LevelGroup_P40002_F40002102_G3.json"
    },
    {
      "ID": 4,
      "Name": "StageProp",
      "GroupGUID": "fa61863e-7990-4184-9b9f-b7fb9b51a922",
      "GroupPath": "Config/LevelOutput/Group/Groups_P40002_F40002102/LevelGroup_P40002_F40002102_G4.json"
    },
    {
      "ID": 5,
      "Name": "Elevator",
      "GroupGUID": "2de5415d-a8a8-42a3-9e02-d90d940dc1c5",
      "GroupPath": "Config/LevelOutput/Group/Groups_P40002_F40002102/LevelGroup_P40002_F40002102_G5.json"
    },
    {
      "ID": 6,
      "Name": "FlipBridge",
      "GroupGUID": "fd1d6d2b-edaf-4f5b-a227-da210d0bc26f",
      "GroupPath": "Config/LevelOutput/Group/Groups_P40002_F40002102/LevelGroup_P40002_F40002102_G6.json"
    },
    {
      "ID": 7,
      "Name": "PadsPuzzle1",
      "GroupGUID": "07ad55b7-4612-4fba-a5dd-af25906a00ea",
      "GroupPath": "Config/LevelOutput/Group/Groups_P40002_F40002102/LevelGroup_P40002_F40002102_G7.json"
    },
    {
      "ID": 8,
      "Name": "PadBridge",
      "GroupGUID": "dba09913-1d9a-4474-8d2a-d0517f2e4b0e",
      "GroupPath": "Config/LevelOutput/Group/Groups_P40002_F40002102/LevelGroup_P40002_F40002102_G8.json"
    },
    {
      "ID": 9,
      "Name": "PadPuzzle2",
      "GroupGUID": "22d6c04f-2a2f-457f-b50a-b7b19f329b2c",
      "GroupPath": "Config/LevelOutput/Group/Groups_P40002_F40002102/LevelGroup_P40002_F40002102_G9.json"
    },
    {
      "ID": 10,
      "Name": "PadsPuzzle3",
      "GroupGUID": "11261d18-2798-40cb-ad55-21c2b412c9ba",
      "GroupPath": "Config/LevelOutput/Group/Groups_P40002_F40002102/LevelGroup_P40002_F40002102_G10.json"
    },
    {
      "ID": 11,
      "Name": "Monster Group",
      "GroupGUID": "69df53c6-72e3-4d60-a7fe-28c661c59409",
      "GroupPath": "Config/LevelOutput/Group/Groups_P40002_F40002102/LevelGroup_P40002_F40002102_G11.json"
    },
    {
      "ID": 12,
      "Name": "Graffiti2",
      "GroupGUID": "14ed061a-cc5a-4ad1-9719-09481c35f6e6",
      "GroupPath": "Config/LevelOutput/Group/Groups_P40002_F40002102/LevelGroup_P40002_F40002102_G12.json"
    },
    {
      "ID": 13,
      "Name": "Graffiti3",
      "GroupGUID": "ee926b8a-0963-43b0-8c64-b3404f220439",
      "GroupPath": "Config/LevelOutput/Group/Groups_P40002_F40002102/LevelGroup_P40002_F40002102_G13.json"
    },
    {
      "ID": 14,
      "Name": "Graffiti4",
      "GroupGUID": "e8f826d6-230b-417f-b65c-3ed06cc83d9c",
      "GroupPath": "Config/LevelOutput/Group/Groups_P40002_F40002102/LevelGroup_P40002_F40002102_G14.json"
    },
    {
      "ID": 15,
      "Name": "Graffiti5",
      "GroupGUID": "c4c4da8d-7362-45a0-84b4-6f80199d263c",
      "GroupPath": "Config/LevelOutput/Group/Groups_P40002_F40002102/LevelGroup_P40002_F40002102_G15.json"
    },
    {
      "ID": 16,
      "Name": "Graffiti6",
      "GroupGUID": "0da01e0e-07cf-4106-aed5-5a525dbe8e96",
      "GroupPath": "Config/LevelOutput/Group/Groups_P40002_F40002102/LevelGroup_P40002_F40002102_G16.json"
    },
    {
      "ID": 17,
      "Name": "Graffiti7",
      "GroupGUID": "50eb76ad-cfb4-4099-852c-94fd14ff6072",
      "GroupPath": "Config/LevelOutput/Group/Groups_P40002_F40002102/LevelGroup_P40002_F40002102_G17.json"
    },
    {
      "ID": 18,
      "Name": "Graffiti8",
      "GroupGUID": "59cf2605-67ca-4c53-bb81-c1f00873e33e",
      "GroupPath": "Config/LevelOutput/Group/Groups_P40002_F40002102/LevelGroup_P40002_F40002102_G18.json"
    },
    {
      "ID": 19,
      "Name": "Graffiti9",
      "GroupGUID": "f302ffbd-88c0-4977-bc35-b20f38da85db",
      "GroupPath": "Config/LevelOutput/Group/Groups_P40002_F40002102/LevelGroup_P40002_F40002102_G19.json"
    },
    {
      "ID": 20,
      "Name": "Boss1",
      "GroupGUID": "6b19f6da-8afa-4110-9b00-5a9bace2b134",
      "GroupPath": "Config/LevelOutput/Group/Groups_P40002_F40002102/LevelGroup_P40002_F40002102_G20.json"
    },
    {
      "ID": 21,
      "Name": "Boss1",
      "GroupGUID": "ae324060-c28e-427e-8591-27376de762a0",
      "GroupPath": "Config/LevelOutput/Group/Groups_P40002_F40002102/LevelGroup_P40002_F40002102_G21.json"
    },
    {
      "ID": 22,
      "Name": "Boss2",
      "GroupGUID": "57e9e61f-9968-4fc4-9276-5f44b4065c6f",
      "GroupPath": "Config/LevelOutput/Group/Groups_P40002_F40002102/LevelGroup_P40002_F40002102_G22.json"
    },
    {
      "ID": 23,
      "Name": "Boss2",
      "GroupGUID": "bfbae609-d37c-45aa-9f61-7ad040ec70c2",
      "GroupPath": "Config/LevelOutput/Group/Groups_P40002_F40002102/LevelGroup_P40002_F40002102_G23.json"
    },
    {
      "ID": 24,
      "Name": "Buffprop",
      "GroupGUID": "f0f46c8a-0037-483e-b1f0-438a7dd86e0a",
      "GroupPath": "Config/LevelOutput/Group/Groups_P40002_F40002102/LevelGroup_P40002_F40002102_G24.json"
    },
    {
      "ID": 25,
      "Name": "V1_Saves",
      "GroupGUID": "f5d3567e-d7d2-4fe0-83bc-4aade314f6ba",
      "GroupPath": "Config/LevelOutput/Group/Groups_P40002_F40002102/LevelGroup_P40002_F40002102_G25.json"
    },
    {
      "ID": 28,
      "Name": "Elite1",
      "GroupGUID": "42d59c0a-b555-4097-84b8-c941f97456d9",
      "GroupPath": "Config/LevelOutput/Group/Groups_P40002_F40002102/LevelGroup_P40002_F40002102_G28.json"
    },
    {
      "ID": 29,
      "Name": "MPProp",
      "GroupGUID": "149c87e9-7af3-4259-84dc-8fe31f96db57",
      "GroupPath": "Config/LevelOutput/Group/Groups_P40002_F40002102/LevelGroup_P40002_F40002102_G29.json"
    },
    {
      "ID": 30,
      "Name": "Exit",
      "GroupGUID": "c73e202d-2bf1-43d2-8320-d86f0e546526",
      "GroupPath": "Config/LevelOutput/Group/Groups_P40002_F40002102/LevelGroup_P40002_F40002102_G30.json"
    },
    {
      "ID": 31,
      "Name": "Exit1",
      "GroupGUID": "94995c31-f33c-460e-a885-47cd143df01c",
      "GroupPath": "Config/LevelOutput/Group/Groups_P40002_F40002102/LevelGroup_P40002_F40002102_G31.json"
    },
    {
      "ID": 32,
      "Name": "Mute",
      "GroupGUID": "1542ad80-dcec-4ac1-bad1-2e6b5ca1316b",
      "GroupPath": "Config/LevelOutput/Group/Groups_P40002_F40002102/LevelGroup_P40002_F40002102_G32.json"
    },
    {
      "ID": 33,
      "Name": "Active",
      "GroupGUID": "5ddbe6a1-c8c4-4d9a-959a-63966da9779d",
      "GroupPath": "Config/LevelOutput/Group/Groups_P40002_F40002102/LevelGroup_P40002_F40002102_G33.json"
    },
    {
      "ID": 34,
      "Name": "Hint",
      "GroupGUID": "d4fe29f7-494a-4fb0-a56c-cb5fa6d35f2b",
      "GroupPath": "Config/LevelOutput/Group/Groups_P40002_F40002102/LevelGroup_P40002_F40002102_G34.json"
    }
  ]
}