{
  "FloorID": 40002004,
  "FloorName": "FloorName_40002004",
  "StartGroupID": 1,
  "StartAnchorID": 1,
  "GroupList": [
    {
      "ID": 1,
      "Name": "DefaultGroup",
      "GroupGUID": "ece88816-724b-4191-b9ff-e4f2db58515e",
      "GroupPath": "Config/LevelOutput/Group/Groups_P40002_F40002004/LevelGroup_P40002_F40002004_G1.json"
    },
    {
      "ID": 2,
      "Name": "FlipBridge",
      "GroupGUID": "86fa204c-7143-4ad5-99d0-8ca0bc24f872",
      "GroupPath": "Config/LevelOutput/Group/Groups_P40002_F40002004/LevelGroup_P40002_F40002004_G2.json"
    },
    {
      "ID": 3,
      "Name": "MonsterGroup1",
      "GroupGUID": "9edb4248-e94b-44f7-b44c-a3fdcfcb0022",
      "GroupPath": "Config/LevelOutput/Group/Groups_P40002_F40002004/LevelGroup_P40002_F40002004_G3.json"
    },
    {
      "ID": 4,
      "Name": "MonsterGroup2",
      "GroupGUID": "26122238-6c7a-46bf-9410-1a7c43b7b340",
      "GroupPath": "Config/LevelOutput/Group/Groups_P40002_F40002004/LevelGroup_P40002_F40002004_G4.json"
    },
    {
      "ID": 5,
      "Name": "MonsterGroup3",
      "GroupGUID": "e88b9aa5-5452-4f2c-b08f-746c8e6684a3",
      "GroupPath": "Config/LevelOutput/Group/Groups_P40002_F40002004/LevelGroup_P40002_F40002004_G5.json"
    },
    {
      "ID": 6,
      "Name": "Door",
      "GroupGUID": "33114b01-c7ca-4190-bd90-cefd694299df",
      "GroupPath": "Config/LevelOutput/Group/Groups_P40002_F40002004/LevelGroup_P40002_F40002004_G6.json"
    },
    {
      "ID": 7,
      "Name": "MonsterGroup5",
      "GroupGUID": "b27e0a9a-8096-4708-a1ab-1b14b603b1ac",
      "GroupPath": "Config/LevelOutput/Group/Groups_P40002_F40002004/LevelGroup_P40002_F40002004_G7.json"
    },
    {
      "ID": 8,
      "Name": "TreasureGroup",
      "GroupGUID": "40d4ebfd-ed7c-438f-a8e1-2decd8c3ef0d",
      "GroupPath": "Config/LevelOutput/Group/Groups_P40002_F40002004/LevelGroup_P40002_F40002004_G8.json"
    },
    {
      "ID": 9,
      "Name": "MonsterGroup4",
      "GroupGUID": "5e2815f9-2dd5-4a80-82b0-779fb9906d34",
      "GroupPath": "Config/LevelOutput/Group/Groups_P40002_F40002004/LevelGroup_P40002_F40002004_G9.json"
    },
    {
      "ID": 10,
      "Name": "Battery_MonsterGroup1",
      "GroupGUID": "8378f391-728c-4548-a220-2f7d45d47992",
      "GroupPath": "Config/LevelOutput/Group/Groups_P40002_F40002004/LevelGroup_P40002_F40002004_G10.json"
    },
    {
      "ID": 11,
      "Name": "Battery_MonsterGroup2",
      "GroupGUID": "ef1b231d-6e4d-49de-a0b1-135404c94d66",
      "GroupPath": "Config/LevelOutput/Group/Groups_P40002_F40002004/LevelGroup_P40002_F40002004_G11.json"
    },
    {
      "ID": 12,
      "Name": "Battery_MonsterGroup3",
      "GroupGUID": "91c12c4a-fd27-4ec1-b3a1-0daac163eda7",
      "GroupPath": "Config/LevelOutput/Group/Groups_P40002_F40002004/LevelGroup_P40002_F40002004_G12.json"
    },
    {
      "ID": 13,
      "Name": "SubMission_Group1",
      "GroupGUID": "1b09cf0a-3d07-4b43-a9e0-f8b6a6f00844",
      "GroupPath": "Config/LevelOutput/Group/Groups_P40002_F40002004/LevelGroup_P40002_F40002004_G13.json"
    },
    {
      "ID": 20,
      "Name": "SubMission_Group2",
      "GroupGUID": "92d92350-5629-44ba-99fb-566facedee83",
      "GroupPath": "Config/LevelOutput/Group/Groups_P40002_F40002004/LevelGroup_P40002_F40002004_G20.json"
    },
    {
      "ID": 21,
      "Name": "SubMission_Group3",
      "GroupGUID": "c0178745-b469-4350-b8b1-87344b95c6a7",
      "GroupPath": "Config/LevelOutput/Group/Groups_P40002_F40002004/LevelGroup_P40002_F40002004_G21.json"
    },
    {
      "ID": 14,
      "Name": "Elevator",
      "GroupGUID": "8ada1ff3-b87f-4ebe-a232-f156f2f1b66e",
      "GroupPath": "Config/LevelOutput/Group/Groups_P40002_F40002004/LevelGroup_P40002_F40002004_G14.json"
    },
    {
      "ID": 16,
      "Name": "Room1 Group",
      "GroupGUID": "edca585e-fa18-43a7-92ed-5e04695b6ae6",
      "GroupPath": "Config/LevelOutput/Group/Groups_P40002_F40002004/LevelGroup_P40002_F40002004_G16.json"
    },
    {
      "ID": 22,
      "Name": "HPProp Group",
      "GroupGUID": "e2ea6aa6-fca4-41a1-abe4-620607dd9961",
      "GroupPath": "Config/LevelOutput/Group/Groups_P40002_F40002004/LevelGroup_P40002_F40002004_G22.json"
    },
    {
      "ID": 23,
      "Name": "V1_Saves",
      "GroupGUID": "950eb511-8936-4aff-9a38-cb7c40ca8c0a",
      "GroupPath": "Config/LevelOutput/Group/Groups_P40002_F40002004/LevelGroup_P40002_F40002004_G23.json"
    },
    {
      "ID": 15,
      "Name": "V1_Monster1",
      "GroupGUID": "bfc3b5fb-a506-4a14-95b0-f7ee38eeefe0",
      "GroupPath": "Config/LevelOutput/Group/Groups_P40002_F40002004/LevelGroup_P40002_F40002004_G15.json"
    },
    {
      "ID": 17,
      "Name": "V1_Monster2",
      "GroupGUID": "82c4f3ce-603d-4602-bfc8-df83f5d47a0a",
      "GroupPath": "Config/LevelOutput/Group/Groups_P40002_F40002004/LevelGroup_P40002_F40002004_G17.json"
    },
    {
      "ID": 18,
      "Name": "V1_KeyProp1 Group",
      "GroupGUID": "c74f4e27-f645-4952-8ce5-ffb4f2e0448f",
      "GroupPath": "Config/LevelOutput/Group/Groups_P40002_F40002004/LevelGroup_P40002_F40002004_G18.json"
    },
    {
      "ID": 19,
      "Name": "V1_KeyProp Group",
      "GroupGUID": "b80b5e4f-ce56-46d6-941c-39422866bb7c",
      "GroupPath": "Config/LevelOutput/Group/Groups_P40002_F40002004/LevelGroup_P40002_F40002004_G19.json"
    },
    {
      "ID": 24,
      "Name": "PadsPuzzle1",
      "GroupGUID": "66aa5ec3-c534-44f2-8c93-154a10a00031",
      "GroupPath": "Config/LevelOutput/Group/Groups_P40002_F40002004/LevelGroup_P40002_F40002004_G24.json"
    },
    {
      "ID": 25,
      "Name": "FlipBridge",
      "GroupGUID": "9a94cba5-fc8b-45e7-b5a9-94f04b1b396f",
      "GroupPath": "Config/LevelOutput/Group/Groups_P40002_F40002004/LevelGroup_P40002_F40002004_G25.json"
    },
    {
      "ID": 28,
      "Name": "PadPuzzle2",
      "GroupGUID": "552eac3f-ffc7-4a0e-a09c-a6474e98a4ed",
      "GroupPath": "Config/LevelOutput/Group/Groups_P40002_F40002004/LevelGroup_P40002_F40002004_G28.json"
    },
    {
      "ID": 29,
      "Name": "V1_KeyProp2 Group",
      "GroupGUID": "3e467bee-ccfd-4e8a-852f-ef1d31b3362d",
      "GroupPath": "Config/LevelOutput/Group/Groups_P40002_F40002004/LevelGroup_P40002_F40002004_G29.json"
    },
    {
      "ID": 30,
      "Name": "V1_NPC_Group",
      "GroupGUID": "6f00d948-23ef-4b79-bf5b-3931454a346e",
      "GroupPath": "Config/LevelOutput/Group/Groups_P40002_F40002004/LevelGroup_P40002_F40002004_G30.json"
    },
    {
      "ID": 31,
      "Name": "DialogBlock1 Group",
      "GroupGUID": "74ab06d2-3e93-4453-addd-d1a2b43a780b",
      "GroupPath": "Config/LevelOutput/Group/Groups_P40002_F40002004/LevelGroup_P40002_F40002004_G31.json"
    },
    {
      "ID": 32,
      "Name": "DialogBlock2 Group",
      "GroupGUID": "05a55348-aefd-4dc3-bee4-777dc76dfe6e",
      "GroupPath": "Config/LevelOutput/Group/Groups_P40002_F40002004/LevelGroup_P40002_F40002004_G32.json"
    },
    {
      "ID": 33,
      "Name": "DialogBlock1 Group",
      "GroupGUID": "2bf744bf-ba85-4acd-97ef-06baae75fc3e",
      "GroupPath": "Config/LevelOutput/Group/Groups_P40002_F40002004/LevelGroup_P40002_F40002004_G33.json"
    },
    {
      "ID": 34,
      "Name": "InteractProp Group",
      "GroupGUID": "f88b13c2-1754-4b6d-9ce8-1192c44c7498",
      "GroupPath": "Config/LevelOutput/Group/Groups_P40002_F40002004/LevelGroup_P40002_F40002004_G34.json"
    },
    {
      "ID": 35,
      "Name": "V1_KeyProp3 Group",
      "GroupGUID": "919af871-8895-49e3-97f6-963f9c43bb10",
      "GroupPath": "Config/LevelOutput/Group/Groups_P40002_F40002004/LevelGroup_P40002_F40002004_G35.json"
    },
    {
      "ID": 36,
      "Name": "V1_KeyProp4 Group",
      "GroupGUID": "3ca62b83-9380-45d8-aaac-6a2f44521f18",
      "GroupPath": "Config/LevelOutput/Group/Groups_P40002_F40002004/LevelGroup_P40002_F40002004_G36.json"
    },
    {
      "ID": 37,
      "Name": "V1_KeyProp5 Group",
      "GroupGUID": "525843ad-f371-40b9-844d-df96bf381ff1",
      "GroupPath": "Config/LevelOutput/Group/Groups_P40002_F40002004/LevelGroup_P40002_F40002004_G37.json"
    },
    {
      "ID": 39,
      "Name": "V1_Monster3",
      "GroupGUID": "35e6b3c8-97fb-4295-912e-c1b3d56b5d9f",
      "GroupPath": "Config/LevelOutput/Group/Groups_P40002_F40002004/LevelGroup_P40002_F40002004_G39.json"
    },
    {
      "ID": 40,
      "Name": "V1_KeyProp6 Group",
      "GroupGUID": "444ae6b3-05b3-4c2d-8d15-32ee658b663b",
      "GroupPath": "Config/LevelOutput/Group/Groups_P40002_F40002004/LevelGroup_P40002_F40002004_G40.json"
    },
    {
      "ID": 41,
      "Name": "V1_Monster4",
      "GroupGUID": "5bbe68c2-164a-4431-870f-48a4b168d785",
      "GroupPath": "Config/LevelOutput/Group/Groups_P40002_F40002004/LevelGroup_P40002_F40002004_G41.json"
    },
    {
      "ID": 42,
      "Name": "V1_Monster5",
      "GroupGUID": "3e22b3c6-1514-482c-a80e-2133e212381f",
      "GroupPath": "Config/LevelOutput/Group/Groups_P40002_F40002004/LevelGroup_P40002_F40002004_G42.json"
    },
    {
      "ID": 43,
      "Name": "V1_Monster6",
      "GroupGUID": "dc5cdab6-36ed-42d9-b012-68fd450ac521",
      "GroupPath": "Config/LevelOutput/Group/Groups_P40002_F40002004/LevelGroup_P40002_F40002004_G43.json"
    },
    {
      "ID": 45,
      "Name": "Sound",
      "GroupGUID": "6b29793b-43dc-4316-a2f0-897e87bfe42a",
      "GroupPath": "Config/LevelOutput/Group/Groups_P40002_F40002004/LevelGroup_P40002_F40002004_G45.json"
    },
    {
      "ID": 47,
      "Name": "MainMission_RoadBlock",
      "GroupGUID": "8929635e-b8ea-4e4a-97e7-77f4c53d90df",
      "GroupPath": "Config/LevelOutput/Group/Groups_P40002_F40002004/LevelGroup_P40002_F40002004_G47.json"
    }
  ]
}