{
  "FloorID": 40003001,
  "FloorName": "FloorName_40003001",
  "StartGroupID": 13,
  "StartAnchorID": 1,
  "GroupList": [
    {
      "ID": 1,
      "Name": "DefaultGroup",
      "GroupGUID": "864f8f06-a72c-4f7b-84a3-d3b7c081a6ee",
      "GroupPath": "Config/LevelOutput/Group/Groups_P40003_F40003001/LevelGroup_P40003_F40003001_G1.json"
    },
    {
      "ID": 3,
      "Name": "FlipBridgeController",
      "GroupGUID": "30cc483f-66df-4292-ae25-520953aef2b4",
      "GroupPath": "Config/LevelOutput/Group/Groups_P40003_F40003001/LevelGroup_P40003_F40003001_G3.json"
    },
    {
      "ID": 4,
      "Name": "Door",
      "GroupGUID": "02489e5e-52a1-4e88-a0c4-9a6283fa02ed",
      "GroupPath": "Config/LevelOutput/Group/Groups_P40003_F40003001/LevelGroup_P40003_F40003001_G4.json"
    },
    {
      "ID": 5,
      "Name": "Floor_3",
      "GroupGUID": "8d48e93f-955d-4e73-9d97-71aed44f6196",
      "GroupPath": "Config/LevelOutput/Group/Groups_P40003_F40003001/LevelGroup_P40003_F40003001_G5.json"
    },
    {
      "ID": 6,
      "Name": "Floor_3_Monster",
      "GroupGUID": "8a882bbe-fdbc-4c41-9123-722fdfbcc73d",
      "GroupPath": "Config/LevelOutput/Group/Groups_P40003_F40003001/LevelGroup_P40003_F40003001_G6.json"
    },
    {
      "ID": 7,
      "Name": "Floor_3_Monster",
      "GroupGUID": "663f051f-d243-49f1-b656-5e2f88b775f8",
      "GroupPath": "Config/LevelOutput/Group/Groups_P40003_F40003001/LevelGroup_P40003_F40003001_G7.json"
    },
    {
      "ID": 8,
      "Name": "Floor_2",
      "GroupGUID": "190fa6cd-b071-4043-bebd-4fada6af7281",
      "GroupPath": "Config/LevelOutput/Group/Groups_P40003_F40003001/LevelGroup_P40003_F40003001_G8.json"
    },
    {
      "ID": 10,
      "Name": "Floor_4",
      "GroupGUID": "c12544cb-b7ad-45f0-8f7d-0a614a69e5a2",
      "GroupPath": "Config/LevelOutput/Group/Groups_P40003_F40003001/LevelGroup_P40003_F40003001_G10.json"
    },
    {
      "ID": 12,
      "Name": "Floor_5_Boss",
      "GroupGUID": "a3b7dad2-0451-495c-adc7-dd210090da05",
      "GroupPath": "Config/LevelOutput/Group/Groups_P40003_F40003001/LevelGroup_P40003_F40003001_G12.json"
    },
    {
      "ID": 13,
      "Name": "Floor_1",
      "GroupGUID": "7065abdc-99a6-40f5-90dc-bd26cce062b7",
      "GroupPath": "Config/LevelOutput/Group/Groups_P40003_F40003001/LevelGroup_P40003_F40003001_G13.json"
    },
    {
      "ID": 15,
      "Name": "Floor_1_Monster",
      "GroupGUID": "9a8de4dd-e520-4408-bfa6-586a64267ed8",
      "GroupPath": "Config/LevelOutput/Group/Groups_P40003_F40003001/LevelGroup_P40003_F40003001_G15.json"
    },
    {
      "ID": 16,
      "Name": "SilWolfMission",
      "GroupGUID": "f4006f6a-b751-4b4a-9966-605c3772ffe5",
      "GroupPath": "Config/LevelOutput/Group/Groups_P40003_F40003001/LevelGroup_P40003_F40003001_G16.json"
    },
    {
      "ID": 17,
      "Name": "MPProp",
      "GroupGUID": "3e1b42e8-3944-4957-a37a-ca583eec4d7e",
      "GroupPath": "Config/LevelOutput/Group/Groups_P40003_F40003001/LevelGroup_P40003_F40003001_G17.json"
    },
    {
      "ID": 18,
      "Name": "MainMission_RoadBlock",
      "GroupGUID": "56aeec2f-9f04-43da-a9cd-68d1cba3c1e8",
      "GroupPath": "Config/LevelOutput/Group/Groups_P40003_F40003001/LevelGroup_P40003_F40003001_G18.json"
    }
  ]
}