{
  "FloorID": 40002104,
  "FloorName": "FloorName_40002104",
  "StartGroupID": 1,
  "StartAnchorID": 1,
  "GroupList": [
    {
      "ID": 1,
      "Name": "DefaultGroup",
      "GroupGUID": "b29b635f-ea6d-4c9d-a8d1-9641fb0035f0",
      "GroupPath": "Config/LevelOutput/Group/Groups_P40002_F40002104/LevelGroup_P40002_F40002104_G1.json"
    },
    {
      "ID": 11,
      "Name": "Graffiti1",
      "GroupGUID": "b03f3965-2a1e-495d-9bd7-2e1ebf118f34",
      "GroupPath": "Config/LevelOutput/Group/Groups_P40002_F40002104/LevelGroup_P40002_F40002104_G11.json"
    },
    {
      "ID": 12,
      "Name": "Sound",
      "GroupGUID": "38870145-3f35-4e55-b6f5-3914d2ebc915",
      "GroupPath": "Config/LevelOutput/Group/Groups_P40002_F40002104/LevelGroup_P40002_F40002104_G12.json"
    },
    {
      "ID": 13,
      "Name": "FlipBridge",
      "GroupGUID": "eb6c280d-ce71-4194-b0cb-3d927735a495",
      "GroupPath": "Config/LevelOutput/Group/Groups_P40002_F40002104/LevelGroup_P40002_F40002104_G13.json"
    },
    {
      "ID": 14,
      "Name": "FlipBridgeController",
      "GroupGUID": "9a102666-17eb-484d-a8a5-e812fb74c764",
      "GroupPath": "Config/LevelOutput/Group/Groups_P40002_F40002104/LevelGroup_P40002_F40002104_G14.json"
    },
    {
      "ID": 15,
      "Name": "Door",
      "GroupGUID": "7833bc0d-7095-4982-aba8-3c9b2f132305",
      "GroupPath": "Config/LevelOutput/Group/Groups_P40002_F40002104/LevelGroup_P40002_F40002104_G15.json"
    },
    {
      "ID": 16,
      "Name": "Monster Group",
      "GroupGUID": "bb593953-5162-4b43-8c38-312b0bb8292f",
      "GroupPath": "Config/LevelOutput/Group/Groups_P40002_F40002104/LevelGroup_P40002_F40002104_G16.json"
    },
    {
      "ID": 17,
      "Name": "Graffiti2",
      "GroupGUID": "ca382d79-fb94-4101-8eb7-8457529c232d",
      "GroupPath": "Config/LevelOutput/Group/Groups_P40002_F40002104/LevelGroup_P40002_F40002104_G17.json"
    },
    {
      "ID": 18,
      "Name": "Graffiti3",
      "GroupGUID": "12841899-6330-4e87-b3fb-9d79cb625eba",
      "GroupPath": "Config/LevelOutput/Group/Groups_P40002_F40002104/LevelGroup_P40002_F40002104_G18.json"
    },
    {
      "ID": 19,
      "Name": "Elevator",
      "GroupGUID": "97875ffb-2c3e-4a5e-8cbe-196db8a84bab",
      "GroupPath": "Config/LevelOutput/Group/Groups_P40002_F40002104/LevelGroup_P40002_F40002104_G19.json"
    },
    {
      "ID": 20,
      "Name": "Graffiti4",
      "GroupGUID": "2a7d14c6-9338-4425-b7ee-87fa95319bf4",
      "GroupPath": "Config/LevelOutput/Group/Groups_P40002_F40002104/LevelGroup_P40002_F40002104_G20.json"
    },
    {
      "ID": 21,
      "Name": "Graffiti5",
      "GroupGUID": "bde8ba39-addf-4207-8ee1-ee8e14bdcfd8",
      "GroupPath": "Config/LevelOutput/Group/Groups_P40002_F40002104/LevelGroup_P40002_F40002104_G21.json"
    },
    {
      "ID": 22,
      "Name": "Graffiti6",
      "GroupGUID": "14797469-f56c-4e5e-a420-74d984370b64",
      "GroupPath": "Config/LevelOutput/Group/Groups_P40002_F40002104/LevelGroup_P40002_F40002104_G22.json"
    },
    {
      "ID": 23,
      "Name": "Graffiti7",
      "GroupGUID": "41f298be-993e-47e1-9715-a6e783aad44c",
      "GroupPath": "Config/LevelOutput/Group/Groups_P40002_F40002104/LevelGroup_P40002_F40002104_G23.json"
    },
    {
      "ID": 24,
      "Name": "Graffiti8",
      "GroupGUID": "5979bfdc-6c26-40f2-8f5a-a736ed6bcd64",
      "GroupPath": "Config/LevelOutput/Group/Groups_P40002_F40002104/LevelGroup_P40002_F40002104_G24.json"
    },
    {
      "ID": 25,
      "Name": "New Group",
      "GroupGUID": "95e89481-76ea-41d6-88cf-8582713429cd",
      "GroupPath": "Config/LevelOutput/Group/Groups_P40002_F40002104/LevelGroup_P40002_F40002104_G25.json"
    },
    {
      "ID": 26,
      "Name": "BOSS1A",
      "GroupGUID": "b2fa0cf3-ac3d-483a-b0d2-d84fbd6eb9dd",
      "GroupPath": "Config/LevelOutput/Group/Groups_P40002_F40002104/LevelGroup_P40002_F40002104_G26.json"
    },
    {
      "ID": 27,
      "Name": "BOSS1B",
      "GroupGUID": "c3a13df9-4a4c-480f-af80-3242e416da0a",
      "GroupPath": "Config/LevelOutput/Group/Groups_P40002_F40002104/LevelGroup_P40002_F40002104_G27.json"
    },
    {
      "ID": 28,
      "Name": "BOSS2A",
      "GroupGUID": "256dc5e5-244b-49c0-843d-b3cb7b3aed03",
      "GroupPath": "Config/LevelOutput/Group/Groups_P40002_F40002104/LevelGroup_P40002_F40002104_G28.json"
    },
    {
      "ID": 29,
      "Name": "BOSS2A",
      "GroupGUID": "98e90391-96f7-4533-9a98-d7ecfb06ca1e",
      "GroupPath": "Config/LevelOutput/Group/Groups_P40002_F40002104/LevelGroup_P40002_F40002104_G29.json"
    },
    {
      "ID": 31,
      "Name": "V1_Saves",
      "GroupGUID": "6bab3af6-352d-4c8f-a1bc-105f7952778b",
      "GroupPath": "Config/LevelOutput/Group/Groups_P40002_F40002104/LevelGroup_P40002_F40002104_G31.json"
    },
    {
      "ID": 32,
      "Name": "MPProp",
      "GroupGUID": "659997c0-8478-4bb6-8efb-17d45973252d",
      "GroupPath": "Config/LevelOutput/Group/Groups_P40002_F40002104/LevelGroup_P40002_F40002104_G32.json"
    },
    {
      "ID": 33,
      "Name": "Exit",
      "GroupGUID": "8769f405-a9a4-44f6-9b43-6241d261da88",
      "GroupPath": "Config/LevelOutput/Group/Groups_P40002_F40002104/LevelGroup_P40002_F40002104_G33.json"
    },
    {
      "ID": 34,
      "Name": "Exit",
      "GroupGUID": "d2f6c8bc-f022-4e13-9af3-b071a92bfc49",
      "GroupPath": "Config/LevelOutput/Group/Groups_P40002_F40002104/LevelGroup_P40002_F40002104_G34.json"
    },
    {
      "ID": 35,
      "Name": "BossBlock",
      "GroupGUID": "8b8278ed-0e46-4c2f-bd2e-5db293bee6c3",
      "GroupPath": "Config/LevelOutput/Group/Groups_P40002_F40002104/LevelGroup_P40002_F40002104_G35.json"
    }
  ]
}