{
  "FloorID": 40002001,
  "FloorName": "FloorName_40002001",
  "StartGroupID": 1,
  "StartAnchorID": 6,
  "GroupList": [
    {
      "ID": 1,
      "Name": "DefaultGroup",
      "GroupGUID": "114b36a8-5937-41df-bae8-2d0e594b5b6c",
      "GroupPath": "Config/LevelOutput/Group/Groups_P40002_F40002001/LevelGroup_P40002_F40002001_G1.json"
    },
    {
      "ID": 2,
      "Name": "FlipBridge",
      "GroupGUID": "da51e0fd-6740-4b17-9271-d56592f705c9",
      "GroupPath": "Config/LevelOutput/Group/Groups_P40002_F40002001/LevelGroup_P40002_F40002001_G2.json"
    },
    {
      "ID": 4,
      "Name": "MonsterGroup1",
      "GroupGUID": "3098aae3-37c5-481b-b5e5-fff70029c9d8",
      "GroupPath": "Config/LevelOutput/Group/Groups_P40002_F40002001/LevelGroup_P40002_F40002001_G4.json"
    },
    {
      "ID": 5,
      "Name": "MonsterGroup2",
      "GroupGUID": "4ad14465-746c-41cf-a0a0-faf04442e3ca",
      "GroupPath": "Config/LevelOutput/Group/Groups_P40002_F40002001/LevelGroup_P40002_F40002001_G5.json"
    },
    {
      "ID": 6,
      "Name": "MonsterGroup3",
      "GroupGUID": "1ed5dbcb-0ea4-4378-b6e3-e04150657c1d",
      "GroupPath": "Config/LevelOutput/Group/Groups_P40002_F40002001/LevelGroup_P40002_F40002001_G6.json"
    },
    {
      "ID": 8,
      "Name": "MonsterGroup5",
      "GroupGUID": "18c4c5be-df7e-4dce-af0a-08e51405770e",
      "GroupPath": "Config/LevelOutput/Group/Groups_P40002_F40002001/LevelGroup_P40002_F40002001_G8.json"
    },
    {
      "ID": 9,
      "Name": "TreasureGroup",
      "GroupGUID": "78c50ebd-369f-4bce-ba98-85e0443cc52f",
      "GroupPath": "Config/LevelOutput/Group/Groups_P40002_F40002001/LevelGroup_P40002_F40002001_G9.json"
    },
    {
      "ID": 10,
      "Name": "MonsterGroup4",
      "GroupGUID": "f83a2bc7-eb1b-4f39-bcd9-83923d4e11c5",
      "GroupPath": "Config/LevelOutput/Group/Groups_P40002_F40002001/LevelGroup_P40002_F40002001_G10.json"
    },
    {
      "ID": 14,
      "Name": "SubMission_Group1",
      "GroupGUID": "e2eac5cf-71c5-4b72-a7a4-c396b62dbb80",
      "GroupPath": "Config/LevelOutput/Group/Groups_P40002_F40002001/LevelGroup_P40002_F40002001_G14.json"
    },
    {
      "ID": 19,
      "Name": "PadsPuzzle",
      "GroupGUID": "0af89baa-7288-43b0-9dee-d05f1c9ca7c4",
      "GroupPath": "Config/LevelOutput/Group/Groups_P40002_F40002001/LevelGroup_P40002_F40002001_G19.json"
    },
    {
      "ID": 20,
      "Name": "Elevator",
      "GroupGUID": "58b1eb50-f3d6-4538-9249-7fc5496f8648",
      "GroupPath": "Config/LevelOutput/Group/Groups_P40002_F40002001/LevelGroup_P40002_F40002001_G20.json"
    },
    {
      "ID": 21,
      "Name": "Door",
      "GroupGUID": "471075d3-b9b0-460c-84e8-3e89e2c1cbee",
      "GroupPath": "Config/LevelOutput/Group/Groups_P40002_F40002001/LevelGroup_P40002_F40002001_G21.json"
    },
    {
      "ID": 25,
      "Name": "Sound",
      "GroupGUID": "3f70fa82-e3d7-4ca2-afa8-330ea811c321",
      "GroupPath": "Config/LevelOutput/Group/Groups_P40002_F40002001/LevelGroup_P40002_F40002001_G25.json"
    },
    {
      "ID": 27,
      "Name": "MainMission_RoadBlock",
      "GroupGUID": "efd94be1-55b4-485b-98f8-5418ce98ab8c",
      "GroupPath": "Config/LevelOutput/Group/Groups_P40002_F40002001/LevelGroup_P40002_F40002001_G27.json"
    }
  ]
}