{
  "FloorID": 40123001,
  "FloorName": "FloorName_40123001",
  "StartGroupID": 1,
  "StartAnchorID": 1,
  "GroupList": [
    {
      "ID": 1,
      "Name": "DefaultGroup",
      "GroupGUID": "5710f9bd-b173-46f9-92a9-77f8052de214",
      "GroupPath": "Config/LevelOutput/Group/Groups_P40123_F40123001/LevelGroup_P40123_F40123001_G1.json"
    },
    {
      "ID": 2,
      "Name": "PlayerStart",
      "GroupGUID": "c7877e18-a57a-4ed5-8692-c44e57c39ad2",
      "GroupPath": "Config/LevelOutput/Group/Groups_P40123_F40123001/LevelGroup_P40123_F40123001_G2.json"
    },
    {
      "ID": 3,
      "Name": "Sound",
      "GroupGUID": "78d7c940-3205-4d41-a252-cb0e33fe615c",
      "GroupPath": "Config/LevelOutput/Group/Groups_P40123_F40123001/LevelGroup_P40123_F40123001_G3.json"
    },
    {
      "ID": 4,
      "Name": "MainMission2011701_",
      "GroupGUID": "b52f527c-4dbf-4b10-849a-e35723f54e58",
      "GroupPath": "Config/LevelOutput/Group/Groups_P40123_F40123001/LevelGroup_P40123_F40123001_G4.json"
    },
    {
      "ID": 5,
      "Name": "RobotHunt",
      "GroupGUID": "7ae17adb-3b33-4adb-b845-01aaceea1b48",
      "GroupPath": "Config/LevelOutput/Group/Groups_P40123_F40123001/LevelGroup_P40123_F40123001_G5.json"
    },
    {
      "ID": 6,
      "Name": "Props",
      "GroupGUID": "05e7383c-7ba9-43f3-b4ad-797daace48d8",
      "GroupPath": "Config/LevelOutput/Group/Groups_P40123_F40123001/LevelGroup_P40123_F40123001_G6.json"
    },
    {
      "ID": 7,
      "Name": "MainMission2011701_Monster",
      "GroupGUID": "91742168-594d-4f39-8b28-bc261e3afa27",
      "GroupPath": "Config/LevelOutput/Group/Groups_P40123_F40123001/LevelGroup_P40123_F40123001_G7.json"
    },
    {
      "ID": 8,
      "Name": "MainMission2011701_FollowRobot",
      "GroupGUID": "2344f9fc-f3c8-4dbf-ad9c-eca3b7a06827",
      "GroupPath": "Config/LevelOutput/Group/Groups_P40123_F40123001/LevelGroup_P40123_F40123001_G8.json"
    },
    {
      "ID": 23,
      "Name": "NPCs",
      "GroupGUID": "d0e71d9f-b5ea-4c2c-b83a-447d90d14d7e",
      "GroupPath": "Config/LevelOutput/Group/Groups_P40123_F40123001/LevelGroup_P40123_F40123001_G23.json"
    },
    {
      "ID": 98,
      "Name": "NPC",
      "GroupGUID": "576f26cb-4cba-4e66-8c41-9444e8e78e36",
      "GroupPath": "Config/LevelOutput/Group/Groups_P40123_F40123001/LevelGroup_P40123_F40123001_G98.json"
    },
    {
      "ID": 11,
      "Name": "MainMission2011701_BattleCrowd",
      "GroupGUID": "73d48a98-ff5a-4f6d-b9ec-414c05a4f28e",
      "GroupPath": "Config/LevelOutput/Group/Groups_P40123_F40123001/LevelGroup_P40123_F40123001_G11.json"
    },
    {
      "ID": 12,
      "Name": "Checkpoint",
      "GroupGUID": "a98aa623-1245-4345-bab8-d0274afff083",
      "GroupPath": "Config/LevelOutput/Group/Groups_P40123_F40123001/LevelGroup_P40123_F40123001_G12.json"
    },
    {
      "ID": 13,
      "Name": "RobotHunt",
      "GroupGUID": "c2eb2075-0d64-4329-88d3-2d757f536c59",
      "GroupPath": "Config/LevelOutput/Group/Groups_P40123_F40123001/LevelGroup_P40123_F40123001_G13.json"
    }
  ]
}