{
  "FloorID": 40111001,
  "FloorName": "FloorName_40111001",
  "StartGroupID": 1,
  "StartAnchorID": 1,
  "GroupList": [
    {
      "ID": 1,
      "Name": "DefaultGroup",
      "GroupGUID": "b1a469c4-87d1-4e5d-b391-860021d8792a",
      "GroupPath": "Config/LevelOutput/Group/Groups_P40111_F40111001/LevelGroup_P40111_F40111001_G1.json"
    },
    {
      "ID": 2,
      "Name": "Public01",
      "GroupGUID": "2681c253-1d2d-44ae-9af0-b9ddc92229d9",
      "GroupPath": "Config/LevelOutput/Group/Groups_P40111_F40111001/LevelGroup_P40111_F40111001_G2.json"
    },
    {
      "ID": 3,
      "Name": "Sound",
      "GroupGUID": "5800ed1e-dffe-4779-8c22-85b21613c943",
      "GroupPath": "Config/LevelOutput/Group/Groups_P40111_F40111001/LevelGroup_P40111_F40111001_G3.json"
    },
    {
      "ID": 4,
      "Name": "DefaultData_Props",
      "GroupGUID": "5ea36ccf-8d96-49cb-a604-ccf6ac5e9f7c",
      "GroupPath": "Config/LevelOutput/Group/Groups_P40111_F40111001/LevelGroup_P40111_F40111001_G4.json"
    },
    {
      "ID": 9,
      "Name": "SavePoint",
      "GroupGUID": "5fa15701-b11d-4f41-921d-7f4a76883175",
      "GroupPath": "Config/LevelOutput/Group/Groups_P40111_F40111001/LevelGroup_P40111_F40111001_G9.json"
    },
    {
      "ID": 5,
      "Name": "MainMissionMonster",
      "GroupGUID": "12192f89-e321-42a8-9393-8f60ccb58d41",
      "GroupPath": "Config/LevelOutput/Group/Groups_P40111_F40111001/LevelGroup_P40111_F40111001_G5.json"
    },
    {
      "ID": 10,
      "Name": "MainMission2011904_01",
      "GroupGUID": "da8e2b6e-96e1-49ee-afb6-7ed01fd33614",
      "GroupPath": "Config/LevelOutput/Group/Groups_P40111_F40111001/LevelGroup_P40111_F40111001_G10.json"
    },
    {
      "ID": 11,
      "Name": "MainMission2011904_04",
      "GroupGUID": "7fda89f1-0ab6-4948-839b-f54276f826e1",
      "GroupPath": "Config/LevelOutput/Group/Groups_P40111_F40111001/LevelGroup_P40111_F40111001_G11.json"
    },
    {
      "ID": 12,
      "Name": "MainMission2011904_06",
      "GroupGUID": "12ee5e4a-8e73-414a-ba2a-1603c14761d5",
      "GroupPath": "Config/LevelOutput/Group/Groups_P40111_F40111001/LevelGroup_P40111_F40111001_G12.json"
    },
    {
      "ID": 13,
      "Name": "MainMission2011904_07-10",
      "GroupGUID": "ed2fb2a1-c12a-48d4-bc99-2e99031ee1a2",
      "GroupPath": "Config/LevelOutput/Group/Groups_P40111_F40111001/LevelGroup_P40111_F40111001_G13.json"
    },
    {
      "ID": 16,
      "Name": "MPProp",
      "GroupGUID": "f0d72ad4-b303-4ce4-aada-7f8c638753c4",
      "GroupPath": "Config/LevelOutput/Group/Groups_P40111_F40111001/LevelGroup_P40111_F40111001_G16.json"
    }
  ]
}