{
  "FloorID": 40122001,
  "FloorName": "FloorName_40122001",
  "StartGroupID": 1,
  "StartAnchorID": 3,
  "GroupList": [
    {
      "ID": 15,
      "Name": "Public_Props",
      "GroupGUID": "e9dff0e4-1d5f-4cda-ac6f-268c7f3f58cb",
      "GroupPath": "Config/LevelOutput/Group/Groups_P40122_F40122001/LevelGroup_P40122_F40122001_G15.json"
    },
    {
      "ID": 14,
      "Name": "DefaultData",
      "GroupGUID": "d04042e0-dd56-439b-ae3e-f29e2309fca8",
      "GroupPath": "Config/LevelOutput/Group/Groups_P40122_F40122001/LevelGroup_P40122_F40122001_G14.json"
    },
    {
      "ID": 1,
      "Name": "DefaultGroup",
      "GroupGUID": "451e157a-cb3c-40e8-ab9d-05aedce4afad",
      "GroupPath": "Config/LevelOutput/Group/Groups_P40122_F40122001/LevelGroup_P40122_F40122001_G1.json"
    },
    {
      "ID": 5,
      "Name": "Sound",
      "GroupGUID": "730defa5-d1cf-4f84-bc02-b6361be3893c",
      "GroupPath": "Config/LevelOutput/Group/Groups_P40122_F40122001/LevelGroup_P40122_F40122001_G5.json"
    },
    {
      "ID": 8,
      "Name": "SceneProp",
      "GroupGUID": "5301360e-72a5-4e0a-abec-9997611dcd32",
      "GroupPath": "Config/LevelOutput/Group/Groups_P40122_F40122001/LevelGroup_P40122_F40122001_G8.json"
    },
    {
      "ID": 7,
      "Name": "MainMission2011801_Mission",
      "GroupGUID": "5da9c3b2-5d3c-4bab-86ac-0e11ad6ea628",
      "GroupPath": "Config/LevelOutput/Group/Groups_P40122_F40122001/LevelGroup_P40122_F40122001_G7.json"
    },
    {
      "ID": 3,
      "Name": "HideArea01",
      "GroupGUID": "67ab50a0-565d-493d-870e-34415247cafd",
      "GroupPath": "Config/LevelOutput/Group/Groups_P40122_F40122001/LevelGroup_P40122_F40122001_G3.json"
    },
    {
      "ID": 2,
      "Name": "NPC",
      "GroupGUID": "1e583469-0aca-458a-bb43-729dbbbdf726",
      "GroupPath": "Config/LevelOutput/Group/Groups_P40122_F40122001/LevelGroup_P40122_F40122001_G2.json"
    },
    {
      "ID": 11,
      "Name": "TrackControl01",
      "GroupGUID": "17567c2b-4983-4e0e-bf13-d8dab79f0125",
      "GroupPath": "Config/LevelOutput/Group/Groups_P40122_F40122001/LevelGroup_P40122_F40122001_G11.json"
    },
    {
      "ID": 19,
      "Name": "TrackControl01",
      "GroupGUID": "82f1fdd0-569b-43cc-862a-da01ab70e0df",
      "GroupPath": "Config/LevelOutput/Group/Groups_P40122_F40122001/LevelGroup_P40122_F40122001_G19.json"
    },
    {
      "ID": 13,
      "Name": "HideArea02",
      "GroupGUID": "bbe61d9e-04cc-40fe-9653-1fae2964fe48",
      "GroupPath": "Config/LevelOutput/Group/Groups_P40122_F40122001/LevelGroup_P40122_F40122001_G13.json"
    },
    {
      "ID": 12,
      "Name": "TrackControl02",
      "GroupGUID": "b9ddb476-2aba-4a8e-845a-1886cf7e38e5",
      "GroupPath": "Config/LevelOutput/Group/Groups_P40122_F40122001/LevelGroup_P40122_F40122001_G12.json"
    },
    {
      "ID": 10,
      "Name": "NPC",
      "GroupGUID": "1f2b49b4-89a7-47d8-a47d-5809e73f2e4e",
      "GroupPath": "Config/LevelOutput/Group/Groups_P40122_F40122001/LevelGroup_P40122_F40122001_G10.json"
    },
    {
      "ID": 17,
      "Name": "TrackControl02",
      "GroupGUID": "78b434eb-da4c-4d1b-9f3f-0f64add9598d",
      "GroupPath": "Config/LevelOutput/Group/Groups_P40122_F40122001/LevelGroup_P40122_F40122001_G17.json"
    },
    {
      "ID": 18,
      "Name": "TrackControl02",
      "GroupGUID": "cff0534f-d9c1-4bea-9dee-13d78c445b4b",
      "GroupPath": "Config/LevelOutput/Group/Groups_P40122_F40122001/LevelGroup_P40122_F40122001_G18.json"
    }
  ]
}