{
  "FloorID": 40101001,
  "FloorName": "FloorName_40101001",
  "StartGroupID": 1,
  "StartAnchorID": 1,
  "GroupList": [
    {
      "ID": 1,
      "Name": "DefaultGroup",
      "GroupGUID": "8e71a493-d1bd-42cf-821b-d18f3f9e7b70",
      "GroupPath": "Config/LevelOutput/Group/Groups_P40101_F40101001/LevelGroup_P40101_F40101001_G1.json"
    },
    {
      "ID": 2,
      "Name": "Area_A_Group",
      "GroupGUID": "e91f825d-752c-48ef-a853-5fa20e8d507c",
      "GroupPath": "Config/LevelOutput/Group/Groups_P40101_F40101001/LevelGroup_P40101_F40101001_G2.json"
    },
    {
      "ID": 4,
      "Name": "Area_B_Group",
      "GroupGUID": "e51446e7-9c4a-47aa-a3ed-2f1464b34a1b",
      "GroupPath": "Config/LevelOutput/Group/Groups_P40101_F40101001/LevelGroup_P40101_F40101001_G4.json"
    },
    {
      "ID": 3,
      "Name": "Area_C_Group",
      "GroupGUID": "6161dfd5-ecd0-4965-a8ac-aa6cf6c8cabe",
      "GroupPath": "Config/LevelOutput/Group/Groups_P40101_F40101001/LevelGroup_P40101_F40101001_G3.json"
    },
    {
      "ID": 5,
      "Name": "Area_D_Group",
      "GroupGUID": "b185789a-ba76-4352-bf48-17b67a727118",
      "GroupPath": "Config/LevelOutput/Group/Groups_P40101_F40101001/LevelGroup_P40101_F40101001_G5.json"
    },
    {
      "ID": 6,
      "Name": "BridgeController_Group",
      "GroupGUID": "74d54a19-1001-4f2c-9e6e-5e69ad2a4753",
      "GroupPath": "Config/LevelOutput/Group/Groups_P40101_F40101001/LevelGroup_P40101_F40101001_G6.json"
    },
    {
      "ID": 7,
      "Name": "Probe_A",
      "GroupGUID": "ab51ceb8-5bf4-4e4c-a34c-b633ffe1eb09",
      "GroupPath": "Config/LevelOutput/Group/Groups_P40101_F40101001/LevelGroup_P40101_F40101001_G7.json"
    },
    {
      "ID": 8,
      "Name": "Bridge_Group",
      "GroupGUID": "f74735b6-dc2c-4468-9581-0be7b3c763bc",
      "GroupPath": "Config/LevelOutput/Group/Groups_P40101_F40101001/LevelGroup_P40101_F40101001_G8.json"
    },
    {
      "ID": 9,
      "Name": "BridgeController_Fake_Group",
      "GroupGUID": "983ecb73-e543-4fae-8f9c-ccab88a1fc2e",
      "GroupPath": "Config/LevelOutput/Group/Groups_P40101_F40101001/LevelGroup_P40101_F40101001_G9.json"
    },
    {
      "ID": 11,
      "Name": "Probe_B",
      "GroupGUID": "1660e5f0-5f45-4ed1-9e0e-5dde881362ca",
      "GroupPath": "Config/LevelOutput/Group/Groups_P40101_F40101001/LevelGroup_P40101_F40101001_G11.json"
    },
    {
      "ID": 12,
      "Name": "Probe_C",
      "GroupGUID": "b456dd4f-24ad-4b64-b8cd-c90952adc099",
      "GroupPath": "Config/LevelOutput/Group/Groups_P40101_F40101001/LevelGroup_P40101_F40101001_G12.json"
    },
    {
      "ID": 13,
      "Name": "MissionGroup",
      "GroupGUID": "32fc6936-d5bb-4653-ab20-ce3596c82d26",
      "GroupPath": "Config/LevelOutput/Group/Groups_P40101_F40101001/LevelGroup_P40101_F40101001_G13.json"
    },
    {
      "ID": 10,
      "Name": "Empty Group",
      "GroupGUID": "23d28ebf-0b43-4789-ac53-dae49f472593",
      "GroupPath": "Config/LevelOutput/Group/Groups_P40101_F40101001/LevelGroup_P40101_F40101001_G10.json"
    },
    {
      "ID": 14,
      "Name": "Area_A_Monster_Group",
      "GroupGUID": "e4944bd8-24eb-448b-8477-a0b36ab1b6a9",
      "GroupPath": "Config/LevelOutput/Group/Groups_P40101_F40101001/LevelGroup_P40101_F40101001_G14.json"
    },
    {
      "ID": 15,
      "Name": "Area_B_Monster_Group",
      "GroupGUID": "c752b8ca-fb9f-48a7-8891-bfbe2b5fcc52",
      "GroupPath": "Config/LevelOutput/Group/Groups_P40101_F40101001/LevelGroup_P40101_F40101001_G15.json"
    },
    {
      "ID": 16,
      "Name": "Area_C_Monster_Group",
      "GroupGUID": "acaf75d6-6e45-4d79-8dca-4da603d7fce9",
      "GroupPath": "Config/LevelOutput/Group/Groups_P40101_F40101001/LevelGroup_P40101_F40101001_G16.json"
    },
    {
      "ID": 18,
      "Name": "Area_A_Message Group",
      "GroupGUID": "87bc37ea-00f0-4529-8ce4-b4d6624eb7aa",
      "GroupPath": "Config/LevelOutput/Group/Groups_P40101_F40101001/LevelGroup_P40101_F40101001_G18.json"
    },
    {
      "ID": 19,
      "Name": "Area_B_Message Group",
      "GroupGUID": "ed462546-a1a3-4fc5-a418-8f930ebd5a9a",
      "GroupPath": "Config/LevelOutput/Group/Groups_P40101_F40101001/LevelGroup_P40101_F40101001_G19.json"
    },
    {
      "ID": 20,
      "Name": "Sound",
      "GroupGUID": "ccdd5410-b5bb-469a-9a47-7be412f979e7",
      "GroupPath": "Config/LevelOutput/Group/Groups_P40101_F40101001/LevelGroup_P40101_F40101001_G20.json"
    }
  ]
}