{
  "FloorID": 40101002,
  "FloorName": "FloorName_40101002",
  "StartGroupID": 8,
  "StartAnchorID": 2,
  "GroupList": [
    {
      "ID": 2,
      "Name": "BattleArea",
      "GroupGUID": "b92715c9-fced-4ccb-bfd8-fcb50c0315f2",
      "GroupPath": "Config/LevelOutput/Group/Groups_P40101_F40101002/LevelGroup_P40101_F40101002_G2.json"
    },
    {
      "ID": 3,
      "Name": "PropCommon",
      "GroupGUID": "93b7c5ff-0d7d-4836-ab11-bd588d010924",
      "GroupPath": "Config/LevelOutput/Group/Groups_P40101_F40101002/LevelGroup_P40101_F40101002_G3.json"
    },
    {
      "ID": 6,
      "Name": "Airwall",
      "GroupGUID": "d0dc5323-b544-4feb-ba16-b64f5133031f",
      "GroupPath": "Config/LevelOutput/Group/Groups_P40101_F40101002/LevelGroup_P40101_F40101002_G6.json"
    },
    {
      "ID": 8,
      "Name": "Saves",
      "GroupGUID": "97b0e769-a6cd-459d-aa81-71624b6e5a6c",
      "GroupPath": "Config/LevelOutput/Group/Groups_P40101_F40101002/LevelGroup_P40101_F40101002_G8.json"
    },
    {
      "ID": 10,
      "Name": "MainMission_Prop",
      "GroupGUID": "92578296-3cf5-4486-b237-aa8a087b98af",
      "GroupPath": "Config/LevelOutput/Group/Groups_P40101_F40101002/LevelGroup_P40101_F40101002_G10.json"
    },
    {
      "ID": 12,
      "Name": "StoveFuel",
      "GroupGUID": "b443a149-220c-48fc-859e-362d1d8d920b",
      "GroupPath": "Config/LevelOutput/Group/Groups_P40101_F40101002/LevelGroup_P40101_F40101002_G12.json"
    },
    {
      "ID": 13,
      "Name": "Monsters",
      "GroupGUID": "f374ff3d-4030-4bd8-8dfc-e6250df0fd03",
      "GroupPath": "Config/LevelOutput/Group/Groups_P40101_F40101002/LevelGroup_P40101_F40101002_G13.json"
    },
    {
      "ID": 15,
      "Name": "mission",
      "GroupGUID": "4bd331b5-dd80-4d6d-8ea8-506e500d3155",
      "GroupPath": "Config/LevelOutput/Group/Groups_P40101_F40101002/LevelGroup_P40101_F40101002_G15.json"
    },
    {
      "ID": 16,
      "Name": "StoveFuel",
      "GroupGUID": "9277f8b0-1bad-420c-b7fa-718d0715ad3a",
      "GroupPath": "Config/LevelOutput/Group/Groups_P40101_F40101002/LevelGroup_P40101_F40101002_G16.json"
    },
    {
      "ID": 17,
      "Name": "Airwall",
      "GroupGUID": "6fbe4e27-f434-4b5e-bc96-017a54f7ec8e",
      "GroupPath": "Config/LevelOutput/Group/Groups_P40101_F40101002/LevelGroup_P40101_F40101002_G17.json"
    },
    {
      "ID": 21,
      "Name": "New Group",
      "GroupGUID": "363f4ca1-b5b5-4c2d-86c4-c8575d2c9754",
      "GroupPath": "Config/LevelOutput/Group/Groups_P40101_F40101002/LevelGroup_P40101_F40101002_G21.json"
    },
    {
      "ID": 26,
      "Name": "NPC",
      "GroupGUID": "ec723d35-3432-4605-bb28-9ffceecff232",
      "GroupPath": "Config/LevelOutput/Group/Groups_P40101_F40101002/LevelGroup_P40101_F40101002_G26.json"
    },
    {
      "ID": 32,
      "Name": "NPC",
      "GroupGUID": "6222bd2c-6e0e-4250-a9dd-e822f6b9092f",
      "GroupPath": "Config/LevelOutput/Group/Groups_P40101_F40101002/LevelGroup_P40101_F40101002_G32.json"
    },
    {
      "ID": 34,
      "Name": "Sound",
      "GroupGUID": "ff234115-0427-43a3-b412-5664cb264945",
      "GroupPath": "Config/LevelOutput/Group/Groups_P40101_F40101002/LevelGroup_P40101_F40101002_G34.json"
    },
    {
      "ID": 36,
      "Name": "NPC",
      "GroupGUID": "74b21b78-9558-4083-99bf-fe8580b4a63f",
      "GroupPath": "Config/LevelOutput/Group/Groups_P40101_F40101002/LevelGroup_P40101_F40101002_G36.json"
    },
    {
      "ID": 37,
      "Name": "NPC",
      "GroupGUID": "a0a94487-ab61-4fd4-8371-cb95e9177935",
      "GroupPath": "Config/LevelOutput/Group/Groups_P40101_F40101002/LevelGroup_P40101_F40101002_G37.json"
    },
    {
      "ID": 38,
      "Name": "NPC",
      "GroupGUID": "e52a9404-9319-47c5-a236-13ebee04c120",
      "GroupPath": "Config/LevelOutput/Group/Groups_P40101_F40101002/LevelGroup_P40101_F40101002_G38.json"
    },
    {
      "ID": 40,
      "Name": "StoveFuel",
      "GroupGUID": "70d5330e-3f8c-4378-aa2a-b2a56f059920",
      "GroupPath": "Config/LevelOutput/Group/Groups_P40101_F40101002/LevelGroup_P40101_F40101002_G40.json"
    }
  ]
}