{
  "FloorID": 40121001,
  "FloorName": "FloorName_40121001",
  "StartGroupID": 8,
  "StartAnchorID": 1,
  "GroupList": [
    {
      "ID": 5,
      "Name": "DefaultProp",
      "GroupGUID": "b0d47db1-8c26-4c16-bf73-37cab7730efc",
      "GroupPath": "Config/LevelOutput/Group/Groups_P40121_F40121001/LevelGroup_P40121_F40121001_G5.json"
    },
    {
      "ID": 8,
      "Name": "New Group",
      "GroupGUID": "bd86254e-7dfc-4184-8f5b-22accd500393",
      "GroupPath": "Config/LevelOutput/Group/Groups_P40121_F40121001/LevelGroup_P40121_F40121001_G8.json"
    },
    {
      "ID": 9,
      "Name": "Monster",
      "GroupGUID": "4ce29c26-a839-4d85-8202-592bf2c249c6",
      "GroupPath": "Config/LevelOutput/Group/Groups_P40121_F40121001/LevelGroup_P40121_F40121001_G9.json"
    },
    {
      "ID": 10,
      "Name": "Prop",
      "GroupGUID": "1d75a078-37a9-43fd-a8e6-befaab68aa1b",
      "GroupPath": "Config/LevelOutput/Group/Groups_P40121_F40121001/LevelGroup_P40121_F40121001_G10.json"
    },
    {
      "ID": 11,
      "Name": "NPC",
      "GroupGUID": "b585fe84-f58e-4956-a3ae-246bfa5425d9",
      "GroupPath": "Config/LevelOutput/Group/Groups_P40121_F40121001/LevelGroup_P40121_F40121001_G11.json"
    },
    {
      "ID": 12,
      "Name": "Weak_Monster",
      "GroupGUID": "44b80ea2-a7f4-406e-8c97-c1c6aa7b0e9c",
      "GroupPath": "Config/LevelOutput/Group/Groups_P40121_F40121001/LevelGroup_P40121_F40121001_G12.json"
    },
    {
      "ID": 13,
      "Name": "BuffProp",
      "GroupGUID": "6bf935e2-fa76-4313-ab31-5ecdb0999936",
      "GroupPath": "Config/LevelOutput/Group/Groups_P40121_F40121001/LevelGroup_P40121_F40121001_G13.json"
    },
    {
      "ID": 16,
      "Name": "Saves",
      "GroupGUID": "cfb9b698-9a16-409b-a5fe-5d07dad21f2e",
      "GroupPath": "Config/LevelOutput/Group/Groups_P40121_F40121001/LevelGroup_P40121_F40121001_G16.json"
    },
    {
      "ID": 17,
      "Name": "New Group",
      "GroupGUID": "8812d257-6b5c-46cb-a4ea-5df1d791ca15",
      "GroupPath": "Config/LevelOutput/Group/Groups_P40121_F40121001/LevelGroup_P40121_F40121001_G17.json"
    }
  ]
}