{
  "FloorID": 40121006,
  "FloorName": "FloorName_40121006",
  "StartGroupID": 8,
  "StartAnchorID": 1,
  "GroupList": [
    {
      "ID": 5,
      "Name": "DefaultProp",
      "GroupGUID": "fc88c276-f12e-4565-959f-e28cda4ec992",
      "GroupPath": "Config/LevelOutput/Group/Groups_P40121_F40121006/LevelGroup_P40121_F40121006_G5.json"
    },
    {
      "ID": 8,
      "Name": "New Group",
      "GroupGUID": "a017085d-bafd-4512-ba83-0c4e359b9699",
      "GroupPath": "Config/LevelOutput/Group/Groups_P40121_F40121006/LevelGroup_P40121_F40121006_G8.json"
    },
    {
      "ID": 9,
      "Name": "Monster",
      "GroupGUID": "bdd2eca9-aaa3-4874-89fe-a272c40cfa00",
      "GroupPath": "Config/LevelOutput/Group/Groups_P40121_F40121006/LevelGroup_P40121_F40121006_G9.json"
    },
    {
      "ID": 10,
      "Name": "Prop",
      "GroupGUID": "6b377bde-4b29-4166-ac9a-a06c954e4a77",
      "GroupPath": "Config/LevelOutput/Group/Groups_P40121_F40121006/LevelGroup_P40121_F40121006_G10.json"
    },
    {
      "ID": 11,
      "Name": "NPC",
      "GroupGUID": "cc8e6cfc-49dc-4d75-a235-403417b47507",
      "GroupPath": "Config/LevelOutput/Group/Groups_P40121_F40121006/LevelGroup_P40121_F40121006_G11.json"
    },
    {
      "ID": 12,
      "Name": "Weak_Monster",
      "GroupGUID": "d47dc70b-accf-4bef-904f-e52370f547ef",
      "GroupPath": "Config/LevelOutput/Group/Groups_P40121_F40121006/LevelGroup_P40121_F40121006_G12.json"
    },
    {
      "ID": 13,
      "Name": "BuffProp",
      "GroupGUID": "95f92167-e40b-4c34-a05a-34c43715579b",
      "GroupPath": "Config/LevelOutput/Group/Groups_P40121_F40121006/LevelGroup_P40121_F40121006_G13.json"
    },
    {
      "ID": 16,
      "Name": "Saves",
      "GroupGUID": "ab1b3aea-9309-421f-9412-f4dde0c7929f",
      "GroupPath": "Config/LevelOutput/Group/Groups_P40121_F40121006/LevelGroup_P40121_F40121006_G16.json"
    },
    {
      "ID": 1,
      "Name": "New Group",
      "GroupGUID": "9a182278-e782-49f8-bc1b-0ece400732e0",
      "GroupPath": "Config/LevelOutput/Group/Groups_P40121_F40121006/LevelGroup_P40121_F40121006_G1.json"
    }
  ]
}