{
  "FloorID": 40101003,
  "FloorName": "FloorName_40101003",
  "StartGroupID": 12,
  "StartAnchorID": 1,
  "GroupList": [
    {
      "ID": 3,
      "Name": "New Group",
      "GroupGUID": "41a34567-135f-48f2-9aa5-c01feb1a23b8",
      "GroupPath": "Config/LevelOutput/Group/Groups_P40101_F40101003/LevelGroup_P40101_F40101003_G3.json"
    },
    {
      "ID": 4,
      "Name": "StoveFuel",
      "GroupGUID": "cc98e291-bc17-4612-87db-f79be50e93f2",
      "GroupPath": "Config/LevelOutput/Group/Groups_P40101_F40101003/LevelGroup_P40101_F40101003_G4.json"
    },
    {
      "ID": 5,
      "Name": "mission",
      "GroupGUID": "0fd88726-cab7-41b5-9834-18b3e4a5f224",
      "GroupPath": "Config/LevelOutput/Group/Groups_P40101_F40101003/LevelGroup_P40101_F40101003_G5.json"
    },
    {
      "ID": 8,
      "Name": "Monsters",
      "GroupGUID": "4efd7c75-cc98-4554-b449-cc75b4cf953d",
      "GroupPath": "Config/LevelOutput/Group/Groups_P40101_F40101003/LevelGroup_P40101_F40101003_G8.json"
    },
    {
      "ID": 10,
      "Name": "Airwall",
      "GroupGUID": "0d8140d2-af4d-4c50-97d3-6e3b526bc7b1",
      "GroupPath": "Config/LevelOutput/Group/Groups_P40101_F40101003/LevelGroup_P40101_F40101003_G10.json"
    },
    {
      "ID": 12,
      "Name": "StartAnchor",
      "GroupGUID": "5c5410bd-4615-4f53-bc02-2bf32da27f81",
      "GroupPath": "Config/LevelOutput/Group/Groups_P40101_F40101003/LevelGroup_P40101_F40101003_G12.json"
    },
    {
      "ID": 15,
      "Name": "MainMission4071321_",
      "GroupGUID": "6ee4439d-2c0c-4e92-88e7-602d6ca4a257",
      "GroupPath": "Config/LevelOutput/Group/Groups_P40101_F40101003/LevelGroup_P40101_F40101003_G15.json"
    },
    {
      "ID": 17,
      "Name": "Sound",
      "GroupGUID": "2eea1178-50a3-420b-a89d-dae9430a6aa7",
      "GroupPath": "Config/LevelOutput/Group/Groups_P40101_F40101003/LevelGroup_P40101_F40101003_G17.json"
    },
    {
      "ID": 18,
      "Name": "NPC",
      "GroupGUID": "19fe2e83-59af-45ec-b6b2-71569d6e5851",
      "GroupPath": "Config/LevelOutput/Group/Groups_P40101_F40101003/LevelGroup_P40101_F40101003_G18.json"
    },
    {
      "ID": 19,
      "Name": "NPC",
      "GroupGUID": "81910416-a119-4af6-b20a-fb56498072be",
      "GroupPath": "Config/LevelOutput/Group/Groups_P40101_F40101003/LevelGroup_P40101_F40101003_G19.json"
    },
    {
      "ID": 21,
      "Name": "NPC",
      "GroupGUID": "fcd521af-afc3-4806-8ebe-96cf32871a1d",
      "GroupPath": "Config/LevelOutput/Group/Groups_P40101_F40101003/LevelGroup_P40101_F40101003_G21.json"
    },
    {
      "ID": 22,
      "Name": "MainMission4071321_",
      "GroupGUID": "5f5314af-bd8d-445b-9c29-b9159e17b3c2",
      "GroupPath": "Config/LevelOutput/Group/Groups_P40101_F40101003/LevelGroup_P40101_F40101003_G22.json"
    },
    {
      "ID": 23,
      "Name": "NPC",
      "GroupGUID": "4dbfcb2f-6005-4764-8cbb-2c751ecbe307",
      "GroupPath": "Config/LevelOutput/Group/Groups_P40101_F40101003/LevelGroup_P40101_F40101003_G23.json"
    },
    {
      "ID": 24,
      "Name": "MainMission_Prop",
      "GroupGUID": "14c7feb0-6317-4ed4-8627-58b72d218793",
      "GroupPath": "Config/LevelOutput/Group/Groups_P40101_F40101003/LevelGroup_P40101_F40101003_G24.json"
    },
    {
      "ID": 25,
      "Name": "StoveFuel",
      "GroupGUID": "4bbe8053-8d86-40a2-8add-77c1f4ca589e",
      "GroupPath": "Config/LevelOutput/Group/Groups_P40101_F40101003/LevelGroup_P40101_F40101003_G25.json"
    },
    {
      "ID": 26,
      "Name": "PropCommon",
      "GroupGUID": "2cc3cef1-aad3-45a5-a4a9-65509ddff3ba",
      "GroupPath": "Config/LevelOutput/Group/Groups_P40101_F40101003/LevelGroup_P40101_F40101003_G26.json"
    },
    {
      "ID": 27,
      "Name": "NPC",
      "GroupGUID": "4979fe35-8849-4264-bd7c-4eedaaf96ac9",
      "GroupPath": "Config/LevelOutput/Group/Groups_P40101_F40101003/LevelGroup_P40101_F40101003_G27.json"
    },
    {
      "ID": 28,
      "Name": "GobackArea",
      "GroupGUID": "147c8e56-45ce-4fa7-8327-41f3eb81a30c",
      "GroupPath": "Config/LevelOutput/Group/Groups_P40101_F40101003/LevelGroup_P40101_F40101003_G28.json"
    }
  ]
}