{
  "FloorID": 40121003,
  "FloorName": "FloorName_40121003",
  "StartGroupID": 2,
  "StartAnchorID": 1,
  "GroupList": [
    {
      "ID": 2,
      "Name": "DefaultGroup",
      "GroupGUID": "e225f9b2-51da-47a6-8da1-c953d5f9b69b",
      "GroupPath": "Config/LevelOutput/Group/Groups_P40121_F40121003/LevelGroup_P40121_F40121003_G2.json"
    },
    {
      "ID": 20,
      "Name": "New Group",
      "GroupGUID": "37dcfbdd-6046-4a50-a005-ef9ffc55e0d3",
      "GroupPath": "Config/LevelOutput/Group/Groups_P40121_F40121003/LevelGroup_P40121_F40121003_G20.json"
    }
  ]
}