{
  "FloorID": 40121005,
  "FloorName": "FloorName_40121005",
  "StartGroupID": 8,
  "StartAnchorID": 1,
  "GroupList": [
    {
      "ID": 5,
      "Name": "DefaultProp",
      "GroupGUID": "5e608d03-c002-4d32-9bc6-48245fcc3eb2",
      "GroupPath": "Config/LevelOutput/Group/Groups_P40121_F40121005/LevelGroup_P40121_F40121005_G5.json"
    },
    {
      "ID": 8,
      "Name": "New Group",
      "GroupGUID": "ba53b81f-4fcf-49ea-863d-d0b7f07249cb",
      "GroupPath": "Config/LevelOutput/Group/Groups_P40121_F40121005/LevelGroup_P40121_F40121005_G8.json"
    },
    {
      "ID": 9,
      "Name": "Monster",
      "GroupGUID": "af3b56e3-0241-42ca-a734-854bcdfe9753",
      "GroupPath": "Config/LevelOutput/Group/Groups_P40121_F40121005/LevelGroup_P40121_F40121005_G9.json"
    },
    {
      "ID": 10,
      "Name": "Prop",
      "GroupGUID": "d6fbd0b1-36e9-4bfd-8350-4cebc653ae55",
      "GroupPath": "Config/LevelOutput/Group/Groups_P40121_F40121005/LevelGroup_P40121_F40121005_G10.json"
    },
    {
      "ID": 11,
      "Name": "NPC",
      "GroupGUID": "6cf26f6b-22e5-45a1-afdf-944925e4c4f0",
      "GroupPath": "Config/LevelOutput/Group/Groups_P40121_F40121005/LevelGroup_P40121_F40121005_G11.json"
    },
    {
      "ID": 12,
      "Name": "Weak_Monster",
      "GroupGUID": "12631bc3-1545-4b98-844b-8e5514d0f8b4",
      "GroupPath": "Config/LevelOutput/Group/Groups_P40121_F40121005/LevelGroup_P40121_F40121005_G12.json"
    },
    {
      "ID": 13,
      "Name": "BuffProp",
      "GroupGUID": "14b4ed60-2cea-4e7e-9ff3-51320317174c",
      "GroupPath": "Config/LevelOutput/Group/Groups_P40121_F40121005/LevelGroup_P40121_F40121005_G13.json"
    },
    {
      "ID": 16,
      "Name": "Saves",
      "GroupGUID": "fc781b96-f1be-4886-9380-f90c37132c15",
      "GroupPath": "Config/LevelOutput/Group/Groups_P40121_F40121005/LevelGroup_P40121_F40121005_G16.json"
    },
    {
      "ID": 1,
      "Name": "New Group",
      "GroupGUID": "fa904cc7-7d2b-4779-8129-83f61d00fc90",
      "GroupPath": "Config/LevelOutput/Group/Groups_P40121_F40121005/LevelGroup_P40121_F40121005_G1.json"
    }
  ]
}