{
  "FloorID": 40121002,
  "FloorName": "FloorName_40121002",
  "StartGroupID": 1,
  "StartAnchorID": 1,
  "GroupList": [
    {
      "ID": 1,
      "Name": "New Group",
      "GroupGUID": "54c073d4-de4c-4fd4-9781-21d8302530b4",
      "GroupPath": "Config/LevelOutput/Group/Groups_P40121_F40121002/LevelGroup_P40121_F40121002_G1.json"
    },
    {
      "ID": 2,
      "Name": "DefaultData",
      "GroupGUID": "0d153a01-2302-4c5f-9d89-9f641a55e21e",
      "GroupPath": "Config/LevelOutput/Group/Groups_P40121_F40121002/LevelGroup_P40121_F40121002_G2.json"
    },
    {
      "ID": 3,
      "Name": "DefaultProp",
      "GroupGUID": "2f6d9c00-9d13-4432-9c9b-424b150d9e66",
      "GroupPath": "Config/LevelOutput/Group/Groups_P40121_F40121002/LevelGroup_P40121_F40121002_G3.json"
    },
    {
      "ID": 4,
      "Name": "SubMission_Prop",
      "GroupGUID": "aa4ebc5a-815b-4566-b94f-60a3e2f396f2",
      "GroupPath": "Config/LevelOutput/Group/Groups_P40121_F40121002/LevelGroup_P40121_F40121002_G4.json"
    },
    {
      "ID": 5,
      "Name": "SubMission_NPC",
      "GroupGUID": "449872bb-0717-45cf-9f9e-b1a93d59650b",
      "GroupPath": "Config/LevelOutput/Group/Groups_P40121_F40121002/LevelGroup_P40121_F40121002_G5.json"
    },
    {
      "ID": 6,
      "Name": "SubMission_NPC",
      "GroupGUID": "50b50f8e-35aa-4914-a0d2-00a9cdffe2b4",
      "GroupPath": "Config/LevelOutput/Group/Groups_P40121_F40121002/LevelGroup_P40121_F40121002_G6.json"
    },
    {
      "ID": 7,
      "Name": "SubMission_NPC",
      "GroupGUID": "2913fbd2-d508-4413-8e28-918e3d25dcb7",
      "GroupPath": "Config/LevelOutput/Group/Groups_P40121_F40121002/LevelGroup_P40121_F40121002_G7.json"
    },
    {
      "ID": 8,
      "Name": "SubMission_NPC",
      "GroupGUID": "950bb25d-f505-4c91-8c39-0d3f2b3f9be3",
      "GroupPath": "Config/LevelOutput/Group/Groups_P40121_F40121002/LevelGroup_P40121_F40121002_G8.json"
    },
    {
      "ID": 9,
      "Name": "SubMission_NPC",
      "GroupGUID": "1c85a8dc-a311-446d-b6eb-5072a0be9373",
      "GroupPath": "Config/LevelOutput/Group/Groups_P40121_F40121002/LevelGroup_P40121_F40121002_G9.json"
    },
    {
      "ID": 10,
      "Name": "SubMission_Monster",
      "GroupGUID": "a86fd5ec-9201-4432-a2f4-99c1765937d3",
      "GroupPath": "Config/LevelOutput/Group/Groups_P40121_F40121002/LevelGroup_P40121_F40121002_G10.json"
    },
    {
      "ID": 11,
      "Name": "MainMission2011404_",
      "GroupGUID": "a610e8ad-bfa4-4146-88c5-f3da2047b8c6",
      "GroupPath": "Config/LevelOutput/Group/Groups_P40121_F40121002/LevelGroup_P40121_F40121002_G11.json"
    },
    {
      "ID": 12,
      "Name": "Default_MonsterArea01",
      "GroupGUID": "00d5b916-f08e-4733-97c8-bc327da515a5",
      "GroupPath": "Config/LevelOutput/Group/Groups_P40121_F40121002/LevelGroup_P40121_F40121002_G12.json"
    },
    {
      "ID": 14,
      "Name": "SubMission_NPC",
      "GroupGUID": "07069d8b-fc40-4cd8-b6a0-01c07e36fea2",
      "GroupPath": "Config/LevelOutput/Group/Groups_P40121_F40121002/LevelGroup_P40121_F40121002_G14.json"
    },
    {
      "ID": 15,
      "Name": "SubMission",
      "GroupGUID": "89bad481-4733-4b82-a470-e7cee2d198d8",
      "GroupPath": "Config/LevelOutput/Group/Groups_P40121_F40121002/LevelGroup_P40121_F40121002_G15.json"
    },
    {
      "ID": 16,
      "Name": "Saves",
      "GroupGUID": "c7baeab6-9c67-451a-a501-d7027b472409",
      "GroupPath": "Config/LevelOutput/Group/Groups_P40121_F40121002/LevelGroup_P40121_F40121002_G16.json"
    },
    {
      "ID": 17,
      "Name": "SubMission_Monster",
      "GroupGUID": "b944fcac-addd-4267-ab7e-20d365dec9ee",
      "GroupPath": "Config/LevelOutput/Group/Groups_P40121_F40121002/LevelGroup_P40121_F40121002_G17.json"
    },
    {
      "ID": 18,
      "Name": "SubMission_Monster",
      "GroupGUID": "ea516455-b2a4-4989-8bc5-1eaf390bded4",
      "GroupPath": "Config/LevelOutput/Group/Groups_P40121_F40121002/LevelGroup_P40121_F40121002_G18.json"
    },
    {
      "ID": 19,
      "Name": "Sound",
      "GroupGUID": "a893a2a1-5aad-477d-b291-f63575582462",
      "GroupPath": "Config/LevelOutput/Group/Groups_P40121_F40121002/LevelGroup_P40121_F40121002_G19.json"
    }
  ]
}