{
  "FloorID": 40131001,
  "FloorName": "FloorName_40131001",
  "StartGroupID": 1,
  "StartAnchorID": 1,
  "GroupList": [
    {
      "ID": 1,
      "Name": "DefaultData",
      "GroupGUID": "a7c7a32b-de16-457e-b7c4-37f81c9b339b",
      "GroupPath": "Config/LevelOutput/Group/Groups_P40131_F40131001/LevelGroup_P40131_F40131001_G1.json"
    },
    {
      "ID": 2,
      "Name": "MonsterArea01",
      "GroupGUID": "a829674b-6c32-433d-ab78-798fb2bf2198",
      "GroupPath": "Config/LevelOutput/Group/Groups_P40131_F40131001/LevelGroup_P40131_F40131001_G2.json"
    },
    {
      "ID": 6,
      "Name": "DefaultProp",
      "GroupGUID": "ea298193-ba19-4288-b4fc-3c8fa958d2fe",
      "GroupPath": "Config/LevelOutput/Group/Groups_P40131_F40131001/LevelGroup_P40131_F40131001_G6.json"
    },
    {
      "ID": 7,
      "Name": "Boss",
      "GroupGUID": "67c22c15-bb4d-4926-9ff1-baf65a05d2de",
      "GroupPath": "Config/LevelOutput/Group/Groups_P40131_F40131001/LevelGroup_P40131_F40131001_G7.json"
    },
    {
      "ID": 9,
      "Name": "New Group",
      "GroupGUID": "5c31dab1-3f77-432c-92fd-c884c141571d",
      "GroupPath": "Config/LevelOutput/Group/Groups_P40131_F40131001/LevelGroup_P40131_F40131001_G9.json"
    },
    {
      "ID": 13,
      "Name": "BoxMan",
      "GroupGUID": "89ec8632-9ed7-4a44-9f5e-f08f052eaf56",
      "GroupPath": "Config/LevelOutput/Group/Groups_P40131_F40131001/LevelGroup_P40131_F40131001_G13.json"
    },
    {
      "ID": 14,
      "Name": "BoxMan",
      "GroupGUID": "d55dc415-0f75-4e52-90c6-65e43bc9e462",
      "GroupPath": "Config/LevelOutput/Group/Groups_P40131_F40131001/LevelGroup_P40131_F40131001_G14.json"
    },
    {
      "ID": 17,
      "Name": "NPCFinish",
      "GroupGUID": "a0ab82d4-15ae-40e8-a0e5-fd63b8990e0f",
      "GroupPath": "Config/LevelOutput/Group/Groups_P40131_F40131001/LevelGroup_P40131_F40131001_G17.json"
    },
    {
      "ID": 18,
      "Name": "RobotHunt",
      "GroupGUID": "4c1dcc61-2da0-4002-88b5-dbf1be8769fe",
      "GroupPath": "Config/LevelOutput/Group/Groups_P40131_F40131001/LevelGroup_P40131_F40131001_G18.json"
    },
    {
      "ID": 20,
      "Name": "Sound",
      "GroupGUID": "fd6d684a-e012-4d21-a684-5b51761e6c2e",
      "GroupPath": "Config/LevelOutput/Group/Groups_P40131_F40131001/LevelGroup_P40131_F40131001_G20.json"
    }
  ]
}