{
  "FloorID": 40101004,
  "FloorName": "FloorName_40101004",
  "StartGroupID": 6,
  "StartAnchorID": 1,
  "GroupList": [
    {
      "ID": 1,
      "Name": "New Group",
      "GroupGUID": "1e96e1eb-42f7-4f25-8b2b-41844691bece",
      "GroupPath": "Config/LevelOutput/Group/Groups_P40101_F40101004/LevelGroup_P40101_F40101004_G1.json"
    },
    {
      "ID": 4,
      "Name": "PropCommon",
      "GroupGUID": "6275b9eb-47fa-40bd-9d2e-8a60d124ab50",
      "GroupPath": "Config/LevelOutput/Group/Groups_P40101_F40101004/LevelGroup_P40101_F40101004_G4.json"
    },
    {
      "ID": 5,
      "Name": "Airwall",
      "GroupGUID": "0b7e0101-32aa-4c18-83ba-90ed5a413b59",
      "GroupPath": "Config/LevelOutput/Group/Groups_P40101_F40101004/LevelGroup_P40101_F40101004_G5.json"
    },
    {
      "ID": 6,
      "Name": "Saves",
      "GroupGUID": "34d6eb38-0ba7-4e11-80d9-94d294793ec8",
      "GroupPath": "Config/LevelOutput/Group/Groups_P40101_F40101004/LevelGroup_P40101_F40101004_G6.json"
    },
    {
      "ID": 7,
      "Name": "MainMission_Prop",
      "GroupGUID": "f1a537b8-3b59-417b-8658-71bfd0aeed8d",
      "GroupPath": "Config/LevelOutput/Group/Groups_P40101_F40101004/LevelGroup_P40101_F40101004_G7.json"
    },
    {
      "ID": 8,
      "Name": "StoveFuel",
      "GroupGUID": "dcc504af-6a3c-4164-bb60-95cccbcccfbc",
      "GroupPath": "Config/LevelOutput/Group/Groups_P40101_F40101004/LevelGroup_P40101_F40101004_G8.json"
    },
    {
      "ID": 9,
      "Name": "Monsters",
      "GroupGUID": "181a44d5-fa8a-4dd9-b24a-6f3572e2dab1",
      "GroupPath": "Config/LevelOutput/Group/Groups_P40101_F40101004/LevelGroup_P40101_F40101004_G9.json"
    },
    {
      "ID": 11,
      "Name": "StoveFuel",
      "GroupGUID": "9bc18e1f-7ec9-4576-b106-40af4cfdbef9",
      "GroupPath": "Config/LevelOutput/Group/Groups_P40101_F40101004/LevelGroup_P40101_F40101004_G11.json"
    },
    {
      "ID": 12,
      "Name": "New Group",
      "GroupGUID": "493d2db8-40c4-4bae-af5b-6c05cf0ae0d0",
      "GroupPath": "Config/LevelOutput/Group/Groups_P40101_F40101004/LevelGroup_P40101_F40101004_G12.json"
    },
    {
      "ID": 13,
      "Name": "mission",
      "GroupGUID": "b7e146c7-cf8d-4a2a-803c-7bb81660d4be",
      "GroupPath": "Config/LevelOutput/Group/Groups_P40101_F40101004/LevelGroup_P40101_F40101004_G13.json"
    },
    {
      "ID": 15,
      "Name": "MainMission4071322_",
      "GroupGUID": "76db6ab2-9ae6-4d7a-90df-8332be694b2a",
      "GroupPath": "Config/LevelOutput/Group/Groups_P40101_F40101004/LevelGroup_P40101_F40101004_G15.json"
    },
    {
      "ID": 17,
      "Name": "Sound",
      "GroupGUID": "3471835d-76d0-4a68-b5e0-d2cd042a9a5e",
      "GroupPath": "Config/LevelOutput/Group/Groups_P40101_F40101004/LevelGroup_P40101_F40101004_G17.json"
    },
    {
      "ID": 18,
      "Name": "NPC",
      "GroupGUID": "b38046b5-0371-4f21-9236-5ba88a0bfcac",
      "GroupPath": "Config/LevelOutput/Group/Groups_P40101_F40101004/LevelGroup_P40101_F40101004_G18.json"
    },
    {
      "ID": 19,
      "Name": "NPC",
      "GroupGUID": "47013442-598a-431f-a5dd-2fcbde5f07a9",
      "GroupPath": "Config/LevelOutput/Group/Groups_P40101_F40101004/LevelGroup_P40101_F40101004_G19.json"
    },
    {
      "ID": 20,
      "Name": "BoxMan",
      "GroupGUID": "c196fb0f-296d-4ed0-8972-967d31e7521f",
      "GroupPath": "Config/LevelOutput/Group/Groups_P40101_F40101004/LevelGroup_P40101_F40101004_G20.json"
    },
    {
      "ID": 21,
      "Name": "NPC",
      "GroupGUID": "88efcdb7-a5d0-455f-a776-d2c0e66075e6",
      "GroupPath": "Config/LevelOutput/Group/Groups_P40101_F40101004/LevelGroup_P40101_F40101004_G21.json"
    },
    {
      "ID": 22,
      "Name": "Airwall",
      "GroupGUID": "5a1925cf-3722-4df0-841e-6f8a8b76903f",
      "GroupPath": "Config/LevelOutput/Group/Groups_P40101_F40101004/LevelGroup_P40101_F40101004_G22.json"
    },
    {
      "ID": 23,
      "Name": "NPC",
      "GroupGUID": "a1d37afe-cdba-48c2-827c-be5c7e7c015b",
      "GroupPath": "Config/LevelOutput/Group/Groups_P40101_F40101004/LevelGroup_P40101_F40101004_G23.json"
    },
    {
      "ID": 24,
      "Name": "GobackArea",
      "GroupGUID": "099f7fd5-0264-4089-8856-cc87881f2c04",
      "GroupPath": "Config/LevelOutput/Group/Groups_P40101_F40101004/LevelGroup_P40101_F40101004_G24.json"
    }
  ]
}