{
  "FloorID": 40131003,
  "FloorName": "FloorName_40131003",
  "StartGroupID": 1,
  "StartAnchorID": 1,
  "GroupList": [
    {
      "ID": 1,
      "Name": "DefaultData",
      "GroupGUID": "e6c2d38f-467b-44b8-8354-801971d76989",
      "GroupPath": "Config/LevelOutput/Group/Groups_P40131_F40131003/LevelGroup_P40131_F40131003_G1.json"
    },
    {
      "ID": 2,
      "Name": "BossPS",
      "GroupGUID": "cb9aed85-7d85-4e96-a27d-2cea921fb214",
      "GroupPath": "Config/LevelOutput/Group/Groups_P40131_F40131003/LevelGroup_P40131_F40131003_G2.json"
    },
    {
      "ID": 6,
      "Name": "DefaultProp",
      "GroupGUID": "ec59178a-3642-410d-9ca4-406f2a3cc8ef",
      "GroupPath": "Config/LevelOutput/Group/Groups_P40131_F40131003/LevelGroup_P40131_F40131003_G6.json"
    },
    {
      "ID": 7,
      "Name": "Boss",
      "GroupGUID": "61d9264d-3ccc-4bca-a92b-bf10f0cb539d",
      "GroupPath": "Config/LevelOutput/Group/Groups_P40131_F40131003/LevelGroup_P40131_F40131003_G7.json"
    },
    {
      "ID": 3,
      "Name": "New Group",
      "GroupGUID": "30c922ca-1e8f-4699-ba88-ea4ef5e4efdf",
      "GroupPath": "Config/LevelOutput/Group/Groups_P40131_F40131003/LevelGroup_P40131_F40131003_G3.json"
    },
    {
      "ID": 4,
      "Name": "BoxMan",
      "GroupGUID": "a227d11d-f68a-4f5f-ad3a-eb2fc3bf4412",
      "GroupPath": "Config/LevelOutput/Group/Groups_P40131_F40131003/LevelGroup_P40131_F40131003_G4.json"
    },
    {
      "ID": 8,
      "Name": "BossAS",
      "GroupGUID": "046f0587-a99c-4b22-9ca3-047ec0935b48",
      "GroupPath": "Config/LevelOutput/Group/Groups_P40131_F40131003/LevelGroup_P40131_F40131003_G8.json"
    },
    {
      "ID": 11,
      "Name": "New Group",
      "GroupGUID": "0f17c435-c31d-4c0d-980e-3de5eb47407f",
      "GroupPath": "Config/LevelOutput/Group/Groups_P40131_F40131003/LevelGroup_P40131_F40131003_G11.json"
    },
    {
      "ID": 12,
      "Name": "MainMission4071313_",
      "GroupGUID": "3d45d80f-be2f-4bc8-a03c-1dbb6f795cff",
      "GroupPath": "Config/LevelOutput/Group/Groups_P40131_F40131003/LevelGroup_P40131_F40131003_G12.json"
    },
    {
      "ID": 13,
      "Name": "MainMission4071313_",
      "GroupGUID": "2364bf70-2f77-45bb-820e-7530344604b7",
      "GroupPath": "Config/LevelOutput/Group/Groups_P40131_F40131003/LevelGroup_P40131_F40131003_G13.json"
    },
    {
      "ID": 14,
      "Name": "MainMission4071313_",
      "GroupGUID": "b06eb8ba-9d67-492c-a264-ae6b29be33ef",
      "GroupPath": "Config/LevelOutput/Group/Groups_P40131_F40131003/LevelGroup_P40131_F40131003_G14.json"
    },
    {
      "ID": 15,
      "Name": "RobotHunt",
      "GroupGUID": "a7d1e7a0-3a95-4224-be9d-4ad3f4a62453",
      "GroupPath": "Config/LevelOutput/Group/Groups_P40131_F40131003/LevelGroup_P40131_F40131003_G15.json"
    },
    {
      "ID": 16,
      "Name": "MainMission4071313_",
      "GroupGUID": "d9b0dc2e-e669-4ad0-97bd-1e295c2eee28",
      "GroupPath": "Config/LevelOutput/Group/Groups_P40131_F40131003/LevelGroup_P40131_F40131003_G16.json"
    },
    {
      "ID": 18,
      "Name": "New Group",
      "GroupGUID": "7c7053b6-1df5-4f33-b425-69164e3324d6",
      "GroupPath": "Config/LevelOutput/Group/Groups_P40131_F40131003/LevelGroup_P40131_F40131003_G18.json"
    },
    {
      "ID": 20,
      "Name": "Sound",
      "GroupGUID": "4563d834-abaf-456a-8289-9930711cdd02",
      "GroupPath": "Config/LevelOutput/Group/Groups_P40131_F40131003/LevelGroup_P40131_F40131003_G20.json"
    }
  ]
}