{
  "FloorID": 40232001,
  "FloorName": "FloorName_40232001",
  "StartGroupID": 1,
  "StartAnchorID": 1,
  "GroupList": [
    {
      "ID": 1,
      "Name": "DefaultGroup",
      "GroupGUID": "df7b820b-02c2-45c3-9d6c-bc1aa0cd12dc",
      "GroupPath": "Config/LevelOutput/Group/Groups_P40232_F40232001/LevelGroup_P40232_F40232001_G1.json"
    },
    {
      "ID": 2,
      "Name": "Dead Body",
      "GroupGUID": "de443862-be5f-423d-99d6-50e74dc34a9d",
      "GroupPath": "Config/LevelOutput/Group/Groups_P40232_F40232001/LevelGroup_P40232_F40232001_G2.json"
    },
    {
      "ID": 3,
      "Name": "SeaBlock",
      "GroupGUID": "30a48774-002d-436a-a3f0-a013b6cc1e00",
      "GroupPath": "Config/LevelOutput/Group/Groups_P40232_F40232001/LevelGroup_P40232_F40232001_G3.json"
    }
  ]
}