{
  "FloorID": 40212002,
  "FloorName": "FloorName_40212002",
  "StartGroupID": 1,
  "StartAnchorID": 9,
  "GroupList": [
    {
      "ID": 1,
      "Name": "DefaultGroup",
      "GroupGUID": "f9c706de-503f-4a2f-8a8b-804e6a4d1fab",
      "GroupPath": "Config/LevelOutput/Group/Groups_P40212_F40212002/LevelGroup_P40212_F40212002_G1.json"
    },
    {
      "ID": 4,
      "Name": "MIssion Group1",
      "GroupGUID": "14d2f31e-1d3a-4684-b8c9-e09b35d1a3c2",
      "GroupPath": "Config/LevelOutput/Group/Groups_P40212_F40212002/LevelGroup_P40212_F40212002_G4.json"
    },
    {
      "ID": 9,
      "Name": "MIneG1",
      "GroupGUID": "0f4c93f7-e826-42b8-ad9c-6df17891022e",
      "GroupPath": "Config/LevelOutput/Group/Groups_P40212_F40212002/LevelGroup_P40212_F40212002_G9.json"
    },
    {
      "ID": 10,
      "Name": "MIneG2",
      "GroupGUID": "3dc0494b-4a4b-4e5e-aee6-f337d2f661cb",
      "GroupPath": "Config/LevelOutput/Group/Groups_P40212_F40212002/LevelGroup_P40212_F40212002_G10.json"
    },
    {
      "ID": 11,
      "Name": "MIssion Group2",
      "GroupGUID": "7e06b170-81fa-4173-8fc2-7de27b8001d2",
      "GroupPath": "Config/LevelOutput/Group/Groups_P40212_F40212002/LevelGroup_P40212_F40212002_G11.json"
    },
    {
      "ID": 12,
      "Name": "MIssion Group3",
      "GroupGUID": "2e072318-d6ea-4348-985d-17a060e82714",
      "GroupPath": "Config/LevelOutput/Group/Groups_P40212_F40212002/LevelGroup_P40212_F40212002_G12.json"
    },
    {
      "ID": 17,
      "Name": "Gameplay_CallPuppy",
      "GroupGUID": "ba461946-17ed-4af5-b9bd-6829c5c19c3a",
      "GroupPath": "Config/LevelOutput/Group/Groups_P40212_F40212002/LevelGroup_P40212_F40212002_G17.json"
    },
    {
      "ID": 22,
      "Name": "PollutionG1sub",
      "GroupGUID": "11db1d4f-2695-4a55-ae8f-afa8d74c37b1",
      "GroupPath": "Config/LevelOutput/Group/Groups_P40212_F40212002/LevelGroup_P40212_F40212002_G22.json"
    },
    {
      "ID": 23,
      "Name": "PollutionG2sub",
      "GroupGUID": "f02e378b-d288-4a16-b2db-369cd7cb7c90",
      "GroupPath": "Config/LevelOutput/Group/Groups_P40212_F40212002/LevelGroup_P40212_F40212002_G23.json"
    },
    {
      "ID": 24,
      "Name": "PollutionG3sub",
      "GroupGUID": "aafece8d-45fd-4116-843f-431dfa26f579",
      "GroupPath": "Config/LevelOutput/Group/Groups_P40212_F40212002/LevelGroup_P40212_F40212002_G24.json"
    },
    {
      "ID": 2,
      "Name": "V1_MaintainRobot Group",
      "GroupGUID": "be37e344-e20f-4f65-aa80-24294312920c",
      "GroupPath": "Config/LevelOutput/Group/Groups_P40212_F40212002/LevelGroup_P40212_F40212002_G2.json"
    },
    {
      "ID": 3,
      "Name": "Kafka_Door",
      "GroupGUID": "9ed11cac-56db-47ad-a268-62c2d275a230",
      "GroupPath": "Config/LevelOutput/Group/Groups_P40212_F40212002/LevelGroup_P40212_F40212002_G3.json"
    }
  ]
}