{
  "FloorID": 40232002,
  "FloorName": "FloorName_40232002",
  "StartGroupID": 1,
  "StartAnchorID": 1,
  "GroupList": [
    {
      "ID": 1,
      "Name": "Default",
      "GroupGUID": "52feee10-134d-4eef-bd8b-cee7135261d2",
      "GroupPath": "Config/LevelOutput/Group/Groups_P40232_F40232002/LevelGroup_P40232_F40232002_G1.json"
    },
    {
      "ID": 2,
      "Name": "MainMission2020602_1",
      "GroupGUID": "eabad2b1-804b-4532-9dcc-26e7b14bc521",
      "GroupPath": "Config/LevelOutput/Group/Groups_P40232_F40232002/LevelGroup_P40232_F40232002_G2.json"
    },
    {
      "ID": 3,
      "Name": "SneakMonster_Archive",
      "GroupGUID": "9024c8f5-6667-49fa-829f-771d19349f98",
      "GroupPath": "Config/LevelOutput/Group/Groups_P40232_F40232002/LevelGroup_P40232_F40232002_G3.json"
    },
    {
      "ID": 4,
      "Name": "Gameplay_CallPuppy_ForSpecialVision",
      "GroupGUID": "802e5612-ae6b-4b0a-9e92-e3498e62de0c",
      "GroupPath": "Config/LevelOutput/Group/Groups_P40232_F40232002/LevelGroup_P40232_F40232002_G4.json"
    },
    {
      "ID": 5,
      "Name": "BlockLines",
      "GroupGUID": "3d3dcac6-dc86-4eff-b02f-65333d299823",
      "GroupPath": "Config/LevelOutput/Group/Groups_P40232_F40232002/LevelGroup_P40232_F40232002_G5.json"
    },
    {
      "ID": 6,
      "Name": "Saves",
      "GroupGUID": "71bb7208-27b2-440d-a642-d3d694eeb66d",
      "GroupPath": "Config/LevelOutput/Group/Groups_P40232_F40232002/LevelGroup_P40232_F40232002_G6.json"
    },
    {
      "ID": 7,
      "Name": "Sound",
      "GroupGUID": "8d22a9c6-c612-4838-895d-9c0f7f069e6f",
      "GroupPath": "Config/LevelOutput/Group/Groups_P40232_F40232002/LevelGroup_P40232_F40232002_G7.json"
    },
    {
      "ID": 8,
      "Name": "SeaBlock",
      "GroupGUID": "14dd24d9-005c-48f0-a7d9-481a86bdbb6d",
      "GroupPath": "Config/LevelOutput/Group/Groups_P40232_F40232002/LevelGroup_P40232_F40232002_G8.json"
    },
    {
      "ID": 9,
      "Name": "MainMission2020602_Talk",
      "GroupGUID": "a8f29942-e8a6-4703-8c15-df11c8236e00",
      "GroupPath": "Config/LevelOutput/Group/Groups_P40232_F40232002/LevelGroup_P40232_F40232002_G9.json"
    },
    {
      "ID": 10,
      "Name": "MainMission2020602_2",
      "GroupGUID": "534953d2-80c4-4ef8-b13d-917f4be1eb8b",
      "GroupPath": "Config/LevelOutput/Group/Groups_P40232_F40232002/LevelGroup_P40232_F40232002_G10.json"
    },
    {
      "ID": 11,
      "Name": "MainMission2020602_3",
      "GroupGUID": "ae3fa633-0521-4e88-9d88-ae057d30f531",
      "GroupPath": "Config/LevelOutput/Group/Groups_P40232_F40232002/LevelGroup_P40232_F40232002_G11.json"
    },
    {
      "ID": 12,
      "Name": "MainMission2020602_11",
      "GroupGUID": "7ce5f658-2e23-41f6-b724-1950b84c3191",
      "GroupPath": "Config/LevelOutput/Group/Groups_P40232_F40232002/LevelGroup_P40232_F40232002_G12.json"
    },
    {
      "ID": 13,
      "Name": "MainMission2020602_11",
      "GroupGUID": "211a5ce7-8323-4562-847b-350af169225e",
      "GroupPath": "Config/LevelOutput/Group/Groups_P40232_F40232002/LevelGroup_P40232_F40232002_G13.json"
    },
    {
      "ID": 16,
      "Name": "New Group",
      "GroupGUID": "71910a2a-abea-45b5-852c-661fa1e8a997",
      "GroupPath": "Config/LevelOutput/Group/Groups_P40232_F40232002/LevelGroup_P40232_F40232002_G16.json"
    },
    {
      "ID": 18,
      "Name": "DragonEffect_Off",
      "GroupGUID": "236b6745-3816-488e-8860-0dc0c49ea9df",
      "GroupPath": "Config/LevelOutput/Group/Groups_P40232_F40232002/LevelGroup_P40232_F40232002_G18.json"
    },
    {
      "ID": 19,
      "Name": "MainMission2020602_",
      "GroupGUID": "4ab7169c-6cc0-491a-bd72-12c2617259cb",
      "GroupPath": "Config/LevelOutput/Group/Groups_P40232_F40232002/LevelGroup_P40232_F40232002_G19.json"
    },
    {
      "ID": 20,
      "Name": "Sequence_Light01_Fake",
      "GroupGUID": "3c57eb0d-9804-47aa-ae7e-d7706d346f7a",
      "GroupPath": "Config/LevelOutput/Group/Groups_P40232_F40232002/LevelGroup_P40232_F40232002_G20.json"
    },
    {
      "ID": 21,
      "Name": "Sequence_Light02_Fake",
      "GroupGUID": "edc6bbef-fc95-40e6-9c87-88d140501531",
      "GroupPath": "Config/LevelOutput/Group/Groups_P40232_F40232002/LevelGroup_P40232_F40232002_G21.json"
    },
    {
      "ID": 22,
      "Name": "Sequence_Light03_Fake",
      "GroupGUID": "ba185aef-0335-417d-8ea6-b1dbd199de67",
      "GroupPath": "Config/LevelOutput/Group/Groups_P40232_F40232002/LevelGroup_P40232_F40232002_G22.json"
    },
    {
      "ID": 24,
      "Name": "EnviromentController",
      "GroupGUID": "42055327-df43-46a2-896a-e0a7878589cc",
      "GroupPath": "Config/LevelOutput/Group/Groups_P40232_F40232002/LevelGroup_P40232_F40232002_G24.json"
    }
  ]
}