{
  "FloorID": 40231003,
  "FloorName": "FloorName_40231003",
  "StartGroupID": 1,
  "StartAnchorID": 1,
  "GroupList": [
    {
      "ID": 1,
      "Name": "Default",
      "GroupGUID": "cf76d247-3642-4310-8d7f-f408d78e37c0",
      "GroupPath": "Config/LevelOutput/Group/Groups_P40231_F40231003/LevelGroup_P40231_F40231003_G1.json"
    },
    {
      "ID": 16,
      "Name": "MainMission",
      "GroupGUID": "aa367090-1e6e-44e8-b406-94a55fcf1a0b",
      "GroupPath": "Config/LevelOutput/Group/Groups_P40231_F40231003/LevelGroup_P40231_F40231003_G16.json"
    },
    {
      "ID": 17,
      "Name": "MainMission",
      "GroupGUID": "a3b7eee4-3ac4-4627-a854-26531c2f385d",
      "GroupPath": "Config/LevelOutput/Group/Groups_P40231_F40231003/LevelGroup_P40231_F40231003_G17.json"
    },
    {
      "ID": 18,
      "Name": "MainMission",
      "GroupGUID": "5cd00ec4-46ff-4e94-96a1-597579f33bbb",
      "GroupPath": "Config/LevelOutput/Group/Groups_P40231_F40231003/LevelGroup_P40231_F40231003_G18.json"
    },
    {
      "ID": 2,
      "Name": "Dead Body",
      "GroupGUID": "3ed8d814-2fd0-4472-9afe-09320fde593b",
      "GroupPath": "Config/LevelOutput/Group/Groups_P40231_F40231003/LevelGroup_P40231_F40231003_G2.json"
    },
    {
      "ID": 5,
      "Name": "SeaBlock",
      "GroupGUID": "06e6a60a-7056-488f-9bc0-0c4cbcfbd6bf",
      "GroupPath": "Config/LevelOutput/Group/Groups_P40231_F40231003/LevelGroup_P40231_F40231003_G5.json"
    },
    {
      "ID": 6,
      "Name": "New Group",
      "GroupGUID": "0697d6ef-ffb5-4e85-8452-8b9147e865d3",
      "GroupPath": "Config/LevelOutput/Group/Groups_P40231_F40231003/LevelGroup_P40231_F40231003_G6.json"
    },
    {
      "ID": 8,
      "Name": "Sound",
      "GroupGUID": "aad69a7c-675a-4d25-8a66-3a59c6f1dc96",
      "GroupPath": "Config/LevelOutput/Group/Groups_P40231_F40231003/LevelGroup_P40231_F40231003_G8.json"
    },
    {
      "ID": 9,
      "IsDelete": true,
      "Name": "MainMissionBlock",
      "GroupGUID": "33bc7d4b-cfc5-4e4a-b759-ee02d63f8192",
      "GroupPath": "Config/LevelOutput/Group/Groups_P40231_F40231003/LevelGroup_P40231_F40231003_G9.json"
    }
  ]
}