{
  "FloorID": 40212001,
  "FloorName": "FloorName_40212001",
  "StartGroupID": 1,
  "StartAnchorID": 2,
  "GroupList": [
    {
      "ID": 1,
      "Name": "DefaultGroup",
      "GroupGUID": "2ecc77b3-806a-4bdf-ac20-e3586657417e",
      "GroupPath": "Config/LevelOutput/Group/Groups_P40212_F40212001/LevelGroup_P40212_F40212001_G1.json"
    },
    {
      "ID": 4,
      "Name": "MIssion Group1",
      "GroupGUID": "1dad9539-c9a7-4343-a0ea-fbb185c20f96",
      "GroupPath": "Config/LevelOutput/Group/Groups_P40212_F40212001/LevelGroup_P40212_F40212001_G4.json"
    },
    {
      "ID": 9,
      "Name": "MIneG1",
      "GroupGUID": "a825e335-577c-4cb1-b17c-a2fb273328cc",
      "GroupPath": "Config/LevelOutput/Group/Groups_P40212_F40212001/LevelGroup_P40212_F40212001_G9.json"
    },
    {
      "ID": 10,
      "Name": "MIneG2",
      "GroupGUID": "60007209-e43e-4dba-95c2-734139ab336e",
      "GroupPath": "Config/LevelOutput/Group/Groups_P40212_F40212001/LevelGroup_P40212_F40212001_G10.json"
    },
    {
      "ID": 11,
      "Name": "MIssion Group2",
      "GroupGUID": "e0437372-8b1c-431f-88cb-111c32689b56",
      "GroupPath": "Config/LevelOutput/Group/Groups_P40212_F40212001/LevelGroup_P40212_F40212001_G11.json"
    },
    {
      "ID": 12,
      "Name": "MIssion Group3",
      "GroupGUID": "53e2aed5-bc7d-46d0-8582-bd1600c569c3",
      "GroupPath": "Config/LevelOutput/Group/Groups_P40212_F40212001/LevelGroup_P40212_F40212001_G12.json"
    },
    {
      "ID": 17,
      "Name": "Gameplay_CallPuppy",
      "GroupGUID": "4c775164-c978-4fa8-849c-d6a4dd3a33de",
      "GroupPath": "Config/LevelOutput/Group/Groups_P40212_F40212001/LevelGroup_P40212_F40212001_G17.json"
    },
    {
      "ID": 22,
      "Name": "PollutionG1sub",
      "GroupGUID": "5277f971-9c2a-40bb-8f16-c8b3e3085695",
      "GroupPath": "Config/LevelOutput/Group/Groups_P40212_F40212001/LevelGroup_P40212_F40212001_G22.json"
    },
    {
      "ID": 23,
      "Name": "PollutionG2sub",
      "GroupGUID": "c372a65e-1459-482f-9e46-4db81c56c504",
      "GroupPath": "Config/LevelOutput/Group/Groups_P40212_F40212001/LevelGroup_P40212_F40212001_G23.json"
    },
    {
      "ID": 24,
      "Name": "PollutionG3sub",
      "GroupGUID": "eb5a855d-5e22-4843-a2c8-0bcaae51ece7",
      "GroupPath": "Config/LevelOutput/Group/Groups_P40212_F40212001/LevelGroup_P40212_F40212001_G24.json"
    },
    {
      "ID": 25,
      "Name": "Sound",
      "GroupGUID": "def616f4-8e53-40f2-a62f-ad962a6667bf",
      "GroupPath": "Config/LevelOutput/Group/Groups_P40212_F40212001/LevelGroup_P40212_F40212001_G25.json"
    }
  ]
}