{
  "FloorID": 40231001,
  "FloorName": "FloorName_40231001",
  "StartGroupID": 1,
  "StartAnchorID": 1,
  "GroupList": [
    {
      "ID": 1,
      "Name": "DefaultGroup",
      "GroupGUID": "7b980405-0aba-4048-b00d-b8c6e3ef99b4",
      "GroupPath": "Config/LevelOutput/Group/Groups_P40231_F40231001/LevelGroup_P40231_F40231001_G1.json"
    },
    {
      "ID": 11,
      "Name": "Elevator_01",
      "GroupGUID": "eb3b738b-8ea6-403c-8239-25bf2399e98f",
      "GroupPath": "Config/LevelOutput/Group/Groups_P40231_F40231001/LevelGroup_P40231_F40231001_G11.json"
    },
    {
      "ID": 12,
      "Name": "Elevator_02",
      "GroupGUID": "6c6bbfd2-051e-4d2f-aff2-87ae8724a54a",
      "GroupPath": "Config/LevelOutput/Group/Groups_P40231_F40231001/LevelGroup_P40231_F40231001_G12.json"
    },
    {
      "ID": 24,
      "Name": "Default_SceneProp_Censer",
      "GroupGUID": "2f693552-f18e-4343-98d0-89c66c4445b4",
      "GroupPath": "Config/LevelOutput/Group/Groups_P40231_F40231001/LevelGroup_P40231_F40231001_G24.json"
    },
    {
      "ID": 17,
      "Name": "Sound",
      "GroupGUID": "e8263b27-c74f-4858-b57b-f77a848f9db9",
      "GroupPath": "Config/LevelOutput/Group/Groups_P40231_F40231001/LevelGroup_P40231_F40231001_G17.json"
    },
    {
      "ID": 26,
      "Name": "Default_MainMission_Blockline",
      "GroupGUID": "affbb850-13a0-4c0e-bc8e-d81352dd23cb",
      "GroupPath": "Config/LevelOutput/Group/Groups_P40231_F40231001/LevelGroup_P40231_F40231001_G26.json"
    },
    {
      "ID": 3,
      "Name": "MainMission_102130101",
      "GroupGUID": "3c2e41df-67c2-4c36-9b66-cb644033dd96",
      "GroupPath": "Config/LevelOutput/Group/Groups_P40231_F40231001/LevelGroup_P40231_F40231001_G3.json"
    },
    {
      "ID": 4,
      "Name": "MainX3-1",
      "GroupGUID": "a02f7f06-13cd-4caf-852a-d02cd196d3fe",
      "GroupPath": "Config/LevelOutput/Group/Groups_P40231_F40231001/LevelGroup_P40231_F40231001_G4.json"
    },
    {
      "ID": 5,
      "Name": "MainX3-1",
      "GroupGUID": "bc636009-c695-457f-883b-d611a41dfcd2",
      "GroupPath": "Config/LevelOutput/Group/Groups_P40231_F40231001/LevelGroup_P40231_F40231001_G5.json"
    },
    {
      "ID": 6,
      "Name": "MainX3-1",
      "GroupGUID": "e3e3e64f-2f14-4397-8bb9-56db904b7c85",
      "GroupPath": "Config/LevelOutput/Group/Groups_P40231_F40231001/LevelGroup_P40231_F40231001_G6.json"
    },
    {
      "ID": 7,
      "Name": "MainMission_102130105",
      "GroupGUID": "b5254763-e7d1-4050-8d28-8cf95747d894",
      "GroupPath": "Config/LevelOutput/Group/Groups_P40231_F40231001/LevelGroup_P40231_F40231001_G7.json"
    },
    {
      "ID": 8,
      "Name": "MainMission_102130106",
      "GroupGUID": "adc76f26-793d-4374-941e-00d12048c405",
      "GroupPath": "Config/LevelOutput/Group/Groups_P40231_F40231001/LevelGroup_P40231_F40231001_G8.json"
    },
    {
      "ID": 9,
      "Name": "MainMission1021301_07",
      "GroupGUID": "9eb242c1-9c16-4af1-8ecb-040f89681b4a",
      "GroupPath": "Config/LevelOutput/Group/Groups_P40231_F40231001/LevelGroup_P40231_F40231001_G9.json"
    },
    {
      "ID": 10,
      "Name": "MainMission_102130107",
      "GroupGUID": "c0fd869b-1ed8-47ce-8f26-2429ee5baeaf",
      "GroupPath": "Config/LevelOutput/Group/Groups_P40231_F40231001/LevelGroup_P40231_F40231001_G10.json"
    },
    {
      "ID": 25,
      "Name": "Default_Camera",
      "GroupGUID": "e56d9d2d-0994-4b52-983c-8205ff15ceb1",
      "GroupPath": "Config/LevelOutput/Group/Groups_P40231_F40231001/LevelGroup_P40231_F40231001_G25.json"
    },
    {
      "ID": 27,
      "Name": "MainMission1021301_03",
      "GroupGUID": "528b8d11-2a0d-4b6d-8f9c-91d7bb80a402",
      "GroupPath": "Config/LevelOutput/Group/Groups_P40231_F40231001/LevelGroup_P40231_F40231001_G27.json"
    },
    {
      "ID": 28,
      "Name": "MainX3-1",
      "GroupGUID": "f2a251ea-98c2-43be-9811-5c69b9c9deb9",
      "GroupPath": "Config/LevelOutput/Group/Groups_P40231_F40231001/LevelGroup_P40231_F40231001_G28.json"
    },
    {
      "ID": 33,
      "Name": "Default_BoundaryCamera_Client",
      "GroupGUID": "f17ad4bc-6876-4f2d-8ecf-4fb6d130467d",
      "GroupPath": "Config/LevelOutput/Group/Groups_P40231_F40231001/LevelGroup_P40231_F40231001_G33.json"
    },
    {
      "ID": 34,
      "Name": "Default_BoundaryCamera_Client",
      "GroupGUID": "5de698eb-fc6f-4f91-accf-f9f2d4bc2eeb",
      "GroupPath": "Config/LevelOutput/Group/Groups_P40231_F40231001/LevelGroup_P40231_F40231001_G34.json"
    },
    {
      "ID": 35,
      "Name": "Default_BoundaryCamera_Client",
      "GroupGUID": "f198ea56-a765-4c4f-aea1-1e2002157af6",
      "GroupPath": "Config/LevelOutput/Group/Groups_P40231_F40231001/LevelGroup_P40231_F40231001_G35.json"
    },
    {
      "ID": 36,
      "Name": "Default_BoundaryCamera_Client",
      "GroupGUID": "8073695a-1449-4260-95b4-2358b0f1ab6a",
      "GroupPath": "Config/LevelOutput/Group/Groups_P40231_F40231001/LevelGroup_P40231_F40231001_G36.json"
    }
  ]
}