{
  "FloorID": 40211001,
  "FloorName": "FloorName_40211001",
  "StartGroupID": 10,
  "StartAnchorID": 1,
  "GroupList": [
    {
      "ID": 9,
      "Name": "Sound",
      "GroupGUID": "f84f4eb0-d6e8-4153-9957-53f4d9c339e1",
      "GroupPath": "Config/LevelOutput/Group/Groups_P40211_F40211001/LevelGroup_P40211_F40211001_G9.json"
    },
    {
      "ID": 5,
      "Name": "Submission_2020314",
      "GroupGUID": "fde0d4d2-f755-41a8-9133-4efcef87912d",
      "GroupPath": "Config/LevelOutput/Group/Groups_P40211_F40211001/LevelGroup_P40211_F40211001_G5.json"
    },
    {
      "ID": 6,
      "Name": "Submission_202031471",
      "GroupGUID": "437bb833-61e9-497b-8838-2aac7e3e98e3",
      "GroupPath": "Config/LevelOutput/Group/Groups_P40211_F40211001/LevelGroup_P40211_F40211001_G6.json"
    },
    {
      "ID": 7,
      "Name": "MainMission_2020314_Monsters",
      "GroupGUID": "9ff848fa-598b-49e8-afc6-8e14d4bd9024",
      "GroupPath": "Config/LevelOutput/Group/Groups_P40211_F40211001/LevelGroup_P40211_F40211001_G7.json"
    },
    {
      "ID": 8,
      "Name": "Gameplay_CallPuppy_ForSpecialVision",
      "GroupGUID": "2c0f0cb1-4f9d-47d5-b345-3f4df480619e",
      "GroupPath": "Config/LevelOutput/Group/Groups_P40211_F40211001/LevelGroup_P40211_F40211001_G8.json"
    },
    {
      "ID": 10,
      "Name": "Default",
      "GroupGUID": "3a6abdd2-2a41-414d-9550-2c431c3cbbd6",
      "GroupPath": "Config/LevelOutput/Group/Groups_P40211_F40211001/LevelGroup_P40211_F40211001_G10.json"
    },
    {
      "ID": 11,
      "Name": "Container01",
      "GroupGUID": "793459f4-1329-4d32-8765-aa97f31f698f",
      "GroupPath": "Config/LevelOutput/Group/Groups_P40211_F40211001/LevelGroup_P40211_F40211001_G11.json"
    },
    {
      "ID": 12,
      "Name": "Container02",
      "GroupGUID": "a4b7ee1d-1676-4557-8f2f-6162cea66123",
      "GroupPath": "Config/LevelOutput/Group/Groups_P40211_F40211001/LevelGroup_P40211_F40211001_G12.json"
    },
    {
      "ID": 13,
      "Name": "Container03",
      "GroupGUID": "33ef2be7-7b23-4a5b-940b-7cb188f44903",
      "GroupPath": "Config/LevelOutput/Group/Groups_P40211_F40211001/LevelGroup_P40211_F40211001_G13.json"
    },
    {
      "ID": 14,
      "Name": "Container04",
      "GroupGUID": "b411af3d-1def-4ccd-9dcb-a88cbc5f2464",
      "GroupPath": "Config/LevelOutput/Group/Groups_P40211_F40211001/LevelGroup_P40211_F40211001_G14.json"
    },
    {
      "ID": 15,
      "Name": "New Group",
      "GroupGUID": "0225a1ed-5103-423d-8708-8fcfc9da0834",
      "GroupPath": "Config/LevelOutput/Group/Groups_P40211_F40211001/LevelGroup_P40211_F40211001_G15.json"
    },
    {
      "ID": 16,
      "Name": "Walls",
      "GroupGUID": "354b3fac-4789-4966-bff8-848b907d266a",
      "GroupPath": "Config/LevelOutput/Group/Groups_P40211_F40211001/LevelGroup_P40211_F40211001_G16.json"
    },
    {
      "ID": 20,
      "Name": "SavePoint",
      "GroupGUID": "02493041-48e8-41c6-915c-f9edc7d3291f",
      "GroupPath": "Config/LevelOutput/Group/Groups_P40211_F40211001/LevelGroup_P40211_F40211001_G20.json"
    },
    {
      "ID": 27,
      "Name": "MPProp",
      "GroupGUID": "e26b3d1d-071e-4b42-b952-e51ec269128c",
      "GroupPath": "Config/LevelOutput/Group/Groups_P40211_F40211001/LevelGroup_P40211_F40211001_G27.json"
    },
    {
      "ID": 28,
      "Name": "MainMission_RoadBlock",
      "GroupGUID": "3520b5ab-1914-48bc-83af-500d1b1d0d67",
      "GroupPath": "Config/LevelOutput/Group/Groups_P40211_F40211001/LevelGroup_P40211_F40211001_G28.json"
    }
  ]
}