{
  "FloorID": 40221001,
  "FloorName": "FloorName_40221001",
  "StartGroupID": 1,
  "StartAnchorID": 1,
  "GroupList": [
    {
      "ID": 1,
      "Name": "DefaultGroup",
      "GroupGUID": "54bdd7c3-f72e-4eec-9f57-82cf15dd4eb3",
      "GroupPath": "Config/LevelOutput/Group/Groups_P40221_F40221001/LevelGroup_P40221_F40221001_G1.json"
    },
    {
      "ID": 2,
      "Name": "NPC",
      "GroupGUID": "6e806402-450a-4b5e-80d9-94b375808c42",
      "GroupPath": "Config/LevelOutput/Group/Groups_P40221_F40221001/LevelGroup_P40221_F40221001_G2.json"
    },
    {
      "ID": 12,
      "Name": "Buff",
      "GroupGUID": "92a151f6-7557-4a5e-a0d1-0e96430cffb5",
      "GroupPath": "Config/LevelOutput/Group/Groups_P40221_F40221001/LevelGroup_P40221_F40221001_G12.json"
    },
    {
      "ID": 13,
      "Name": "Boss",
      "GroupGUID": "3423f22d-4763-4154-ab7a-069cc3bbf3bf",
      "GroupPath": "Config/LevelOutput/Group/Groups_P40221_F40221001/LevelGroup_P40221_F40221001_G13.json"
    },
    {
      "ID": 15,
      "Name": "Portals",
      "GroupGUID": "86899808-740b-43e5-9e24-a72ba816d687",
      "GroupPath": "Config/LevelOutput/Group/Groups_P40221_F40221001/LevelGroup_P40221_F40221001_G15.json"
    },
    {
      "ID": 18,
      "Name": "Sound",
      "GroupGUID": "d5b29c20-7e96-4b4e-9734-5efa499bd43c",
      "GroupPath": "Config/LevelOutput/Group/Groups_P40221_F40221001/LevelGroup_P40221_F40221001_G18.json"
    },
    {
      "ID": 19,
      "Name": "BATProp",
      "GroupGUID": "171f7eb8-3732-4b66-959c-419e4c10774d",
      "GroupPath": "Config/LevelOutput/Group/Groups_P40221_F40221001/LevelGroup_P40221_F40221001_G19.json"
    },
    {
      "ID": 22,
      "Name": "enviroProfile",
      "GroupGUID": "1a61ff31-b8d7-4765-b50f-1a6b80cdbc25",
      "GroupPath": "Config/LevelOutput/Group/Groups_P40221_F40221001/LevelGroup_P40221_F40221001_G22.json"
    }
  ]
}