{
  "FloorID": 40222003,
  "FloorName": "FloorName_40222003",
  "StartGroupID": 1,
  "StartAnchorID": 1,
  "GroupList": [
    {
      "ID": 1,
      "Name": "Base",
      "GroupGUID": "636a0118-6767-47e8-bbc9-2320cf00e29f",
      "GroupPath": "Config/LevelOutput/Group/Groups_P40222_F40222003/LevelGroup_P40222_F40222003_G1.json"
    },
    {
      "ID": 10,
      "Name": "Elevator",
      "GroupGUID": "413121eb-2a0a-431d-8d03-0f97fbe66dd8",
      "GroupPath": "Config/LevelOutput/Group/Groups_P40222_F40222003/LevelGroup_P40222_F40222003_G10.json"
    },
    {
      "ID": 11,
      "Name": "New Group",
      "GroupGUID": "e39d53c1-c2fd-42e1-8366-3833a126cd1c",
      "GroupPath": "Config/LevelOutput/Group/Groups_P40222_F40222003/LevelGroup_P40222_F40222003_G11.json"
    },
    {
      "ID": 2,
      "Name": "MainMission2020317_",
      "GroupGUID": "d85d5cb9-5ae6-40ec-850c-3f6edf180fbd",
      "GroupPath": "Config/LevelOutput/Group/Groups_P40222_F40222003/LevelGroup_P40222_F40222003_G2.json"
    },
    {
      "ID": 3,
      "Name": "SubMission202031702",
      "GroupGUID": "0ca5cf40-438b-4076-a1d8-afc24e22a720",
      "GroupPath": "Config/LevelOutput/Group/Groups_P40222_F40222003/LevelGroup_P40222_F40222003_G3.json"
    },
    {
      "ID": 7,
      "Name": "SubMission202031707",
      "GroupGUID": "9e27a2b3-b3ef-4e54-a9f2-2dd47a27b5f3",
      "GroupPath": "Config/LevelOutput/Group/Groups_P40222_F40222003/LevelGroup_P40222_F40222003_G7.json"
    },
    {
      "ID": 8,
      "Name": "SubMission202030708",
      "GroupGUID": "d849f2fe-7ebd-4561-a5e7-3218b921b969",
      "GroupPath": "Config/LevelOutput/Group/Groups_P40222_F40222003/LevelGroup_P40222_F40222003_G8.json"
    },
    {
      "ID": 9,
      "Name": "MainMission2020317_",
      "GroupGUID": "5affdf75-4aad-48b9-8d2d-abd6e3d9fb3f",
      "GroupPath": "Config/LevelOutput/Group/Groups_P40222_F40222003/LevelGroup_P40222_F40222003_G9.json"
    },
    {
      "ID": 14,
      "Name": "SubMission202031713",
      "GroupGUID": "d4fb5735-dab8-4ea7-a674-1d87c2146d6b",
      "GroupPath": "Config/LevelOutput/Group/Groups_P40222_F40222003/LevelGroup_P40222_F40222003_G14.json"
    },
    {
      "ID": 15,
      "Name": "SubMission202031704",
      "GroupGUID": "331b1d0b-4685-4f38-8f1c-04429604189a",
      "GroupPath": "Config/LevelOutput/Group/Groups_P40222_F40222003/LevelGroup_P40222_F40222003_G15.json"
    },
    {
      "ID": 16,
      "Name": "SubMission202031701",
      "GroupGUID": "0bdd5078-95c8-41eb-a727-5a770891e7c6",
      "GroupPath": "Config/LevelOutput/Group/Groups_P40222_F40222003/LevelGroup_P40222_F40222003_G16.json"
    },
    {
      "ID": 17,
      "Name": "SubMission2020317",
      "GroupGUID": "8118864d-fdc5-4723-a4e2-d6513d2bd455",
      "GroupPath": "Config/LevelOutput/Group/Groups_P40222_F40222003/LevelGroup_P40222_F40222003_G17.json"
    },
    {
      "ID": 18,
      "Name": "Gameplay_CallPuppy_ForSpecialVision",
      "GroupGUID": "96181137-f298-4ea4-a996-811480dc0257",
      "GroupPath": "Config/LevelOutput/Group/Groups_P40222_F40222003/LevelGroup_P40222_F40222003_G18.json"
    },
    {
      "ID": 19,
      "Name": "Submission2020317",
      "GroupGUID": "69c49b9c-27ad-4d3f-80b2-b70bd6414e91",
      "GroupPath": "Config/LevelOutput/Group/Groups_P40222_F40222003/LevelGroup_P40222_F40222003_G19.json"
    },
    {
      "ID": 20,
      "Name": "Sound",
      "GroupGUID": "7b9f11c3-b2e8-4b86-801c-31031bda6063",
      "GroupPath": "Config/LevelOutput/Group/Groups_P40222_F40222003/LevelGroup_P40222_F40222003_G20.json"
    },
    {
      "ID": 21,
      "Name": "BATProp",
      "GroupGUID": "c8538f63-b2e9-478a-835e-6ac7b85e045c",
      "GroupPath": "Config/LevelOutput/Group/Groups_P40222_F40222003/LevelGroup_P40222_F40222003_G21.json"
    },
    {
      "ID": 22,
      "Name": "BATBossProp",
      "GroupGUID": "41562b18-323f-45fc-b361-ec7050f7f92d",
      "GroupPath": "Config/LevelOutput/Group/Groups_P40222_F40222003/LevelGroup_P40222_F40222003_G22.json"
    },
    {
      "ID": 23,
      "Name": "SubMission202031709",
      "GroupGUID": "9834229a-c353-437f-800d-64cc716289df",
      "GroupPath": "Config/LevelOutput/Group/Groups_P40222_F40222003/LevelGroup_P40222_F40222003_G23.json"
    },
    {
      "ID": 26,
      "Name": "JianMu",
      "GroupGUID": "f3e3108a-4836-4141-b729-7eb04d8f85d7",
      "GroupPath": "Config/LevelOutput/Group/Groups_P40222_F40222003/LevelGroup_P40222_F40222003_G26.json"
    },
    {
      "ID": 27,
      "Name": "Default_MonsterArea01",
      "GroupGUID": "5258036f-0408-4f8a-9858-db6c6b4e0483",
      "GroupPath": "Config/LevelOutput/Group/Groups_P40222_F40222003/LevelGroup_P40222_F40222003_G27.json"
    },
    {
      "ID": 28,
      "Name": "CommonProp",
      "GroupGUID": "107d48fd-bbdf-4b8b-a70a-bd58f89d95e3",
      "GroupPath": "Config/LevelOutput/Group/Groups_P40222_F40222003/LevelGroup_P40222_F40222003_G28.json"
    },
    {
      "ID": 29,
      "Name": "Portal",
      "GroupGUID": "3e613f4f-2977-4295-a353-5b9f12ff89a8",
      "GroupPath": "Config/LevelOutput/Group/Groups_P40222_F40222003/LevelGroup_P40222_F40222003_G29.json"
    },
    {
      "ID": 30,
      "Name": "MainProp",
      "GroupGUID": "3cd0b270-d719-4998-ad07-afcfaa0ebc25",
      "GroupPath": "Config/LevelOutput/Group/Groups_P40222_F40222003/LevelGroup_P40222_F40222003_G30.json"
    },
    {
      "ID": 32,
      "Name": "MainMission_RoadBlock",
      "GroupGUID": "8dd340b6-9f04-45a2-a957-575f4b6cfa4e",
      "GroupPath": "Config/LevelOutput/Group/Groups_P40222_F40222003/LevelGroup_P40222_F40222003_G32.json"
    },
    {
      "ID": 33,
      "Name": "JianMu",
      "GroupGUID": "f5c125fc-b7b5-4a40-8b74-e389023db83b",
      "GroupPath": "Config/LevelOutput/Group/Groups_P40222_F40222003/LevelGroup_P40222_F40222003_G33.json"
    },
    {
      "ID": 35,
      "Name": "DefaultGroup",
      "GroupGUID": "867ee3f5-bfe1-4942-ad50-ad7beec2be35",
      "GroupPath": "Config/LevelOutput/Group/Groups_P40222_F40222003/LevelGroup_P40222_F40222003_G35.json"
    },
    {
      "ID": 40,
      "Name": "MainMission_RoadBlock",
      "GroupGUID": "d42bad02-a333-4f8b-9a25-f4b16ad5628d",
      "GroupPath": "Config/LevelOutput/Group/Groups_P40222_F40222003/LevelGroup_P40222_F40222003_G40.json"
    }
  ]
}