{
  "FloorID": 40231004,
  "FloorName": "FloorName_40231004",
  "StartGroupID": 1,
  "StartAnchorID": 1,
  "GroupList": [
    {
      "ID": 1,
      "Name": "DefaultGroup",
      "GroupGUID": "6072b759-f2bb-4780-a8f1-ab5b5a404573",
      "GroupPath": "Config/LevelOutput/Group/Groups_P40231_F40231004/LevelGroup_P40231_F40231004_G1.json"
    },
    {
      "ID": 2,
      "Name": "MainMission_102130107",
      "GroupGUID": "e49f08d6-ccf5-423e-87f9-1b2b2ff93ac2",
      "GroupPath": "Config/LevelOutput/Group/Groups_P40231_F40231004/LevelGroup_P40231_F40231004_G2.json"
    },
    {
      "ID": 13,
      "Name": "Sound",
      "GroupGUID": "8bf94308-5b0b-4932-972b-93fdb1350c27",
      "GroupPath": "Config/LevelOutput/Group/Groups_P40231_F40231004/LevelGroup_P40231_F40231004_G13.json"
    },
    {
      "ID": 15,
      "Name": "Default_BoundaryCamera_Client",
      "GroupGUID": "79ba0fb6-a9f8-47f4-9f6a-1834de2e3dee",
      "GroupPath": "Config/LevelOutput/Group/Groups_P40231_F40231004/LevelGroup_P40231_F40231004_G15.json"
    }
  ]
}