{
  "FloorID": 41000005,
  "FloorName": "FloorName_41000005",
  "StartGroupID": 1,
  "StartAnchorID": 1,
  "GroupList": [
    {
      "ID": 1,
      "Name": "DefaultGroup",
      "GroupGUID": "ae651060-30e5-4627-a4fe-a7b27cb93673",
      "GroupPath": "Config/LevelOutput/Group/Groups_P41000_F41000005/LevelGroup_P41000_F41000005_G1.json"
    },
    {
      "ID": 7,
      "Name": "Monsters",
      "GroupGUID": "891605d5-3eec-42a5-85d1-accefe804cd4",
      "GroupPath": "Config/LevelOutput/Group/Groups_P41000_F41000005/LevelGroup_P41000_F41000005_G7.json"
    },
    {
      "ID": 8,
      "Name": "PlayerStart",
      "GroupGUID": "118d4bac-80de-4aea-aa59-4fdf3f8c7cec",
      "GroupPath": "Config/LevelOutput/Group/Groups_P41000_F41000005/LevelGroup_P41000_F41000005_G8.json"
    },
    {
      "ID": 9,
      "Name": "Logics",
      "GroupGUID": "b4578080-64b8-44c1-b7d0-1251e11742cd",
      "GroupPath": "Config/LevelOutput/Group/Groups_P41000_F41000005/LevelGroup_P41000_F41000005_G9.json"
    },
    {
      "ID": 10,
      "Name": "Saves",
      "GroupGUID": "12b1dfc4-2ae5-447c-acfe-8b3de120b16f",
      "GroupPath": "Config/LevelOutput/Group/Groups_P41000_F41000005/LevelGroup_P41000_F41000005_G10.json"
    }
  ]
}