{
  "FloorID": 41000003,
  "FloorName": "FloorName_41000003",
  "StartGroupID": 1,
  "StartAnchorID": 1,
  "GroupList": [
    {
      "ID": 1,
      "Name": "DefaultGroup",
      "GroupGUID": "243dee47-b4fb-4dc5-9c27-d719d028a84f",
      "GroupPath": "Config/LevelOutput/Group/Groups_P41000_F41000003/LevelGroup_P41000_F41000003_G1.json"
    },
    {
      "ID": 7,
      "Name": "Monsters",
      "GroupGUID": "3b366f14-c462-4438-9037-0df44f524483",
      "GroupPath": "Config/LevelOutput/Group/Groups_P41000_F41000003/LevelGroup_P41000_F41000003_G7.json"
    },
    {
      "ID": 8,
      "Name": "PlayerStart",
      "GroupGUID": "d490b1f3-7982-450e-a8b4-5324f2b1d750",
      "GroupPath": "Config/LevelOutput/Group/Groups_P41000_F41000003/LevelGroup_P41000_F41000003_G8.json"
    },
    {
      "ID": 9,
      "Name": "Logics",
      "GroupGUID": "51b609c4-59f8-4371-a864-d288aaf14ef4",
      "GroupPath": "Config/LevelOutput/Group/Groups_P41000_F41000003/LevelGroup_P41000_F41000003_G9.json"
    },
    {
      "ID": 10,
      "Name": "Saves",
      "GroupGUID": "d773eabe-41d7-4bc1-898d-a7fea39472a5",
      "GroupPath": "Config/LevelOutput/Group/Groups_P41000_F41000003/LevelGroup_P41000_F41000003_G10.json"
    }
  ]
}