{
  "FloorID": 41000010,
  "FloorName": "FloorName_41000010",
  "StartGroupID": 1,
  "StartAnchorID": 1,
  "GroupList": [
    {
      "ID": 1,
      "Name": "DefaultData",
      "GroupGUID": "978d54bc-1f37-4ee0-94c2-2c6efe947541",
      "GroupPath": "Config/LevelOutput/Group/Groups_P41010_F41000010/LevelGroup_P41010_F41000010_G1.json"
    },
    {
      "ID": 7,
      "Name": "Monsters",
      "GroupGUID": "f9001ba7-b36b-4b64-bf8b-d35ca321cd59",
      "GroupPath": "Config/LevelOutput/Group/Groups_P41010_F41000010/LevelGroup_P41010_F41000010_G7.json"
    },
    {
      "ID": 8,
      "Name": "PlayerStart",
      "GroupGUID": "f2811414-f95f-4b5b-8a62-4350f6706b71",
      "GroupPath": "Config/LevelOutput/Group/Groups_P41010_F41000010/LevelGroup_P41010_F41000010_G8.json"
    },
    {
      "ID": 9,
      "Name": "Logics",
      "GroupGUID": "dcaa114e-7316-4598-9282-dfb7985c075e",
      "GroupPath": "Config/LevelOutput/Group/Groups_P41010_F41000010/LevelGroup_P41010_F41000010_G9.json"
    },
    {
      "ID": 10,
      "Name": "Saves",
      "GroupGUID": "5b9f2982-1977-4f13-abaa-05397e3aa6c1",
      "GroupPath": "Config/LevelOutput/Group/Groups_P41010_F41000010/LevelGroup_P41010_F41000010_G10.json"
    },
    {
      "ID": 2,
      "Name": "Sound",
      "GroupGUID": "8d1c3129-ea89-410b-ba65-b61040ed9fd7",
      "GroupPath": "Config/LevelOutput/Group/Groups_P41010_F41000010/LevelGroup_P41010_F41000010_G2.json"
    }
  ]
}