{
  "FloorID": 41000004,
  "FloorName": "FloorName_41000004",
  "StartGroupID": 1,
  "StartAnchorID": 1,
  "GroupList": [
    {
      "ID": 1,
      "Name": "DefaultGroup",
      "GroupGUID": "321d76a8-49b3-4991-995d-741ca7f46d90",
      "GroupPath": "Config/LevelOutput/Group/Groups_P41000_F41000004/LevelGroup_P41000_F41000004_G1.json"
    },
    {
      "ID": 7,
      "Name": "Monsters",
      "GroupGUID": "395a8828-d955-4fb2-a8d5-3c5ed570204c",
      "GroupPath": "Config/LevelOutput/Group/Groups_P41000_F41000004/LevelGroup_P41000_F41000004_G7.json"
    },
    {
      "ID": 8,
      "Name": "PlayerStart",
      "GroupGUID": "e3863c00-b56c-4ea5-84f6-4fa818709c25",
      "GroupPath": "Config/LevelOutput/Group/Groups_P41000_F41000004/LevelGroup_P41000_F41000004_G8.json"
    },
    {
      "ID": 9,
      "Name": "Logics",
      "GroupGUID": "be2184aa-b7af-4889-86b2-4ecf3c14762c",
      "GroupPath": "Config/LevelOutput/Group/Groups_P41000_F41000004/LevelGroup_P41000_F41000004_G9.json"
    },
    {
      "ID": 10,
      "Name": "Saves",
      "GroupGUID": "bead3f3b-6780-433f-b510-1e3448018c73",
      "GroupPath": "Config/LevelOutput/Group/Groups_P41000_F41000004/LevelGroup_P41000_F41000004_G10.json"
    }
  ]
}