{
  "FloorID": 41000007,
  "FloorName": "FloorName_41000007",
  "StartGroupID": 3,
  "StartAnchorID": 1,
  "GroupList": [
    {
      "ID": 2,
      "Name": "Monsters",
      "GroupGUID": "036597c5-da5f-4abd-bd01-7d0ed05bc9f4",
      "GroupPath": "Config/LevelOutput/Group/Groups_P41007_F41000007/LevelGroup_P41007_F41000007_G2.json"
    },
    {
      "ID": 3,
      "Name": "PlayerStart",
      "GroupGUID": "ead4a34e-250d-47b5-87fc-937a155dd7af",
      "GroupPath": "Config/LevelOutput/Group/Groups_P41007_F41000007/LevelGroup_P41007_F41000007_G3.json"
    },
    {
      "ID": 4,
      "Name": "Logics",
      "GroupGUID": "49f26ed5-4c97-42ae-8578-d8d4da88bef4",
      "GroupPath": "Config/LevelOutput/Group/Groups_P41007_F41000007/LevelGroup_P41007_F41000007_G4.json"
    },
    {
      "ID": 5,
      "Name": "Saves",
      "GroupGUID": "b8b784a9-86fd-45ae-b062-43e7b5b75acd",
      "GroupPath": "Config/LevelOutput/Group/Groups_P41007_F41000007/LevelGroup_P41007_F41000007_G5.json"
    },
    {
      "ID": 1,
      "Name": "Sound",
      "GroupGUID": "04495dd5-ea95-4271-b643-2e93eaff4a4e",
      "GroupPath": "Config/LevelOutput/Group/Groups_P41007_F41000007/LevelGroup_P41007_F41000007_G1.json"
    }
  ]
}