{
  "FloorID": 41000002,
  "FloorName": "FloorName_41000002",
  "StartGroupID": 1,
  "StartAnchorID": 1,
  "GroupList": [
    {
      "ID": 1,
      "Name": "DefaultGroup",
      "GroupGUID": "e62f816b-6a90-4b1e-be59-eb58f4a5b0b2",
      "GroupPath": "Config/LevelOutput/Group/Groups_P41000_F41000002/LevelGroup_P41000_F41000002_G1.json"
    },
    {
      "ID": 15,
      "Name": "Monsters",
      "GroupGUID": "099c869c-4f09-4598-a702-8f229b367652",
      "GroupPath": "Config/LevelOutput/Group/Groups_P41000_F41000002/LevelGroup_P41000_F41000002_G15.json"
    },
    {
      "ID": 16,
      "Name": "PlayerStart",
      "GroupGUID": "6dfa80b4-7e6a-429b-9064-363754cc04f5",
      "GroupPath": "Config/LevelOutput/Group/Groups_P41000_F41000002/LevelGroup_P41000_F41000002_G16.json"
    },
    {
      "ID": 17,
      "Name": "Logics",
      "GroupGUID": "d0d01ffc-d0b7-44a9-be08-e7fe9d78ac5e",
      "GroupPath": "Config/LevelOutput/Group/Groups_P41000_F41000002/LevelGroup_P41000_F41000002_G17.json"
    },
    {
      "ID": 18,
      "Name": "Saves",
      "GroupGUID": "0c65413b-5a7f-4d5e-806d-16390afe4f92",
      "GroupPath": "Config/LevelOutput/Group/Groups_P41000_F41000002/LevelGroup_P41000_F41000002_G18.json"
    },
    {
      "ID": 19,
      "Name": "Sound",
      "GroupGUID": "fcf2c802-fd00-420c-8996-5f802f8afb76",
      "GroupPath": "Config/LevelOutput/Group/Groups_P41000_F41000002/LevelGroup_P41000_F41000002_G19.json"
    }
  ]
}