{
  "FloorID": 41000008,
  "FloorName": "FloorName_41000008",
  "StartGroupID": 1,
  "StartAnchorID": 1,
  "GroupList": [
    {
      "ID": 1,
      "Name": "Default",
      "GroupGUID": "73529945-924b-4704-8c3c-2e2cef26f4c0",
      "GroupPath": "Config/LevelOutput/Group/Groups_P41008_F41000008/LevelGroup_P41008_F41000008_G1.json"
    },
    {
      "ID": 15,
      "Name": "Monsters",
      "GroupGUID": "98c7acbe-f516-407b-8795-eacbc3e6588f",
      "GroupPath": "Config/LevelOutput/Group/Groups_P41008_F41000008/LevelGroup_P41008_F41000008_G15.json"
    },
    {
      "ID": 16,
      "Name": "PlayerStart",
      "GroupGUID": "97bdb619-196f-4a40-8e9d-7aa041886812",
      "GroupPath": "Config/LevelOutput/Group/Groups_P41008_F41000008/LevelGroup_P41008_F41000008_G16.json"
    },
    {
      "ID": 17,
      "Name": "Logics",
      "GroupGUID": "3576edf6-ce81-4bd3-b893-b96d9567a126",
      "GroupPath": "Config/LevelOutput/Group/Groups_P41008_F41000008/LevelGroup_P41008_F41000008_G17.json"
    },
    {
      "ID": 18,
      "Name": "Saves",
      "GroupGUID": "66ff5c47-96c7-4d1b-9a7b-72b2d4ca0987",
      "GroupPath": "Config/LevelOutput/Group/Groups_P41008_F41000008/LevelGroup_P41008_F41000008_G18.json"
    },
    {
      "ID": 3,
      "Name": "Sound",
      "GroupGUID": "f7a8af88-8ad8-4468-930b-c80d34f99ed3",
      "GroupPath": "Config/LevelOutput/Group/Groups_P41008_F41000008/LevelGroup_P41008_F41000008_G3.json"
    }
  ]
}