{
  "FloorID": 41000011,
  "FloorName": "FloorName_41000011",
  "StartGroupID": 1,
  "StartAnchorID": 1,
  "GroupList": [
    {
      "ID": 1,
      "Name": "DefaultData",
      "GroupGUID": "c2a801a6-5d28-4883-949f-fba86276c8d6",
      "GroupPath": "Config/LevelOutput/Group/Groups_P41011_F41000011/LevelGroup_P41011_F41000011_G1.json"
    },
    {
      "ID": 7,
      "Name": "Monsters",
      "GroupGUID": "59c33221-d2a6-4a11-9702-571829ee8516",
      "GroupPath": "Config/LevelOutput/Group/Groups_P41011_F41000011/LevelGroup_P41011_F41000011_G7.json"
    },
    {
      "ID": 8,
      "Name": "PlayerStart",
      "GroupGUID": "8fbcc9b5-2fe3-497c-8ac8-13cf2e9e4471",
      "GroupPath": "Config/LevelOutput/Group/Groups_P41011_F41000011/LevelGroup_P41011_F41000011_G8.json"
    },
    {
      "ID": 9,
      "Name": "Logics",
      "GroupGUID": "ae51b35f-39e1-4675-8afa-4466ff7cf9f9",
      "GroupPath": "Config/LevelOutput/Group/Groups_P41011_F41000011/LevelGroup_P41011_F41000011_G9.json"
    },
    {
      "ID": 10,
      "Name": "Saves",
      "GroupGUID": "3f20498d-730c-4a89-bc88-e399e7373515",
      "GroupPath": "Config/LevelOutput/Group/Groups_P41011_F41000011/LevelGroup_P41011_F41000011_G10.json"
    },
    {
      "ID": 2,
      "Name": "Sound",
      "GroupGUID": "c5a7ab67-17e9-40a1-ac29-54640a1a0ba1",
      "GroupPath": "Config/LevelOutput/Group/Groups_P41011_F41000011/LevelGroup_P41011_F41000011_G2.json"
    },
    {
      "ID": 3,
      "Name": "Props",
      "GroupGUID": "9e2c0c7d-5cd0-4b01-9370-acf8be4cd203",
      "GroupPath": "Config/LevelOutput/Group/Groups_P41011_F41000011/LevelGroup_P41011_F41000011_G3.json"
    }
  ]
}