{
  "FloorID": 41000009,
  "FloorName": "FloorName_41000009",
  "StartGroupID": 1,
  "StartAnchorID": 1,
  "GroupList": [
    {
      "ID": 1,
      "Name": "DefaultData",
      "GroupGUID": "afd64eeb-78ac-4da3-9c01-effbc0578f01",
      "GroupPath": "Config/LevelOutput/Group/Groups_P41009_F41000009/LevelGroup_P41009_F41000009_G1.json"
    },
    {
      "ID": 7,
      "Name": "Monsters",
      "GroupGUID": "2210529c-b082-4c0e-9e72-0bad38cf8299",
      "GroupPath": "Config/LevelOutput/Group/Groups_P41009_F41000009/LevelGroup_P41009_F41000009_G7.json"
    },
    {
      "ID": 8,
      "Name": "PlayerStart",
      "GroupGUID": "73f7813a-852b-438b-a990-969d0ea3081b",
      "GroupPath": "Config/LevelOutput/Group/Groups_P41009_F41000009/LevelGroup_P41009_F41000009_G8.json"
    },
    {
      "ID": 9,
      "Name": "Logics",
      "GroupGUID": "99e50389-06e4-488d-a9dd-6213136aaa39",
      "GroupPath": "Config/LevelOutput/Group/Groups_P41009_F41000009/LevelGroup_P41009_F41000009_G9.json"
    },
    {
      "ID": 10,
      "Name": "Saves",
      "GroupGUID": "3ded999d-4125-4d5e-a47d-28fa1abef683",
      "GroupPath": "Config/LevelOutput/Group/Groups_P41009_F41000009/LevelGroup_P41009_F41000009_G10.json"
    },
    {
      "ID": 2,
      "Name": "Sound",
      "GroupGUID": "89ab74ac-32da-4712-99a2-8e7d10329584",
      "GroupPath": "Config/LevelOutput/Group/Groups_P41009_F41000009/LevelGroup_P41009_F41000009_G2.json"
    }
  ]
}