{
  "FloorID": 41000012,
  "FloorName": "FloorName_41000012",
  "StartGroupID": 1,
  "StartAnchorID": 1,
  "GroupList": [
    {
      "ID": 1,
      "Name": "Default",
      "GroupGUID": "ed9a5e7a-2eb5-4f7e-aba8-634c0ade1904",
      "GroupPath": "Config/LevelOutput/Group/Groups_P41012_F41000012/LevelGroup_P41012_F41000012_G1.json"
    },
    {
      "ID": 7,
      "Name": "Monsters",
      "GroupGUID": "b2d3a749-bb6e-41fe-9492-1b43be2ed7cf",
      "GroupPath": "Config/LevelOutput/Group/Groups_P41012_F41000012/LevelGroup_P41012_F41000012_G7.json"
    },
    {
      "ID": 8,
      "Name": "PlayerStart",
      "GroupGUID": "181c44bb-812d-4f77-a998-0d76fb22a229",
      "GroupPath": "Config/LevelOutput/Group/Groups_P41012_F41000012/LevelGroup_P41012_F41000012_G8.json"
    },
    {
      "ID": 9,
      "Name": "Logics",
      "GroupGUID": "778df2b4-67c8-4f5e-b6b3-5e6aa56ec6c5",
      "GroupPath": "Config/LevelOutput/Group/Groups_P41012_F41000012/LevelGroup_P41012_F41000012_G9.json"
    },
    {
      "ID": 10,
      "Name": "Saves",
      "GroupGUID": "2e8c0301-5e32-45b5-bca3-9ee7095d8c66",
      "GroupPath": "Config/LevelOutput/Group/Groups_P41012_F41000012/LevelGroup_P41012_F41000012_G10.json"
    },
    {
      "ID": 3,
      "Name": "Sound",
      "GroupGUID": "8775ea69-9cf6-4766-8b98-25abb55f38ed",
      "GroupPath": "Config/LevelOutput/Group/Groups_P41012_F41000012/LevelGroup_P41012_F41000012_G3.json"
    }
  ]
}