{
  "FloorID": 41000001,
  "FloorName": "FloorName_41000001",
  "StartGroupID": 3,
  "StartAnchorID": 1,
  "GroupList": [
    {
      "ID": 2,
      "Name": "Monsters",
      "GroupGUID": "e61ccc40-aad8-4227-b788-090f5bac65d8",
      "GroupPath": "Config/LevelOutput/Group/Groups_P41000_F41000001/LevelGroup_P41000_F41000001_G2.json"
    },
    {
      "ID": 3,
      "Name": "PlayerStart",
      "GroupGUID": "330dffaf-a034-4ca9-ad45-416fc8c24464",
      "GroupPath": "Config/LevelOutput/Group/Groups_P41000_F41000001/LevelGroup_P41000_F41000001_G3.json"
    },
    {
      "ID": 4,
      "Name": "Logics",
      "GroupGUID": "f402e593-7024-4ee1-ab6f-38fdea6d7811",
      "GroupPath": "Config/LevelOutput/Group/Groups_P41000_F41000001/LevelGroup_P41000_F41000001_G4.json"
    },
    {
      "ID": 5,
      "Name": "Saves",
      "GroupGUID": "025028c9-7c35-4e24-931e-7877fc3878d4",
      "GroupPath": "Config/LevelOutput/Group/Groups_P41000_F41000001/LevelGroup_P41000_F41000001_G5.json"
    }
  ]
}