{
  "FloorID": 41221003,
  "FloorName": "FloorName_41221003",
  "StartGroupID": 11,
  "StartAnchorID": 1,
  "GroupList": [
    {
      "ID": 11,
      "Name": "DefaultGroup",
      "GroupGUID": "ee955345-7b8b-4172-a9c8-c9ccfd31f5b1",
      "GroupPath": "Config/LevelOutput/Group/Groups_P41221_F41221003/LevelGroup_P41221_F41221003_G11.json"
    },
    {
      "ID": 12,
      "Name": "Default_Elevator_01",
      "GroupGUID": "93610de4-0949-4d7c-abd2-b512074ce51d",
      "GroupPath": "Config/LevelOutput/Group/Groups_P41221_F41221003/LevelGroup_P41221_F41221003_G12.json"
    },
    {
      "ID": 13,
      "Name": "Default_Elevator_02",
      "GroupGUID": "4bd48b1f-143e-409f-9790-0c193ff52599",
      "GroupPath": "Config/LevelOutput/Group/Groups_P41221_F41221003/LevelGroup_P41221_F41221003_G13.json"
    },
    {
      "ID": 16,
      "Name": "MainMission0_",
      "GroupGUID": "3708feb5-745f-4303-ab37-398958d504d4",
      "GroupPath": "Config/LevelOutput/Group/Groups_P41221_F41221003/LevelGroup_P41221_F41221003_G16.json"
    },
    {
      "ID": 23,
      "Name": "MainMission4122103_04",
      "GroupGUID": "295813c4-a2bd-4876-8dd2-8af6a89ea47f",
      "GroupPath": "Config/LevelOutput/Group/Groups_P41221_F41221003/LevelGroup_P41221_F41221003_G23.json"
    },
    {
      "ID": 24,
      "Name": "MainMission4122103_01",
      "GroupGUID": "a0abd150-b0b2-498e-a4b2-9ce3686a0012",
      "GroupPath": "Config/LevelOutput/Group/Groups_P41221_F41221003/LevelGroup_P41221_F41221003_G24.json"
    },
    {
      "ID": 33,
      "Name": "MainMission4122103_04",
      "GroupGUID": "d10f7d15-e507-4272-a661-070d97c857b3",
      "GroupPath": "Config/LevelOutput/Group/Groups_P41221_F41221003/LevelGroup_P41221_F41221003_G33.json"
    },
    {
      "ID": 34,
      "Name": "MainMission4122103_05",
      "GroupGUID": "d5e1feb4-252a-4e29-9efc-8cf6e1d8845a",
      "GroupPath": "Config/LevelOutput/Group/Groups_P41221_F41221003/LevelGroup_P41221_F41221003_G34.json"
    },
    {
      "ID": 36,
      "Name": "MainMission4122103_12",
      "GroupGUID": "3c6ca9bb-8b0a-4d97-9681-662683796612",
      "GroupPath": "Config/LevelOutput/Group/Groups_P41221_F41221003/LevelGroup_P41221_F41221003_G36.json"
    },
    {
      "ID": 37,
      "Name": "MainMission4122103_04",
      "GroupGUID": "d684f90d-4e2a-41c4-85a3-ae58b8c6d679",
      "GroupPath": "Config/LevelOutput/Group/Groups_P41221_F41221003/LevelGroup_P41221_F41221003_G37.json"
    },
    {
      "ID": 38,
      "Name": "MainMission4122103_07",
      "GroupGUID": "500ef6cb-e876-4594-9f01-9b6811c1ffea",
      "GroupPath": "Config/LevelOutput/Group/Groups_P41221_F41221003/LevelGroup_P41221_F41221003_G38.json"
    },
    {
      "ID": 39,
      "Name": "MainMission4122103_07",
      "GroupGUID": "396fa973-a390-4f87-a431-02eabdc3d9f5",
      "GroupPath": "Config/LevelOutput/Group/Groups_P41221_F41221003/LevelGroup_P41221_F41221003_G39.json"
    },
    {
      "ID": 42,
      "Name": "MainMission4122103_04",
      "GroupGUID": "2bb03818-b0db-459e-8b1c-5bda266e35be",
      "GroupPath": "Config/LevelOutput/Group/Groups_P41221_F41221003/LevelGroup_P41221_F41221003_G42.json"
    },
    {
      "ID": 43,
      "Name": "MainMission4122103_07",
      "GroupGUID": "19a62ba0-1e71-415b-95c3-e72361e86979",
      "GroupPath": "Config/LevelOutput/Group/Groups_P41221_F41221003/LevelGroup_P41221_F41221003_G43.json"
    },
    {
      "ID": 44,
      "Name": "MainMission4122103_07",
      "GroupGUID": "35d7ff7b-f1e3-460c-b1d7-a4f0f35f7133",
      "GroupPath": "Config/LevelOutput/Group/Groups_P41221_F41221003/LevelGroup_P41221_F41221003_G44.json"
    },
    {
      "ID": 46,
      "Name": "Sound",
      "GroupGUID": "09ab1dc0-c902-409f-84bb-8fcf82f8b083",
      "GroupPath": "Config/LevelOutput/Group/Groups_P41221_F41221003/LevelGroup_P41221_F41221003_G46.json"
    },
    {
      "ID": 48,
      "Name": "MainMission4122103_08",
      "GroupGUID": "9711fe90-0ff0-4367-8880-691283d39141",
      "GroupPath": "Config/LevelOutput/Group/Groups_P41221_F41221003/LevelGroup_P41221_F41221003_G48.json"
    },
    {
      "ID": 50,
      "Name": "MainMission4122103_08",
      "GroupGUID": "9a92a389-6966-4581-977e-0276b1843b16",
      "GroupPath": "Config/LevelOutput/Group/Groups_P41221_F41221003/LevelGroup_P41221_F41221003_G50.json"
    },
    {
      "ID": 51,
      "Name": "MainMission4122103_08",
      "GroupGUID": "5f0b11cb-4c61-4393-a702-e2a2aaf48d8d",
      "GroupPath": "Config/LevelOutput/Group/Groups_P41221_F41221003/LevelGroup_P41221_F41221003_G51.json"
    },
    {
      "ID": 58,
      "Name": "New Group",
      "GroupGUID": "87c88dcf-1fca-46e0-bbe8-da15439ecdc9",
      "GroupPath": "Config/LevelOutput/Group/Groups_P41221_F41221003/LevelGroup_P41221_F41221003_G58.json"
    },
    {
      "ID": 62,
      "Name": "Default_Camera",
      "GroupGUID": "d34bf986-3109-4907-914c-8b953a738610",
      "GroupPath": "Config/LevelOutput/Group/Groups_P41221_F41221003/LevelGroup_P41221_F41221003_G62.json"
    },
    {
      "ID": 63,
      "Name": "Default_SceneProp_Censer",
      "GroupGUID": "c1818c59-2be3-4969-99eb-948eb44ae9b9",
      "GroupPath": "Config/LevelOutput/Group/Groups_P41221_F41221003/LevelGroup_P41221_F41221003_G63.json"
    },
    {
      "ID": 68,
      "Name": "Default_BoundaryCamera_Client",
      "GroupGUID": "e865949a-888d-481a-b9f9-c8399e7e2603",
      "GroupPath": "Config/LevelOutput/Group/Groups_P41221_F41221003/LevelGroup_P41221_F41221003_G68.json"
    },
    {
      "ID": 69,
      "Name": "Default_BoundaryCamera_Client",
      "GroupGUID": "cdb30ad2-0582-4347-a876-337490c41a79",
      "GroupPath": "Config/LevelOutput/Group/Groups_P41221_F41221003/LevelGroup_P41221_F41221003_G69.json"
    },
    {
      "ID": 70,
      "Name": "Default_BoundaryCamera_Client",
      "GroupGUID": "61fe98d2-0719-4dcf-8755-acdbd07e6705",
      "GroupPath": "Config/LevelOutput/Group/Groups_P41221_F41221003/LevelGroup_P41221_F41221003_G70.json"
    },
    {
      "ID": 71,
      "Name": "Default_BoundaryCamera_Client",
      "GroupGUID": "cc3d70aa-7e94-4a7d-a8c8-635e0c257669",
      "GroupPath": "Config/LevelOutput/Group/Groups_P41221_F41221003/LevelGroup_P41221_F41221003_G71.json"
    }
  ]
}