{
  "FloorID": 41221002,
  "FloorName": "FloorName_41221002",
  "StartGroupID": 1,
  "StartAnchorID": 1,
  "GroupList": [
    {
      "ID": 1,
      "Name": "DefaultGroup",
      "GroupGUID": "7f82bb10-a962-48d7-9bfc-196dfc8bbe3b",
      "GroupPath": "Config/LevelOutput/Group/Groups_P41221_F41221002/LevelGroup_P41221_F41221002_G1.json"
    },
    {
      "ID": 2,
      "Name": "Default",
      "GroupGUID": "bd2fac77-79de-4c73-bb17-590a9bc1b132",
      "GroupPath": "Config/LevelOutput/Group/Groups_P41221_F41221002/LevelGroup_P41221_F41221002_G2.json"
    },
    {
      "ID": 3,
      "Name": "Sound",
      "GroupGUID": "8436f71d-3a7b-4a25-8043-2cc5706f411d",
      "GroupPath": "Config/LevelOutput/Group/Groups_P41221_F41221002/LevelGroup_P41221_F41221002_G3.json"
    },
    {
      "ID": 4,
      "Name": "MainMission_RoadBlock",
      "GroupGUID": "255d74f6-0dab-435b-ac5a-b47d17bf1ffe",
      "GroupPath": "Config/LevelOutput/Group/Groups_P41221_F41221002/LevelGroup_P41221_F41221002_G4.json"
    },
    {
      "ID": 5,
      "Name": "PolymerSceneProp",
      "GroupGUID": "9b4a411a-4a84-42e3-87b0-8e0e9f1e1db5",
      "GroupPath": "Config/LevelOutput/Group/Groups_P41221_F41221002/LevelGroup_P41221_F41221002_G5.json"
    },
    {
      "ID": 7,
      "Name": "MainMission4122101_01",
      "GroupGUID": "e86ae153-bd4b-430c-8b15-3c50d91650b2",
      "GroupPath": "Config/LevelOutput/Group/Groups_P41221_F41221002/LevelGroup_P41221_F41221002_G7.json"
    },
    {
      "ID": 8,
      "Name": "Default_Props_Door",
      "GroupGUID": "62529e7b-a88e-46d7-99cd-b755068960bc",
      "GroupPath": "Config/LevelOutput/Group/Groups_P41221_F41221002/LevelGroup_P41221_F41221002_G8.json"
    },
    {
      "ID": 10,
      "Name": "Monster",
      "GroupGUID": "52fc7c33-ab62-48df-b1fa-264a937c6d5d",
      "GroupPath": "Config/LevelOutput/Group/Groups_P41221_F41221002/LevelGroup_P41221_F41221002_G10.json"
    },
    {
      "ID": 11,
      "Name": "MainMission4122101_04",
      "GroupGUID": "c1dc2c84-85f7-4c7f-b432-78a72788e5d7",
      "GroupPath": "Config/LevelOutput/Group/Groups_P41221_F41221002/LevelGroup_P41221_F41221002_G11.json"
    },
    {
      "ID": 12,
      "Name": "MainMission4122101_02",
      "GroupGUID": "6cbf2cba-be2d-41d4-9faf-d16204fa3984",
      "GroupPath": "Config/LevelOutput/Group/Groups_P41221_F41221002/LevelGroup_P41221_F41221002_G12.json"
    },
    {
      "ID": 13,
      "Name": "MainMission4122101_03",
      "GroupGUID": "0a1762b3-3805-4d6e-a31b-7b9bc0867d2e",
      "GroupPath": "Config/LevelOutput/Group/Groups_P41221_F41221002/LevelGroup_P41221_F41221002_G13.json"
    },
    {
      "ID": 14,
      "Name": "MainMission4122101_08",
      "GroupGUID": "d59e112a-fa20-49c0-be7a-f9f51423e2c9",
      "GroupPath": "Config/LevelOutput/Group/Groups_P41221_F41221002/LevelGroup_P41221_F41221002_G14.json"
    },
    {
      "ID": 17,
      "Name": "MainMission4122101_05",
      "GroupGUID": "dd0ffc30-29e0-4bf4-8a98-9f1e229fdc8b",
      "GroupPath": "Config/LevelOutput/Group/Groups_P41221_F41221002/LevelGroup_P41221_F41221002_G17.json"
    },
    {
      "ID": 18,
      "Name": "MainMission4122101_06",
      "GroupGUID": "f7da7483-4c05-4132-92ee-4c98ce3c192d",
      "GroupPath": "Config/LevelOutput/Group/Groups_P41221_F41221002/LevelGroup_P41221_F41221002_G18.json"
    },
    {
      "ID": 20,
      "Name": "Anchor",
      "GroupGUID": "9c8e1760-d2fa-42c8-a8e4-369338b58d34",
      "GroupPath": "Config/LevelOutput/Group/Groups_P41221_F41221002/LevelGroup_P41221_F41221002_G20.json"
    },
    {
      "ID": 22,
      "Name": "New Group",
      "GroupGUID": "0aae92d6-5eac-41af-927c-3db0d557c578",
      "GroupPath": "Config/LevelOutput/Group/Groups_P41221_F41221002/LevelGroup_P41221_F41221002_G22.json"
    },
    {
      "ID": 23,
      "Name": "New Group",
      "GroupGUID": "013ecd16-7c45-4474-89ab-79694a4ea6ca",
      "GroupPath": "Config/LevelOutput/Group/Groups_P41221_F41221002/LevelGroup_P41221_F41221002_G23.json"
    },
    {
      "ID": 24,
      "Name": "MainMission4122101_01",
      "GroupGUID": "51d65d2e-68e0-4b99-9379-1e60581d2a82",
      "GroupPath": "Config/LevelOutput/Group/Groups_P41221_F41221002/LevelGroup_P41221_F41221002_G24.json"
    },
    {
      "ID": 25,
      "Name": "MainMission4122101_01",
      "GroupGUID": "00a5e017-67e1-4cdf-ace7-40bb9fe34de0",
      "GroupPath": "Config/LevelOutput/Group/Groups_P41221_F41221002/LevelGroup_P41221_F41221002_G25.json"
    },
    {
      "ID": 26,
      "Name": "New Group",
      "GroupGUID": "31e6ad8d-64b2-469c-a958-499ea78c8af9",
      "GroupPath": "Config/LevelOutput/Group/Groups_P41221_F41221002/LevelGroup_P41221_F41221002_G26.json"
    }
  ]
}