{
  "FloorID": 43103005,
  "FloorName": "FloorName_43103005",
  "StartGroupID": 1,
  "StartAnchorID": 1,
  "GroupList": [
    {
      "ID": 1,
      "Name": "New Group",
      "GroupGUID": "b8d9b853-555e-4b26-977d-5594dd278771",
      "GroupPath": "Config/LevelOutput/Group/Groups_P43103_F43103005/LevelGroup_P43103_F43103005_G1.json"
    },
    {
      "ID": 2,
      "Name": "DefaultGroup",
      "GroupGUID": "8ba58e25-c5b1-4b82-bcbd-572240543822",
      "GroupPath": "Config/LevelOutput/Group/Groups_P43103_F43103005/LevelGroup_P43103_F43103005_G2.json"
    },
    {
      "ID": 4,
      "Name": "MainMission",
      "GroupGUID": "1b449973-7e65-4c3e-a7c5-9ca038ae46f5",
      "GroupPath": "Config/LevelOutput/Group/Groups_P43103_F43103005/LevelGroup_P43103_F43103005_G4.json"
    },
    {
      "ID": 10,
      "Name": "Sound",
      "GroupGUID": "ec96d2bb-dc3f-46f8-924a-a19d9768aa38",
      "GroupPath": "Config/LevelOutput/Group/Groups_P43103_F43103005/LevelGroup_P43103_F43103005_G10.json"
    },
    {
      "ID": 18,
      "IsDelete": true,
      "Name": "MainMission1011405_",
      "GroupGUID": "4e7bb65b-4388-49f5-83b2-f2aae3c11ec1",
      "GroupPath": "Config/LevelOutput/Group/Groups_P43103_F43103005/LevelGroup_P43103_F43103005_G18.json"
    },
    {
      "ID": 20,
      "Name": "SaveGroup",
      "GroupGUID": "5482f78a-0e58-420b-b6c0-4437f46efa7e",
      "GroupPath": "Config/LevelOutput/Group/Groups_P43103_F43103005/LevelGroup_P43103_F43103005_G20.json"
    },
    {
      "ID": 3,
      "Name": "MainMission8014108_Mission",
      "GroupGUID": "2c6df202-b8be-4771-a8c1-84e262ceee0f",
      "GroupPath": "Config/LevelOutput/Group/Groups_P43103_F43103005/LevelGroup_P43103_F43103005_G3.json"
    }
  ]
}