{
  "FloorID": 43103001,
  "FloorName": "FloorName_43103001",
  "StartGroupID": 1,
  "StartAnchorID": 1,
  "GroupList": [
    {
      "ID": 1,
      "Name": "DefaultGroup",
      "GroupGUID": "6f1ac628-6d24-4fcb-9676-70e9b39c99c7",
      "GroupPath": "Config/LevelOutput/Group/Groups_P43103_F43103001/LevelGroup_P43103_F43103001_G1.json"
    },
    {
      "ID": 2,
      "Name": "DefaultData",
      "GroupGUID": "21f39776-73cb-4a6b-9349-575c21802080",
      "GroupPath": "Config/LevelOutput/Group/Groups_P43103_F43103001/LevelGroup_P43103_F43103001_G2.json"
    },
    {
      "ID": 3,
      "Name": "Sound",
      "GroupGUID": "b65604f2-8195-432b-a0bf-6a58112e2d41",
      "GroupPath": "Config/LevelOutput/Group/Groups_P43103_F43103001/LevelGroup_P43103_F43103001_G3.json"
    },
    {
      "ID": 4,
      "Name": "MainMission_Prop",
      "GroupGUID": "f3c5e5aa-0192-452b-a024-fecda05290b5",
      "GroupPath": "Config/LevelOutput/Group/Groups_P43103_F43103001/LevelGroup_P43103_F43103001_G4.json"
    },
    {
      "ID": 5,
      "Name": "NPC_avatar_test",
      "GroupGUID": "af871a68-9ad3-4300-ad02-5cba2aa39679",
      "GroupPath": "Config/LevelOutput/Group/Groups_P43103_F43103001/LevelGroup_P43103_F43103001_G5.json"
    },
    {
      "ID": 6,
      "Name": "MissionPropGroup",
      "GroupGUID": "c5d59269-0996-4630-963b-fc24b1cef141",
      "GroupPath": "Config/LevelOutput/Group/Groups_P43103_F43103001/LevelGroup_P43103_F43103001_G6.json"
    },
    {
      "ID": 8,
      "Name": "MonsterGroup",
      "GroupGUID": "2962378e-0797-4905-a0ac-c24d8be3c274",
      "GroupPath": "Config/LevelOutput/Group/Groups_P43103_F43103001/LevelGroup_P43103_F43103001_G8.json"
    },
    {
      "ID": 9,
      "Name": "New Group",
      "GroupGUID": "15b54393-2fb8-4ac5-98cc-c81d03042b65",
      "GroupPath": "Config/LevelOutput/Group/Groups_P43103_F43103001/LevelGroup_P43103_F43103001_G9.json"
    },
    {
      "ID": 10,
      "Name": "New Group",
      "GroupGUID": "fbeb47f5-fcc6-4b7f-a27d-bf4729088678",
      "GroupPath": "Config/LevelOutput/Group/Groups_P43103_F43103001/LevelGroup_P43103_F43103001_G10.json"
    },
    {
      "ID": 13,
      "Name": "MainMission8014102_Mission",
      "GroupGUID": "e459b5a4-eec8-42bf-8506-ffa6c673e896",
      "GroupPath": "Config/LevelOutput/Group/Groups_P43103_F43103001/LevelGroup_P43103_F43103001_G13.json"
    },
    {
      "ID": 14,
      "Name": "NPC",
      "GroupGUID": "aa8d518a-eb0b-4716-875b-599ef3e6b164",
      "GroupPath": "Config/LevelOutput/Group/Groups_P43103_F43103001/LevelGroup_P43103_F43103001_G14.json"
    },
    {
      "ID": 15,
      "Name": "New Group",
      "GroupGUID": "03ad4e07-f5f1-463d-8bfb-17698d18a07d",
      "GroupPath": "Config/LevelOutput/Group/Groups_P43103_F43103001/LevelGroup_P43103_F43103001_G15.json"
    },
    {
      "ID": 17,
      "Name": "BoxMan",
      "GroupGUID": "53ffb9c8-50f6-4435-a8ef-934a83bfefdb",
      "GroupPath": "Config/LevelOutput/Group/Groups_P43103_F43103001/LevelGroup_P43103_F43103001_G17.json"
    },
    {
      "ID": 18,
      "Name": "BoxMan",
      "GroupGUID": "2bbf7c3b-224f-4a3f-afff-f203c3f1af12",
      "GroupPath": "Config/LevelOutput/Group/Groups_P43103_F43103001/LevelGroup_P43103_F43103001_G18.json"
    },
    {
      "ID": 19,
      "Name": "BoxMan",
      "GroupGUID": "07d0c4f4-fdf2-4e5d-b11a-4d33147d89b3",
      "GroupPath": "Config/LevelOutput/Group/Groups_P43103_F43103001/LevelGroup_P43103_F43103001_G19.json"
    },
    {
      "ID": 20,
      "Name": "BoxMan",
      "GroupGUID": "7de0fa41-7fda-4588-9f23-e24d6df56979",
      "GroupPath": "Config/LevelOutput/Group/Groups_P43103_F43103001/LevelGroup_P43103_F43103001_G20.json"
    },
    {
      "ID": 21,
      "Name": "MainMission_Prop",
      "GroupGUID": "1f4bda15-0927-49eb-bab6-2a892b4b21a0",
      "GroupPath": "Config/LevelOutput/Group/Groups_P43103_F43103001/LevelGroup_P43103_F43103001_G21.json"
    },
    {
      "ID": 22,
      "Name": "BoxManCamera",
      "GroupGUID": "67bc1317-8d41-4209-aa15-88ce9767236c",
      "GroupPath": "Config/LevelOutput/Group/Groups_P43103_F43103001/LevelGroup_P43103_F43103001_G22.json"
    }
  ]
}