{
  "FloorID": 43103002,
  "FloorName": "FloorName_43103002",
  "StartGroupID": 1,
  "StartAnchorID": 1,
  "GroupList": [
    {
      "ID": 1,
      "Name": "DefaultGroup",
      "GroupGUID": "5517cddc-8428-440e-987c-d890324d72b1",
      "GroupPath": "Config/LevelOutput/Group/Groups_P43103_F43103002/LevelGroup_P43103_F43103002_G1.json"
    },
    {
      "ID": 2,
      "Name": "Default",
      "GroupGUID": "8925fa78-97b5-414a-9f39-abb0d5f4979c",
      "GroupPath": "Config/LevelOutput/Group/Groups_P43103_F43103002/LevelGroup_P43103_F43103002_G2.json"
    },
    {
      "ID": 3,
      "Name": "Sound",
      "GroupGUID": "17022cce-2054-46b0-b59f-5c546292f30c",
      "GroupPath": "Config/LevelOutput/Group/Groups_P43103_F43103002/LevelGroup_P43103_F43103002_G3.json"
    },
    {
      "ID": 4,
      "Name": "MainMission_RoadBlock",
      "GroupGUID": "9ded489b-6075-438e-85e9-22f04568d99f",
      "GroupPath": "Config/LevelOutput/Group/Groups_P43103_F43103002/LevelGroup_P43103_F43103002_G4.json"
    },
    {
      "ID": 5,
      "Name": "PolymerSceneProp",
      "GroupGUID": "7df4fbab-d663-4ccb-9f5c-449dfb69d0fb",
      "GroupPath": "Config/LevelOutput/Group/Groups_P43103_F43103002/LevelGroup_P43103_F43103002_G5.json"
    },
    {
      "ID": 7,
      "Name": "Door_1",
      "GroupGUID": "5f9a1acc-fedb-4cda-b151-c547538113a1",
      "GroupPath": "Config/LevelOutput/Group/Groups_P43103_F43103002/LevelGroup_P43103_F43103002_G7.json"
    },
    {
      "ID": 8,
      "Name": "Door_2",
      "GroupGUID": "ee6feb2f-2956-41b2-b2ce-4d501771e166",
      "GroupPath": "Config/LevelOutput/Group/Groups_P43103_F43103002/LevelGroup_P43103_F43103002_G8.json"
    },
    {
      "ID": 9,
      "Name": "Container01",
      "GroupGUID": "ddd4bfc6-f7a9-4c00-b003-6f06b8a5a651",
      "GroupPath": "Config/LevelOutput/Group/Groups_P43103_F43103002/LevelGroup_P43103_F43103002_G9.json"
    },
    {
      "ID": 10,
      "Name": "Container02",
      "GroupGUID": "be61d59d-3611-4fd2-8c68-76ae78ccd3f9",
      "GroupPath": "Config/LevelOutput/Group/Groups_P43103_F43103002/LevelGroup_P43103_F43103002_G10.json"
    },
    {
      "ID": 11,
      "Name": "Container03",
      "GroupGUID": "aba65c8c-b7bb-4117-a8a2-10c7524b5c91",
      "GroupPath": "Config/LevelOutput/Group/Groups_P43103_F43103002/LevelGroup_P43103_F43103002_G11.json"
    },
    {
      "ID": 12,
      "Name": "Container04",
      "GroupGUID": "d0fc441f-1eb1-4965-bfeb-0534397956a8",
      "GroupPath": "Config/LevelOutput/Group/Groups_P43103_F43103002/LevelGroup_P43103_F43103002_G12.json"
    },
    {
      "ID": 13,
      "Name": "Monster1",
      "GroupGUID": "9a2e6bd7-d63c-439b-9794-95c92e04644a",
      "GroupPath": "Config/LevelOutput/Group/Groups_P43103_F43103002/LevelGroup_P43103_F43103002_G13.json"
    },
    {
      "ID": 14,
      "Name": "Trainer",
      "GroupGUID": "cfbc04f2-1f7e-41c1-8641-c2fbaf30412f",
      "GroupPath": "Config/LevelOutput/Group/Groups_P43103_F43103002/LevelGroup_P43103_F43103002_G14.json"
    },
    {
      "ID": 15,
      "Name": "Mission",
      "GroupGUID": "a689f291-5e7c-4a1b-9034-90e074463fff",
      "GroupPath": "Config/LevelOutput/Group/Groups_P43103_F43103002/LevelGroup_P43103_F43103002_G15.json"
    },
    {
      "ID": 16,
      "Name": "Saves",
      "GroupGUID": "dc263da8-72c0-4e2d-904f-4e73ff4d6325",
      "GroupPath": "Config/LevelOutput/Group/Groups_P43103_F43103002/LevelGroup_P43103_F43103002_G16.json"
    },
    {
      "ID": 17,
      "Name": "Nishastaga",
      "GroupGUID": "0a4a318f-ca89-4740-8061-e03485f61f61",
      "GroupPath": "Config/LevelOutput/Group/Groups_P43103_F43103002/LevelGroup_P43103_F43103002_G17.json"
    },
    {
      "ID": 18,
      "Name": "Treasure",
      "GroupGUID": "26b2fa1c-5ca3-47d6-9ed0-69948402e4b8",
      "GroupPath": "Config/LevelOutput/Group/Groups_P43103_F43103002/LevelGroup_P43103_F43103002_G18.json"
    },
    {
      "ID": 21,
      "Name": "MainMission8014103_Mission",
      "GroupGUID": "95b26447-7b61-4e44-91d1-6a83a9f6a3d8",
      "GroupPath": "Config/LevelOutput/Group/Groups_P43103_F43103002/LevelGroup_P43103_F43103002_G21.json"
    },
    {
      "ID": 22,
      "Name": "New Group",
      "GroupGUID": "4339a42d-53ce-4125-afe3-2a2b819a4c53",
      "GroupPath": "Config/LevelOutput/Group/Groups_P43103_F43103002/LevelGroup_P43103_F43103002_G22.json"
    },
    {
      "ID": 23,
      "Name": "New Group",
      "GroupGUID": "b41c3938-02e7-4ce5-a763-3902f37a9e45",
      "GroupPath": "Config/LevelOutput/Group/Groups_P43103_F43103002/LevelGroup_P43103_F43103002_G23.json"
    }
  ]
}