{
  "FloorID": 43102003,
  "FloorName": "FloorName_43102003",
  "StartGroupID": 1,
  "StartAnchorID": 1,
  "GroupList": [
    {
      "ID": 1,
      "Name": "DefaultGroup",
      "GroupGUID": "26daad10-0b3a-40e5-8f78-823526ae1bda",
      "GroupPath": "Config/LevelOutput/Group/Groups_P43102_F43102003/LevelGroup_P43102_F43102003_G1.json"
    },
    {
      "ID": 4,
      "Name": "New Group",
      "GroupGUID": "31fd78be-09ea-4077-9463-140ac8251276",
      "GroupPath": "Config/LevelOutput/Group/Groups_P43102_F43102003/LevelGroup_P43102_F43102003_G4.json"
    },
    {
      "ID": 5,
      "Name": "NPC_PatrolNPC_01",
      "GroupGUID": "d268c6f9-0770-4a4b-8d76-ae959af77ced",
      "GroupPath": "Config/LevelOutput/Group/Groups_P43102_F43102003/LevelGroup_P43102_F43102003_G5.json"
    },
    {
      "ID": 6,
      "Name": "Normal_NPC",
      "GroupGUID": "ab4cb07b-ec6c-4b47-a8a7-519b36b56594",
      "GroupPath": "Config/LevelOutput/Group/Groups_P43102_F43102003/LevelGroup_P43102_F43102003_G6.json"
    },
    {
      "ID": 7,
      "Name": "Crowd",
      "GroupGUID": "33010feb-4f6d-41e0-8ada-26aeba51e4bf",
      "GroupPath": "Config/LevelOutput/Group/Groups_P43102_F43102003/LevelGroup_P43102_F43102003_G7.json"
    },
    {
      "ID": 8,
      "Name": "MainMission2010204_20",
      "GroupGUID": "12ddfcf2-aef1-41c4-89ed-765d11798e26",
      "GroupPath": "Config/LevelOutput/Group/Groups_P43102_F43102003/LevelGroup_P43102_F43102003_G8.json"
    },
    {
      "ID": 9,
      "Name": "MainMission2010204_21",
      "GroupGUID": "9945cf39-2a11-4f05-a9ba-1094173c8b27",
      "GroupPath": "Config/LevelOutput/Group/Groups_P43102_F43102003/LevelGroup_P43102_F43102003_G9.json"
    },
    {
      "ID": 10,
      "Name": "MainMission2010204_04",
      "GroupGUID": "c3b55a03-e492-411e-b81c-54cc89ab10af",
      "GroupPath": "Config/LevelOutput/Group/Groups_P43102_F43102003/LevelGroup_P43102_F43102003_G10.json"
    },
    {
      "ID": 11,
      "Name": "New Group",
      "GroupGUID": "7abe07bc-ee5c-42d4-b717-670f17720d80",
      "GroupPath": "Config/LevelOutput/Group/Groups_P43102_F43102003/LevelGroup_P43102_F43102003_G11.json"
    },
    {
      "ID": 12,
      "Name": "New Group",
      "GroupGUID": "4d3e70b4-1337-402b-9fb9-94164d760e05",
      "GroupPath": "Config/LevelOutput/Group/Groups_P43102_F43102003/LevelGroup_P43102_F43102003_G12.json"
    },
    {
      "ID": 13,
      "Name": "Sound_01",
      "GroupGUID": "c2997481-aae6-47b2-9069-bd73454c6252",
      "GroupPath": "Config/LevelOutput/Group/Groups_P43102_F43102003/LevelGroup_P43102_F43102003_G13.json"
    },
    {
      "ID": 14,
      "Name": "New Group",
      "GroupGUID": "e2860dac-9bce-42a3-8563-56c8a864f95d",
      "GroupPath": "Config/LevelOutput/Group/Groups_P43102_F43102003/LevelGroup_P43102_F43102003_G14.json"
    },
    {
      "ID": 18,
      "Name": "New Group",
      "GroupGUID": "bffaa7c3-5e26-4232-bb92-9c3e59f2c5d4",
      "GroupPath": "Config/LevelOutput/Group/Groups_P43102_F43102003/LevelGroup_P43102_F43102003_G18.json"
    }
  ]
}