{
  "FloorID": 43102001,
  "FloorName": "FloorName_43102001",
  "StartGroupID": 1,
  "StartAnchorID": 1,
  "GroupList": [
    {
      "ID": 1,
      "Name": "DefaultGroup",
      "GroupGUID": "6f4e5ebc-dddc-47d1-b8df-770215def91f",
      "GroupPath": "Config/LevelOutput/Group/Groups_P43102_F43102001/LevelGroup_P43102_F43102001_G1.json"
    },
    {
      "ID": 2,
      "Name": "DefaultData",
      "GroupGUID": "25088674-7da2-4e0f-8e07-97a452cc85f2",
      "GroupPath": "Config/LevelOutput/Group/Groups_P43102_F43102001/LevelGroup_P43102_F43102001_G2.json"
    },
    {
      "ID": 3,
      "Name": "Sound",
      "GroupGUID": "4cb521a3-00c2-4674-8970-29854de06072",
      "GroupPath": "Config/LevelOutput/Group/Groups_P43102_F43102001/LevelGroup_P43102_F43102001_G3.json"
    },
    {
      "ID": 4,
      "Name": "MainMission2010204_03",
      "GroupGUID": "7663e23e-b5f8-49da-9024-21f75ede7217",
      "GroupPath": "Config/LevelOutput/Group/Groups_P43102_F43102001/LevelGroup_P43102_F43102001_G4.json"
    },
    {
      "ID": 5,
      "Name": "MainMission2010204_05",
      "GroupGUID": "cc57e520-7a20-45d0-a2d0-0519ad1057fb",
      "GroupPath": "Config/LevelOutput/Group/Groups_P43102_F43102001/LevelGroup_P43102_F43102001_G5.json"
    },
    {
      "ID": 6,
      "Name": "MainMission2010204_06",
      "GroupGUID": "14951c19-3eb0-4d0e-a127-f533a56fc8ee",
      "GroupPath": "Config/LevelOutput/Group/Groups_P43102_F43102001/LevelGroup_P43102_F43102001_G6.json"
    },
    {
      "ID": 7,
      "Name": "MainMission2010204_08",
      "GroupGUID": "23f1b3e8-0903-4531-a332-6df1f7dd6357",
      "GroupPath": "Config/LevelOutput/Group/Groups_P43102_F43102001/LevelGroup_P43102_F43102001_G7.json"
    },
    {
      "ID": 8,
      "Name": "MainMission2010204_09",
      "GroupGUID": "c811c9ff-fb49-4284-a01d-e4eb6b879cf3",
      "GroupPath": "Config/LevelOutput/Group/Groups_P43102_F43102001/LevelGroup_P43102_F43102001_G8.json"
    },
    {
      "ID": 9,
      "Name": "MainMission2010204_10",
      "GroupGUID": "db4b3e5e-84b9-4c63-bfb2-c353be4c6bb2",
      "GroupPath": "Config/LevelOutput/Group/Groups_P43102_F43102001/LevelGroup_P43102_F43102001_G9.json"
    },
    {
      "ID": 10,
      "Name": "MainMission2010204_10",
      "GroupGUID": "626ff0f5-c5c7-4f93-89e8-6b88a8cbca26",
      "GroupPath": "Config/LevelOutput/Group/Groups_P43102_F43102001/LevelGroup_P43102_F43102001_G10.json"
    },
    {
      "ID": 11,
      "Name": "MainMission0_Monster",
      "GroupGUID": "5f789784-ff9f-4b83-a824-2678a15b3fc1",
      "GroupPath": "Config/LevelOutput/Group/Groups_P43102_F43102001/LevelGroup_P43102_F43102001_G11.json"
    },
    {
      "ID": 12,
      "Name": "MainMission0_Bomb",
      "GroupGUID": "90acf29a-62c1-4ce0-acad-04436c8a7f3a",
      "GroupPath": "Config/LevelOutput/Group/Groups_P43102_F43102001/LevelGroup_P43102_F43102001_G12.json"
    },
    {
      "ID": 13,
      "Name": "MainMission1_Bomb",
      "GroupGUID": "5fda6f40-e6ca-4d07-89cb-334b0a2b9186",
      "GroupPath": "Config/LevelOutput/Group/Groups_P43102_F43102001/LevelGroup_P43102_F43102001_G13.json"
    },
    {
      "ID": 14,
      "Name": "MainMission2010204_Game01",
      "GroupGUID": "6a02c869-cb95-4342-8d69-7d6db97869ec",
      "GroupPath": "Config/LevelOutput/Group/Groups_P43102_F43102001/LevelGroup_P43102_F43102001_G14.json"
    },
    {
      "ID": 15,
      "Name": "MainMission2010204_",
      "GroupGUID": "2651b970-8ce9-4131-a8e0-113c3eab2fdb",
      "GroupPath": "Config/LevelOutput/Group/Groups_P43102_F43102001/LevelGroup_P43102_F43102001_G15.json"
    },
    {
      "ID": 16,
      "Name": "New Group",
      "GroupGUID": "b4a77986-23fe-4743-afe8-d2c30b6bc3e8",
      "GroupPath": "Config/LevelOutput/Group/Groups_P43102_F43102001/LevelGroup_P43102_F43102001_G16.json"
    },
    {
      "ID": 17,
      "Name": "MainMission2010204_04",
      "GroupGUID": "dece837c-7acb-4e1a-b934-81b7caf20b71",
      "GroupPath": "Config/LevelOutput/Group/Groups_P43102_F43102001/LevelGroup_P43102_F43102001_G17.json"
    },
    {
      "ID": 18,
      "Name": "MainMission2010204_07",
      "GroupGUID": "ea9f5a05-93e9-4fcf-8242-c9c016a59aa0",
      "GroupPath": "Config/LevelOutput/Group/Groups_P43102_F43102001/LevelGroup_P43102_F43102001_G18.json"
    },
    {
      "ID": 19,
      "Name": "New Group",
      "GroupGUID": "13f1d5f1-530a-427a-bbd8-192f7e2459b6",
      "GroupPath": "Config/LevelOutput/Group/Groups_P43102_F43102001/LevelGroup_P43102_F43102001_G19.json"
    },
    {
      "ID": 20,
      "Name": "New Group",
      "GroupGUID": "3e64a1cd-4a3a-4739-982e-5874045e86c0",
      "GroupPath": "Config/LevelOutput/Group/Groups_P43102_F43102001/LevelGroup_P43102_F43102001_G20.json"
    },
    {
      "ID": 21,
      "Name": "New Group",
      "GroupGUID": "ac61fd31-894b-42c8-b67f-caa726bfd026",
      "GroupPath": "Config/LevelOutput/Group/Groups_P43102_F43102001/LevelGroup_P43102_F43102001_G21.json"
    },
    {
      "ID": 22,
      "Name": "Public_Props",
      "GroupGUID": "ae792e14-b305-49d0-877c-43d9d6d4fd10",
      "GroupPath": "Config/LevelOutput/Group/Groups_P43102_F43102001/LevelGroup_P43102_F43102001_G22.json"
    },
    {
      "ID": 23,
      "Name": "ExitGroup",
      "GroupGUID": "e306f8c4-05c4-4d1c-9e04-138e0595485a",
      "GroupPath": "Config/LevelOutput/Group/Groups_P43102_F43102001/LevelGroup_P43102_F43102001_G23.json"
    }
  ]
}