{
  "FloorID": 43101002,
  "FloorName": "FloorName_43101002",
  "StartGroupID": 1,
  "StartAnchorID": 1,
  "GroupList": [
    {
      "ID": 1,
      "Name": "DefaultGroup",
      "GroupGUID": "2d8f9486-50e5-4376-b97d-805a4b65cbf1",
      "GroupPath": "Config/LevelOutput/Group/Groups_P43101_F43101002/LevelGroup_P43101_F43101002_G1.json"
    },
    {
      "ID": 2,
      "Name": "PlayerStart",
      "GroupGUID": "786801aa-0404-49ef-9f09-884110f52ab1",
      "GroupPath": "Config/LevelOutput/Group/Groups_P43101_F43101002/LevelGroup_P43101_F43101002_G2.json"
    },
    {
      "ID": 3,
      "Name": "Sound",
      "GroupGUID": "8435c19f-b66c-4a17-a7b4-eaa97bfedc92",
      "GroupPath": "Config/LevelOutput/Group/Groups_P43101_F43101002/LevelGroup_P43101_F43101002_G3.json"
    },
    {
      "ID": 4,
      "Name": "MainMission2010202_01",
      "GroupGUID": "2402264f-0850-4d5e-90b4-be46010bc58f",
      "GroupPath": "Config/LevelOutput/Group/Groups_P43101_F43101002/LevelGroup_P43101_F43101002_G4.json"
    }
  ]
}