{
  "FloorID": 43103003,
  "FloorName": "FloorName_43103003",
  "StartGroupID": 1,
  "StartAnchorID": 1,
  "GroupList": [
    {
      "ID": 1,
      "Name": "DefaultGroup",
      "GroupGUID": "cb1ad6ad-6ead-4c52-ab07-03677cd1876d",
      "GroupPath": "Config/LevelOutput/Group/Groups_P43103_F43103003/LevelGroup_P43103_F43103003_G1.json"
    },
    {
      "ID": 2,
      "Name": "DefaultGroup",
      "GroupGUID": "ce99aa8d-af0e-4653-99a4-f403d767d253",
      "GroupPath": "Config/LevelOutput/Group/Groups_P43103_F43103003/LevelGroup_P43103_F43103003_G2.json"
    },
    {
      "ID": 3,
      "Name": "Sound",
      "GroupGUID": "1db9717c-904e-4915-b128-11093c1e3bb3",
      "GroupPath": "Config/LevelOutput/Group/Groups_P43103_F43103003/LevelGroup_P43103_F43103003_G3.json"
    },
    {
      "ID": 4,
      "Name": "MainMission_RoadBlock",
      "GroupGUID": "9c699037-f882-409f-a796-423f5b4f14ad",
      "GroupPath": "Config/LevelOutput/Group/Groups_P43103_F43103003/LevelGroup_P43103_F43103003_G4.json"
    },
    {
      "ID": 5,
      "Name": "FlipBridge",
      "GroupGUID": "cabcfa98-7ad4-47d5-9da9-54e685d8055f",
      "GroupPath": "Config/LevelOutput/Group/Groups_P43103_F43103003/LevelGroup_P43103_F43103003_G5.json"
    },
    {
      "ID": 6,
      "Name": "Elevator",
      "GroupGUID": "2ec7db53-775d-4cef-bbb5-0db40e29619c",
      "GroupPath": "Config/LevelOutput/Group/Groups_P43103_F43103003/LevelGroup_P43103_F43103003_G6.json"
    },
    {
      "ID": 7,
      "Name": "RobotGroup",
      "GroupGUID": "ee11bcda-a937-486d-9771-90078904fda1",
      "GroupPath": "Config/LevelOutput/Group/Groups_P43103_F43103003/LevelGroup_P43103_F43103003_G7.json"
    },
    {
      "ID": 8,
      "Name": "Door",
      "GroupGUID": "a602d1c8-236f-4f4c-9c5f-9813c60aaab4",
      "GroupPath": "Config/LevelOutput/Group/Groups_P43103_F43103003/LevelGroup_P43103_F43103003_G8.json"
    },
    {
      "ID": 9,
      "Name": "New Group",
      "GroupGUID": "3f7f3035-84f3-45a2-856f-3f000bba733e",
      "GroupPath": "Config/LevelOutput/Group/Groups_P43103_F43103003/LevelGroup_P43103_F43103003_G9.json"
    },
    {
      "ID": 10,
      "Name": "New Group",
      "GroupGUID": "951327bf-66a1-4eaf-93a7-17b20999588c",
      "GroupPath": "Config/LevelOutput/Group/Groups_P43103_F43103003/LevelGroup_P43103_F43103003_G10.json"
    },
    {
      "ID": 11,
      "Name": "MainMission8014104_Mission",
      "GroupGUID": "5a32f6b7-47fc-483c-b266-f91b43ed2866",
      "GroupPath": "Config/LevelOutput/Group/Groups_P43103_F43103003/LevelGroup_P43103_F43103003_G11.json"
    },
    {
      "ID": 13,
      "Name": "EXGroup",
      "GroupGUID": "0454f54c-dbee-4d0d-a841-cef33b047771",
      "GroupPath": "Config/LevelOutput/Group/Groups_P43103_F43103003/LevelGroup_P43103_F43103003_G13.json"
    },
    {
      "ID": 14,
      "Name": "EXGroup",
      "GroupGUID": "617b6f91-6228-4545-b4d9-d1f29fbe84a6",
      "GroupPath": "Config/LevelOutput/Group/Groups_P43103_F43103003/LevelGroup_P43103_F43103003_G14.json"
    },
    {
      "ID": 15,
      "Name": "EXGroup",
      "GroupGUID": "7f0f00ae-bd40-4162-acf8-70f483ce97ed",
      "GroupPath": "Config/LevelOutput/Group/Groups_P43103_F43103003/LevelGroup_P43103_F43103003_G15.json"
    },
    {
      "ID": 16,
      "Name": "EXGroup",
      "GroupGUID": "0f93bf94-3364-4f4d-bc98-5718120ea237",
      "GroupPath": "Config/LevelOutput/Group/Groups_P43103_F43103003/LevelGroup_P43103_F43103003_G16.json"
    },
    {
      "ID": 17,
      "Name": "PadsPuzzle",
      "GroupGUID": "4eb4a0ed-9391-4bab-afc0-2d96d789fc48",
      "GroupPath": "Config/LevelOutput/Group/Groups_P43103_F43103003/LevelGroup_P43103_F43103003_G17.json"
    },
    {
      "ID": 18,
      "Name": "PadsPuzzle3",
      "GroupGUID": "8c5416bc-e07e-4731-ad20-f05ee6c63199",
      "GroupPath": "Config/LevelOutput/Group/Groups_P43103_F43103003/LevelGroup_P43103_F43103003_G18.json"
    },
    {
      "ID": 19,
      "Name": "New Group",
      "GroupGUID": "9a1535c1-d0a2-4ee5-9896-434d5db44a3c",
      "GroupPath": "Config/LevelOutput/Group/Groups_P43103_F43103003/LevelGroup_P43103_F43103003_G19.json"
    },
    {
      "ID": 21,
      "Name": "New Group",
      "GroupGUID": "38c83c47-e9db-41b1-9d6a-5685d35112a0",
      "GroupPath": "Config/LevelOutput/Group/Groups_P43103_F43103003/LevelGroup_P43103_F43103003_G21.json"
    },
    {
      "ID": 24,
      "Name": "MainMission8014104_Mission",
      "GroupGUID": "fc1ac362-b127-4e1e-b5a0-ff4e807de4d4",
      "GroupPath": "Config/LevelOutput/Group/Groups_P43103_F43103003/LevelGroup_P43103_F43103003_G24.json"
    },
    {
      "ID": 25,
      "Name": "MainMission8014104_Mission",
      "GroupGUID": "124c8102-71b5-4d60-834d-923a60ffbaf4",
      "GroupPath": "Config/LevelOutput/Group/Groups_P43103_F43103003/LevelGroup_P43103_F43103003_G25.json"
    },
    {
      "ID": 26,
      "Name": "MainMission8014104_Mission",
      "GroupGUID": "119a5a75-3241-47e1-8d0a-fd80a07b8727",
      "GroupPath": "Config/LevelOutput/Group/Groups_P43103_F43103003/LevelGroup_P43103_F43103003_G26.json"
    },
    {
      "ID": 27,
      "Name": "MainMission8014104_Mission",
      "GroupGUID": "564f6f8e-aac9-4232-a144-cfe917ec75ce",
      "GroupPath": "Config/LevelOutput/Group/Groups_P43103_F43103003/LevelGroup_P43103_F43103003_G27.json"
    }
  ]
}