{
  "FloorID": 43103004,
  "FloorName": "FloorName_43103004",
  "StartGroupID": 1,
  "StartAnchorID": 1,
  "GroupList": [
    {
      "ID": 1,
      "Name": "DefaultGroup",
      "GroupGUID": "a4f5db1d-41f1-4204-ac07-d26bd1f0a8b1",
      "GroupPath": "Config/LevelOutput/Group/Groups_P43103_F43103004/LevelGroup_P43103_F43103004_G1.json"
    },
    {
      "ID": 2,
      "Name": "DefaultData",
      "GroupGUID": "db26ec55-509c-42b3-b096-c6aed923c659",
      "GroupPath": "Config/LevelOutput/Group/Groups_P43103_F43103004/LevelGroup_P43103_F43103004_G2.json"
    },
    {
      "ID": 3,
      "Name": "Sound",
      "GroupGUID": "72021fa4-7f26-411d-9f86-dd99d70fce76",
      "GroupPath": "Config/LevelOutput/Group/Groups_P43103_F43103004/LevelGroup_P43103_F43103004_G3.json"
    },
    {
      "ID": 4,
      "Name": "DefaultProp",
      "GroupGUID": "d87225f4-a270-4e67-a038-9b6325925c32",
      "GroupPath": "Config/LevelOutput/Group/Groups_P43103_F43103004/LevelGroup_P43103_F43103004_G4.json"
    },
    {
      "ID": 5,
      "Name": "MainMission0_Monster",
      "GroupGUID": "1dcd1675-a05c-4d0b-b67a-ba177691c0fb",
      "GroupPath": "Config/LevelOutput/Group/Groups_P43103_F43103004/LevelGroup_P43103_F43103004_G5.json"
    },
    {
      "ID": 6,
      "Name": "New Group",
      "GroupGUID": "9f8245fa-aaa5-40cb-a874-f208307c3a29",
      "GroupPath": "Config/LevelOutput/Group/Groups_P43103_F43103004/LevelGroup_P43103_F43103004_G6.json"
    },
    {
      "ID": 7,
      "Name": "New Group",
      "GroupGUID": "60934711-d546-44b7-9f13-5c656f61f84d",
      "GroupPath": "Config/LevelOutput/Group/Groups_P43103_F43103004/LevelGroup_P43103_F43103004_G7.json"
    },
    {
      "ID": 8,
      "Name": "MonsterGroup",
      "GroupGUID": "8ad5c10b-15a4-4497-b06f-f9fc21d08aca",
      "GroupPath": "Config/LevelOutput/Group/Groups_P43103_F43103004/LevelGroup_P43103_F43103004_G8.json"
    },
    {
      "ID": 9,
      "Name": "ChestGroup",
      "GroupGUID": "314b7427-dd61-443b-ba07-0916041afb8f",
      "GroupPath": "Config/LevelOutput/Group/Groups_P43103_F43103004/LevelGroup_P43103_F43103004_G9.json"
    },
    {
      "ID": 10,
      "Name": "MainMission8014105_BoomRobot_1",
      "GroupGUID": "0b78bb8c-fbbb-4542-8438-8151a3a47048",
      "GroupPath": "Config/LevelOutput/Group/Groups_P43103_F43103004/LevelGroup_P43103_F43103004_G10.json"
    },
    {
      "ID": 11,
      "Name": "MainMission8014105_BoomRobot_2",
      "GroupGUID": "ea763923-cf54-4d11-99ba-219cee6e2858",
      "GroupPath": "Config/LevelOutput/Group/Groups_P43103_F43103004/LevelGroup_P43103_F43103004_G11.json"
    },
    {
      "ID": 20,
      "Name": "MainMission8014105_BoomRobot_3",
      "GroupGUID": "b84ea6a5-f702-499e-998e-c7d52aacf233",
      "GroupPath": "Config/LevelOutput/Group/Groups_P43103_F43103004/LevelGroup_P43103_F43103004_G20.json"
    },
    {
      "ID": 15,
      "Name": "MainMission8014105_BoomRobot_4",
      "GroupGUID": "7f5e171f-b50b-4d08-a8ba-18a6a123f546",
      "GroupPath": "Config/LevelOutput/Group/Groups_P43103_F43103004/LevelGroup_P43103_F43103004_G15.json"
    },
    {
      "ID": 13,
      "Name": "MainMission8014105_Mission",
      "GroupGUID": "55972dd7-563f-41f5-a77e-357e20528f86",
      "GroupPath": "Config/LevelOutput/Group/Groups_P43103_F43103004/LevelGroup_P43103_F43103004_G13.json"
    },
    {
      "ID": 14,
      "Name": "MainMission8014105_NPCMonster",
      "GroupGUID": "318d722c-07f0-4877-9e1f-694b7e311433",
      "GroupPath": "Config/LevelOutput/Group/Groups_P43103_F43103004/LevelGroup_P43103_F43103004_G14.json"
    },
    {
      "ID": 26,
      "Name": "New Group",
      "GroupGUID": "f20ff21c-3d5e-4c37-8777-bd9ead7a297f",
      "GroupPath": "Config/LevelOutput/Group/Groups_P43103_F43103004/LevelGroup_P43103_F43103004_G26.json"
    },
    {
      "ID": 27,
      "Name": "New Group",
      "GroupGUID": "71f219e6-549b-403a-89d6-aec299504340",
      "GroupPath": "Config/LevelOutput/Group/Groups_P43103_F43103004/LevelGroup_P43103_F43103004_G27.json"
    },
    {
      "ID": 28,
      "Name": "StageGroup",
      "GroupGUID": "e9399956-99b7-492a-9106-2168e7c926c5",
      "GroupPath": "Config/LevelOutput/Group/Groups_P43103_F43103004/LevelGroup_P43103_F43103004_G28.json"
    },
    {
      "ID": 29,
      "Name": "New Group",
      "GroupGUID": "43db5d82-b25b-45f4-9bac-4dd5d55f8227",
      "GroupPath": "Config/LevelOutput/Group/Groups_P43103_F43103004/LevelGroup_P43103_F43103004_G29.json"
    },
    {
      "ID": 32,
      "Name": "Sound",
      "GroupGUID": "66cfc947-9fa6-4ae3-91c4-e1a43bcb8c08",
      "GroupPath": "Config/LevelOutput/Group/Groups_P43103_F43103004/LevelGroup_P43103_F43103004_G32.json"
    }
  ]
}