{
  "FloorID": 43102002,
  "FloorName": "FloorName_43102002",
  "StartGroupID": 1,
  "StartAnchorID": 1,
  "GroupList": [
    {
      "ID": 1,
      "Name": "DefaultGroup",
      "GroupGUID": "8fbb4110-99d7-48b0-8563-380c93041476",
      "GroupPath": "Config/LevelOutput/Group/Groups_P43102_F43102002/LevelGroup_P43102_F43102002_G1.json"
    },
    {
      "ID": 2,
      "Name": "Sound_01",
      "GroupGUID": "29a3fc82-5071-40c4-8489-0e637a27a489",
      "GroupPath": "Config/LevelOutput/Group/Groups_P43102_F43102002/LevelGroup_P43102_F43102002_G2.json"
    },
    {
      "ID": 3,
      "Name": "New Group",
      "GroupGUID": "a7444556-d608-4add-a9dd-bc9e26361e8b",
      "GroupPath": "Config/LevelOutput/Group/Groups_P43102_F43102002/LevelGroup_P43102_F43102002_G3.json"
    }
  ]
}