{
  "FloorID": 43202004,
  "FloorName": "FloorName_43202004",
  "StartGroupID": 1,
  "StartAnchorID": 1,
  "GroupList": [
    {
      "ID": 1,
      "Name": "DefaultGroup",
      "GroupGUID": "50ed3abf-fa6c-4e3e-a1a0-9c93ac5b41c6",
      "GroupPath": "Config/LevelOutput/Group/Groups_P43202_F43202004/LevelGroup_P43202_F43202004_G1.json"
    },
    {
      "ID": 2,
      "Name": "DefaultGroup",
      "GroupGUID": "dddb336c-3695-40a8-beda-3f7bdeb67a4d",
      "GroupPath": "Config/LevelOutput/Group/Groups_P43202_F43202004/LevelGroup_P43202_F43202004_G2.json"
    },
    {
      "ID": 3,
      "Name": "BATProp",
      "GroupGUID": "3a82df32-cd4b-4b20-a2a7-2e3e57911dc2",
      "GroupPath": "Config/LevelOutput/Group/Groups_P43202_F43202004/LevelGroup_P43202_F43202004_G3.json"
    },
    {
      "ID": 4,
      "Name": "BATBossProp",
      "GroupGUID": "c5cae089-3a04-4637-b903-0a1cd3dc5633",
      "GroupPath": "Config/LevelOutput/Group/Groups_P43202_F43202004/LevelGroup_P43202_F43202004_G4.json"
    },
    {
      "ID": 5,
      "Name": "JianMu",
      "GroupGUID": "8142a1db-4960-4b9b-9137-8d7b3178f117",
      "GroupPath": "Config/LevelOutput/Group/Groups_P43202_F43202004/LevelGroup_P43202_F43202004_G5.json"
    },
    {
      "ID": 6,
      "Name": "Sound",
      "GroupGUID": "4210c641-a43c-45db-a20a-31807bfcdd4c",
      "GroupPath": "Config/LevelOutput/Group/Groups_P43202_F43202004/LevelGroup_P43202_F43202004_G6.json"
    },
    {
      "ID": 7,
      "Name": "MainMission_RoadBlock",
      "GroupGUID": "9cbc41bd-621f-438c-b714-76abade9502a",
      "GroupPath": "Config/LevelOutput/Group/Groups_P43202_F43202004/LevelGroup_P43202_F43202004_G7.json"
    },
    {
      "ID": 8,
      "Name": "JianMu",
      "GroupGUID": "ad1cb5b4-dfec-4760-b733-bb54421e8712",
      "GroupPath": "Config/LevelOutput/Group/Groups_P43202_F43202004/LevelGroup_P43202_F43202004_G8.json"
    },
    {
      "ID": 9,
      "Name": "MainMission_RoadBlock",
      "GroupGUID": "e30a88e5-b3ff-4395-bb43-4ccadd2c1e98",
      "GroupPath": "Config/LevelOutput/Group/Groups_P43202_F43202004/LevelGroup_P43202_F43202004_G9.json"
    },
    {
      "ID": 10,
      "Name": "MainMission2021002_02",
      "GroupGUID": "a2f9b738-3fa1-4ccb-8640-1d308f21970f",
      "GroupPath": "Config/LevelOutput/Group/Groups_P43202_F43202004/LevelGroup_P43202_F43202004_G10.json"
    },
    {
      "ID": 11,
      "Name": "MainMission2021002_02",
      "GroupGUID": "415fc665-112d-4301-aeac-8fd3d3f635c9",
      "GroupPath": "Config/LevelOutput/Group/Groups_P43202_F43202004/LevelGroup_P43202_F43202004_G11.json"
    },
    {
      "ID": 12,
      "Name": "MainMission2021002_",
      "GroupGUID": "00946141-5289-4db2-a468-33ed02e2c2cc",
      "GroupPath": "Config/LevelOutput/Group/Groups_P43202_F43202004/LevelGroup_P43202_F43202004_G12.json"
    },
    {
      "ID": 14,
      "Name": "MainMission2021002_Monster",
      "GroupGUID": "a5b568f4-b7f8-44a5-9c9a-1aeae577682b",
      "GroupPath": "Config/LevelOutput/Group/Groups_P43202_F43202004/LevelGroup_P43202_F43202004_G14.json"
    },
    {
      "ID": 15,
      "Name": "MainMission2021002_",
      "GroupGUID": "ad98b823-7126-45f0-8041-0935bf480aa5",
      "GroupPath": "Config/LevelOutput/Group/Groups_P43202_F43202004/LevelGroup_P43202_F43202004_G15.json"
    },
    {
      "ID": 16,
      "Name": "MainMission2021002_",
      "GroupGUID": "1f1fd7b3-8707-46d4-97fc-6a745e721d0e",
      "GroupPath": "Config/LevelOutput/Group/Groups_P43202_F43202004/LevelGroup_P43202_F43202004_G16.json"
    },
    {
      "ID": 17,
      "Name": "MainMission2021002_",
      "GroupGUID": "6b80f8f6-0eed-4a10-a80b-7039db1c809a",
      "GroupPath": "Config/LevelOutput/Group/Groups_P43202_F43202004/LevelGroup_P43202_F43202004_G17.json"
    },
    {
      "ID": 18,
      "Name": "Checkpoint",
      "GroupGUID": "fbe18f3e-c741-46d0-8586-2ce52a09c247",
      "GroupPath": "Config/LevelOutput/Group/Groups_P43202_F43202004/LevelGroup_P43202_F43202004_G18.json"
    },
    {
      "ID": 19,
      "Name": "MPProp",
      "GroupGUID": "27eb954d-2836-492f-b5c8-0735832c09f3",
      "GroupPath": "Config/LevelOutput/Group/Groups_P43202_F43202004/LevelGroup_P43202_F43202004_G19.json"
    }
  ]
}