{
  "FloorID": 43209001,
  "FloorName": "FloorName_43209001",
  "StartGroupID": 1,
  "StartAnchorID": 1,
  "GroupList": [
    {
      "ID": 1,
      "Name": "DefaultGroup",
      "GroupGUID": "fe129faa-4658-4a8f-80d6-000fb3f4ed36",
      "GroupPath": "Config/LevelOutput/Group/Groups_P43209_F43209001/LevelGroup_P43209_F43209001_G1.json"
    },
    {
      "ID": 2,
      "Name": "DefaultGroup",
      "GroupGUID": "cc2fd6e7-26aa-4f6b-9aca-7838dd88b954",
      "GroupPath": "Config/LevelOutput/Group/Groups_P43209_F43209001/LevelGroup_P43209_F43209001_G2.json"
    },
    {
      "ID": 3,
      "Name": "BATProp",
      "GroupGUID": "123698eb-acec-4dc4-b46d-b6411e3f3ae7",
      "GroupPath": "Config/LevelOutput/Group/Groups_P43209_F43209001/LevelGroup_P43209_F43209001_G3.json"
    },
    {
      "ID": 4,
      "Name": "BATBossProp",
      "GroupGUID": "21e5f751-7156-4795-9f07-b528713aea3a",
      "GroupPath": "Config/LevelOutput/Group/Groups_P43209_F43209001/LevelGroup_P43209_F43209001_G4.json"
    },
    {
      "ID": 5,
      "Name": "JianMu",
      "GroupGUID": "48a8587a-5f50-4ec3-8b04-54519fdf0e76",
      "GroupPath": "Config/LevelOutput/Group/Groups_P43209_F43209001/LevelGroup_P43209_F43209001_G5.json"
    },
    {
      "ID": 6,
      "Name": "Sound",
      "GroupGUID": "b359cff4-5bb0-44ee-b2da-db4b935a430d",
      "GroupPath": "Config/LevelOutput/Group/Groups_P43209_F43209001/LevelGroup_P43209_F43209001_G6.json"
    },
    {
      "ID": 7,
      "Name": "MainMission_RoadBlock",
      "GroupGUID": "aa4174cc-6628-474e-867a-5d7befd14e9b",
      "GroupPath": "Config/LevelOutput/Group/Groups_P43209_F43209001/LevelGroup_P43209_F43209001_G7.json"
    },
    {
      "ID": 10,
      "Name": "Portal",
      "GroupGUID": "e5f997d5-7dd0-44b8-8f14-c51b2a4469e0",
      "GroupPath": "Config/LevelOutput/Group/Groups_P43209_F43209001/LevelGroup_P43209_F43209001_G10.json"
    },
    {
      "ID": 11,
      "Name": "CommonProp",
      "GroupGUID": "5fc7ee7e-38c2-448c-9d28-4d731172a13e",
      "GroupPath": "Config/LevelOutput/Group/Groups_P43209_F43209001/LevelGroup_P43209_F43209001_G11.json"
    },
    {
      "ID": 12,
      "Name": "MainProp",
      "GroupGUID": "1efa73f8-eef7-456f-831b-92b396eb2276",
      "GroupPath": "Config/LevelOutput/Group/Groups_P43209_F43209001/LevelGroup_P43209_F43209001_G12.json"
    },
    {
      "ID": 13,
      "Name": "Elevator",
      "GroupGUID": "c28b5238-80c6-4006-bcfe-fa5e10552d6f",
      "GroupPath": "Config/LevelOutput/Group/Groups_P43209_F43209001/LevelGroup_P43209_F43209001_G13.json"
    },
    {
      "ID": 14,
      "Name": "MainMission8002234_",
      "GroupGUID": "2a88bed3-ee37-421a-a71b-ada9f10a6b50",
      "GroupPath": "Config/LevelOutput/Group/Groups_P43209_F43209001/LevelGroup_P43209_F43209001_G14.json"
    },
    {
      "ID": 15,
      "Name": "MainMission8002234_",
      "GroupGUID": "680f6847-3f81-42a5-acfd-5414efddcdfa",
      "GroupPath": "Config/LevelOutput/Group/Groups_P43209_F43209001/LevelGroup_P43209_F43209001_G15.json"
    }
  ]
}