{
  "FloorID": 43203001,
  "FloorName": "FloorName_43203001",
  "StartGroupID": 10,
  "StartAnchorID": 1,
  "GroupList": [
    {
      "ID": 8,
      "Name": "Sound",
      "GroupGUID": "aff8c028-caf8-4583-91f7-cb6964280150",
      "GroupPath": "Config/LevelOutput/Group/Groups_P43203_F43203001/LevelGroup_P43203_F43203001_G8.json"
    },
    {
      "ID": 10,
      "Name": "DefaultGroup",
      "GroupGUID": "4ffdce42-4ce5-443f-ac13-3afe9296be48",
      "GroupPath": "Config/LevelOutput/Group/Groups_P43203_F43203001/LevelGroup_P43203_F43203001_G10.json"
    },
    {
      "ID": 13,
      "Name": "Drone",
      "GroupGUID": "477d4918-c1b4-4c4e-a35b-570d83809c59",
      "GroupPath": "Config/LevelOutput/Group/Groups_P43203_F43203001/LevelGroup_P43203_F43203001_G13.json"
    },
    {
      "ID": 14,
      "Name": "Default_Camera",
      "GroupGUID": "88be8128-024d-4738-8175-439437d8c292",
      "GroupPath": "Config/LevelOutput/Group/Groups_P43203_F43203001/LevelGroup_P43203_F43203001_G14.json"
    },
    {
      "ID": 15,
      "Name": "MainMission8002212_",
      "GroupGUID": "dc029cc9-692e-44b0-91df-4fd10db0d12d",
      "GroupPath": "Config/LevelOutput/Group/Groups_P43203_F43203001/LevelGroup_P43203_F43203001_G15.json"
    },
    {
      "ID": 20,
      "Name": "Default_BoundaryCamera_Client",
      "GroupGUID": "82492b47-61dc-487a-a4aa-a5ef9b80cc2f",
      "GroupPath": "Config/LevelOutput/Group/Groups_P43203_F43203001/LevelGroup_P43203_F43203001_G20.json"
    },
    {
      "ID": 21,
      "Name": "Default_BoundaryCamera_Client",
      "GroupGUID": "78b27d2b-4ac3-4c6d-b105-a5420dced325",
      "GroupPath": "Config/LevelOutput/Group/Groups_P43203_F43203001/LevelGroup_P43203_F43203001_G21.json"
    },
    {
      "ID": 22,
      "Name": "Default_BoundaryCamera_Client",
      "GroupGUID": "f20b7b35-be6e-412d-8042-f2f8b6378b69",
      "GroupPath": "Config/LevelOutput/Group/Groups_P43203_F43203001/LevelGroup_P43203_F43203001_G22.json"
    },
    {
      "ID": 23,
      "Name": "Default_BoundaryCamera_Client",
      "GroupGUID": "9fd39e3c-029c-44d6-a2a2-b1543cabfc8d",
      "GroupPath": "Config/LevelOutput/Group/Groups_P43203_F43203001/LevelGroup_P43203_F43203001_G23.json"
    },
    {
      "ID": 24,
      "Name": "Default_SceneProp_Censer",
      "GroupGUID": "7602e6ba-50d7-4753-b7fa-f5331a7652b5",
      "GroupPath": "Config/LevelOutput/Group/Groups_P43203_F43203001/LevelGroup_P43203_F43203001_G24.json"
    }
  ]
}