{
  "FloorID": 43208001,
  "FloorName": "FloorName_43208001",
  "StartGroupID": 1,
  "StartAnchorID": 1,
  "GroupList": [
    {
      "ID": 1,
      "Name": "DefaultGroup",
      "GroupGUID": "c980492d-0dc2-43bf-9e52-3e22c60952cf",
      "GroupPath": "Config/LevelOutput/Group/Groups_P43208_F43208001/LevelGroup_P43208_F43208001_G1.json"
    },
    {
      "ID": 2,
      "Name": "DefaultGroup",
      "GroupGUID": "b1c6e6ed-578d-43d2-bf9d-57bd151beef3",
      "GroupPath": "Config/LevelOutput/Group/Groups_P43208_F43208001/LevelGroup_P43208_F43208001_G2.json"
    },
    {
      "ID": 3,
      "Name": "Default_Camera",
      "GroupGUID": "5b9eaa27-ee6f-44c2-b749-7341a06c1c6b",
      "GroupPath": "Config/LevelOutput/Group/Groups_P43208_F43208001/LevelGroup_P43208_F43208001_G3.json"
    },
    {
      "ID": 4,
      "Name": "Sound",
      "GroupGUID": "f814f481-0f3b-4cb0-900d-7f165d33b19a",
      "GroupPath": "Config/LevelOutput/Group/Groups_P43208_F43208001/LevelGroup_P43208_F43208001_G4.json"
    },
    {
      "ID": 5,
      "Name": "MainMission8002233_",
      "GroupGUID": "31eb75d7-a881-4d5b-9f91-00edd769185d",
      "GroupPath": "Config/LevelOutput/Group/Groups_P43208_F43208001/LevelGroup_P43208_F43208001_G5.json"
    },
    {
      "ID": 6,
      "Name": "MainMission8002233_",
      "GroupGUID": "f7d8727c-5fbd-400e-9e88-6f1c51d271d2",
      "GroupPath": "Config/LevelOutput/Group/Groups_P43208_F43208001/LevelGroup_P43208_F43208001_G6.json"
    },
    {
      "ID": 7,
      "Name": "MainMission8002233_",
      "GroupGUID": "6323d128-ebbb-4105-ad47-fd22f6a1e04d",
      "GroupPath": "Config/LevelOutput/Group/Groups_P43208_F43208001/LevelGroup_P43208_F43208001_G7.json"
    },
    {
      "ID": 8,
      "Name": "MainMission8002233_",
      "GroupGUID": "03bc3b6d-cdd6-46a5-999f-e61cac0fd0df",
      "GroupPath": "Config/LevelOutput/Group/Groups_P43208_F43208001/LevelGroup_P43208_F43208001_G8.json"
    },
    {
      "ID": 13,
      "Name": "Default_BoundaryCamera_Client",
      "GroupGUID": "b6cf0935-e925-4b89-867d-4ba28c1d3af4",
      "GroupPath": "Config/LevelOutput/Group/Groups_P43208_F43208001/LevelGroup_P43208_F43208001_G13.json"
    },
    {
      "ID": 14,
      "Name": "Default_BoundaryCamera_Client",
      "GroupGUID": "d8348a35-2d19-4003-8e7d-8d62b52c9283",
      "GroupPath": "Config/LevelOutput/Group/Groups_P43208_F43208001/LevelGroup_P43208_F43208001_G14.json"
    },
    {
      "ID": 15,
      "Name": "Default_BoundaryCamera_Client",
      "GroupGUID": "9d42914d-9287-4528-b587-8e53e0f814ae",
      "GroupPath": "Config/LevelOutput/Group/Groups_P43208_F43208001/LevelGroup_P43208_F43208001_G15.json"
    },
    {
      "ID": 16,
      "Name": "Default_BoundaryCamera_Client",
      "GroupGUID": "7bcde55a-fc12-47f3-af7c-22b2a9dbb5dc",
      "GroupPath": "Config/LevelOutput/Group/Groups_P43208_F43208001/LevelGroup_P43208_F43208001_G16.json"
    }
  ]
}