{
  "FloorID": 43201005,
  "FloorName": "FloorName_43201005",
  "StartGroupID": 1,
  "StartAnchorID": 1,
  "GroupList": [
    {
      "ID": 1,
      "Name": "DefaultGroup",
      "GroupGUID": "3a32c6ba-9071-46e9-847b-118cd4f864da",
      "GroupPath": "Config/LevelOutput/Group/Groups_P43201_F43201005/LevelGroup_P43201_F43201005_G1.json"
    },
    {
      "ID": 2,
      "Name": "MainMission2020506_01",
      "GroupGUID": "dcf2729e-29a3-4a10-b3cb-e188d6de1615",
      "GroupPath": "Config/LevelOutput/Group/Groups_P43201_F43201005/LevelGroup_P43201_F43201005_G2.json"
    },
    {
      "ID": 3,
      "Name": "Mission_2020506",
      "GroupGUID": "0376331a-2f41-42ad-a753-84cf72beb2e4",
      "GroupPath": "Config/LevelOutput/Group/Groups_P43201_F43201005/LevelGroup_P43201_F43201005_G3.json"
    },
    {
      "ID": 4,
      "Name": "Sound",
      "GroupGUID": "4aeb6b5a-da0a-4551-8f5c-e6420d778d8f",
      "GroupPath": "Config/LevelOutput/Group/Groups_P43201_F43201005/LevelGroup_P43201_F43201005_G4.json"
    }
  ]
}