{
  "FloorID": 43201004,
  "FloorName": "FloorName_43201004",
  "StartGroupID": 1,
  "StartAnchorID": 1,
  "GroupList": [
    {
      "ID": 1,
      "Name": "DefaultGroup",
      "GroupGUID": "cc5c0db5-5f23-4b6c-aa61-6380690a710c",
      "GroupPath": "Config/LevelOutput/Group/Groups_P43201_F43201004/LevelGroup_P43201_F43201004_G1.json"
    },
    {
      "ID": 2,
      "Name": "Sound",
      "GroupGUID": "30f7d995-eb9d-4f7e-bdb1-ff80db8fec22",
      "GroupPath": "Config/LevelOutput/Group/Groups_P43201_F43201004/LevelGroup_P43201_F43201004_G2.json"
    },
    {
      "ID": 3,
      "Name": "MainMission2020505_01",
      "GroupGUID": "2a7ea3c1-d49e-4c02-aa7f-7a086dd9eecb",
      "GroupPath": "Config/LevelOutput/Group/Groups_P43201_F43201004/LevelGroup_P43201_F43201004_G3.json"
    },
    {
      "ID": 4,
      "Name": "MainMission2020505_02",
      "GroupGUID": "3626083f-6b27-44ce-9734-9cb6595e9f3d",
      "GroupPath": "Config/LevelOutput/Group/Groups_P43201_F43201004/LevelGroup_P43201_F43201004_G4.json"
    },
    {
      "ID": 5,
      "Name": "MainMission2020505_03",
      "GroupGUID": "14937d94-359e-4579-976e-7de9509988dc",
      "GroupPath": "Config/LevelOutput/Group/Groups_P43201_F43201004/LevelGroup_P43201_F43201004_G5.json"
    },
    {
      "ID": 6,
      "Name": "MainMission2020505_04",
      "GroupGUID": "f5650db4-7574-4925-a8a7-5e7224558049",
      "GroupPath": "Config/LevelOutput/Group/Groups_P43201_F43201004/LevelGroup_P43201_F43201004_G6.json"
    },
    {
      "ID": 8,
      "Name": "Door",
      "GroupGUID": "3f33e976-3657-4bcb-b0df-e4c75e7b6b09",
      "GroupPath": "Config/LevelOutput/Group/Groups_P43201_F43201004/LevelGroup_P43201_F43201004_G8.json"
    },
    {
      "ID": 7,
      "Name": "Mission_2020505",
      "GroupGUID": "fa7ed1dc-a006-4fcc-ade0-fad8fde093f6",
      "GroupPath": "Config/LevelOutput/Group/Groups_P43201_F43201004/LevelGroup_P43201_F43201004_G7.json"
    }
  ]
}