{
  "FloorID": 43202002,
  "FloorName": "FloorName_43202002",
  "StartGroupID": 1,
  "StartAnchorID": 1,
  "GroupList": [
    {
      "ID": 1,
      "Name": "DefaultGroup",
      "GroupGUID": "3d13646f-de04-4101-9c22-c13175448fa4",
      "GroupPath": "Config/LevelOutput/Group/Groups_P43202_F43202002/LevelGroup_P43202_F43202002_G1.json"
    },
    {
      "ID": 2,
      "Name": "Sound",
      "GroupGUID": "fe498e1b-8b35-48a9-8e59-eeea50ff9894",
      "GroupPath": "Config/LevelOutput/Group/Groups_P43202_F43202002/LevelGroup_P43202_F43202002_G2.json"
    },
    {
      "ID": 4,
      "Name": "MainMission2021002_01",
      "GroupGUID": "2d4ac2d0-9383-4aef-85b9-2a7f3b2d262e",
      "GroupPath": "Config/LevelOutput/Group/Groups_P43202_F43202002/LevelGroup_P43202_F43202002_G4.json"
    },
    {
      "ID": 3,
      "Name": "Gameplay_CallPuppy_ForSpecialVision",
      "GroupGUID": "05d932f7-49a0-4f1d-a8be-adc31f55e9d0",
      "GroupPath": "Config/LevelOutput/Group/Groups_P43202_F43202002/LevelGroup_P43202_F43202002_G3.json"
    },
    {
      "ID": 5,
      "Name": "MainMission2021002_03",
      "GroupGUID": "54cddf81-80b6-47fe-a8fa-c5134e2fcc22",
      "GroupPath": "Config/LevelOutput/Group/Groups_P43202_F43202002/LevelGroup_P43202_F43202002_G5.json"
    },
    {
      "ID": 6,
      "Name": "MainMission2021002_04",
      "GroupGUID": "61ee966e-b3a7-4579-8780-2c0cd60adff3",
      "GroupPath": "Config/LevelOutput/Group/Groups_P43202_F43202002/LevelGroup_P43202_F43202002_G6.json"
    },
    {
      "ID": 7,
      "Name": "MainMission2021002_05",
      "GroupGUID": "2fb13115-1591-4ddf-b16a-40d667364c73",
      "GroupPath": "Config/LevelOutput/Group/Groups_P43202_F43202002/LevelGroup_P43202_F43202002_G7.json"
    },
    {
      "ID": 8,
      "Name": "MainMission2021002_05",
      "GroupGUID": "d53c80fe-9239-461d-8dda-672395c7820c",
      "GroupPath": "Config/LevelOutput/Group/Groups_P43202_F43202002/LevelGroup_P43202_F43202002_G8.json"
    }
  ]
}