{
  "FloorID": 43218001,
  "FloorName": "FloorName_43218001",
  "StartGroupID": 1,
  "StartAnchorID": 1,
  "GroupList": [
    {
      "ID": 1,
      "Name": "DefaultGroup",
      "GroupGUID": "3af96302-d740-406d-85b1-30ddc186514f",
      "GroupPath": "Config/LevelOutput/Group/Groups_P43218_F43218001/LevelGroup_P43218_F43218001_G1.json"
    },
    {
      "ID": 2,
      "Name": "DefaultGroup",
      "GroupGUID": "32ab1fca-f9df-41a3-94a9-337bb4f9878e",
      "GroupPath": "Config/LevelOutput/Group/Groups_P43218_F43218001/LevelGroup_P43218_F43218001_G2.json"
    }
  ]
}