{
  "FloorID": 43202005,
  "FloorName": "FloorName_43202005",
  "StartGroupID": 1,
  "StartAnchorID": 1,
  "GroupList": [
    {
      "ID": 1,
      "Name": "DefaultGroup",
      "GroupGUID": "e34a58e5-a5ee-4e08-b439-0219b57b3424",
      "GroupPath": "Config/LevelOutput/Group/Groups_P43202_F43202005/LevelGroup_P43202_F43202005_G1.json"
    },
    {
      "ID": 2,
      "Name": "Sound",
      "GroupGUID": "360ad726-d546-47c7-a4b0-d9d5ed91a912",
      "GroupPath": "Config/LevelOutput/Group/Groups_P43202_F43202005/LevelGroup_P43202_F43202005_G2.json"
    },
    {
      "ID": 3,
      "Name": "MainMission2021002_02",
      "GroupGUID": "230456ff-1fac-49d8-9942-39340759c2ba",
      "GroupPath": "Config/LevelOutput/Group/Groups_P43202_F43202005/LevelGroup_P43202_F43202005_G3.json"
    },
    {
      "ID": 4,
      "Name": "MainMission2021002_02",
      "GroupGUID": "3fa7daab-7345-4887-b142-0fd0d8b91bc6",
      "GroupPath": "Config/LevelOutput/Group/Groups_P43202_F43202005/LevelGroup_P43202_F43202005_G4.json"
    },
    {
      "ID": 5,
      "Name": "MainMission2021002_03",
      "GroupGUID": "be9e28c2-9205-47c9-864a-7aea0b1c41ba",
      "GroupPath": "Config/LevelOutput/Group/Groups_P43202_F43202005/LevelGroup_P43202_F43202005_G5.json"
    },
    {
      "ID": 6,
      "Name": "CrowdMember",
      "GroupGUID": "c68a4eea-06dc-4c78-8db4-32eee89379a1",
      "GroupPath": "Config/LevelOutput/Group/Groups_P43202_F43202005/LevelGroup_P43202_F43202005_G6.json"
    },
    {
      "ID": 7,
      "Name": "MainMission2021002_",
      "GroupGUID": "de897a1e-007c-4f2a-ba73-0183c4aecfec",
      "GroupPath": "Config/LevelOutput/Group/Groups_P43202_F43202005/LevelGroup_P43202_F43202005_G7.json"
    },
    {
      "ID": 8,
      "Name": "Checkpoint",
      "GroupGUID": "89da8ace-0b48-446e-83fb-e0f5ee65ab30",
      "GroupPath": "Config/LevelOutput/Group/Groups_P43202_F43202005/LevelGroup_P43202_F43202005_G8.json"
    },
    {
      "ID": 9,
      "Name": "MainMission2021002_",
      "GroupGUID": "760f77ab-34d6-4c0b-b40f-997ffa3f23eb",
      "GroupPath": "Config/LevelOutput/Group/Groups_P43202_F43202005/LevelGroup_P43202_F43202005_G9.json"
    },
    {
      "ID": 10,
      "Name": "MainMission2021002_",
      "GroupGUID": "7657a6e7-828d-450e-88a2-85167e1faf98",
      "GroupPath": "Config/LevelOutput/Group/Groups_P43202_F43202005/LevelGroup_P43202_F43202005_G10.json"
    }
  ]
}