{
  "FloorID": 43211001,
  "FloorName": "FloorName_43211001",
  "StartGroupID": 1,
  "StartAnchorID": 1,
  "GroupList": [
    {
      "ID": 1,
      "Name": "DefaultGroup",
      "GroupGUID": "49723c89-0a79-473e-a001-67f2daf4309d",
      "GroupPath": "Config/LevelOutput/Group/Groups_P43211_F43211001/LevelGroup_P43211_F43211001_G1.json"
    },
    {
      "ID": 2,
      "Name": "MainMission2021704_HH_TX_01",
      "GroupGUID": "91256ad6-16b5-47bd-ae18-2ea23508fb20",
      "GroupPath": "Config/LevelOutput/Group/Groups_P43211_F43211001/LevelGroup_P43211_F43211001_G2.json"
    },
    {
      "ID": 3,
      "Name": "MainMission2021704_HH_TX_02",
      "GroupGUID": "2374b696-2aea-4e83-b547-fa003c4f7b07",
      "GroupPath": "Config/LevelOutput/Group/Groups_P43211_F43211001/LevelGroup_P43211_F43211001_G3.json"
    },
    {
      "ID": 7,
      "Name": "Portal",
      "GroupGUID": "51aa4b7a-11ae-4849-9cdf-3187b7d05969",
      "GroupPath": "Config/LevelOutput/Group/Groups_P43211_F43211001/LevelGroup_P43211_F43211001_G7.json"
    },
    {
      "ID": 8,
      "Name": "MainMission2021704_HHTX_Liangting",
      "GroupGUID": "1b5886c9-bee7-4b4d-b797-ba437f220170",
      "GroupPath": "Config/LevelOutput/Group/Groups_P43211_F43211001/LevelGroup_P43211_F43211001_G8.json"
    },
    {
      "ID": 9,
      "Name": "MainMission2021704_HHTX_LT2",
      "GroupGUID": "4fe48cfd-2147-46c2-8567-3fd9d9fc764b",
      "GroupPath": "Config/LevelOutput/Group/Groups_P43211_F43211001/LevelGroup_P43211_F43211001_G9.json"
    },
    {
      "ID": 10,
      "Name": "SuiGardenElevator",
      "GroupGUID": "ab42f84f-29ba-4f49-8200-caf003b6043e",
      "GroupPath": "Config/LevelOutput/Group/Groups_P43211_F43211001/LevelGroup_P43211_F43211001_G10.json"
    },
    {
      "ID": 11,
      "Name": "MainMission2021704_Monster",
      "GroupGUID": "fb947266-c2f3-4d3b-94c8-cbd3757f10f8",
      "GroupPath": "Config/LevelOutput/Group/Groups_P43211_F43211001/LevelGroup_P43211_F43211001_G11.json"
    },
    {
      "ID": 12,
      "Name": "Checkpoint",
      "GroupGUID": "0dd71d21-59b4-4b84-98d3-57647048dd6d",
      "GroupPath": "Config/LevelOutput/Group/Groups_P43211_F43211001/LevelGroup_P43211_F43211001_G12.json"
    },
    {
      "ID": 13,
      "Name": "MPProp",
      "GroupGUID": "88b02f99-a5ad-4b45-90e7-5ace4bd43746",
      "GroupPath": "Config/LevelOutput/Group/Groups_P43211_F43211001/LevelGroup_P43211_F43211001_G13.json"
    },
    {
      "ID": 14,
      "Name": "BlockLines",
      "GroupGUID": "852e345f-69da-46cb-a03c-abc55752c214",
      "GroupPath": "Config/LevelOutput/Group/Groups_P43211_F43211001/LevelGroup_P43211_F43211001_G14.json"
    },
    {
      "ID": 15,
      "Name": "MainMission2021704_HHTX_MissionTalk",
      "GroupGUID": "2c89858c-3b04-4b64-9fd8-99096102601c",
      "GroupPath": "Config/LevelOutput/Group/Groups_P43211_F43211001/LevelGroup_P43211_F43211001_G15.json"
    },
    {
      "ID": 16,
      "Name": "MainMission2021704_HHTX_FW",
      "GroupGUID": "32311aa2-b4ef-42b6-ab23-91dd1f6caab3",
      "GroupPath": "Config/LevelOutput/Group/Groups_P43211_F43211001/LevelGroup_P43211_F43211001_G16.json"
    },
    {
      "ID": 18,
      "Name": "Sound_02",
      "GroupGUID": "1490beaa-ac9d-48ca-a0f7-1363665c4f9b",
      "GroupPath": "Config/LevelOutput/Group/Groups_P43211_F43211001/LevelGroup_P43211_F43211001_G18.json"
    },
    {
      "ID": 19,
      "Name": "MainMission0_BattleArea",
      "GroupGUID": "b8982d26-b827-4f8c-830a-9357c168916a",
      "GroupPath": "Config/LevelOutput/Group/Groups_P43211_F43211001/LevelGroup_P43211_F43211001_G19.json"
    }
  ]
}