{
  "FloorID": 43215001,
  "FloorName": "FloorName_43215001",
  "StartGroupID": 1,
  "StartAnchorID": 1,
  "GroupList": [
    {
      "ID": 1,
      "Name": "DefaultGroup",
      "GroupGUID": "396fd0d2-3353-4ead-947a-965392d60905",
      "GroupPath": "Config/LevelOutput/Group/Groups_P43215_F43215001/LevelGroup_P43215_F43215001_G1.json"
    },
    {
      "ID": 7,
      "Name": "MainMission8015114_801511401",
      "GroupGUID": "bb523892-888d-4407-b851-b95582fbf7ff",
      "GroupPath": "Config/LevelOutput/Group/Groups_P43215_F43215001/LevelGroup_P43215_F43215001_G7.json"
    },
    {
      "ID": 9,
      "Name": "MainMission8015114_801511402",
      "GroupGUID": "b92096b6-9ef8-4b5c-8260-367e39b870c6",
      "GroupPath": "Config/LevelOutput/Group/Groups_P43215_F43215001/LevelGroup_P43215_F43215001_G9.json"
    },
    {
      "ID": 10,
      "Name": "MainMission8015114_801511403",
      "GroupGUID": "6d7fd53a-a90b-46d0-a7f4-cb5ae9451700",
      "GroupPath": "Config/LevelOutput/Group/Groups_P43215_F43215001/LevelGroup_P43215_F43215001_G10.json"
    },
    {
      "ID": 11,
      "Name": "MainMission8015114_Huohuo",
      "GroupGUID": "0f703824-b00d-4161-8a2a-961ce4bddbdd",
      "GroupPath": "Config/LevelOutput/Group/Groups_P43215_F43215001/LevelGroup_P43215_F43215001_G11.json"
    },
    {
      "ID": 12,
      "Name": "MainMission8015114_801511404",
      "GroupGUID": "5751bce6-ef8a-498c-bdbd-5abd09d3f639",
      "GroupPath": "Config/LevelOutput/Group/Groups_P43215_F43215001/LevelGroup_P43215_F43215001_G12.json"
    },
    {
      "ID": 13,
      "Name": "MainMission8015114_801511406",
      "GroupGUID": "1a20f947-2f38-4a35-b33b-7e3b60f967d4",
      "GroupPath": "Config/LevelOutput/Group/Groups_P43215_F43215001/LevelGroup_P43215_F43215001_G13.json"
    },
    {
      "ID": 14,
      "Name": "MainMission8015114_801511407",
      "GroupGUID": "8b565318-450d-457b-b32c-23b4eeec6950",
      "GroupPath": "Config/LevelOutput/Group/Groups_P43215_F43215001/LevelGroup_P43215_F43215001_G14.json"
    },
    {
      "ID": 18,
      "Name": "MainMission8015114_801511405",
      "GroupGUID": "d2d91a5a-4b7e-4e38-823a-d2a7e784f09d",
      "GroupPath": "Config/LevelOutput/Group/Groups_P43215_F43215001/LevelGroup_P43215_F43215001_G18.json"
    },
    {
      "ID": 19,
      "Name": "Doors",
      "GroupGUID": "3b69a7da-e1c9-4fe2-97f1-7cd683f48c2a",
      "GroupPath": "Config/LevelOutput/Group/Groups_P43215_F43215001/LevelGroup_P43215_F43215001_G19.json"
    },
    {
      "ID": 21,
      "Name": "GhostFire",
      "GroupGUID": "24664c9b-196a-4118-95f5-3734a0682cac",
      "GroupPath": "Config/LevelOutput/Group/Groups_P43215_F43215001/LevelGroup_P43215_F43215001_G21.json"
    },
    {
      "ID": 22,
      "Name": "MainMission8015114_All",
      "GroupGUID": "fb709dbf-8946-4fe2-84c6-7be16e2261e3",
      "GroupPath": "Config/LevelOutput/Group/Groups_P43215_F43215001/LevelGroup_P43215_F43215001_G22.json"
    },
    {
      "ID": 23,
      "Name": "MainMission8015114_801511405",
      "GroupGUID": "09f9f5de-1dae-4c79-87aa-825aae9aa985",
      "GroupPath": "Config/LevelOutput/Group/Groups_P43215_F43215001/LevelGroup_P43215_F43215001_G23.json"
    },
    {
      "ID": 24,
      "Name": "Sound",
      "GroupGUID": "5d8d8998-d665-4240-a1c2-ba1de6250e87",
      "GroupPath": "Config/LevelOutput/Group/Groups_P43215_F43215001/LevelGroup_P43215_F43215001_G24.json"
    },
    {
      "ID": 25,
      "Name": "Checkpoint",
      "GroupGUID": "93df5e26-3160-4f69-9c0a-bbe85eac6dca",
      "GroupPath": "Config/LevelOutput/Group/Groups_P43215_F43215001/LevelGroup_P43215_F43215001_G25.json"
    },
    {
      "ID": 26,
      "Name": "Doors2",
      "GroupGUID": "fea9f6e3-0c2d-421c-8f9c-1fb8eeb028da",
      "GroupPath": "Config/LevelOutput/Group/Groups_P43215_F43215001/LevelGroup_P43215_F43215001_G26.json"
    }
  ]
}