{
  "FloorID": 43201001,
  "FloorName": "FloorName_43201001",
  "StartGroupID": 1,
  "StartAnchorID": 1,
  "GroupList": [
    {
      "ID": 1,
      "Name": "DefaultGroup",
      "GroupGUID": "d0095b44-5438-4312-81e4-245d671bc09e",
      "GroupPath": "Config/LevelOutput/Group/Groups_P43201_F43201001/LevelGroup_P43201_F43201001_G1.json"
    },
    {
      "ID": 2,
      "Name": "MainMission2020502_01",
      "GroupGUID": "2f044173-53cc-4706-9b40-2288ba5c091f",
      "GroupPath": "Config/LevelOutput/Group/Groups_P43201_F43201001/LevelGroup_P43201_F43201001_G2.json"
    },
    {
      "ID": 3,
      "Name": "MainMission2020502_02",
      "GroupGUID": "2987747a-8ba1-4d2e-be09-9807f451f2a6",
      "GroupPath": "Config/LevelOutput/Group/Groups_P43201_F43201001/LevelGroup_P43201_F43201001_G3.json"
    },
    {
      "ID": 4,
      "Name": "MainMission2020502_04",
      "GroupGUID": "8d84838a-14c7-4315-8c5d-e004b503990b",
      "GroupPath": "Config/LevelOutput/Group/Groups_P43201_F43201001/LevelGroup_P43201_F43201001_G4.json"
    },
    {
      "ID": 5,
      "Name": "MainMission2020502_06",
      "GroupGUID": "50bdd9c1-d30b-4711-96e8-2e3e3def3b35",
      "GroupPath": "Config/LevelOutput/Group/Groups_P43201_F43201001/LevelGroup_P43201_F43201001_G5.json"
    },
    {
      "ID": 6,
      "Name": "MainMission2020502_07",
      "GroupGUID": "40b17742-e12b-409f-8c18-d4f9109e4950",
      "GroupPath": "Config/LevelOutput/Group/Groups_P43201_F43201001/LevelGroup_P43201_F43201001_G6.json"
    },
    {
      "ID": 8,
      "Name": "MainMission2020502_01_03",
      "GroupGUID": "0557cc9f-0c37-480a-a17d-60c2c90a6df1",
      "GroupPath": "Config/LevelOutput/Group/Groups_P43201_F43201001/LevelGroup_P43201_F43201001_G8.json"
    },
    {
      "ID": 9,
      "Name": "Sound",
      "GroupGUID": "b495363d-5de9-423e-b302-d0a9c95139bf",
      "GroupPath": "Config/LevelOutput/Group/Groups_P43201_F43201001/LevelGroup_P43201_F43201001_G9.json"
    },
    {
      "ID": 10,
      "Name": "Checkpoint",
      "GroupGUID": "75b38e8e-f2b8-4b6c-8197-6034f461e82f",
      "GroupPath": "Config/LevelOutput/Group/Groups_P43201_F43201001/LevelGroup_P43201_F43201001_G10.json"
    },
    {
      "ID": 11,
      "Name": "Mission_2020502",
      "GroupGUID": "82b710f0-e4f8-4528-93e2-f65617968b7e",
      "GroupPath": "Config/LevelOutput/Group/Groups_P43201_F43201001/LevelGroup_P43201_F43201001_G11.json"
    },
    {
      "ID": 12,
      "Name": "Default_Camera",
      "GroupGUID": "78fbb6d5-534e-453a-811b-14d6dca8fd91",
      "GroupPath": "Config/LevelOutput/Group/Groups_P43201_F43201001/LevelGroup_P43201_F43201001_G12.json"
    },
    {
      "ID": 13,
      "Name": "Default_BoundaryCamera_Client",
      "GroupGUID": "648025a9-c460-44f4-8a81-b899a2fc06e8",
      "GroupPath": "Config/LevelOutput/Group/Groups_P43201_F43201001/LevelGroup_P43201_F43201001_G13.json"
    },
    {
      "ID": 14,
      "Name": "Default_BoundaryCamera_Client",
      "GroupGUID": "ddd444fe-596f-405f-82ea-bf7a34377f2e",
      "GroupPath": "Config/LevelOutput/Group/Groups_P43201_F43201001/LevelGroup_P43201_F43201001_G14.json"
    },
    {
      "ID": 15,
      "Name": "Default_BoundaryCamera_Client",
      "GroupGUID": "339cabc8-4421-48fc-9b89-83b22b1245cc",
      "GroupPath": "Config/LevelOutput/Group/Groups_P43201_F43201001/LevelGroup_P43201_F43201001_G15.json"
    },
    {
      "ID": 16,
      "Name": "Default_BoundaryCamera_Client",
      "GroupGUID": "c261355d-c959-409e-9605-daf75deda355",
      "GroupPath": "Config/LevelOutput/Group/Groups_P43201_F43201001/LevelGroup_P43201_F43201001_G16.json"
    }
  ]
}