{
  "FloorID": 43212001,
  "FloorName": "FloorName_43212001",
  "StartGroupID": 1,
  "StartAnchorID": 1,
  "GroupList": [
    {
      "ID": 1,
      "Name": "DefaultGroup",
      "GroupGUID": "70e637cf-4586-4f05-830f-c739758f834c",
      "GroupPath": "Config/LevelOutput/Group/Groups_P43212_F43212001/LevelGroup_P43212_F43212001_G1.json"
    },
    {
      "ID": 2,
      "Name": "MainMission8015111_Mission",
      "GroupGUID": "b02bc478-f4b7-4c37-9bdc-a9553be823f7",
      "GroupPath": "Config/LevelOutput/Group/Groups_P43212_F43212001/LevelGroup_P43212_F43212001_G2.json"
    },
    {
      "ID": 3,
      "Name": "MainMission8015111_BailuChasePhase2",
      "GroupGUID": "aef55999-79e7-4c5d-815f-cdb63fa7bd73",
      "GroupPath": "Config/LevelOutput/Group/Groups_P43212_F43212001/LevelGroup_P43212_F43212001_G3.json"
    },
    {
      "ID": 5,
      "Name": "MainMission8015111_BailuChasePhase1",
      "GroupGUID": "8d932bc7-52b8-4081-9d59-e9507ae881e8",
      "GroupPath": "Config/LevelOutput/Group/Groups_P43212_F43212001/LevelGroup_P43212_F43212001_G5.json"
    },
    {
      "ID": 6,
      "Name": "MainMission8015111_BeforeBattle",
      "GroupGUID": "d3a452ce-ad71-4c56-93ab-5413aee219ed",
      "GroupPath": "Config/LevelOutput/Group/Groups_P43212_F43212001/LevelGroup_P43212_F43212001_G6.json"
    },
    {
      "ID": 7,
      "Name": "MainMission8015111_Zhenfa",
      "GroupGUID": "7b74609c-5011-48ac-9002-5ee436c04535",
      "GroupPath": "Config/LevelOutput/Group/Groups_P43212_F43212001/LevelGroup_P43212_F43212001_G7.json"
    },
    {
      "ID": 9,
      "Name": "MainMission8015111_BailuChaseNew2",
      "GroupGUID": "2d07d05b-ef99-4382-9c98-aa83bcacb5b2",
      "GroupPath": "Config/LevelOutput/Group/Groups_P43212_F43212001/LevelGroup_P43212_F43212001_G9.json"
    },
    {
      "ID": 10,
      "Name": "MainMission8015111_Hint",
      "GroupGUID": "46c37450-c8ec-4aa4-9db5-edb15fe1522b",
      "GroupPath": "Config/LevelOutput/Group/Groups_P43212_F43212001/LevelGroup_P43212_F43212001_G10.json"
    },
    {
      "ID": 11,
      "Name": "MPProp",
      "GroupGUID": "de6c5809-71b5-4318-8c1f-6aae054ab088",
      "GroupPath": "Config/LevelOutput/Group/Groups_P43212_F43212001/LevelGroup_P43212_F43212001_G11.json"
    },
    {
      "ID": 13,
      "Name": "MainMission8015111_BailuChasePhase1_New",
      "GroupGUID": "ead1c3ee-0290-456e-9b74-fdce1ef511ed",
      "GroupPath": "Config/LevelOutput/Group/Groups_P43212_F43212001/LevelGroup_P43212_F43212001_G13.json"
    },
    {
      "ID": 14,
      "Name": "Sound",
      "GroupGUID": "d119b926-e9fe-426f-b9be-eec84d990a52",
      "GroupPath": "Config/LevelOutput/Group/Groups_P43212_F43212001/LevelGroup_P43212_F43212001_G14.json"
    },
    {
      "ID": 16,
      "Name": "Sound",
      "GroupGUID": "60cf6279-1d02-452f-b374-2ced0e85a45e",
      "GroupPath": "Config/LevelOutput/Group/Groups_P43212_F43212001/LevelGroup_P43212_F43212001_G16.json"
    }
  ]
}