{
  "FloorID": 43202006,
  "FloorName": "FloorName_43202006",
  "StartGroupID": 1,
  "StartAnchorID": 1,
  "GroupList": [
    {
      "ID": 1,
      "Name": "Default",
      "GroupGUID": "f7837767-84d3-49b5-9bdb-94058ef2d636",
      "GroupPath": "Config/LevelOutput/Group/Groups_P43202_F43202006/LevelGroup_P43202_F43202006_G1.json"
    },
    {
      "ID": 2,
      "Name": "Sound",
      "GroupGUID": "878344f1-0bcc-4db5-975b-29440f85b995",
      "GroupPath": "Config/LevelOutput/Group/Groups_P43202_F43202006/LevelGroup_P43202_F43202006_G2.json"
    },
    {
      "ID": 4,
      "Name": "SeaBlock",
      "GroupGUID": "5bbd7d3a-4aeb-4081-a869-1b105f904888",
      "GroupPath": "Config/LevelOutput/Group/Groups_P43202_F43202006/LevelGroup_P43202_F43202006_G4.json"
    },
    {
      "ID": 5,
      "Name": "MainMission2021002_",
      "GroupGUID": "9eafb969-6fe1-48db-918e-ec3bcb2a8931",
      "GroupPath": "Config/LevelOutput/Group/Groups_P43202_F43202006/LevelGroup_P43202_F43202006_G5.json"
    },
    {
      "ID": 6,
      "Name": "MainMission2021002_",
      "GroupGUID": "fd5ba72e-e52a-4fb2-987b-b638f64dc52c",
      "GroupPath": "Config/LevelOutput/Group/Groups_P43202_F43202006/LevelGroup_P43202_F43202006_G6.json"
    },
    {
      "ID": 7,
      "Name": "MainMission2021002_",
      "GroupGUID": "fb9f9430-85bb-40f2-8205-4ac9b905a064",
      "GroupPath": "Config/LevelOutput/Group/Groups_P43202_F43202006/LevelGroup_P43202_F43202006_G7.json"
    },
    {
      "ID": 8,
      "Name": "MainMission2021002_",
      "GroupGUID": "1a287e42-3e57-44f2-9da7-bf90e4aeb3e3",
      "GroupPath": "Config/LevelOutput/Group/Groups_P43202_F43202006/LevelGroup_P43202_F43202006_G8.json"
    },
    {
      "ID": 9,
      "Name": "MainMission2021002_",
      "GroupGUID": "df892c66-3bea-4471-a993-70dc41cf8b79",
      "GroupPath": "Config/LevelOutput/Group/Groups_P43202_F43202006/LevelGroup_P43202_F43202006_G9.json"
    },
    {
      "ID": 10,
      "Name": "MainMission2021002_",
      "GroupGUID": "87e74098-e10e-4098-b476-61b8fede5ac2",
      "GroupPath": "Config/LevelOutput/Group/Groups_P43202_F43202006/LevelGroup_P43202_F43202006_G10.json"
    },
    {
      "ID": 11,
      "Name": "BATProp",
      "GroupGUID": "b5d74c7f-ea1c-40d2-aabc-bc532be22470",
      "GroupPath": "Config/LevelOutput/Group/Groups_P43202_F43202006/LevelGroup_P43202_F43202006_G11.json"
    },
    {
      "ID": 12,
      "Name": "EnviromentController",
      "GroupGUID": "cae498e0-d695-48ea-a49a-5033c6e9702c",
      "GroupPath": "Config/LevelOutput/Group/Groups_P43202_F43202006/LevelGroup_P43202_F43202006_G12.json"
    },
    {
      "ID": 13,
      "Name": "BrokenBridge",
      "GroupGUID": "813f8a5c-955c-4e5d-b56f-dea91ddb3971",
      "GroupPath": "Config/LevelOutput/Group/Groups_P43202_F43202006/LevelGroup_P43202_F43202006_G13.json"
    },
    {
      "ID": 14,
      "Name": "MainMission2020602_",
      "GroupGUID": "b34ade90-740b-47da-8ae4-9a0b2797b899",
      "GroupPath": "Config/LevelOutput/Group/Groups_P43202_F43202006/LevelGroup_P43202_F43202006_G14.json"
    },
    {
      "ID": 15,
      "Name": "Sequence_Light01_Fake",
      "GroupGUID": "59a39dde-fd59-4d14-ac80-4ab2ab364043",
      "GroupPath": "Config/LevelOutput/Group/Groups_P43202_F43202006/LevelGroup_P43202_F43202006_G15.json"
    },
    {
      "ID": 16,
      "Name": "Sequence_Light02_Fake",
      "GroupGUID": "26f6f04a-e35c-4bd2-a6ef-ed940425a538",
      "GroupPath": "Config/LevelOutput/Group/Groups_P43202_F43202006/LevelGroup_P43202_F43202006_G16.json"
    },
    {
      "ID": 17,
      "Name": "Sequence_Light03_Fake",
      "GroupGUID": "8b0b1b72-4aaa-4661-bc19-d5828ab1b777",
      "GroupPath": "Config/LevelOutput/Group/Groups_P43202_F43202006/LevelGroup_P43202_F43202006_G17.json"
    }
  ]
}