{
  "FloorID": 43213001,
  "FloorName": "FloorName_43213001",
  "StartGroupID": 1,
  "StartAnchorID": 1,
  "GroupList": [
    {
      "ID": 1,
      "Name": "DefaultGroup",
      "GroupGUID": "9002bc2f-8676-4795-b8c7-e527e1f9e4bc",
      "GroupPath": "Config/LevelOutput/Group/Groups_P43213_F43213001/LevelGroup_P43213_F43213001_G1.json"
    },
    {
      "ID": 11,
      "Name": "DefaultGroup",
      "GroupGUID": "3b133b0b-3164-456a-bb44-90771e4e47cd",
      "GroupPath": "Config/LevelOutput/Group/Groups_P43213_F43213001/LevelGroup_P43213_F43213001_G11.json"
    },
    {
      "ID": 12,
      "Name": "enviroProfile",
      "GroupGUID": "70bc95f2-5952-4f1e-a415-85ced79bdfb2",
      "GroupPath": "Config/LevelOutput/Group/Groups_P43213_F43213001/LevelGroup_P43213_F43213001_G12.json"
    },
    {
      "ID": 13,
      "Name": "Sound",
      "GroupGUID": "0dc95ec2-4440-40db-a4d7-4333020b886b",
      "GroupPath": "Config/LevelOutput/Group/Groups_P43213_F43213001/LevelGroup_P43213_F43213001_G13.json"
    },
    {
      "ID": 14,
      "Name": "BATProp",
      "GroupGUID": "e46d3f74-a466-4787-bc9c-651c7c23628d",
      "GroupPath": "Config/LevelOutput/Group/Groups_P43213_F43213001/LevelGroup_P43213_F43213001_G14.json"
    },
    {
      "ID": 15,
      "Name": "MainMission8015112_Main",
      "GroupGUID": "72e97f3d-b91d-4520-8cac-3eef4e149c3a",
      "GroupPath": "Config/LevelOutput/Group/Groups_P43213_F43213001/LevelGroup_P43213_F43213001_G15.json"
    },
    {
      "ID": 16,
      "Name": "CommandRobotPuzzle_Lv1",
      "GroupGUID": "92482233-e885-4be1-a832-c8dbbe0166a7",
      "GroupPath": "Config/LevelOutput/Group/Groups_P43213_F43213001/LevelGroup_P43213_F43213001_G16.json"
    },
    {
      "ID": 21,
      "Name": "CommandRobotPuzzle_Display",
      "GroupGUID": "1cf4a04c-1fc9-408a-a454-4c35ad380c9b",
      "GroupPath": "Config/LevelOutput/Group/Groups_P43213_F43213001/LevelGroup_P43213_F43213001_G21.json"
    },
    {
      "ID": 22,
      "Name": "BlockLines",
      "GroupGUID": "32a388cc-eba6-4ed3-8b85-911a67d76ec0",
      "GroupPath": "Config/LevelOutput/Group/Groups_P43213_F43213001/LevelGroup_P43213_F43213001_G22.json"
    },
    {
      "ID": 23,
      "Name": "CommandRobotPuzzle_Lv2",
      "GroupGUID": "e7d04f2e-c965-47c8-b2a0-6b82989e0560",
      "GroupPath": "Config/LevelOutput/Group/Groups_P43213_F43213001/LevelGroup_P43213_F43213001_G23.json"
    },
    {
      "ID": 24,
      "Name": "CommandRobotPuzzle_Lv3",
      "GroupGUID": "091eefc9-8735-4f07-85ee-f49c8b0196f0",
      "GroupPath": "Config/LevelOutput/Group/Groups_P43213_F43213001/LevelGroup_P43213_F43213001_G24.json"
    },
    {
      "ID": 25,
      "Name": "HunTianYi",
      "GroupGUID": "b9c6fd7b-2a93-4938-bb87-755dd08a24bc",
      "GroupPath": "Config/LevelOutput/Group/Groups_P43213_F43213001/LevelGroup_P43213_F43213001_G25.json"
    },
    {
      "ID": 26,
      "Name": "Checkpoint",
      "GroupGUID": "cfe5c18c-747f-48e6-b094-c4adbedb5ef4",
      "GroupPath": "Config/LevelOutput/Group/Groups_P43213_F43213001/LevelGroup_P43213_F43213001_G26.json"
    }
  ]
}