{
  "FloorID": 43210001,
  "FloorName": "FloorName_43210001",
  "StartGroupID": 1,
  "StartAnchorID": 1,
  "GroupList": [
    {
      "ID": 1,
      "Name": "DefaultGroup",
      "GroupGUID": "e799247f-32e6-4122-8479-6f798357744f",
      "GroupPath": "Config/LevelOutput/Group/Groups_P43210_F43210001/LevelGroup_P43210_F43210001_G1.json"
    },
    {
      "ID": 3,
      "IsDelete": true,
      "Name": "Portal",
      "GroupGUID": "98afbda4-4ff5-4240-b9a0-3a3b9ac58a66",
      "GroupPath": "Config/LevelOutput/Group/Groups_P43210_F43210001/LevelGroup_P43210_F43210001_G3.json"
    },
    {
      "ID": 4,
      "Name": "MainMission2021702_Portal",
      "GroupGUID": "b41add24-a1e3-41e1-83f3-aedef6664ec7",
      "GroupPath": "Config/LevelOutput/Group/Groups_P43210_F43210001/LevelGroup_P43210_F43210001_G4.json"
    },
    {
      "ID": 5,
      "Name": "MainMission2021702_PerformanceD",
      "GroupGUID": "93ae9939-a050-43de-8a46-a5815e4fb6a9",
      "GroupPath": "Config/LevelOutput/Group/Groups_P43210_F43210001/LevelGroup_P43210_F43210001_G5.json"
    },
    {
      "ID": 6,
      "Name": "MainMission2021702_PerformanceD_2",
      "GroupGUID": "037fe73c-30e6-418b-9712-030b7b8b6744",
      "GroupPath": "Config/LevelOutput/Group/Groups_P43210_F43210001/LevelGroup_P43210_F43210001_G6.json"
    },
    {
      "ID": 7,
      "Name": "MainMission2021702_FinalExit",
      "GroupGUID": "e76f1c17-b414-4f0a-9ab3-a9766d706291",
      "GroupPath": "Config/LevelOutput/Group/Groups_P43210_F43210001/LevelGroup_P43210_F43210001_G7.json"
    },
    {
      "ID": 8,
      "Name": "MainMission2021702_LightBridge",
      "GroupGUID": "ed19e997-d74a-4af4-9a55-edf74f85b454",
      "GroupPath": "Config/LevelOutput/Group/Groups_P43210_F43210001/LevelGroup_P43210_F43210001_G8.json"
    },
    {
      "ID": 11,
      "Name": "New Group",
      "GroupGUID": "9349067d-f7a5-49fb-8525-fe2508dbe0c8",
      "GroupPath": "Config/LevelOutput/Group/Groups_P43210_F43210001/LevelGroup_P43210_F43210001_G11.json"
    },
    {
      "ID": 12,
      "Name": "Sound",
      "GroupGUID": "db98ab9e-11ec-4197-948c-ffe3974dd709",
      "GroupPath": "Config/LevelOutput/Group/Groups_P43210_F43210001/LevelGroup_P43210_F43210001_G12.json"
    },
    {
      "ID": 14,
      "Name": "BattleArea",
      "GroupGUID": "8126e7de-f242-4772-a317-f6db7e176267",
      "GroupPath": "Config/LevelOutput/Group/Groups_P43210_F43210001/LevelGroup_P43210_F43210001_G14.json"
    }
  ]
}