{
  "FloorID": 43217002,
  "FloorName": "FloorName_43217002",
  "StartGroupID": 1,
  "StartAnchorID": 1,
  "GroupList": [
    {
      "ID": 1,
      "Name": "DefaultGroup",
      "GroupGUID": "fc9b5f21-de19-42c6-97fe-f84a94ae53f1",
      "GroupPath": "Config/LevelOutput/Group/Groups_P43217_F43217002/LevelGroup_P43217_F43217002_G1.json"
    },
    {
      "ID": 2,
      "Name": "Crowd",
      "GroupGUID": "0417df1a-c8ec-4059-9e36-c9718b7116b2",
      "GroupPath": "Config/LevelOutput/Group/Groups_P43217_F43217002/LevelGroup_P43217_F43217002_G2.json"
    },
    {
      "ID": 3,
      "Name": "MainMission8015156_801515604",
      "GroupGUID": "c488c93a-371a-470f-8939-2f47d54654a9",
      "GroupPath": "Config/LevelOutput/Group/Groups_P43217_F43217002/LevelGroup_P43217_F43217002_G3.json"
    },
    {
      "ID": 5,
      "Name": "Sound",
      "GroupGUID": "030343c5-355d-44a6-afce-68fa2b1a02be",
      "GroupPath": "Config/LevelOutput/Group/Groups_P43217_F43217002/LevelGroup_P43217_F43217002_G5.json"
    }
  ]
}