{
  "FloorID": 43217001,
  "FloorName": "FloorName_43217001",
  "StartGroupID": 1,
  "StartAnchorID": 1,
  "GroupList": [
    {
      "ID": 1,
      "Name": "DefaultGroup",
      "GroupGUID": "5d70da1e-d2f4-4b77-902d-7934c188bc01",
      "GroupPath": "Config/LevelOutput/Group/Groups_P43217_F43217001/LevelGroup_P43217_F43217001_G1.json"
    },
    {
      "ID": 2,
      "Name": "Crowd1",
      "GroupGUID": "e8c6d6f6-2b02-44a0-9bdb-0eef79c20342",
      "GroupPath": "Config/LevelOutput/Group/Groups_P43217_F43217001/LevelGroup_P43217_F43217001_G2.json"
    },
    {
      "ID": 3,
      "Name": "MainMission8015156_801515601",
      "GroupGUID": "319ccfd6-677c-4a30-99a8-4bfbd5ff7e67",
      "GroupPath": "Config/LevelOutput/Group/Groups_P43217_F43217001/LevelGroup_P43217_F43217001_G3.json"
    },
    {
      "ID": 4,
      "Name": "MainMission8015156_801515602",
      "GroupGUID": "9b33f87a-fb3d-4d2a-9fa1-479277a3819e",
      "GroupPath": "Config/LevelOutput/Group/Groups_P43217_F43217001/LevelGroup_P43217_F43217001_G4.json"
    },
    {
      "ID": 5,
      "Name": "MainMission8015156_801515606",
      "GroupGUID": "ea153cfe-51b5-4246-95df-d082f56244a0",
      "GroupPath": "Config/LevelOutput/Group/Groups_P43217_F43217001/LevelGroup_P43217_F43217001_G5.json"
    },
    {
      "ID": 6,
      "Name": "MainMission8015156_801515607",
      "GroupGUID": "319756cf-d0f6-4121-b387-b345bfc94422",
      "GroupPath": "Config/LevelOutput/Group/Groups_P43217_F43217001/LevelGroup_P43217_F43217001_G6.json"
    },
    {
      "ID": 7,
      "Name": "MainMission8015156_801515608",
      "GroupGUID": "9923ee25-51d0-4979-b986-f6041399ab52",
      "GroupPath": "Config/LevelOutput/Group/Groups_P43217_F43217001/LevelGroup_P43217_F43217001_G7.json"
    },
    {
      "ID": 8,
      "Name": "Sound",
      "GroupGUID": "ea0afd6c-3889-48b4-9141-3ad40e19b1d0",
      "GroupPath": "Config/LevelOutput/Group/Groups_P43217_F43217001/LevelGroup_P43217_F43217001_G8.json"
    },
    {
      "ID": 9,
      "Name": "Checkpoint",
      "GroupGUID": "a81a9a20-ec56-4bb0-acd5-a2cea5183695",
      "GroupPath": "Config/LevelOutput/Group/Groups_P43217_F43217001/LevelGroup_P43217_F43217001_G9.json"
    },
    {
      "ID": 10,
      "Name": "MainMission8015156_Qingque",
      "GroupGUID": "7b23f76e-c526-4330-b54b-42446051f7a1",
      "GroupPath": "Config/LevelOutput/Group/Groups_P43217_F43217001/LevelGroup_P43217_F43217001_G10.json"
    },
    {
      "ID": 11,
      "Name": "MainMission8015156_switch",
      "GroupGUID": "ea82fd5b-811e-4ed1-8164-33d13c4d3c48",
      "GroupPath": "Config/LevelOutput/Group/Groups_P43217_F43217001/LevelGroup_P43217_F43217001_G11.json"
    }
  ]
}