{
  "FloorID": 43202003,
  "FloorName": "FloorName_43202003",
  "StartGroupID": 1,
  "StartAnchorID": 1,
  "GroupList": [
    {
      "ID": 1,
      "Name": "DefaultGroup",
      "GroupGUID": "c1a3a4db-a00e-4f96-a7d6-a8901e297077",
      "GroupPath": "Config/LevelOutput/Group/Groups_P43202_F43202003/LevelGroup_P43202_F43202003_G1.json"
    },
    {
      "ID": 2,
      "Name": "Defalut_Group",
      "GroupGUID": "cfaeb919-5505-498f-97d5-cf2c78bb9bcb",
      "GroupPath": "Config/LevelOutput/Group/Groups_P43202_F43202003/LevelGroup_P43202_F43202003_G2.json"
    },
    {
      "ID": 3,
      "Name": "Sound",
      "GroupGUID": "2dcaabbb-d1e6-4757-a977-f9c4edb5a296",
      "GroupPath": "Config/LevelOutput/Group/Groups_P43202_F43202003/LevelGroup_P43202_F43202003_G3.json"
    },
    {
      "ID": 4,
      "Name": "MainMission2021002_",
      "GroupGUID": "b5bacd81-ffdc-4cf3-bb8a-5a2c9dac1c60",
      "GroupPath": "Config/LevelOutput/Group/Groups_P43202_F43202003/LevelGroup_P43202_F43202003_G4.json"
    },
    {
      "ID": 5,
      "Name": "MainMission2021002_",
      "GroupGUID": "f24815f2-8ace-4a86-ba74-6e06af3bbab7",
      "GroupPath": "Config/LevelOutput/Group/Groups_P43202_F43202003/LevelGroup_P43202_F43202003_G5.json"
    },
    {
      "ID": 6,
      "Name": "MainMission2021002_",
      "GroupGUID": "03481e01-efc8-4639-a199-4a151e6d0010",
      "GroupPath": "Config/LevelOutput/Group/Groups_P43202_F43202003/LevelGroup_P43202_F43202003_G6.json"
    },
    {
      "ID": 7,
      "Name": "MainMission2021002_Monster",
      "GroupGUID": "483d3f63-b468-4869-85d3-3574c3947866",
      "GroupPath": "Config/LevelOutput/Group/Groups_P43202_F43202003/LevelGroup_P43202_F43202003_G7.json"
    },
    {
      "ID": 8,
      "Name": "MainMission2021002_",
      "GroupGUID": "4aacac34-897d-490a-a1fb-4d0a0d615861",
      "GroupPath": "Config/LevelOutput/Group/Groups_P43202_F43202003/LevelGroup_P43202_F43202003_G8.json"
    },
    {
      "ID": 9,
      "Name": "Checkpoint",
      "GroupGUID": "b71eba74-bd9d-4d23-8b47-af6b570a72e9",
      "GroupPath": "Config/LevelOutput/Group/Groups_P43202_F43202003/LevelGroup_P43202_F43202003_G9.json"
    },
    {
      "ID": 10,
      "Name": "MPProp",
      "GroupGUID": "f21faa89-0dd6-4e78-b52a-bff4941a8cd3",
      "GroupPath": "Config/LevelOutput/Group/Groups_P43202_F43202003/LevelGroup_P43202_F43202003_G10.json"
    },
    {
      "ID": 11,
      "Name": "MainMission2021002_",
      "GroupGUID": "ca8ef59f-b7fc-427c-a185-fb13107362e0",
      "GroupPath": "Config/LevelOutput/Group/Groups_P43202_F43202003/LevelGroup_P43202_F43202003_G11.json"
    }
  ]
}