{
  "FloorID": 43214001,
  "FloorName": "FloorName_43214001",
  "StartGroupID": 1,
  "StartAnchorID": 1,
  "GroupList": [
    {
      "ID": 1,
      "Name": "DefaultGroup",
      "GroupGUID": "c16d4a66-4cfe-4915-9830-7b31d6dc9649",
      "GroupPath": "Config/LevelOutput/Group/Groups_P43214_F43214001/LevelGroup_P43214_F43214001_G1.json"
    },
    {
      "ID": 2,
      "Name": "DefaultGroup",
      "GroupGUID": "84fd725f-907d-4550-9556-8a3de2e8fd3b",
      "GroupPath": "Config/LevelOutput/Group/Groups_P43214_F43214001/LevelGroup_P43214_F43214001_G2.json"
    },
    {
      "ID": 3,
      "Name": "Default_BoundaryCamera_Client",
      "GroupGUID": "55c13582-a164-467e-8a6e-ec165cee145b",
      "GroupPath": "Config/LevelOutput/Group/Groups_P43214_F43214001/LevelGroup_P43214_F43214001_G3.json"
    },
    {
      "ID": 4,
      "Name": "Sound",
      "GroupGUID": "af1bcca6-74dc-4862-86fe-0d2c99762edf",
      "GroupPath": "Config/LevelOutput/Group/Groups_P43214_F43214001/LevelGroup_P43214_F43214001_G4.json"
    },
    {
      "ID": 5,
      "Name": "MainMission8015113_FirstTimeRaid",
      "GroupGUID": "5ab71f21-7033-469b-9e08-fd794f65d309",
      "GroupPath": "Config/LevelOutput/Group/Groups_P43214_F43214001/LevelGroup_P43214_F43214001_G5.json"
    },
    {
      "ID": 6,
      "Name": "MainMission8015123_SecondTimeRaid",
      "GroupGUID": "09bfc695-66b8-46aa-a927-7724cb39d3f2",
      "GroupPath": "Config/LevelOutput/Group/Groups_P43214_F43214001/LevelGroup_P43214_F43214001_G6.json"
    },
    {
      "ID": 7,
      "Name": "Checkpoint",
      "GroupGUID": "f1917bd5-0707-460b-879c-35221e0881b7",
      "GroupPath": "Config/LevelOutput/Group/Groups_P43214_F43214001/LevelGroup_P43214_F43214001_G7.json"
    }
  ]
}