{
  "FloorID": 43210002,
  "FloorName": "FloorName_43210002",
  "StartGroupID": 1,
  "StartAnchorID": 1,
  "GroupList": [
    {
      "ID": 1,
      "Name": "DefaultGroup",
      "GroupGUID": "630f18e5-aa3b-49b3-9fba-25fc40c558a6",
      "GroupPath": "Config/LevelOutput/Group/Groups_P43210_F43210002/LevelGroup_P43210_F43210002_G1.json"
    },
    {
      "ID": 2,
      "Name": "MainMission2021702_HH_TX_00",
      "GroupGUID": "2b1d955b-ddf0-4ea4-8564-0fd480f16e0a",
      "GroupPath": "Config/LevelOutput/Group/Groups_P43210_F43210002/LevelGroup_P43210_F43210002_G2.json"
    },
    {
      "ID": 3,
      "Name": "MainMission2021702_HH_TX_Room3",
      "GroupGUID": "eeb31fb1-ef83-429f-bfc4-7cbe1c81daf9",
      "GroupPath": "Config/LevelOutput/Group/Groups_P43210_F43210002/LevelGroup_P43210_F43210002_G3.json"
    },
    {
      "ID": 4,
      "Name": "MainMission2021702_HH_TX_03",
      "GroupGUID": "3e5b5769-ac3e-44cb-8acb-610e204a2bbd",
      "GroupPath": "Config/LevelOutput/Group/Groups_P43210_F43210002/LevelGroup_P43210_F43210002_G4.json"
    },
    {
      "ID": 5,
      "Name": "MainMission2021702_HH_TX_04",
      "GroupGUID": "a8d72a54-ef1f-4519-b401-e30b1e9563df",
      "GroupPath": "Config/LevelOutput/Group/Groups_P43210_F43210002/LevelGroup_P43210_F43210002_G5.json"
    },
    {
      "ID": 6,
      "Name": "MainMission2021702_HH_TX_05",
      "GroupGUID": "c79ad666-17fb-4664-a364-8195ccc1a4da",
      "GroupPath": "Config/LevelOutput/Group/Groups_P43210_F43210002/LevelGroup_P43210_F43210002_G6.json"
    },
    {
      "ID": 7,
      "Name": "MainMission2021702_HH_TX_06",
      "GroupGUID": "862b6531-89e2-4b21-96bd-3c1f86f7ad30",
      "GroupPath": "Config/LevelOutput/Group/Groups_P43210_F43210002/LevelGroup_P43210_F43210002_G7.json"
    },
    {
      "ID": 8,
      "Name": "RaidDoors",
      "GroupGUID": "fb9c4876-ddba-44da-8938-2a4d32d4bc78",
      "GroupPath": "Config/LevelOutput/Group/Groups_P43210_F43210002/LevelGroup_P43210_F43210002_G8.json"
    },
    {
      "ID": 10,
      "Name": "MainMission2021702_Room4",
      "GroupGUID": "ccaecae3-a015-4a13-be8f-2e175a109e82",
      "GroupPath": "Config/LevelOutput/Group/Groups_P43210_F43210002/LevelGroup_P43210_F43210002_G10.json"
    },
    {
      "ID": 11,
      "Name": "MainMission2021702_Room1",
      "GroupGUID": "77bca943-7084-4af7-8a29-f6fd3c9b6c94",
      "GroupPath": "Config/LevelOutput/Group/Groups_P43210_F43210002/LevelGroup_P43210_F43210002_G11.json"
    },
    {
      "ID": 13,
      "Name": "MainMission2021702_HH_TX_Room2",
      "GroupGUID": "2d7523c7-237f-476d-9a17-d4b88b978198",
      "GroupPath": "Config/LevelOutput/Group/Groups_P43210_F43210002/LevelGroup_P43210_F43210002_G13.json"
    },
    {
      "ID": 14,
      "Name": "MainMission2021702_HH_TX_Room1",
      "GroupGUID": "47ed022b-bbfd-4415-ab72-6e0349fde0d0",
      "GroupPath": "Config/LevelOutput/Group/Groups_P43210_F43210002/LevelGroup_P43210_F43210002_G14.json"
    },
    {
      "ID": 15,
      "Name": "RecoverPoint",
      "GroupGUID": "ad54609d-6ffe-4891-8a54-3dda83fa10be",
      "GroupPath": "Config/LevelOutput/Group/Groups_P43210_F43210002/LevelGroup_P43210_F43210002_G15.json"
    },
    {
      "ID": 16,
      "Name": "Sound",
      "GroupGUID": "d8b0f8a2-37a5-4896-a529-3ac1dd4188b4",
      "GroupPath": "Config/LevelOutput/Group/Groups_P43210_F43210002/LevelGroup_P43210_F43210002_G16.json"
    },
    {
      "ID": 17,
      "Name": "Sound",
      "GroupGUID": "3fb52d75-dc53-40a5-b399-018d3ac0dee8",
      "GroupPath": "Config/LevelOutput/Group/Groups_P43210_F43210002/LevelGroup_P43210_F43210002_G17.json"
    },
    {
      "ID": 18,
      "Name": "MainMission0_BattleArea",
      "GroupGUID": "b0e6b9bc-cd2f-4d21-90c8-e54d75308ae0",
      "GroupPath": "Config/LevelOutput/Group/Groups_P43210_F43210002/LevelGroup_P43210_F43210002_G18.json"
    }
  ]
}