{
  "FloorID": 43204001,
  "FloorName": "FloorName_43204001",
  "StartGroupID": 10,
  "StartAnchorID": 1,
  "GroupList": [
    {
      "ID": 8,
      "Name": "Sound",
      "GroupGUID": "8109d8a0-10ad-4aaa-84a1-20b4e8d854fc",
      "GroupPath": "Config/LevelOutput/Group/Groups_P43204_F43204001/LevelGroup_P43204_F43204001_G8.json"
    },
    {
      "ID": 10,
      "Name": "DefaultGroup",
      "GroupGUID": "eaf1507d-354f-4a95-98bc-7b24f41e7579",
      "GroupPath": "Config/LevelOutput/Group/Groups_P43204_F43204001/LevelGroup_P43204_F43204001_G10.json"
    },
    {
      "ID": 14,
      "Name": "Drone",
      "GroupGUID": "5b1f90a3-8b6d-4989-bbc3-b106db9dd95a",
      "GroupPath": "Config/LevelOutput/Group/Groups_P43204_F43204001/LevelGroup_P43204_F43204001_G14.json"
    },
    {
      "ID": 15,
      "Name": "Default_Camera",
      "GroupGUID": "17aa9331-07f4-4566-9d17-2f5a57c8dcf6",
      "GroupPath": "Config/LevelOutput/Group/Groups_P43204_F43204001/LevelGroup_P43204_F43204001_G15.json"
    },
    {
      "ID": 16,
      "Name": "MainMission8002213_",
      "GroupGUID": "cdca80b3-b58c-47c3-982f-7d54a036eb7d",
      "GroupPath": "Config/LevelOutput/Group/Groups_P43204_F43204001/LevelGroup_P43204_F43204001_G16.json"
    },
    {
      "ID": 21,
      "Name": "Default_BoundaryCamera_Client",
      "GroupGUID": "8d0b5ffa-4846-4ce3-94f2-9d66e653b388",
      "GroupPath": "Config/LevelOutput/Group/Groups_P43204_F43204001/LevelGroup_P43204_F43204001_G21.json"
    },
    {
      "ID": 22,
      "Name": "Default_BoundaryCamera_Client",
      "GroupGUID": "55ea5405-c575-4edb-9266-cf6adf98f3a9",
      "GroupPath": "Config/LevelOutput/Group/Groups_P43204_F43204001/LevelGroup_P43204_F43204001_G22.json"
    },
    {
      "ID": 23,
      "Name": "Default_BoundaryCamera_Client",
      "GroupGUID": "8ebbd10a-d379-48bc-a296-b6b18ad012ff",
      "GroupPath": "Config/LevelOutput/Group/Groups_P43204_F43204001/LevelGroup_P43204_F43204001_G23.json"
    },
    {
      "ID": 24,
      "Name": "Default_BoundaryCamera_Client",
      "GroupGUID": "8664482c-9afc-49e5-9b21-3f57e672bf0e",
      "GroupPath": "Config/LevelOutput/Group/Groups_P43204_F43204001/LevelGroup_P43204_F43204001_G24.json"
    },
    {
      "ID": 25,
      "Name": "Default_SceneProp_Censer",
      "GroupGUID": "0696f476-cbe4-4d75-8a88-462afcf9e481",
      "GroupPath": "Config/LevelOutput/Group/Groups_P43204_F43204001/LevelGroup_P43204_F43204001_G25.json"
    }
  ]
}