{
  "FloorID": 43207002,
  "FloorName": "FloorName_43207002",
  "StartGroupID": 1,
  "StartAnchorID": 1,
  "GroupList": [
    {
      "ID": 1,
      "Name": "DefaultGroup",
      "GroupGUID": "d26bf4a2-39d4-4850-ae42-a37db3ce3811",
      "GroupPath": "Config/LevelOutput/Group/Groups_P43207_F43207002/LevelGroup_P43207_F43207002_G1.json"
    },
    {
      "ID": 2,
      "Name": "DefaultGroup",
      "GroupGUID": "85846288-4e90-4d7e-ad67-6cc3d9f3bb40",
      "GroupPath": "Config/LevelOutput/Group/Groups_P43207_F43207002/LevelGroup_P43207_F43207002_G2.json"
    },
    {
      "ID": 3,
      "Name": "Default_Camera",
      "GroupGUID": "dea9114a-a9f0-40c0-814b-202f11c5d6b7",
      "GroupPath": "Config/LevelOutput/Group/Groups_P43207_F43207002/LevelGroup_P43207_F43207002_G3.json"
    },
    {
      "ID": 4,
      "Name": "Sound",
      "GroupGUID": "84183617-2c00-4994-ae38-579e929895a0",
      "GroupPath": "Config/LevelOutput/Group/Groups_P43207_F43207002/LevelGroup_P43207_F43207002_G4.json"
    },
    {
      "ID": 5,
      "Name": "MainMission8002233_",
      "GroupGUID": "5e3305d5-9f4f-4cb9-8be7-16c1cc8ac77e",
      "GroupPath": "Config/LevelOutput/Group/Groups_P43207_F43207002/LevelGroup_P43207_F43207002_G5.json"
    },
    {
      "ID": 6,
      "Name": "MainMission8002233_",
      "GroupGUID": "22652d95-7331-4710-9d1d-b07f08f7bbec",
      "GroupPath": "Config/LevelOutput/Group/Groups_P43207_F43207002/LevelGroup_P43207_F43207002_G6.json"
    },
    {
      "ID": 7,
      "Name": "MainMission8002233_",
      "GroupGUID": "42508b88-f1d8-43b1-9256-39c41fff05fe",
      "GroupPath": "Config/LevelOutput/Group/Groups_P43207_F43207002/LevelGroup_P43207_F43207002_G7.json"
    },
    {
      "ID": 8,
      "Name": "MainMission8002233_",
      "GroupGUID": "559ee418-d512-476e-978c-e511d2d19d77",
      "GroupPath": "Config/LevelOutput/Group/Groups_P43207_F43207002/LevelGroup_P43207_F43207002_G8.json"
    },
    {
      "ID": 9,
      "Name": "Default_Elevator_01",
      "GroupGUID": "ffdc68f9-2b4a-4300-9656-8163c5ef7cbd",
      "GroupPath": "Config/LevelOutput/Group/Groups_P43207_F43207002/LevelGroup_P43207_F43207002_G9.json"
    },
    {
      "ID": 10,
      "Name": "MainMission8002233_",
      "GroupGUID": "dcece3bf-c7dd-40e9-bea7-c49fd582db44",
      "GroupPath": "Config/LevelOutput/Group/Groups_P43207_F43207002/LevelGroup_P43207_F43207002_G10.json"
    },
    {
      "ID": 16,
      "Name": "Default_BoundaryCamera_Client",
      "GroupGUID": "b75b4286-27fa-4ee5-90b7-c6e04b0d6e29",
      "GroupPath": "Config/LevelOutput/Group/Groups_P43207_F43207002/LevelGroup_P43207_F43207002_G16.json"
    },
    {
      "ID": 17,
      "Name": "Default_BoundaryCamera_Client",
      "GroupGUID": "acb623ec-3f1a-4faa-b441-09985a7863b7",
      "GroupPath": "Config/LevelOutput/Group/Groups_P43207_F43207002/LevelGroup_P43207_F43207002_G17.json"
    },
    {
      "ID": 18,
      "Name": "Default_BoundaryCamera_Client",
      "GroupGUID": "7afb5e45-6144-4ddb-b3db-4fa87e6ed541",
      "GroupPath": "Config/LevelOutput/Group/Groups_P43207_F43207002/LevelGroup_P43207_F43207002_G18.json"
    },
    {
      "ID": 19,
      "Name": "Default_BoundaryCamera_Client",
      "GroupGUID": "6b82c374-f82e-4771-9cc2-7cfefa1dcb99",
      "GroupPath": "Config/LevelOutput/Group/Groups_P43207_F43207002/LevelGroup_P43207_F43207002_G19.json"
    },
    {
      "ID": 20,
      "Name": "Default_SceneProp_Censer",
      "GroupGUID": "56533ae5-afb9-44b0-b44f-514455eccd2a",
      "GroupPath": "Config/LevelOutput/Group/Groups_P43207_F43207002/LevelGroup_P43207_F43207002_G20.json"
    }
  ]
}