{
  "FloorID": 44201001,
  "FloorName": "MazeText_Empty",
  "StartGroupID": 1,
  "StartAnchorID": 1,
  "GroupList": [
    {
      "ID": 1,
      "Name": "Default",
      "GroupGUID": "8145a558-579a-4e36-bbd4-a7d633114f9e",
      "GroupPath": "Config/LevelOutput/Group/Groups_P44201_F44201001/LevelGroup_P44201_F44201001_G1.json"
    },
    {
      "ID": 9,
      "Name": "MainMission4072011_Wave1_NPC",
      "GroupGUID": "db174fa8-6a19-42e1-9a11-06daf628952b",
      "GroupPath": "Config/LevelOutput/Group/Groups_P44201_F44201001/LevelGroup_P44201_F44201001_G9.json"
    },
    {
      "ID": 16,
      "Name": "MainMission4072011_Wave2_PropTrigger",
      "GroupGUID": "85210b6a-1b87-489b-a8a3-1a482d4a12ec",
      "GroupPath": "Config/LevelOutput/Group/Groups_P44201_F44201001/LevelGroup_P44201_F44201001_G16.json"
    },
    {
      "ID": 4,
      "Name": "MainMission4072011_Wave2_Monster",
      "GroupGUID": "70decfad-8a01-4117-9826-ed43a1d199f6",
      "GroupPath": "Config/LevelOutput/Group/Groups_P44201_F44201001/LevelGroup_P44201_F44201001_G4.json"
    },
    {
      "ID": 20,
      "Name": "MainMission4072011_Wave2_Point1",
      "GroupGUID": "90b652cf-1f78-407f-a10e-3f655d100120",
      "GroupPath": "Config/LevelOutput/Group/Groups_P44201_F44201001/LevelGroup_P44201_F44201001_G20.json"
    },
    {
      "ID": 17,
      "Name": "MainMission4072011_Wave3_Point1",
      "GroupGUID": "f7f476f6-906c-4704-9620-7b585ec1b7b6",
      "GroupPath": "Config/LevelOutput/Group/Groups_P44201_F44201001/LevelGroup_P44201_F44201001_G17.json"
    },
    {
      "ID": 18,
      "Name": "MainMission4072011_Wave3_Point2",
      "GroupGUID": "b9529940-69d9-4ed7-9498-9f69711280ff",
      "GroupPath": "Config/LevelOutput/Group/Groups_P44201_F44201001/LevelGroup_P44201_F44201001_G18.json"
    },
    {
      "ID": 25,
      "Name": "MainMission4072011_Wave3_Point1",
      "GroupGUID": "3be3772a-f42a-4952-b3e6-d604d886520b",
      "GroupPath": "Config/LevelOutput/Group/Groups_P44201_F44201001/LevelGroup_P44201_F44201001_G25.json"
    },
    {
      "ID": 27,
      "Name": "MainMission4072011_Wave3_Point1",
      "GroupGUID": "0dd30684-eac1-451e-8467-76d8b09242eb",
      "GroupPath": "Config/LevelOutput/Group/Groups_P44201_F44201001/LevelGroup_P44201_F44201001_G27.json"
    },
    {
      "ID": 8,
      "Name": "MainMission4072011_Wave3_Point3",
      "GroupGUID": "38ed6194-d3c5-43de-97cb-5a16bfc87887",
      "GroupPath": "Config/LevelOutput/Group/Groups_P44201_F44201001/LevelGroup_P44201_F44201001_G8.json"
    },
    {
      "ID": 5,
      "Name": "MainMission4072011_GameplayButton",
      "GroupGUID": "190d4250-a042-4357-8eee-ef60e251fb7c",
      "GroupPath": "Config/LevelOutput/Group/Groups_P44201_F44201001/LevelGroup_P44201_F44201001_G5.json"
    },
    {
      "ID": 6,
      "Name": "BlockLines",
      "GroupGUID": "eebcfeb1-3758-46e3-a09c-7132f36f7bc0",
      "GroupPath": "Config/LevelOutput/Group/Groups_P44201_F44201001/LevelGroup_P44201_F44201001_G6.json"
    },
    {
      "ID": 7,
      "Name": "Checkpoint",
      "GroupGUID": "74df1480-63ac-4fba-b918-a35049715a36",
      "GroupPath": "Config/LevelOutput/Group/Groups_P44201_F44201001/LevelGroup_P44201_F44201001_G7.json"
    },
    {
      "ID": 13,
      "Name": "Sound",
      "GroupGUID": "d3263956-7c13-4758-93a6-e1b7c826e101",
      "GroupPath": "Config/LevelOutput/Group/Groups_P44201_F44201001/LevelGroup_P44201_F44201001_G13.json"
    },
    {
      "ID": 14,
      "Name": "SeaBlock",
      "GroupGUID": "7c8f0af0-e218-4bd5-bba6-be366eeff1f0",
      "GroupPath": "Config/LevelOutput/Group/Groups_P44201_F44201001/LevelGroup_P44201_F44201001_G14.json"
    },
    {
      "ID": 19,
      "Name": "MainMission4072011_Wave3_Monster",
      "GroupGUID": "25c96d4d-e4cb-4f9c-a9ef-b7265f25294b",
      "GroupPath": "Config/LevelOutput/Group/Groups_P44201_F44201001/LevelGroup_P44201_F44201001_G19.json"
    },
    {
      "ID": 23,
      "Name": "MainMission4072011_Wave3_Point2",
      "GroupGUID": "64e2078c-da47-4078-9fe7-d71b0f882bea",
      "GroupPath": "Config/LevelOutput/Group/Groups_P44201_F44201001/LevelGroup_P44201_F44201001_G23.json"
    },
    {
      "ID": 24,
      "Name": "MPProp",
      "GroupGUID": "335ad07f-d6f3-45dd-85f5-a7c2306cf687",
      "GroupPath": "Config/LevelOutput/Group/Groups_P44201_F44201001/LevelGroup_P44201_F44201001_G24.json"
    },
    {
      "ID": 26,
      "Name": "ChallengeTarget",
      "GroupGUID": "d276a400-7b03-4b4b-ad0b-c2919f0d2544",
      "GroupPath": "Config/LevelOutput/Group/Groups_P44201_F44201001/LevelGroup_P44201_F44201001_G26.json"
    },
    {
      "ID": 29,
      "Name": "EnviromentController",
      "GroupGUID": "818e36f2-4d68-4bde-839e-60e7728c105d",
      "GroupPath": "Config/LevelOutput/Group/Groups_P44201_F44201001/LevelGroup_P44201_F44201001_G29.json"
    }
  ]
}