{
  "FloorID": 44201003,
  "FloorName": "MazeText_Empty",
  "StartGroupID": 1,
  "StartAnchorID": 1,
  "GroupList": [
    {
      "ID": 1,
      "Name": "DefaultGroup",
      "GroupGUID": "8e37f63b-1d70-4ad0-b70c-1d14fbced711",
      "GroupPath": "Config/LevelOutput/Group/Groups_P44201_F44201003/LevelGroup_P44201_F44201003_G1.json"
    },
    {
      "ID": 2,
      "Name": "Default",
      "GroupGUID": "6a5588db-18b3-49bc-8cf6-60b06cfdcf64",
      "GroupPath": "Config/LevelOutput/Group/Groups_P44201_F44201003/LevelGroup_P44201_F44201003_G2.json"
    },
    {
      "ID": 5,
      "Name": "BlockLines",
      "GroupGUID": "be13e584-5ee3-44f7-84ce-2f6fb27d7818",
      "GroupPath": "Config/LevelOutput/Group/Groups_P44201_F44201003/LevelGroup_P44201_F44201003_G5.json"
    },
    {
      "ID": 6,
      "Name": "Checkpoint",
      "GroupGUID": "867ec2db-3e17-4450-8ef1-f35202e664ed",
      "GroupPath": "Config/LevelOutput/Group/Groups_P44201_F44201003/LevelGroup_P44201_F44201003_G6.json"
    },
    {
      "ID": 7,
      "Name": "Gameplay_Sneek_ForSpecialVision",
      "GroupGUID": "0a92129c-8f78-4f01-a318-3bc34f8b6bdd",
      "GroupPath": "Config/LevelOutput/Group/Groups_P44201_F44201003/LevelGroup_P44201_F44201003_G7.json"
    },
    {
      "ID": 8,
      "Name": "MPProp",
      "GroupGUID": "135b9ada-3ea8-48ee-bf39-c46fb0cd3639",
      "GroupPath": "Config/LevelOutput/Group/Groups_P44201_F44201003/LevelGroup_P44201_F44201003_G8.json"
    },
    {
      "ID": 33,
      "Name": "MainMission4072013_Wave1_Monster1",
      "GroupGUID": "012cb94e-c834-4545-98b3-31191c6b7909",
      "GroupPath": "Config/LevelOutput/Group/Groups_P44201_F44201003/LevelGroup_P44201_F44201003_G33.json"
    },
    {
      "ID": 9,
      "Name": "MainMission4072013_Wave2_Monster1",
      "GroupGUID": "c2323eaf-0a04-4413-81f5-1a7e3a8127d4",
      "GroupPath": "Config/LevelOutput/Group/Groups_P44201_F44201003/LevelGroup_P44201_F44201003_G9.json"
    },
    {
      "ID": 23,
      "Name": "MainMission4072013_Wave1_Point",
      "GroupGUID": "8559c1d0-126d-42a9-acfa-b35d336cd1c8",
      "GroupPath": "Config/LevelOutput/Group/Groups_P44201_F44201003/LevelGroup_P44201_F44201003_G23.json"
    },
    {
      "ID": 14,
      "Name": "MainMission4072013_Wave3_Point1",
      "GroupGUID": "010cca31-6c3a-4ada-858c-d890544f3477",
      "GroupPath": "Config/LevelOutput/Group/Groups_P44201_F44201003/LevelGroup_P44201_F44201003_G14.json"
    },
    {
      "ID": 19,
      "Name": "MainMission4072013_Wave3_Boss",
      "GroupGUID": "b5eaef08-b3fd-45a0-b3f5-725e45df04d1",
      "GroupPath": "Config/LevelOutput/Group/Groups_P44201_F44201003/LevelGroup_P44201_F44201003_G19.json"
    },
    {
      "ID": 20,
      "Name": "MainMission4072013_Exit",
      "GroupGUID": "52778daa-b669-4e1e-b4c4-4ef545ecdd9a",
      "GroupPath": "Config/LevelOutput/Group/Groups_P44201_F44201003/LevelGroup_P44201_F44201003_G20.json"
    },
    {
      "ID": 25,
      "Name": "Sound",
      "GroupGUID": "e41ae7af-3471-4e4c-876a-72adf85b8f42",
      "GroupPath": "Config/LevelOutput/Group/Groups_P44201_F44201003/LevelGroup_P44201_F44201003_G25.json"
    },
    {
      "ID": 27,
      "Name": "PolymerSceneProp",
      "GroupGUID": "62b27f1f-9fc7-44ba-a37a-0f60969bc52f",
      "GroupPath": "Config/LevelOutput/Group/Groups_P44201_F44201003/LevelGroup_P44201_F44201003_G27.json"
    },
    {
      "ID": 36,
      "Name": "ChallengeTarget",
      "GroupGUID": "57611824-1c82-40c0-884c-19d0c3f01dde",
      "GroupPath": "Config/LevelOutput/Group/Groups_P44201_F44201003/LevelGroup_P44201_F44201003_G36.json"
    },
    {
      "ID": 37,
      "Name": "MainMission4072013_ShipBefore",
      "GroupGUID": "0cc234a1-6188-4f3f-9e07-1c860363a870",
      "GroupPath": "Config/LevelOutput/Group/Groups_P44201_F44201003/LevelGroup_P44201_F44201003_G37.json"
    },
    {
      "ID": 38,
      "Name": "MainMission4072013_Door",
      "GroupGUID": "8464e878-bb24-4fbf-88bd-19280ab414db",
      "GroupPath": "Config/LevelOutput/Group/Groups_P44201_F44201003/LevelGroup_P44201_F44201003_G38.json"
    },
    {
      "ID": 39,
      "Name": "MainMission4072013_ShipAfter",
      "GroupGUID": "c72f93e7-7eca-42f9-9192-8a118168df87",
      "GroupPath": "Config/LevelOutput/Group/Groups_P44201_F44201003/LevelGroup_P44201_F44201003_G39.json"
    }
  ]
}