{
  "FloorID": 44202002,
  "FloorName": "FloorName_44202002",
  "StartGroupID": 1,
  "StartAnchorID": 1,
  "GroupList": [
    {
      "ID": 1,
      "Name": "DefaultGroup",
      "GroupGUID": "4f0b91bb-33c9-48a6-a596-fc1df2d96097",
      "GroupPath": "Config/LevelOutput/Group/Groups_P44202_F44202002/LevelGroup_P44202_F44202002_G1.json"
    },
    {
      "ID": 2,
      "Name": "DefaultGroup",
      "GroupGUID": "d675efb7-edb3-4889-a2f3-c3c941955583",
      "GroupPath": "Config/LevelOutput/Group/Groups_P44202_F44202002/LevelGroup_P44202_F44202002_G2.json"
    },
    {
      "ID": 3,
      "Name": "MonsterTemp",
      "GroupGUID": "bc095a3c-5e54-43a6-8702-bbb8ed168e70",
      "GroupPath": "Config/LevelOutput/Group/Groups_P44202_F44202002/LevelGroup_P44202_F44202002_G3.json"
    },
    {
      "ID": 6,
      "Name": "Tower",
      "GroupGUID": "0909a7e4-31e0-4307-a179-f4fd9c408e16",
      "GroupPath": "Config/LevelOutput/Group/Groups_P44202_F44202002/LevelGroup_P44202_F44202002_G6.json"
    },
    {
      "ID": 7,
      "Name": "BlockLines",
      "GroupGUID": "124c62fc-3eda-4bfa-a837-338857565f26",
      "GroupPath": "Config/LevelOutput/Group/Groups_P44202_F44202002/LevelGroup_P44202_F44202002_G7.json"
    },
    {
      "ID": 8,
      "Name": "MainMission4072022_BuffHint",
      "GroupGUID": "649813df-6f7a-4728-867e-deae6ad07525",
      "GroupPath": "Config/LevelOutput/Group/Groups_P44202_F44202002/LevelGroup_P44202_F44202002_G8.json"
    },
    {
      "ID": 9,
      "Name": "MPProp",
      "GroupGUID": "6c3c858a-f450-4133-895e-8aa7a1991477",
      "GroupPath": "Config/LevelOutput/Group/Groups_P44202_F44202002/LevelGroup_P44202_F44202002_G9.json"
    },
    {
      "ID": 10,
      "Name": "Checkpoint",
      "GroupGUID": "4529b84e-4530-4bf9-a7fa-760526b86561",
      "GroupPath": "Config/LevelOutput/Group/Groups_P44202_F44202002/LevelGroup_P44202_F44202002_G10.json"
    },
    {
      "ID": 11,
      "Name": "NPC",
      "GroupGUID": "3c454821-486e-4de8-846d-8ebda535ed9e",
      "GroupPath": "Config/LevelOutput/Group/Groups_P44202_F44202002/LevelGroup_P44202_F44202002_G11.json"
    },
    {
      "ID": 12,
      "Name": "SuiGardenElevator",
      "GroupGUID": "7f2466a8-5a44-49b4-89ba-2f0256e3c061",
      "GroupPath": "Config/LevelOutput/Group/Groups_P44202_F44202002/LevelGroup_P44202_F44202002_G12.json"
    },
    {
      "ID": 13,
      "Name": "Sound_01",
      "GroupGUID": "4777417b-cf84-4fbb-9fdb-e31c2b4b5de6",
      "GroupPath": "Config/LevelOutput/Group/Groups_P44202_F44202002/LevelGroup_P44202_F44202002_G13.json"
    }
  ]
}