{
  "FloorID": 44201002,
  "FloorName": "MazeText_Empty",
  "StartGroupID": 1,
  "StartAnchorID": 1,
  "GroupList": [
    {
      "ID": 1,
      "Name": "DefaultGroup",
      "GroupGUID": "53cbb8d9-b280-4111-94bf-fc2515e4f020",
      "GroupPath": "Config/LevelOutput/Group/Groups_P44201_F44201002/LevelGroup_P44201_F44201002_G1.json"
    },
    {
      "ID": 2,
      "Name": "DefaultGroup",
      "GroupGUID": "f6b11b60-9b03-49d9-bea6-5665e4a2fcc8",
      "GroupPath": "Config/LevelOutput/Group/Groups_P44201_F44201002/LevelGroup_P44201_F44201002_G2.json"
    },
    {
      "ID": 3,
      "Name": "Default_BoundaryCamera_Client",
      "GroupGUID": "5b1ba831-ad03-45d1-8964-d509365d222d",
      "GroupPath": "Config/LevelOutput/Group/Groups_P44201_F44201002/LevelGroup_P44201_F44201002_G3.json"
    },
    {
      "ID": 4,
      "Name": "Default_BoundaryCamera_Client",
      "GroupGUID": "32a8fb5f-6dea-44aa-8cbf-78167c77961b",
      "GroupPath": "Config/LevelOutput/Group/Groups_P44201_F44201002/LevelGroup_P44201_F44201002_G4.json"
    },
    {
      "ID": 5,
      "Name": "Default_BoundaryCamera_Client",
      "GroupGUID": "ebed7e0e-39fc-4d99-a864-820a0f710599",
      "GroupPath": "Config/LevelOutput/Group/Groups_P44201_F44201002/LevelGroup_P44201_F44201002_G5.json"
    },
    {
      "ID": 6,
      "Name": "Default_BoundaryCamera_Client",
      "GroupGUID": "de776b95-e470-4c4e-ab97-afa0381db017",
      "GroupPath": "Config/LevelOutput/Group/Groups_P44201_F44201002/LevelGroup_P44201_F44201002_G6.json"
    },
    {
      "ID": 7,
      "Name": "Default_BoundaryCamera_Client",
      "GroupGUID": "404b9199-dd9b-45f2-8588-c35a61a10b4d",
      "GroupPath": "Config/LevelOutput/Group/Groups_P44201_F44201002/LevelGroup_P44201_F44201002_G7.json"
    },
    {
      "ID": 8,
      "Name": "Sound",
      "GroupGUID": "7c5855c8-a195-4252-8768-7a5035a0980d",
      "GroupPath": "Config/LevelOutput/Group/Groups_P44201_F44201002/LevelGroup_P44201_F44201002_G8.json"
    },
    {
      "ID": 9,
      "Name": "BlockLines",
      "GroupGUID": "2b0f4dbf-1cd8-46ba-b135-b080b4c7bedc",
      "GroupPath": "Config/LevelOutput/Group/Groups_P44201_F44201002/LevelGroup_P44201_F44201002_G9.json"
    },
    {
      "ID": 10,
      "Name": "Checkpoint",
      "GroupGUID": "29195be2-84b0-4aec-ba7a-90c10c8c617b",
      "GroupPath": "Config/LevelOutput/Group/Groups_P44201_F44201002/LevelGroup_P44201_F44201002_G10.json"
    },
    {
      "ID": 24,
      "Name": "MainMission4072012_Wave1_Point1",
      "GroupGUID": "5d4f1406-4d56-41ed-a199-0b8a49c89564",
      "GroupPath": "Config/LevelOutput/Group/Groups_P44201_F44201002/LevelGroup_P44201_F44201002_G24.json"
    },
    {
      "ID": 48,
      "Name": "MainMission4072012_Wave1_Point1",
      "GroupGUID": "5ee8c9f7-0712-4d5e-9dc7-df9976657102",
      "GroupPath": "Config/LevelOutput/Group/Groups_P44201_F44201002/LevelGroup_P44201_F44201002_G48.json"
    },
    {
      "ID": 13,
      "Name": "MainMission4072012_Wave1_Monster",
      "GroupGUID": "92626217-3153-494d-8a1a-55d170adec8f",
      "GroupPath": "Config/LevelOutput/Group/Groups_P44201_F44201002/LevelGroup_P44201_F44201002_G13.json"
    },
    {
      "ID": 18,
      "Name": "MainMission4072012_Wave2A_Monster",
      "GroupGUID": "6a19fdc3-aeeb-4c70-bc09-f667271ff851",
      "GroupPath": "Config/LevelOutput/Group/Groups_P44201_F44201002/LevelGroup_P44201_F44201002_G18.json"
    },
    {
      "ID": 33,
      "Name": "MainMission4072012_NPCBird",
      "GroupGUID": "f74d80a1-9250-44e5-aa5f-a92f20774489",
      "GroupPath": "Config/LevelOutput/Group/Groups_P44201_F44201002/LevelGroup_P44201_F44201002_G33.json"
    },
    {
      "ID": 38,
      "Name": "MainMission4072012_Wave2_NPCTalk",
      "GroupGUID": "3bc2a88f-e2ab-40a9-869c-c303e27c4d96",
      "GroupPath": "Config/LevelOutput/Group/Groups_P44201_F44201002/LevelGroup_P44201_F44201002_G38.json"
    },
    {
      "ID": 14,
      "Name": "MainMission4072012_Wave2_Talk",
      "GroupGUID": "a855fb68-52fe-40b3-9f14-8ccdae6b114b",
      "GroupPath": "Config/LevelOutput/Group/Groups_P44201_F44201002/LevelGroup_P44201_F44201002_G14.json"
    },
    {
      "ID": 15,
      "Name": "MainMission4072012_Wave2A_Monster",
      "GroupGUID": "856cc213-90e7-47cf-b835-ee1c738ad930",
      "GroupPath": "Config/LevelOutput/Group/Groups_P44201_F44201002/LevelGroup_P44201_F44201002_G15.json"
    },
    {
      "ID": 42,
      "Name": "MainMission4072012_Wave2_Point1",
      "GroupGUID": "421025ca-1a6a-4c4b-9213-b32ceb5ca7fa",
      "GroupPath": "Config/LevelOutput/Group/Groups_P44201_F44201002/LevelGroup_P44201_F44201002_G42.json"
    },
    {
      "ID": 43,
      "Name": "MainMission4072012_Wave2_Point2",
      "GroupGUID": "26327e7e-2974-4363-bb1d-98a284a94409",
      "GroupPath": "Config/LevelOutput/Group/Groups_P44201_F44201002/LevelGroup_P44201_F44201002_G43.json"
    },
    {
      "ID": 30,
      "Name": "Gameplay_Sneek_ForSpecialVision",
      "GroupGUID": "8c7003a1-3074-4756-9a2d-dab671fed0e2",
      "GroupPath": "Config/LevelOutput/Group/Groups_P44201_F44201002/LevelGroup_P44201_F44201002_G30.json"
    },
    {
      "ID": 31,
      "Name": "Default_Elevator_02",
      "GroupGUID": "2c053e09-8efe-49d4-be2d-1b8e5d2c94ae",
      "GroupPath": "Config/LevelOutput/Group/Groups_P44201_F44201002/LevelGroup_P44201_F44201002_G31.json"
    },
    {
      "ID": 32,
      "Name": "Default_Elevator_01",
      "GroupGUID": "865b9079-440a-4681-9586-2f6319c71dcb",
      "GroupPath": "Config/LevelOutput/Group/Groups_P44201_F44201002/LevelGroup_P44201_F44201002_G32.json"
    },
    {
      "ID": 36,
      "Name": "MPProp",
      "GroupGUID": "80295f3e-b90e-42ab-9688-ff671762830e",
      "GroupPath": "Config/LevelOutput/Group/Groups_P44201_F44201002/LevelGroup_P44201_F44201002_G36.json"
    },
    {
      "ID": 41,
      "Name": "MainMission4072012_Wave3_Point2",
      "GroupGUID": "76821c98-fe02-45a6-8ec6-7eda39260d5d",
      "GroupPath": "Config/LevelOutput/Group/Groups_P44201_F44201002/LevelGroup_P44201_F44201002_G41.json"
    },
    {
      "ID": 44,
      "Name": "ChallengeTarget",
      "GroupGUID": "4d588e04-f5b1-47bf-b994-05ad813d7792",
      "GroupPath": "Config/LevelOutput/Group/Groups_P44201_F44201002/LevelGroup_P44201_F44201002_G44.json"
    }
  ]
}