{
  "FloorID": 44202001,
  "FloorName": "FloorName_44202001",
  "StartGroupID": 1,
  "StartAnchorID": 1,
  "GroupList": [
    {
      "ID": 1,
      "Name": "DefaultGroup",
      "GroupGUID": "5789662d-6c21-4899-b101-8eaa1f632ed6",
      "GroupPath": "Config/LevelOutput/Group/Groups_P44202_F44202001/LevelGroup_P44202_F44202001_G1.json"
    },
    {
      "ID": 2,
      "Name": "DefaultGroup",
      "GroupGUID": "fcf9e927-7fe2-4ee9-8aea-1ccb1575f40c",
      "GroupPath": "Config/LevelOutput/Group/Groups_P44202_F44202001/LevelGroup_P44202_F44202001_G2.json"
    },
    {
      "ID": 3,
      "Name": "MonsterTemp",
      "GroupGUID": "88ef269e-e315-456c-a07c-f4a378ed45b8",
      "GroupPath": "Config/LevelOutput/Group/Groups_P44202_F44202001/LevelGroup_P44202_F44202001_G3.json"
    },
    {
      "ID": 4,
      "Name": "Tower",
      "GroupGUID": "55ce1b91-72c7-470a-8000-37f90969fbb9",
      "GroupPath": "Config/LevelOutput/Group/Groups_P44202_F44202001/LevelGroup_P44202_F44202001_G4.json"
    },
    {
      "ID": 5,
      "Name": "BlockLines",
      "GroupGUID": "8f657ad7-3674-4354-b51d-14e479100c61",
      "GroupPath": "Config/LevelOutput/Group/Groups_P44202_F44202001/LevelGroup_P44202_F44202001_G5.json"
    },
    {
      "ID": 6,
      "Name": "MainMission4072021_BuffHint",
      "GroupGUID": "25e4bf6a-f37f-4b42-a151-369dfa12b9d2",
      "GroupPath": "Config/LevelOutput/Group/Groups_P44202_F44202001/LevelGroup_P44202_F44202001_G6.json"
    },
    {
      "ID": 7,
      "Name": "MPProp",
      "GroupGUID": "3525bb66-3880-40ca-a01f-a96049b39038",
      "GroupPath": "Config/LevelOutput/Group/Groups_P44202_F44202001/LevelGroup_P44202_F44202001_G7.json"
    },
    {
      "ID": 8,
      "Name": "Checkpoint",
      "GroupGUID": "f43ec895-5f5f-43a0-a0fa-6adbe27d4678",
      "GroupPath": "Config/LevelOutput/Group/Groups_P44202_F44202001/LevelGroup_P44202_F44202001_G8.json"
    },
    {
      "ID": 9,
      "Name": "NPC",
      "GroupGUID": "da9e5585-b5ef-4e7a-8bdb-c42c56752bae",
      "GroupPath": "Config/LevelOutput/Group/Groups_P44202_F44202001/LevelGroup_P44202_F44202001_G9.json"
    },
    {
      "ID": 10,
      "Name": "Sound_01",
      "GroupGUID": "460b9b2f-6109-4395-be46-796b42d168d1",
      "GroupPath": "Config/LevelOutput/Group/Groups_P44202_F44202001/LevelGroup_P44202_F44202001_G10.json"
    }
  ]
}