{
  "FloorID": 44202004,
  "FloorName": "FloorName_44202004",
  "StartGroupID": 1,
  "StartAnchorID": 1,
  "GroupList": [
    {
      "ID": 1,
      "Name": "DefaultGroup",
      "GroupGUID": "3481ec66-19d3-4fcd-a4de-d0d0952f96ed",
      "GroupPath": "Config/LevelOutput/Group/Groups_P44202_F44202004/LevelGroup_P44202_F44202004_G1.json"
    },
    {
      "ID": 2,
      "Name": "DefaultGroup",
      "GroupGUID": "3c96bad1-8949-4653-b402-8eddfcc3fae5",
      "GroupPath": "Config/LevelOutput/Group/Groups_P44202_F44202004/LevelGroup_P44202_F44202004_G2.json"
    },
    {
      "ID": 3,
      "Name": "MonsterTemp",
      "GroupGUID": "b7d2112b-cede-4066-bec7-151bcf599953",
      "GroupPath": "Config/LevelOutput/Group/Groups_P44202_F44202004/LevelGroup_P44202_F44202004_G3.json"
    },
    {
      "ID": 4,
      "Name": "MainMission4072024_BuffHint",
      "GroupGUID": "87ac2d06-2e00-4c62-bed3-949cee5acca7",
      "GroupPath": "Config/LevelOutput/Group/Groups_P44202_F44202004/LevelGroup_P44202_F44202004_G4.json"
    },
    {
      "ID": 6,
      "Name": "Tower",
      "GroupGUID": "e68979aa-8e7a-4326-98a7-2434f3d76733",
      "GroupPath": "Config/LevelOutput/Group/Groups_P44202_F44202004/LevelGroup_P44202_F44202004_G6.json"
    },
    {
      "ID": 7,
      "Name": "BlockLines",
      "GroupGUID": "cab08a8c-8038-4f9c-8670-0b80da47c6e5",
      "GroupPath": "Config/LevelOutput/Group/Groups_P44202_F44202004/LevelGroup_P44202_F44202004_G7.json"
    },
    {
      "ID": 9,
      "Name": "MPProp",
      "GroupGUID": "c1a4924b-e4e3-4e06-9466-bf2b617d91cc",
      "GroupPath": "Config/LevelOutput/Group/Groups_P44202_F44202004/LevelGroup_P44202_F44202004_G9.json"
    },
    {
      "ID": 10,
      "Name": "Checkpoint",
      "GroupGUID": "99d167db-2f57-467c-81bd-2fa0faa44cd7",
      "GroupPath": "Config/LevelOutput/Group/Groups_P44202_F44202004/LevelGroup_P44202_F44202004_G10.json"
    },
    {
      "ID": 11,
      "Name": "NPC",
      "GroupGUID": "c09ca472-fbfe-49ff-9d36-4b95893da948",
      "GroupPath": "Config/LevelOutput/Group/Groups_P44202_F44202004/LevelGroup_P44202_F44202004_G11.json"
    },
    {
      "ID": 12,
      "Name": "Sound_01",
      "GroupGUID": "a728fa27-76d4-4d88-a697-11e2ed2b27f5",
      "GroupPath": "Config/LevelOutput/Group/Groups_P44202_F44202004/LevelGroup_P44202_F44202004_G12.json"
    }
  ]
}