{
  "FloorID": 44202003,
  "FloorName": "FloorName_44202003",
  "StartGroupID": 1,
  "StartAnchorID": 1,
  "GroupList": [
    {
      "ID": 1,
      "Name": "DefaultGroup",
      "GroupGUID": "7f78328c-cdb7-4f1e-a011-24f22e76c222",
      "GroupPath": "Config/LevelOutput/Group/Groups_P44202_F44202003/LevelGroup_P44202_F44202003_G1.json"
    },
    {
      "ID": 2,
      "Name": "DefaultGroup",
      "GroupGUID": "4b83253e-b3a7-435d-aea4-29a21bda4e08",
      "GroupPath": "Config/LevelOutput/Group/Groups_P44202_F44202003/LevelGroup_P44202_F44202003_G2.json"
    },
    {
      "ID": 3,
      "Name": "MonsterTemp",
      "GroupGUID": "ba323963-2e0c-4f8c-9492-936251e538df",
      "GroupPath": "Config/LevelOutput/Group/Groups_P44202_F44202003/LevelGroup_P44202_F44202003_G3.json"
    },
    {
      "ID": 4,
      "Name": "MainMission4072023_BuffHint",
      "GroupGUID": "c1cc7c8e-5239-41ea-b4b9-1f4e83c8e2a7",
      "GroupPath": "Config/LevelOutput/Group/Groups_P44202_F44202003/LevelGroup_P44202_F44202003_G4.json"
    },
    {
      "ID": 6,
      "Name": "Tower",
      "GroupGUID": "f752d619-29cb-4920-bf15-c05d108f0614",
      "GroupPath": "Config/LevelOutput/Group/Groups_P44202_F44202003/LevelGroup_P44202_F44202003_G6.json"
    },
    {
      "ID": 7,
      "Name": "BlockLines",
      "GroupGUID": "1f4f960f-d9c4-4387-a960-f8d8e83cf32d",
      "GroupPath": "Config/LevelOutput/Group/Groups_P44202_F44202003/LevelGroup_P44202_F44202003_G7.json"
    },
    {
      "ID": 9,
      "Name": "MPProp",
      "GroupGUID": "19815653-7d2a-4d37-8895-1d04c8dacbb0",
      "GroupPath": "Config/LevelOutput/Group/Groups_P44202_F44202003/LevelGroup_P44202_F44202003_G9.json"
    },
    {
      "ID": 10,
      "Name": "Checkpoint",
      "GroupGUID": "20be88bf-3ed2-4d0a-bf3a-4372b2232b54",
      "GroupPath": "Config/LevelOutput/Group/Groups_P44202_F44202003/LevelGroup_P44202_F44202003_G10.json"
    },
    {
      "ID": 11,
      "Name": "NPC",
      "GroupGUID": "396a4deb-63ab-4af0-8113-1583b22678a1",
      "GroupPath": "Config/LevelOutput/Group/Groups_P44202_F44202003/LevelGroup_P44202_F44202003_G11.json"
    },
    {
      "ID": 12,
      "Name": "Sound_01",
      "GroupGUID": "62e14445-abf0-41f6-88ed-ea715ca8dd62",
      "GroupPath": "Config/LevelOutput/Group/Groups_P44202_F44202003/LevelGroup_P44202_F44202003_G12.json"
    }
  ]
}