{
  "FloorID": 80000001,
  "FloorName": "FloorName_80000001",
  "StartGroupID": 3,
  "StartAnchorID": 1,
  "GroupList": [
    {
      "ID": 3,
      "Name": "DefaultGroup",
      "GroupGUID": "9c542636-94d0-4dec-9100-15bb2fc31cdf",
      "GroupPath": "Config/LevelOutput/Group/Groups_P80000_F80000001/LevelGroup_P80000_F80000001_G3.json"
    },
    {
      "ID": 4,
      "Name": "TestRogueMission",
      "GroupGUID": "86b88d8c-b9f5-47ee-8b34-e56f0b756e02",
      "GroupPath": "Config/LevelOutput/Group/Groups_P80000_F80000001/LevelGroup_P80000_F80000001_G4.json"
    },
    {
      "ID": 6,
      "Name": "New Group",
      "GroupGUID": "0f41167b-c7cf-445d-a250-9c135045686f",
      "GroupPath": "Config/LevelOutput/Group/Groups_P80000_F80000001/LevelGroup_P80000_F80000001_G6.json"
    },
    {
      "ID": 7,
      "Name": "AirWall",
      "GroupGUID": "eb2083bc-dd26-489c-9506-fb44f0445add",
      "GroupPath": "Config/LevelOutput/Group/Groups_P80000_F80000001/LevelGroup_P80000_F80000001_G7.json"
    },
    {
      "ID": 30,
      "Name": "Sound",
      "GroupGUID": "c7bbee07-c160-490b-8b84-84d2bd45e905",
      "GroupPath": "Config/LevelOutput/Group/Groups_P80000_F80000001/LevelGroup_P80000_F80000001_G30.json"
    }
  ]
}