{
  "FloorID": 80001001,
  "FloorName": "FloorName_80001001",
  "StartGroupID": 1,
  "StartAnchorID": 1,
  "GroupList": [
    {
      "ID": 1,
      "Name": "New Group",
      "GroupGUID": "b18f4096-8856-4905-8e19-04d336bdb4af",
      "GroupPath": "Config/LevelOutput/Group/Groups_P80001_F80001001/LevelGroup_P80001_F80001001_G1.json"
    },
    {
      "ID": 2,
      "Name": "Rogue_Main_Boss",
      "GroupGUID": "94535386-1c5c-4342-a43a-b13f003249fd",
      "GroupPath": "Config/LevelOutput/Group/Groups_P80001_F80001001/LevelGroup_P80001_F80001001_G2.json"
    },
    {
      "ID": 10,
      "Name": "Rogue_BossRoom",
      "GroupGUID": "6463fb53-2a3e-4c39-a402-154f4686af40",
      "GroupPath": "Config/LevelOutput/Group/Groups_P80001_F80001001/LevelGroup_P80001_F80001001_G10.json"
    },
    {
      "ID": 3,
      "Name": "Rogue_Monster_Waypoints",
      "GroupGUID": "0e239e35-3540-4df0-9d17-8b773b2337e8",
      "GroupPath": "Config/LevelOutput/Group/Groups_P80001_F80001001/LevelGroup_P80001_F80001001_G3.json"
    },
    {
      "ID": 4,
      "Name": "Rogue_Monster_Waypoints",
      "GroupGUID": "d011e2dc-a15f-433c-91a8-92968c927f4e",
      "GroupPath": "Config/LevelOutput/Group/Groups_P80001_F80001001/LevelGroup_P80001_F80001001_G4.json"
    },
    {
      "ID": 5,
      "Name": "Rogue_Monster_Waypoints",
      "GroupGUID": "fdf907ed-ae03-4e2f-b187-667e2f693e0e",
      "GroupPath": "Config/LevelOutput/Group/Groups_P80001_F80001001/LevelGroup_P80001_F80001001_G5.json"
    },
    {
      "ID": 11,
      "Name": "Rogue_Monster_Waypoints",
      "GroupGUID": "bf782bd2-845b-4594-bb57-e0b7bec329e7",
      "GroupPath": "Config/LevelOutput/Group/Groups_P80001_F80001001/LevelGroup_P80001_F80001001_G11.json"
    },
    {
      "ID": 12,
      "Name": "Rogue_Monster_Waypoints",
      "GroupGUID": "ef6d1f51-9776-40be-8e91-292431e1ffa2",
      "GroupPath": "Config/LevelOutput/Group/Groups_P80001_F80001001/LevelGroup_P80001_F80001001_G12.json"
    },
    {
      "ID": 6,
      "Name": "Mission4030001",
      "GroupGUID": "f49bc018-07a5-4115-b871-af4946e91ce2",
      "GroupPath": "Config/LevelOutput/Group/Groups_P80001_F80001001/LevelGroup_P80001_F80001001_G6.json"
    },
    {
      "ID": 7,
      "Name": "Rogue_Main_Boss",
      "GroupGUID": "8068993f-a125-4a7b-a9a8-c22f962c0798",
      "GroupPath": "Config/LevelOutput/Group/Groups_P80001_F80001001/LevelGroup_P80001_F80001001_G7.json"
    },
    {
      "ID": 9,
      "Name": "Sound",
      "GroupGUID": "e3d04d44-a00e-48ca-809c-09e087570b2d",
      "GroupPath": "Config/LevelOutput/Group/Groups_P80001_F80001001/LevelGroup_P80001_F80001001_G9.json"
    }
  ]
}