{
  "FloorID": 80001003,
  "FloorName": "FloorName_80001003",
  "StartGroupID": 1,
  "StartAnchorID": 1,
  "GroupList": [
    {
      "ID": 1,
      "Name": "New Group",
      "GroupGUID": "b52f9b81-ad63-4581-8a54-72b0607f5fc0",
      "GroupPath": "Config/LevelOutput/Group/Groups_P80001_F80001003/LevelGroup_P80001_F80001003_G1.json"
    },
    {
      "ID": 2,
      "Name": "Rogue_Main_Boss",
      "GroupGUID": "148d09bc-e0e6-4b47-8071-e9e3f9cb977a",
      "GroupPath": "Config/LevelOutput/Group/Groups_P80001_F80001003/LevelGroup_P80001_F80001003_G2.json"
    },
    {
      "ID": 3,
      "Name": "Rogue_Monster_AddAvatar",
      "GroupGUID": "e8e53515-ace9-4621-8812-3b1830b134a8",
      "GroupPath": "Config/LevelOutput/Group/Groups_P80001_F80001003/LevelGroup_P80001_F80001003_G3.json"
    },
    {
      "ID": 4,
      "Name": "Rogue_Monster_Waypoints",
      "GroupGUID": "aa0158cc-47be-4e8e-88d0-8ef892277516",
      "GroupPath": "Config/LevelOutput/Group/Groups_P80001_F80001003/LevelGroup_P80001_F80001003_G4.json"
    },
    {
      "ID": 5,
      "Name": "Rogue_Main_Boss",
      "GroupGUID": "874a2c71-22a3-47c7-8f34-be7f977ab6a7",
      "GroupPath": "Config/LevelOutput/Group/Groups_P80001_F80001003/LevelGroup_P80001_F80001003_G5.json"
    },
    {
      "ID": 6,
      "Name": "Rogue_Monster_Waypoints",
      "GroupGUID": "6933d6e0-7be2-49d8-9ff5-77d926c7b254",
      "GroupPath": "Config/LevelOutput/Group/Groups_P80001_F80001003/LevelGroup_P80001_F80001003_G6.json"
    },
    {
      "ID": 7,
      "Name": "Rogue_Monster_Waypoints",
      "GroupGUID": "65504437-f2a6-42e6-9130-a88603c84a9b",
      "GroupPath": "Config/LevelOutput/Group/Groups_P80001_F80001003/LevelGroup_P80001_F80001003_G7.json"
    },
    {
      "ID": 8,
      "Name": "Rogue_NPC",
      "GroupGUID": "41801e72-f01a-46ca-a8e3-cec69b200d3d",
      "GroupPath": "Config/LevelOutput/Group/Groups_P80001_F80001003/LevelGroup_P80001_F80001003_G8.json"
    },
    {
      "ID": 9,
      "Name": "SmallRoom_NPC",
      "GroupGUID": "f8beee8d-8795-4011-b747-594d7a48b45c",
      "GroupPath": "Config/LevelOutput/Group/Groups_P80001_F80001003/LevelGroup_P80001_F80001003_G9.json"
    },
    {
      "ID": 10,
      "Name": "SmallRoom_Boss",
      "GroupGUID": "dcb4be9d-51d6-411a-9ce5-e6405812f925",
      "GroupPath": "Config/LevelOutput/Group/Groups_P80001_F80001003/LevelGroup_P80001_F80001003_G10.json"
    },
    {
      "ID": 11,
      "Name": "New Group",
      "GroupGUID": "79f6ffd8-4b8e-4c8c-b732-aa7e0ba0f0e0",
      "GroupPath": "Config/LevelOutput/Group/Groups_P80001_F80001003/LevelGroup_P80001_F80001003_G11.json"
    },
    {
      "ID": 13,
      "Name": "NewBeeMission",
      "GroupGUID": "1c85b48e-5ff5-418b-9f7b-fee7e385b482",
      "GroupPath": "Config/LevelOutput/Group/Groups_P80001_F80001003/LevelGroup_P80001_F80001003_G13.json"
    },
    {
      "ID": 15,
      "Name": "Mission4030003",
      "GroupGUID": "7502a50b-288a-41af-8dea-97ff971b8df8",
      "GroupPath": "Config/LevelOutput/Group/Groups_P80001_F80001003/LevelGroup_P80001_F80001003_G15.json"
    },
    {
      "ID": 17,
      "Name": "Sound",
      "GroupGUID": "077edbff-20e4-4b95-a3f3-c42afbdaaa55",
      "GroupPath": "Config/LevelOutput/Group/Groups_P80001_F80001003/LevelGroup_P80001_F80001003_G17.json"
    },
    {
      "ID": 18,
      "Name": "Rogue_StartRoom_Main",
      "GroupGUID": "aa125d32-7919-4a30-9835-8924038241d3",
      "GroupPath": "Config/LevelOutput/Group/Groups_P80001_F80001003/LevelGroup_P80001_F80001003_G18.json"
    },
    {
      "ID": 19,
      "Name": "Rogue_StartRoom_Monster",
      "GroupGUID": "df647ef3-96cc-4930-9b5b-7ef05f03c2af",
      "GroupPath": "Config/LevelOutput/Group/Groups_P80001_F80001003/LevelGroup_P80001_F80001003_G19.json"
    },
    {
      "ID": 20,
      "Name": "Rogue_StartRoom_Monster_Patrol",
      "GroupGUID": "f056e157-ff8c-436e-a0d7-01df9ff6527c",
      "GroupPath": "Config/LevelOutput/Group/Groups_P80001_F80001003/LevelGroup_P80001_F80001003_G20.json"
    },
    {
      "ID": 21,
      "Name": "Rogue_EventRoom",
      "GroupGUID": "5cc1fdb9-d2db-4cf6-bc3c-a13fc9dd4234",
      "GroupPath": "Config/LevelOutput/Group/Groups_P80001_F80001003/LevelGroup_P80001_F80001003_G21.json"
    },
    {
      "ID": 22,
      "Name": "Rogue_RestRoom",
      "GroupGUID": "656dfff7-014f-4443-8be2-08f9b4d6014d",
      "GroupPath": "Config/LevelOutput/Group/Groups_P80001_F80001003/LevelGroup_P80001_F80001003_G22.json"
    },
    {
      "ID": 23,
      "Name": "Rogue_BossRoom",
      "GroupGUID": "8d03d39f-689d-474a-a0a4-44859de70a6a",
      "GroupPath": "Config/LevelOutput/Group/Groups_P80001_F80001003/LevelGroup_P80001_F80001003_G23.json"
    }
  ]
}