{
  "FloorID": 80112001,
  "FloorName": "MazeText_Empty",
  "StartGroupID": 1,
  "StartAnchorID": 1,
  "GroupList": [
    {
      "ID": 1,
      "Name": "Default",
      "GroupGUID": "3c091ab4-b1cc-4f62-9dea-57ee007473c3",
      "GroupPath": "Config/LevelOutput/Group/Groups_P80112_F80112001/LevelGroup_P80112_F80112001_G1.json"
    },
    {
      "ID": 16,
      "Name": "CheckProp",
      "GroupGUID": "22af2b00-0379-4cab-a272-0b5ba097bf32",
      "GroupPath": "Config/LevelOutput/Group/Groups_P80112_F80112001/LevelGroup_P80112_F80112001_G16.json"
    },
    {
      "ID": 2,
      "Name": "NPC",
      "GroupGUID": "6d9e83fd-4187-4775-957c-f1459675281c",
      "GroupPath": "Config/LevelOutput/Group/Groups_P80112_F80112001/LevelGroup_P80112_F80112001_G2.json"
    },
    {
      "ID": 3,
      "Name": "RogueProp",
      "GroupGUID": "d3a665da-e9f5-4e29-8b9e-dcbda99d4903",
      "GroupPath": "Config/LevelOutput/Group/Groups_P80112_F80112001/LevelGroup_P80112_F80112001_G3.json"
    },
    {
      "ID": 4,
      "Name": "Hint",
      "GroupGUID": "d3171540-5a39-4ac2-9897-d9013d40a02b",
      "GroupPath": "Config/LevelOutput/Group/Groups_P80112_F80112001/LevelGroup_P80112_F80112001_G4.json"
    },
    {
      "ID": 5,
      "Name": "tutorial",
      "GroupGUID": "07f92aed-520c-42b8-99b2-5f82e2e8d06c",
      "GroupPath": "Config/LevelOutput/Group/Groups_P80112_F80112001/LevelGroup_P80112_F80112001_G5.json"
    },
    {
      "ID": 7,
      "Name": "NPC_Mission",
      "GroupGUID": "641db4cb-94eb-4ef8-ab7c-4a6ce9de22f6",
      "GroupPath": "Config/LevelOutput/Group/Groups_P80112_F80112001/LevelGroup_P80112_F80112001_G7.json"
    },
    {
      "ID": 9,
      "Name": "Cam_Test",
      "GroupGUID": "9d3f96ba-8a9a-4cc0-8bdb-6d52f9eb2fd2",
      "GroupPath": "Config/LevelOutput/Group/Groups_P80112_F80112001/LevelGroup_P80112_F80112001_G9.json"
    },
    {
      "ID": 10,
      "Name": "sound",
      "GroupGUID": "f8f5bb1e-be04-4fba-b8f9-2b3e3e327e2b",
      "GroupPath": "Config/LevelOutput/Group/Groups_P80112_F80112001/LevelGroup_P80112_F80112001_G10.json"
    },
    {
      "ID": 11,
      "Name": "TestRogueMission",
      "GroupGUID": "d3462b5c-e390-4dcc-870f-2b3828426609",
      "GroupPath": "Config/LevelOutput/Group/Groups_P80112_F80112001/LevelGroup_P80112_F80112001_G11.json"
    },
    {
      "ID": 12,
      "Name": "Mission4030003",
      "GroupGUID": "de552e96-aa32-441a-aa2b-f24c105d4720",
      "GroupPath": "Config/LevelOutput/Group/Groups_P80112_F80112001/LevelGroup_P80112_F80112001_G12.json"
    },
    {
      "ID": 13,
      "Name": "NewbeeMission",
      "GroupGUID": "b76771a7-5b12-41a5-b53f-3d89a7d1d360",
      "GroupPath": "Config/LevelOutput/Group/Groups_P80112_F80112001/LevelGroup_P80112_F80112001_G13.json"
    },
    {
      "ID": 14,
      "Name": "RogueMachine",
      "GroupGUID": "29d9074a-0a29-4b4b-a962-b7df3e24d6d0",
      "GroupPath": "Config/LevelOutput/Group/Groups_P80112_F80112001/LevelGroup_P80112_F80112001_G14.json"
    },
    {
      "ID": 15,
      "Name": "RogueMachine",
      "GroupGUID": "69df4fcb-f429-4179-a9ff-3a62b8b51184",
      "GroupPath": "Config/LevelOutput/Group/Groups_P80112_F80112001/LevelGroup_P80112_F80112001_G15.json"
    },
    {
      "ID": 18,
      "Name": "S2Mission",
      "GroupGUID": "c2728335-0c63-47e1-929e-f024d895a52a",
      "GroupPath": "Config/LevelOutput/Group/Groups_P80112_F80112001/LevelGroup_P80112_F80112001_G18.json"
    },
    {
      "ID": 19,
      "Name": "RogueBetaToFinish",
      "GroupGUID": "f33b13f6-a480-4957-a28b-1b94479b425c",
      "GroupPath": "Config/LevelOutput/Group/Groups_P80112_F80112001/LevelGroup_P80112_F80112001_G19.json"
    },
    {
      "ID": 17,
      "Name": "MainMission2000702_",
      "GroupGUID": "9e82ee9b-4568-4996-97f5-e22824168ed1",
      "GroupPath": "Config/LevelOutput/Group/Groups_P80112_F80112001/LevelGroup_P80112_F80112001_G17.json"
    },
    {
      "ID": 25,
      "Name": "MainMission2000704_",
      "GroupGUID": "24af6c41-9971-4c7e-b1a2-b4d54c4466c9",
      "GroupPath": "Config/LevelOutput/Group/Groups_P80112_F80112001/LevelGroup_P80112_F80112001_G25.json"
    },
    {
      "ID": 26,
      "Name": "RogueDLCEntance",
      "GroupGUID": "84176380-caad-4735-a493-9e38c251dbd3",
      "GroupPath": "Config/LevelOutput/Group/Groups_P80112_F80112001/LevelGroup_P80112_F80112001_G26.json"
    },
    {
      "ID": 27,
      "Name": "MainMission2000704_12",
      "GroupGUID": "e9b1efd0-da01-44f5-999a-f43319e914c8",
      "GroupPath": "Config/LevelOutput/Group/Groups_P80112_F80112001/LevelGroup_P80112_F80112001_G27.json"
    },
    {
      "ID": 30,
      "Name": "MainMission8013101_801310107",
      "GroupGUID": "fce1815b-c0e1-417c-a26f-20ec04bf7491",
      "GroupPath": "Config/LevelOutput/Group/Groups_P80112_F80112001/LevelGroup_P80112_F80112001_G30.json"
    },
    {
      "ID": 32,
      "Name": "MainMission8014161_1",
      "GroupGUID": "1ebae1db-b49a-4d90-afaf-3ab66d836827",
      "GroupPath": "Config/LevelOutput/Group/Groups_P80112_F80112001/LevelGroup_P80112_F80112001_G32.json"
    },
    {
      "ID": 33,
      "Name": "MainMission8013104_1",
      "GroupGUID": "a2e56fe6-f329-4422-81a0-0879ae40fbab",
      "GroupPath": "Config/LevelOutput/Group/Groups_P80112_F80112001/LevelGroup_P80112_F80112001_G33.json"
    },
    {
      "ID": 34,
      "Name": "MainMission8013101_1",
      "GroupGUID": "95ff6655-766e-410f-8392-88b7b55e4e53",
      "GroupPath": "Config/LevelOutput/Group/Groups_P80112_F80112001/LevelGroup_P80112_F80112001_G34.json"
    },
    {
      "ID": 35,
      "Name": "MainMission8013102_1",
      "GroupGUID": "00bc7a77-9542-4fc1-b97e-81eea6805153",
      "GroupPath": "Config/LevelOutput/Group/Groups_P80112_F80112001/LevelGroup_P80112_F80112001_G35.json"
    },
    {
      "ID": 36,
      "Name": "MainMission8013105_1",
      "GroupGUID": "f7552572-a4da-4ec0-a1a9-65e9fae5e9dc",
      "GroupPath": "Config/LevelOutput/Group/Groups_P80112_F80112001/LevelGroup_P80112_F80112001_G36.json"
    },
    {
      "ID": 37,
      "Name": "MainMission8013106_1",
      "GroupGUID": "ee8ad08b-3d79-499f-9094-521e345e3647",
      "GroupPath": "Config/LevelOutput/Group/Groups_P80112_F80112001/LevelGroup_P80112_F80112001_G37.json"
    },
    {
      "ID": 38,
      "Name": "MainMission8013107_1",
      "GroupGUID": "6b3bfc63-5195-46c6-a834-bd2706779708",
      "GroupPath": "Config/LevelOutput/Group/Groups_P80112_F80112001/LevelGroup_P80112_F80112001_G38.json"
    }
  ]
}