{
  "FloorID": 80204001,
  "FloorName": "MazeText_Empty",
  "StartGroupID": 1,
  "StartAnchorID": 1,
  "GroupList": [
    {
      "ID": 1,
      "Name": "DefaultGroup",
      "GroupGUID": "0ab3a125-4688-445b-90c4-7317d93d008d",
      "GroupPath": "Config/LevelOutput/Group/Groups_P80204_F80204001/LevelGroup_P80204_F80204001_G1.json"
    },
    {
      "ID": 2,
      "Name": "DefaultData",
      "GroupGUID": "78ec68ed-fbba-45a6-8fe9-edb8c9ac5a75",
      "GroupPath": "Config/LevelOutput/Group/Groups_P80204_F80204001/LevelGroup_P80204_F80204001_G2.json"
    },
    {
      "ID": 3,
      "Name": "Sound",
      "GroupGUID": "2130484c-eb97-410c-a452-a76579ba93ca",
      "GroupPath": "Config/LevelOutput/Group/Groups_P80204_F80204001/LevelGroup_P80204_F80204001_G3.json"
    },
    {
      "ID": 4,
      "Name": "New Group",
      "GroupGUID": "3c6ea610-6177-4c6b-8e1b-bb54372916f6",
      "GroupPath": "Config/LevelOutput/Group/Groups_P80204_F80204001/LevelGroup_P80204_F80204001_G4.json"
    },
    {
      "ID": 5,
      "Name": "New Group",
      "GroupGUID": "296cd4a5-be3a-4883-9bad-1181c800622b",
      "GroupPath": "Config/LevelOutput/Group/Groups_P80204_F80204001/LevelGroup_P80204_F80204001_G5.json"
    },
    {
      "ID": 6,
      "Name": "New Group",
      "GroupGUID": "d9bf3ec1-d3a2-4d09-a6a1-159fd51382db",
      "GroupPath": "Config/LevelOutput/Group/Groups_P80204_F80204001/LevelGroup_P80204_F80204001_G6.json"
    },
    {
      "ID": 7,
      "Name": "New Group",
      "GroupGUID": "c994694d-ccb8-42c4-8240-58c74f72713c",
      "GroupPath": "Config/LevelOutput/Group/Groups_P80204_F80204001/LevelGroup_P80204_F80204001_G7.json"
    },
    {
      "ID": 8,
      "Name": "New Group",
      "GroupGUID": "aa0f3107-af19-4fa2-986e-39f661b20cb3",
      "GroupPath": "Config/LevelOutput/Group/Groups_P80204_F80204001/LevelGroup_P80204_F80204001_G8.json"
    },
    {
      "ID": 9,
      "Name": "New Group",
      "GroupGUID": "9c5e76fa-dc0e-4d12-916f-31dd5217f9d5",
      "GroupPath": "Config/LevelOutput/Group/Groups_P80204_F80204001/LevelGroup_P80204_F80204001_G9.json"
    },
    {
      "ID": 21,
      "Name": "RogueDLC130_Area",
      "GroupGUID": "77373427-e8a3-4e12-93b0-2d6da35852d6",
      "GroupPath": "Config/LevelOutput/Group/Groups_P80204_F80204001/LevelGroup_P80204_F80204001_G21.json"
    },
    {
      "ID": 11,
      "Name": "RogueDLC130_BaseRest",
      "GroupGUID": "0104c5d7-b3e4-48b0-baf1-2d60377663fe",
      "GroupPath": "Config/LevelOutput/Group/Groups_P80204_F80204001/LevelGroup_P80204_F80204001_G11.json"
    },
    {
      "ID": 12,
      "Name": "RogueDLC130_Rest",
      "GroupGUID": "c585553d-a14b-4723-94c1-ac54f923d51b",
      "GroupPath": "Config/LevelOutput/Group/Groups_P80204_F80204001/LevelGroup_P80204_F80204001_G12.json"
    },
    {
      "ID": 20,
      "Name": "RogueDLC130_Area",
      "GroupGUID": "00cfe48b-f9c2-4d09-8dd1-deef11a59b3b",
      "GroupPath": "Config/LevelOutput/Group/Groups_P80204_F80204001/LevelGroup_P80204_F80204001_G20.json"
    },
    {
      "ID": 13,
      "Name": "RogueDLC130_BaseCommon",
      "GroupGUID": "bb45b1c3-3c68-4bf8-ace2-60217f34784a",
      "GroupPath": "Config/LevelOutput/Group/Groups_P80204_F80204001/LevelGroup_P80204_F80204001_G13.json"
    },
    {
      "ID": 14,
      "Name": "RogueDLC130_Event",
      "GroupGUID": "d54c0753-f49f-43d5-854b-9dd3b242dfd3",
      "GroupPath": "Config/LevelOutput/Group/Groups_P80204_F80204001/LevelGroup_P80204_F80204001_G14.json"
    },
    {
      "ID": 75,
      "Name": "RogueDLC130_MainMonster",
      "GroupGUID": "93f02279-caf9-44b2-891e-b6c7e1ece881",
      "GroupPath": "Config/LevelOutput/Group/Groups_P80204_F80204001/LevelGroup_P80204_F80204001_G75.json"
    },
    {
      "ID": 58,
      "Name": "RogueDLC130_BaseBoss",
      "GroupGUID": "8a19e741-8446-4d13-a761-b7f9ee9ccf11",
      "GroupPath": "Config/LevelOutput/Group/Groups_P80204_F80204001/LevelGroup_P80204_F80204001_G58.json"
    },
    {
      "ID": 59,
      "Name": "RogueDLC130_Elite",
      "GroupGUID": "5396abe6-ab78-452c-8099-c103180dfd03",
      "GroupPath": "Config/LevelOutput/Group/Groups_P80204_F80204001/LevelGroup_P80204_F80204001_G59.json"
    },
    {
      "ID": 17,
      "Name": "RogueDLC130_Area",
      "GroupGUID": "7881f153-1359-431c-bd75-69ad45f28db2",
      "GroupPath": "Config/LevelOutput/Group/Groups_P80204_F80204001/LevelGroup_P80204_F80204001_G17.json"
    },
    {
      "ID": 15,
      "Name": "RogueDLC130_BaseCommon",
      "GroupGUID": "6841486c-36eb-4bed-a5d3-10e42b83db98",
      "GroupPath": "Config/LevelOutput/Group/Groups_P80204_F80204001/LevelGroup_P80204_F80204001_G15.json"
    },
    {
      "ID": 66,
      "Name": "RogueDLC130_Event",
      "GroupGUID": "cd8199c3-85d3-4737-b89f-8fdcac2878a0",
      "GroupPath": "Config/LevelOutput/Group/Groups_P80204_F80204001/LevelGroup_P80204_F80204001_G66.json"
    },
    {
      "ID": 16,
      "Name": "RogueDLC130_MainMonster",
      "GroupGUID": "1d92f52d-5153-4ca8-9823-6517f028b975",
      "GroupPath": "Config/LevelOutput/Group/Groups_P80204_F80204001/LevelGroup_P80204_F80204001_G16.json"
    },
    {
      "ID": 65,
      "Name": "RogueDLC130_BaseCommon",
      "GroupGUID": "6668ee10-82ed-4315-b4f5-9a13d91c5287",
      "GroupPath": "Config/LevelOutput/Group/Groups_P80204_F80204001/LevelGroup_P80204_F80204001_G65.json"
    },
    {
      "ID": 67,
      "Name": "RogueDLC130_MainMonster",
      "GroupGUID": "490c2650-d48a-4f7e-9ce1-090ff50eaacc",
      "GroupPath": "Config/LevelOutput/Group/Groups_P80204_F80204001/LevelGroup_P80204_F80204001_G67.json"
    },
    {
      "ID": 68,
      "Name": "RogueDLC130_SubMonster",
      "GroupGUID": "1ad70031-ce5b-477e-90ba-67a866bd80fd",
      "GroupPath": "Config/LevelOutput/Group/Groups_P80204_F80204001/LevelGroup_P80204_F80204001_G68.json"
    },
    {
      "ID": 22,
      "Name": "RogueDLC130_Area",
      "GroupGUID": "66c47e2f-8695-4db9-81db-e3cd8fb85cb5",
      "GroupPath": "Config/LevelOutput/Group/Groups_P80204_F80204001/LevelGroup_P80204_F80204001_G22.json"
    },
    {
      "ID": 23,
      "Name": "RogueDLC130_BaseCommon",
      "GroupGUID": "90f8d260-15c4-4848-8587-081e00eabcad",
      "GroupPath": "Config/LevelOutput/Group/Groups_P80204_F80204001/LevelGroup_P80204_F80204001_G23.json"
    },
    {
      "ID": 24,
      "Name": "RogueDLC130_Event",
      "GroupGUID": "3cffcd90-50cd-4a01-adf0-1bdb2b7f030d",
      "GroupPath": "Config/LevelOutput/Group/Groups_P80204_F80204001/LevelGroup_P80204_F80204001_G24.json"
    },
    {
      "ID": 69,
      "Name": "RogueDLC130_MainMonster",
      "GroupGUID": "9e30b684-1ce1-4588-9e5d-c36c7008fd7f",
      "GroupPath": "Config/LevelOutput/Group/Groups_P80204_F80204001/LevelGroup_P80204_F80204001_G69.json"
    },
    {
      "ID": 81,
      "Name": "RogueDLC130_Area",
      "GroupGUID": "b8e60e57-faba-4b9c-a274-a7c96dc3b692",
      "GroupPath": "Config/LevelOutput/Group/Groups_P80204_F80204001/LevelGroup_P80204_F80204001_G81.json"
    },
    {
      "ID": 82,
      "Name": "RogueDLC130_BaseCommon",
      "GroupGUID": "3218c4b1-6dfc-4b73-a5e3-eebce65a22e3",
      "GroupPath": "Config/LevelOutput/Group/Groups_P80204_F80204001/LevelGroup_P80204_F80204001_G82.json"
    },
    {
      "ID": 83,
      "Name": "RogueDLC130_Event",
      "GroupGUID": "9c2241cc-79f4-4ca3-952a-6af17faa2808",
      "GroupPath": "Config/LevelOutput/Group/Groups_P80204_F80204001/LevelGroup_P80204_F80204001_G83.json"
    },
    {
      "ID": 84,
      "Name": "RogueDLC130_MainMonster",
      "GroupGUID": "8359ef2c-444c-4426-910d-de07e0e89c30",
      "GroupPath": "Config/LevelOutput/Group/Groups_P80204_F80204001/LevelGroup_P80204_F80204001_G84.json"
    },
    {
      "ID": 31,
      "Name": "RogueDLC130_Area",
      "GroupGUID": "e03c3284-ab2c-4d92-92b8-5f72dd196cdf",
      "GroupPath": "Config/LevelOutput/Group/Groups_P80204_F80204001/LevelGroup_P80204_F80204001_G31.json"
    },
    {
      "ID": 32,
      "Name": "RogueDLC130_BaseBoss",
      "GroupGUID": "3f3aaad1-f880-40af-a48b-6f2c21f8da02",
      "GroupPath": "Config/LevelOutput/Group/Groups_P80204_F80204001/LevelGroup_P80204_F80204001_G32.json"
    },
    {
      "ID": 33,
      "Name": "RogueDLC130_Boss",
      "GroupGUID": "c7344d9c-3670-453e-980b-0422dc08caa2",
      "GroupPath": "Config/LevelOutput/Group/Groups_P80204_F80204001/LevelGroup_P80204_F80204001_G33.json"
    },
    {
      "ID": 57,
      "Name": "RogueDLC130_SwarmBoss",
      "GroupGUID": "7010dc9c-9a9b-45f4-8bb1-af2aa5c64953",
      "GroupPath": "Config/LevelOutput/Group/Groups_P80204_F80204001/LevelGroup_P80204_F80204001_G57.json"
    },
    {
      "ID": 34,
      "Name": "RogueDLC130_Area",
      "GroupGUID": "5b4b727f-c924-4f72-a098-0f9eb1b633af",
      "GroupPath": "Config/LevelOutput/Group/Groups_P80204_F80204001/LevelGroup_P80204_F80204001_G34.json"
    },
    {
      "ID": 35,
      "Name": "RogueDLC130_BaseCommon",
      "GroupGUID": "d04f1806-15ac-4e8c-9664-5512cc271650",
      "GroupPath": "Config/LevelOutput/Group/Groups_P80204_F80204001/LevelGroup_P80204_F80204001_G35.json"
    },
    {
      "ID": 36,
      "Name": "RogueDLC130_MainMonster",
      "GroupGUID": "1cc87b7a-6da7-4c6b-acf4-0732c671da29",
      "GroupPath": "Config/LevelOutput/Group/Groups_P80204_F80204001/LevelGroup_P80204_F80204001_G36.json"
    },
    {
      "ID": 37,
      "Name": "RogueDLC130_SubMonster",
      "GroupGUID": "9d37c03d-e8d7-4275-b6c0-c328d6113274",
      "GroupPath": "Config/LevelOutput/Group/Groups_P80204_F80204001/LevelGroup_P80204_F80204001_G37.json"
    },
    {
      "ID": 70,
      "Name": "RogueDLC130_BaseCommon",
      "GroupGUID": "ca803f81-1db5-41e1-8dfd-7f05354010da",
      "GroupPath": "Config/LevelOutput/Group/Groups_P80204_F80204001/LevelGroup_P80204_F80204001_G70.json"
    },
    {
      "ID": 71,
      "Name": "RogueDLC130_Event",
      "GroupGUID": "11f206cd-d6c8-48be-95d5-7763971c139c",
      "GroupPath": "Config/LevelOutput/Group/Groups_P80204_F80204001/LevelGroup_P80204_F80204001_G71.json"
    },
    {
      "ID": 72,
      "Name": "RogueDLC130_MainMonster",
      "GroupGUID": "0001c1be-3d37-4600-a6f5-f29192a6bf87",
      "GroupPath": "Config/LevelOutput/Group/Groups_P80204_F80204001/LevelGroup_P80204_F80204001_G72.json"
    },
    {
      "ID": 38,
      "Name": "RogueDLC130_Area",
      "GroupGUID": "e8b076d0-1a99-4777-9b6c-1be5d289e0f9",
      "GroupPath": "Config/LevelOutput/Group/Groups_P80204_F80204001/LevelGroup_P80204_F80204001_G38.json"
    },
    {
      "ID": 39,
      "Name": "RogueDLC130_BaseCommon",
      "GroupGUID": "9b6a4b97-9172-4db7-8d93-f3812e8b2a6e",
      "GroupPath": "Config/LevelOutput/Group/Groups_P80204_F80204001/LevelGroup_P80204_F80204001_G39.json"
    },
    {
      "ID": 40,
      "Name": "RogueDLC130_MainMonster",
      "GroupGUID": "674ea0c9-ddb9-476e-9307-abdb4ab13450",
      "GroupPath": "Config/LevelOutput/Group/Groups_P80204_F80204001/LevelGroup_P80204_F80204001_G40.json"
    },
    {
      "ID": 41,
      "Name": "RogueDLC130_SubMonster",
      "GroupGUID": "230ff737-1074-4379-a4a4-ee252d1ed13f",
      "GroupPath": "Config/LevelOutput/Group/Groups_P80204_F80204001/LevelGroup_P80204_F80204001_G41.json"
    },
    {
      "ID": 42,
      "Name": "RogueDLC130_SubMonster",
      "GroupGUID": "a3f16a7c-d096-4d4f-8a4a-b7d3dafd872d",
      "GroupPath": "Config/LevelOutput/Group/Groups_P80204_F80204001/LevelGroup_P80204_F80204001_G42.json"
    },
    {
      "ID": 43,
      "Name": "RogueDLC130_Area",
      "GroupGUID": "4ce4825d-9f14-4a23-b051-f2b8a42448b0",
      "GroupPath": "Config/LevelOutput/Group/Groups_P80204_F80204001/LevelGroup_P80204_F80204001_G43.json"
    },
    {
      "ID": 76,
      "Name": "RogueDLC130_BaseEmpty",
      "GroupGUID": "7e58d450-f670-4287-bc03-7f00005cbf7c",
      "GroupPath": "Config/LevelOutput/Group/Groups_P80204_F80204001/LevelGroup_P80204_F80204001_G76.json"
    },
    {
      "ID": 44,
      "Name": "RogueDLC130_BaseCommon",
      "GroupGUID": "cb9f8367-4183-4e64-9c8a-40926225ce2c",
      "GroupPath": "Config/LevelOutput/Group/Groups_P80204_F80204001/LevelGroup_P80204_F80204001_G44.json"
    },
    {
      "ID": 45,
      "Name": "RogueDLC130_Event",
      "GroupGUID": "7d93c7c0-610a-440e-acf1-0bfd19d3be4e",
      "GroupPath": "Config/LevelOutput/Group/Groups_P80204_F80204001/LevelGroup_P80204_F80204001_G45.json"
    },
    {
      "ID": 62,
      "Name": "RogueDLC130_BaseShop",
      "GroupGUID": "0b9d07ce-bffb-4bf6-9bd8-4c23525f259c",
      "GroupPath": "Config/LevelOutput/Group/Groups_P80204_F80204001/LevelGroup_P80204_F80204001_G62.json"
    },
    {
      "ID": 63,
      "Name": "RogueDLC130_Shop",
      "GroupGUID": "9a92bed7-afed-4660-9ff5-ebc560a99858",
      "GroupPath": "Config/LevelOutput/Group/Groups_P80204_F80204001/LevelGroup_P80204_F80204001_G63.json"
    },
    {
      "ID": 77,
      "Name": "RogueDLC130_Shop",
      "GroupGUID": "c9b18a91-d5b0-42ad-bcd0-d4206f1df441",
      "GroupPath": "Config/LevelOutput/Group/Groups_P80204_F80204001/LevelGroup_P80204_F80204001_G77.json"
    },
    {
      "ID": 60,
      "Name": "RogueDLC130_BaseBoss",
      "GroupGUID": "bc89b0a2-d697-4722-b916-75d711aa5cce",
      "GroupPath": "Config/LevelOutput/Group/Groups_P80204_F80204001/LevelGroup_P80204_F80204001_G60.json"
    },
    {
      "ID": 61,
      "Name": "RogueDLC130_Elite",
      "GroupGUID": "a6524021-5b7e-4e7e-b9f7-bce610a744f6",
      "GroupPath": "Config/LevelOutput/Group/Groups_P80204_F80204001/LevelGroup_P80204_F80204001_G61.json"
    },
    {
      "ID": 46,
      "Name": "RogueDLC130_Area",
      "GroupGUID": "509fc1bf-8df3-4fd3-ba59-092bbd0cd11e",
      "GroupPath": "Config/LevelOutput/Group/Groups_P80204_F80204001/LevelGroup_P80204_F80204001_G46.json"
    },
    {
      "ID": 47,
      "Name": "RogueDLC130_BaseCommon",
      "GroupGUID": "3080462d-015f-4b85-a8dc-afb9fbcd73dd",
      "GroupPath": "Config/LevelOutput/Group/Groups_P80204_F80204001/LevelGroup_P80204_F80204001_G47.json"
    },
    {
      "ID": 48,
      "Name": "RogueDLC130_MainMonster",
      "GroupGUID": "4435f2ed-1ae7-4b47-84aa-cfef02dd899e",
      "GroupPath": "Config/LevelOutput/Group/Groups_P80204_F80204001/LevelGroup_P80204_F80204001_G48.json"
    },
    {
      "ID": 49,
      "Name": "RogueDLC130_SubMonster",
      "GroupGUID": "cc62536c-0d0b-4186-9f36-38b26c8c4a80",
      "GroupPath": "Config/LevelOutput/Group/Groups_P80204_F80204001/LevelGroup_P80204_F80204001_G49.json"
    },
    {
      "ID": 50,
      "Name": "RogueDLC130_SubMonster",
      "GroupGUID": "8e6ecc04-74f0-469b-b382-6362874484d5",
      "GroupPath": "Config/LevelOutput/Group/Groups_P80204_F80204001/LevelGroup_P80204_F80204001_G50.json"
    },
    {
      "ID": 51,
      "Name": "RogueDLC130_Area",
      "GroupGUID": "d44dbca4-0952-461a-80f6-d67aaaadc505",
      "GroupPath": "Config/LevelOutput/Group/Groups_P80204_F80204001/LevelGroup_P80204_F80204001_G51.json"
    },
    {
      "ID": 52,
      "Name": "RogueDLC130_BaseCommon",
      "GroupGUID": "a3d01454-ccd7-4d2e-b3f7-30c365ed7505",
      "GroupPath": "Config/LevelOutput/Group/Groups_P80204_F80204001/LevelGroup_P80204_F80204001_G52.json"
    },
    {
      "ID": 53,
      "Name": "RogueDLC130_MainMonster",
      "GroupGUID": "e8081a7b-bb05-4ed3-b5ed-6e1d68f547cb",
      "GroupPath": "Config/LevelOutput/Group/Groups_P80204_F80204001/LevelGroup_P80204_F80204001_G53.json"
    },
    {
      "ID": 73,
      "Name": "RogueDLC130_BaseCommon",
      "GroupGUID": "6a3430fb-d531-4636-bd81-fb1fb6c5243a",
      "GroupPath": "Config/LevelOutput/Group/Groups_P80204_F80204001/LevelGroup_P80204_F80204001_G73.json"
    },
    {
      "ID": 79,
      "Name": "RogueDLC130_MainMonster",
      "GroupGUID": "3070edcf-57bd-4701-b0fe-600a6089dcf3",
      "GroupPath": "Config/LevelOutput/Group/Groups_P80204_F80204001/LevelGroup_P80204_F80204001_G79.json"
    },
    {
      "ID": 80,
      "Name": "RogueDLC130_SubMonster",
      "GroupGUID": "4f90f386-4e22-49ec-b248-24aee3d29e7f",
      "GroupPath": "Config/LevelOutput/Group/Groups_P80204_F80204001/LevelGroup_P80204_F80204001_G80.json"
    },
    {
      "ID": 74,
      "Name": "RogueDLC130_BaseEmpty",
      "GroupGUID": "3c265cf2-56e8-4be6-84ff-5a248585917e",
      "GroupPath": "Config/LevelOutput/Group/Groups_P80204_F80204001/LevelGroup_P80204_F80204001_G74.json"
    },
    {
      "ID": 54,
      "Name": "RogueDLC130_Area",
      "GroupGUID": "670924f9-76a0-4c66-a8f5-25e85ab748ba",
      "GroupPath": "Config/LevelOutput/Group/Groups_P80204_F80204001/LevelGroup_P80204_F80204001_G54.json"
    },
    {
      "ID": 55,
      "Name": "RogueDLC130_BaseShop",
      "GroupGUID": "6e8dae70-2c8e-4fa5-9db2-f69414e2fd8a",
      "GroupPath": "Config/LevelOutput/Group/Groups_P80204_F80204001/LevelGroup_P80204_F80204001_G55.json"
    },
    {
      "ID": 56,
      "Name": "RogueDLC130_Shop",
      "GroupGUID": "e98b9e16-65e6-4882-8b02-0c8ef762dbc5",
      "GroupPath": "Config/LevelOutput/Group/Groups_P80204_F80204001/LevelGroup_P80204_F80204001_G56.json"
    },
    {
      "ID": 78,
      "Name": "RogueDLC130_Shop",
      "GroupGUID": "9d335fbc-9d96-4078-9a2c-84841612aab0",
      "GroupPath": "Config/LevelOutput/Group/Groups_P80204_F80204001/LevelGroup_P80204_F80204001_G78.json"
    },
    {
      "ID": 64,
      "Name": "RogueDLC130_BaseEmpty",
      "GroupGUID": "af63fa8d-a5b1-4966-a297-6b7d70303a11",
      "GroupPath": "Config/LevelOutput/Group/Groups_P80204_F80204001/LevelGroup_P80204_F80204001_G64.json"
    },
    {
      "ID": 88,
      "Name": "RogueDLC130_BaseCommon",
      "GroupGUID": "891487f2-4b91-45a9-a631-1dfd2383e7d2",
      "GroupPath": "Config/LevelOutput/Group/Groups_P80204_F80204001/LevelGroup_P80204_F80204001_G88.json"
    },
    {
      "ID": 89,
      "Name": "RogueDLC130_MainMonster",
      "GroupGUID": "af12f443-26c4-44cd-8a27-a84403177a0b",
      "GroupPath": "Config/LevelOutput/Group/Groups_P80204_F80204001/LevelGroup_P80204_F80204001_G89.json"
    },
    {
      "ID": 90,
      "Name": "RogueDLC130_SubMonster",
      "GroupGUID": "ea91ca3f-2bbe-4572-9f3e-b1e4d7160666",
      "GroupPath": "Config/LevelOutput/Group/Groups_P80204_F80204001/LevelGroup_P80204_F80204001_G90.json"
    }
  ]
}