{
  "FloorID": 80200007,
  "FloorName": "FloorName_80200007",
  "StartGroupID": 1,
  "StartAnchorID": 1,
  "GroupList": [
    {
      "ID": 1,
      "Name": "DefaultGroup",
      "GroupGUID": "f5a17f58-8838-45bf-a0f9-d28bc9c610c2",
      "GroupPath": "Config/LevelOutput/Group/Groups_P80200_F80200007/LevelGroup_P80200_F80200007_G1.json"
    },
    {
      "ID": 2,
      "Name": "RogueArea",
      "GroupGUID": "25a7d3a0-8b23-47a0-8ff3-0110ecfdb24e",
      "GroupPath": "Config/LevelOutput/Group/Groups_P80200_F80200007/LevelGroup_P80200_F80200007_G2.json"
    },
    {
      "ID": 3,
      "Name": "RogueBase_Common",
      "GroupGUID": "bf62dff2-b1c8-42b6-adea-391f352df6b3",
      "GroupPath": "Config/LevelOutput/Group/Groups_P80200_F80200007/LevelGroup_P80200_F80200007_G3.json"
    },
    {
      "ID": 4,
      "Name": "AdvDes",
      "GroupGUID": "24d08e2c-66ab-47a7-aaed-17e20687dbde",
      "GroupPath": "Config/LevelOutput/Group/Groups_P80200_F80200007/LevelGroup_P80200_F80200007_G4.json"
    },
    {
      "ID": 5,
      "Name": "fog_sound",
      "GroupGUID": "36acb769-f722-4b18-bcfd-56500d02b340",
      "GroupPath": "Config/LevelOutput/Group/Groups_P80200_F80200007/LevelGroup_P80200_F80200007_G5.json"
    },
    {
      "ID": 6,
      "Name": "Sound",
      "GroupGUID": "30828a81-9162-4891-acd7-147a2b27a992",
      "GroupPath": "Config/LevelOutput/Group/Groups_P80200_F80200007/LevelGroup_P80200_F80200007_G6.json"
    }
  ]
}