{
  "FloorID": 80200002,
  "FloorName": "MazeText_Empty",
  "StartGroupID": 5,
  "StartAnchorID": 1,
  "GroupList": [
    {
      "ID": 4,
      "Name": "RogueArea",
      "GroupGUID": "a21dbba2-f898-4ed8-97dd-785fe1381e01",
      "GroupPath": "Config/LevelOutput/Group/Groups_P80200_F80200002/LevelGroup_P80200_F80200002_G4.json"
    },
    {
      "ID": 5,
      "Name": "RogueBase_Common",
      "GroupGUID": "fdbd6c87-9012-42af-87e0-e311fac5b0db",
      "GroupPath": "Config/LevelOutput/Group/Groups_P80200_F80200002/LevelGroup_P80200_F80200002_G5.json"
    },
    {
      "ID": 6,
      "Name": "AdvDes",
      "GroupGUID": "0944d8b7-c98d-461d-a2bf-f22db55be536",
      "GroupPath": "Config/LevelOutput/Group/Groups_P80200_F80200002/LevelGroup_P80200_F80200002_G6.json"
    }
  ]
}