{
  "FloorID": 80206001,
  "FloorName": "MazeText_Empty",
  "StartGroupID": 1,
  "StartAnchorID": 1,
  "GroupList": [
    {
      "ID": 1,
      "Name": "DefaultGroup",
      "GroupGUID": "a16c4f19-608d-4470-a15e-15202a6f1ed0",
      "GroupPath": "Config/LevelOutput/Group/Groups_P80206_F80206001/LevelGroup_P80206_F80206001_G1.json"
    },
    {
      "ID": 4,
      "Name": "New Group",
      "GroupGUID": "677215a0-61ab-4f50-96de-489924eba036",
      "GroupPath": "Config/LevelOutput/Group/Groups_P80206_F80206001/LevelGroup_P80206_F80206001_G4.json"
    },
    {
      "ID": 5,
      "Name": "New Group",
      "GroupGUID": "43441c40-8345-40d8-a121-82376d7a1a20",
      "GroupPath": "Config/LevelOutput/Group/Groups_P80206_F80206001/LevelGroup_P80206_F80206001_G5.json"
    },
    {
      "ID": 6,
      "Name": "New Group",
      "GroupGUID": "cc8b2989-a775-4282-9fec-7b812232002e",
      "GroupPath": "Config/LevelOutput/Group/Groups_P80206_F80206001/LevelGroup_P80206_F80206001_G6.json"
    },
    {
      "ID": 7,
      "Name": "New Group",
      "GroupGUID": "089f8103-7266-493c-a801-7026224e3370",
      "GroupPath": "Config/LevelOutput/Group/Groups_P80206_F80206001/LevelGroup_P80206_F80206001_G7.json"
    },
    {
      "ID": 8,
      "Name": "New Group",
      "GroupGUID": "7456cef3-ff6d-41bf-b5f8-a8bb7d10e8f9",
      "GroupPath": "Config/LevelOutput/Group/Groups_P80206_F80206001/LevelGroup_P80206_F80206001_G8.json"
    },
    {
      "ID": 9,
      "Name": "New Group",
      "GroupGUID": "c55117e6-6a3c-4d24-b469-d59b8ff3f11a",
      "GroupPath": "Config/LevelOutput/Group/Groups_P80206_F80206001/LevelGroup_P80206_F80206001_G9.json"
    },
    {
      "ID": 10,
      "Name": "Public01",
      "GroupGUID": "bc33c4ed-50f0-4dd1-954f-25b78582770f",
      "GroupPath": "Config/LevelOutput/Group/Groups_P80206_F80206001/LevelGroup_P80206_F80206001_G10.json"
    },
    {
      "ID": 11,
      "Name": "Sound",
      "GroupGUID": "f6849c6d-f099-42b8-b051-0ade9863917e",
      "GroupPath": "Config/LevelOutput/Group/Groups_P80206_F80206001/LevelGroup_P80206_F80206001_G11.json"
    },
    {
      "ID": 15,
      "Name": "RogueDLC130_Area",
      "GroupGUID": "e0002e5f-c94d-434d-8f00-f0d5ac8d627a",
      "GroupPath": "Config/LevelOutput/Group/Groups_P80206_F80206001/LevelGroup_P80206_F80206001_G15.json"
    },
    {
      "ID": 16,
      "Name": "RogueDLC130_BaseBoss",
      "GroupGUID": "e02b1793-4095-4621-8199-d56faf532db4",
      "GroupPath": "Config/LevelOutput/Group/Groups_P80206_F80206001/LevelGroup_P80206_F80206001_G16.json"
    },
    {
      "ID": 17,
      "Name": "RogueDLC130_Boss",
      "GroupGUID": "6ca01f67-fe8b-4662-9ba3-c68f2a6aaff0",
      "GroupPath": "Config/LevelOutput/Group/Groups_P80206_F80206001/LevelGroup_P80206_F80206001_G17.json"
    },
    {
      "ID": 19,
      "Name": "RogueDLC130_SwarmBoss",
      "GroupGUID": "e5f0b412-c3e7-45c1-b206-864348378bec",
      "GroupPath": "Config/LevelOutput/Group/Groups_P80206_F80206001/LevelGroup_P80206_F80206001_G19.json"
    },
    {
      "ID": 25,
      "Name": "RogueDLC130_Area",
      "GroupGUID": "5d05cd07-97db-4c44-a4f5-c1f0a337ae78",
      "GroupPath": "Config/LevelOutput/Group/Groups_P80206_F80206001/LevelGroup_P80206_F80206001_G25.json"
    },
    {
      "ID": 26,
      "Name": "RogueDLC130_BaseCommon",
      "GroupGUID": "d23f2cf4-9e3b-41ff-a564-8e9c7192665f",
      "GroupPath": "Config/LevelOutput/Group/Groups_P80206_F80206001/LevelGroup_P80206_F80206001_G26.json"
    },
    {
      "ID": 35,
      "Name": "RogueDLC130_Event",
      "GroupGUID": "4f43ddbe-0d72-474a-b6b5-9be575e6bee1",
      "GroupPath": "Config/LevelOutput/Group/Groups_P80206_F80206001/LevelGroup_P80206_F80206001_G35.json"
    },
    {
      "ID": 27,
      "Name": "RogueDLC130_MainMonster",
      "GroupGUID": "90d239fc-c176-4319-b7be-9cdeca80fcb8",
      "GroupPath": "Config/LevelOutput/Group/Groups_P80206_F80206001/LevelGroup_P80206_F80206001_G27.json"
    },
    {
      "ID": 28,
      "Name": "RogueDLC130_SubMonster",
      "GroupGUID": "cddf9da3-92f9-45c8-8e4d-af4f2ed51796",
      "GroupPath": "Config/LevelOutput/Group/Groups_P80206_F80206001/LevelGroup_P80206_F80206001_G28.json"
    },
    {
      "ID": 70,
      "Name": "RogueDLC130_BaseCommon",
      "GroupGUID": "64176b95-6410-4055-bcef-f9d4f47026a0",
      "GroupPath": "Config/LevelOutput/Group/Groups_P80206_F80206001/LevelGroup_P80206_F80206001_G70.json"
    },
    {
      "ID": 69,
      "Name": "RogueDLC130_MainMonster",
      "GroupGUID": "a638083f-4516-44e9-8e05-8e927c52a02f",
      "GroupPath": "Config/LevelOutput/Group/Groups_P80206_F80206001/LevelGroup_P80206_F80206001_G69.json"
    },
    {
      "ID": 36,
      "Name": "RogueDLC130_BaseEmpty",
      "GroupGUID": "7f6d89c4-c6f1-45ca-90e7-dce4bca90f47",
      "GroupPath": "Config/LevelOutput/Group/Groups_P80206_F80206001/LevelGroup_P80206_F80206001_G36.json"
    },
    {
      "ID": 30,
      "Name": "RogueDLC130_Area",
      "GroupGUID": "b522a7b8-55b2-403a-b06b-1f3b1d17274b",
      "GroupPath": "Config/LevelOutput/Group/Groups_P80206_F80206001/LevelGroup_P80206_F80206001_G30.json"
    },
    {
      "ID": 31,
      "Name": "RogueDLC130_BaseCommon",
      "GroupGUID": "2f1f8483-4503-4473-a49f-eee15f6f665f",
      "GroupPath": "Config/LevelOutput/Group/Groups_P80206_F80206001/LevelGroup_P80206_F80206001_G31.json"
    },
    {
      "ID": 34,
      "Name": "RogueDLC130_MainMonster",
      "GroupGUID": "1b856bbe-e717-4b5a-afc8-33d723cc6ff5",
      "GroupPath": "Config/LevelOutput/Group/Groups_P80206_F80206001/LevelGroup_P80206_F80206001_G34.json"
    },
    {
      "ID": 33,
      "Name": "RogueDLC130_SubMonster",
      "GroupGUID": "bfca4815-ebb5-4900-98f8-bfc376ba8a68",
      "GroupPath": "Config/LevelOutput/Group/Groups_P80206_F80206001/LevelGroup_P80206_F80206001_G33.json"
    },
    {
      "ID": 32,
      "Name": "RogueDLC130_SubMonster",
      "GroupGUID": "35ba53d0-ef99-4c83-a90b-e425dff35d1c",
      "GroupPath": "Config/LevelOutput/Group/Groups_P80206_F80206001/LevelGroup_P80206_F80206001_G32.json"
    },
    {
      "ID": 37,
      "Name": "RogueDLC130_Area",
      "GroupGUID": "d42c4f50-27fd-4411-93c7-44e9fb5751db",
      "GroupPath": "Config/LevelOutput/Group/Groups_P80206_F80206001/LevelGroup_P80206_F80206001_G37.json"
    },
    {
      "ID": 38,
      "Name": "RogueDLC130_BaseCommon",
      "GroupGUID": "866c3507-0f7f-4fe3-b87e-801dca5b68fb",
      "GroupPath": "Config/LevelOutput/Group/Groups_P80206_F80206001/LevelGroup_P80206_F80206001_G38.json"
    },
    {
      "ID": 39,
      "Name": "RogueDLC130_Event",
      "GroupGUID": "cfe2717f-dfc0-4ab4-a0e4-0653f35efa2b",
      "GroupPath": "Config/LevelOutput/Group/Groups_P80206_F80206001/LevelGroup_P80206_F80206001_G39.json"
    },
    {
      "ID": 40,
      "Name": "RogueDLC130_MainMonster",
      "GroupGUID": "c0566208-1be8-4cd5-a1ff-d9fdf2943209",
      "GroupPath": "Config/LevelOutput/Group/Groups_P80206_F80206001/LevelGroup_P80206_F80206001_G40.json"
    },
    {
      "ID": 66,
      "Name": "RogueDLC130_BaseBoss",
      "GroupGUID": "dfa26d89-cacf-4fd7-a9bf-de671334e2bd",
      "GroupPath": "Config/LevelOutput/Group/Groups_P80206_F80206001/LevelGroup_P80206_F80206001_G66.json"
    },
    {
      "ID": 41,
      "Name": "RogueDLC130_Elite",
      "GroupGUID": "0e9e8cd4-bace-4467-93ec-0fed5edbe582",
      "GroupPath": "Config/LevelOutput/Group/Groups_P80206_F80206001/LevelGroup_P80206_F80206001_G41.json"
    },
    {
      "ID": 64,
      "Name": "RogueDLC130_BaseShop",
      "GroupGUID": "0499e1ce-5fce-4434-9591-729702a41920",
      "GroupPath": "Config/LevelOutput/Group/Groups_P80206_F80206001/LevelGroup_P80206_F80206001_G64.json"
    },
    {
      "ID": 65,
      "Name": "RogueDLC130_Shop",
      "GroupGUID": "7e4e0591-08c0-435f-8dfa-1c952a66838a",
      "GroupPath": "Config/LevelOutput/Group/Groups_P80206_F80206001/LevelGroup_P80206_F80206001_G65.json"
    },
    {
      "ID": 82,
      "Name": "RogueDLC130_Shop",
      "GroupGUID": "054ac3f8-cd0c-4871-93ba-c9207f6d38cf",
      "GroupPath": "Config/LevelOutput/Group/Groups_P80206_F80206001/LevelGroup_P80206_F80206001_G82.json"
    },
    {
      "ID": 43,
      "Name": "RogueDLC130_Area",
      "GroupGUID": "7104396b-a859-4d88-87c1-b58c09d3cde8",
      "GroupPath": "Config/LevelOutput/Group/Groups_P80206_F80206001/LevelGroup_P80206_F80206001_G43.json"
    },
    {
      "ID": 44,
      "Name": "RogueDLC130_BaseCommon",
      "GroupGUID": "915b79f2-72d1-4dec-8e62-ff8ff191f0ff",
      "GroupPath": "Config/LevelOutput/Group/Groups_P80206_F80206001/LevelGroup_P80206_F80206001_G44.json"
    },
    {
      "ID": 45,
      "Name": "RogueDLC130_MainMonster",
      "GroupGUID": "85002d26-e01f-48ca-874b-3b2a49df6e2e",
      "GroupPath": "Config/LevelOutput/Group/Groups_P80206_F80206001/LevelGroup_P80206_F80206001_G45.json"
    },
    {
      "ID": 67,
      "Name": "RogueDLC130_BaseBoss",
      "GroupGUID": "d52cf5b7-b58a-4f20-a575-281854594bc8",
      "GroupPath": "Config/LevelOutput/Group/Groups_P80206_F80206001/LevelGroup_P80206_F80206001_G67.json"
    },
    {
      "ID": 46,
      "Name": "RogueDLC130_Elite",
      "GroupGUID": "f1adebd1-cd02-4d91-b3b0-51189696bb69",
      "GroupPath": "Config/LevelOutput/Group/Groups_P80206_F80206001/LevelGroup_P80206_F80206001_G46.json"
    },
    {
      "ID": 48,
      "Name": "RogueDLC130_BaseEmpty",
      "GroupGUID": "3a2a6cf5-cfc7-489a-8638-3550332c49d6",
      "GroupPath": "Config/LevelOutput/Group/Groups_P80206_F80206001/LevelGroup_P80206_F80206001_G48.json"
    },
    {
      "ID": 49,
      "Name": "RogueDLC130_Area",
      "GroupGUID": "988a7ca9-921d-49f2-9dd8-8694ca9e2e9e",
      "GroupPath": "Config/LevelOutput/Group/Groups_P80206_F80206001/LevelGroup_P80206_F80206001_G49.json"
    },
    {
      "ID": 50,
      "Name": "RogueDLC130_BaseRest",
      "GroupGUID": "436d2765-7430-4d6c-9346-5b99a60f0383",
      "GroupPath": "Config/LevelOutput/Group/Groups_P80206_F80206001/LevelGroup_P80206_F80206001_G50.json"
    },
    {
      "ID": 51,
      "Name": "RogueDLC130_Rest",
      "GroupGUID": "d5453f0e-0d69-4e6b-91df-3b34fe4f734a",
      "GroupPath": "Config/LevelOutput/Group/Groups_P80206_F80206001/LevelGroup_P80206_F80206001_G51.json"
    },
    {
      "ID": 54,
      "Name": "RogueDLC130_Area",
      "GroupGUID": "a3d6ebb0-823e-4b98-8b18-7d3fd32c66f8",
      "GroupPath": "Config/LevelOutput/Group/Groups_P80206_F80206001/LevelGroup_P80206_F80206001_G54.json"
    },
    {
      "ID": 55,
      "Name": "RogueDLC130_BaseCommon",
      "GroupGUID": "2a1c0ac2-78d7-4f7d-85b6-6c1b3091abe2",
      "GroupPath": "Config/LevelOutput/Group/Groups_P80206_F80206001/LevelGroup_P80206_F80206001_G55.json"
    },
    {
      "ID": 57,
      "Name": "RogueDLC130_Event",
      "GroupGUID": "68caf898-8e9d-445e-945a-65487e9363c9",
      "GroupPath": "Config/LevelOutput/Group/Groups_P80206_F80206001/LevelGroup_P80206_F80206001_G57.json"
    },
    {
      "ID": 80,
      "Name": "RogueDLC130_BaseCommon",
      "GroupGUID": "a59a1730-0114-4a10-bf90-42f346723465",
      "GroupPath": "Config/LevelOutput/Group/Groups_P80206_F80206001/LevelGroup_P80206_F80206001_G80.json"
    },
    {
      "ID": 81,
      "Name": "RogueDLC130_MainMonster",
      "GroupGUID": "9db90247-04f2-4489-8cf4-744bc3628c92",
      "GroupPath": "Config/LevelOutput/Group/Groups_P80206_F80206001/LevelGroup_P80206_F80206001_G81.json"
    },
    {
      "ID": 68,
      "Name": "RogueDLC130_BaseBoss",
      "GroupGUID": "d811eb73-ac2c-4c66-9324-2f79ff47bfe3",
      "GroupPath": "Config/LevelOutput/Group/Groups_P80206_F80206001/LevelGroup_P80206_F80206001_G68.json"
    },
    {
      "ID": 56,
      "Name": "RogueDLC130_Elite",
      "GroupGUID": "ee6ad4f0-9f65-403f-9882-3c650db73976",
      "GroupPath": "Config/LevelOutput/Group/Groups_P80206_F80206001/LevelGroup_P80206_F80206001_G56.json"
    },
    {
      "ID": 52,
      "Name": "RogueDLC130_BaseShop",
      "GroupGUID": "5a2334c3-8517-4782-ad73-80f61c407ace",
      "GroupPath": "Config/LevelOutput/Group/Groups_P80206_F80206001/LevelGroup_P80206_F80206001_G52.json"
    },
    {
      "ID": 53,
      "Name": "RogueDLC130_Shop",
      "GroupGUID": "59099d9d-4e60-4288-b4e8-6e23e71a40f1",
      "GroupPath": "Config/LevelOutput/Group/Groups_P80206_F80206001/LevelGroup_P80206_F80206001_G53.json"
    },
    {
      "ID": 83,
      "Name": "RogueDLC130_Shop",
      "GroupGUID": "da2d59a4-b7f8-4e54-8dd1-6a3dc18dc8ce",
      "GroupPath": "Config/LevelOutput/Group/Groups_P80206_F80206001/LevelGroup_P80206_F80206001_G83.json"
    },
    {
      "ID": 58,
      "Name": "RogueDLC130_BaseEmpty",
      "GroupGUID": "cf17ba85-4477-4525-b263-78f1f07f8a5f",
      "GroupPath": "Config/LevelOutput/Group/Groups_P80206_F80206001/LevelGroup_P80206_F80206001_G58.json"
    },
    {
      "ID": 59,
      "Name": "RogueDLC130_Area",
      "GroupGUID": "5757a3cb-2210-49aa-ad33-c05635a7acd4",
      "GroupPath": "Config/LevelOutput/Group/Groups_P80206_F80206001/LevelGroup_P80206_F80206001_G59.json"
    },
    {
      "ID": 60,
      "Name": "RogueDLC130_BaseCommon",
      "GroupGUID": "40f2f836-4592-4db1-9351-4ed4f836de3e",
      "GroupPath": "Config/LevelOutput/Group/Groups_P80206_F80206001/LevelGroup_P80206_F80206001_G60.json"
    },
    {
      "ID": 61,
      "Name": "RogueDLC130_MainMonster",
      "GroupGUID": "ec4b0a81-55f9-4aa5-98b3-a309663e47aa",
      "GroupPath": "Config/LevelOutput/Group/Groups_P80206_F80206001/LevelGroup_P80206_F80206001_G61.json"
    },
    {
      "ID": 62,
      "Name": "RogueDLC130_SubMonster",
      "GroupGUID": "3f7d15ef-6fe6-4cfe-9126-dbe7a1b41b7f",
      "GroupPath": "Config/LevelOutput/Group/Groups_P80206_F80206001/LevelGroup_P80206_F80206001_G62.json"
    },
    {
      "ID": 63,
      "Name": "RogueDLC130_SubMonster",
      "GroupGUID": "a11814b9-1172-4655-a5c2-9e0d10f4abae",
      "GroupPath": "Config/LevelOutput/Group/Groups_P80206_F80206001/LevelGroup_P80206_F80206001_G63.json"
    },
    {
      "ID": 85,
      "Name": "RogueDLC130_BaseBoss",
      "GroupGUID": "b76e1b23-5ec6-4673-be2c-c38921bb500f",
      "GroupPath": "Config/LevelOutput/Group/Groups_P80206_F80206001/LevelGroup_P80206_F80206001_G85.json"
    },
    {
      "ID": 86,
      "Name": "RogueDLC130_Elite",
      "GroupGUID": "43cf9366-6204-4cc5-92b1-fafc399bb56a",
      "GroupPath": "Config/LevelOutput/Group/Groups_P80206_F80206001/LevelGroup_P80206_F80206001_G86.json"
    },
    {
      "ID": 71,
      "Name": "RogueDLC130_Area",
      "GroupGUID": "b75d7e1b-ca3e-4bfd-a03f-1997996a4034",
      "GroupPath": "Config/LevelOutput/Group/Groups_P80206_F80206001/LevelGroup_P80206_F80206001_G71.json"
    },
    {
      "ID": 72,
      "Name": "RogueDLC130_BaseCommon",
      "GroupGUID": "d8625a54-63d2-4914-a598-fcf638489bb3",
      "GroupPath": "Config/LevelOutput/Group/Groups_P80206_F80206001/LevelGroup_P80206_F80206001_G72.json"
    },
    {
      "ID": 73,
      "Name": "RogueDLC130_Event",
      "GroupGUID": "e0bb8c13-b428-4b05-b9f5-9a33e9a6ef1b",
      "GroupPath": "Config/LevelOutput/Group/Groups_P80206_F80206001/LevelGroup_P80206_F80206001_G73.json"
    },
    {
      "ID": 74,
      "Name": "RogueDLC130_MainMonster",
      "GroupGUID": "8efec1f4-7028-4548-a391-071bd45270c4",
      "GroupPath": "Config/LevelOutput/Group/Groups_P80206_F80206001/LevelGroup_P80206_F80206001_G74.json"
    },
    {
      "ID": 84,
      "Name": "RogueDLC130_BaseEmpty",
      "GroupGUID": "ffed0b57-ba9a-443a-a6fe-fc4852931a1c",
      "GroupPath": "Config/LevelOutput/Group/Groups_P80206_F80206001/LevelGroup_P80206_F80206001_G84.json"
    },
    {
      "ID": 75,
      "Name": "RogueDLC130_Area",
      "GroupGUID": "3a69c6ac-705c-4f8a-b343-638c74467cdd",
      "GroupPath": "Config/LevelOutput/Group/Groups_P80206_F80206001/LevelGroup_P80206_F80206001_G75.json"
    },
    {
      "ID": 76,
      "Name": "RogueDLC130_BaseCommon",
      "GroupGUID": "e9c2b89c-cbe7-4758-a655-8fc7d105f425",
      "GroupPath": "Config/LevelOutput/Group/Groups_P80206_F80206001/LevelGroup_P80206_F80206001_G76.json"
    },
    {
      "ID": 77,
      "Name": "RogueDLC130_Event",
      "GroupGUID": "f5723491-5aea-4310-b7e1-fa288afe6000",
      "GroupPath": "Config/LevelOutput/Group/Groups_P80206_F80206001/LevelGroup_P80206_F80206001_G77.json"
    },
    {
      "ID": 78,
      "Name": "RogueDLC130_MainMonster",
      "GroupGUID": "182c9097-15cf-43a6-881a-a2897d30e5f8",
      "GroupPath": "Config/LevelOutput/Group/Groups_P80206_F80206001/LevelGroup_P80206_F80206001_G78.json"
    },
    {
      "ID": 79,
      "Name": "RogueDLC130_SubMonster",
      "GroupGUID": "91ba36c7-ede0-4466-9244-da0a4c88a00a",
      "GroupPath": "Config/LevelOutput/Group/Groups_P80206_F80206001/LevelGroup_P80206_F80206001_G79.json"
    }
  ]
}