{
  "FloorID": 80200006,
  "FloorName": "MazeText_Empty",
  "StartGroupID": 2,
  "StartAnchorID": 1,
  "GroupList": [
    {
      "ID": 2,
      "Name": "DefaultGroup",
      "GroupGUID": "62cf2cbd-0c22-4896-b958-e5a5b55c75c7",
      "GroupPath": "Config/LevelOutput/Group/Groups_P80200_F80200006/LevelGroup_P80200_F80200006_G2.json"
    },
    {
      "ID": 3,
      "Name": "RogueArea",
      "GroupGUID": "a15a9cca-4d46-4c30-9ee9-7cd9b28beb40",
      "GroupPath": "Config/LevelOutput/Group/Groups_P80200_F80200006/LevelGroup_P80200_F80200006_G3.json"
    },
    {
      "ID": 4,
      "Name": "RogueBase_Common",
      "GroupGUID": "3592df20-0496-4953-b953-c85017d08a14",
      "GroupPath": "Config/LevelOutput/Group/Groups_P80200_F80200006/LevelGroup_P80200_F80200006_G4.json"
    },
    {
      "ID": 5,
      "Name": "AdvDes",
      "GroupGUID": "4110a2ac-1b79-40d0-9e0d-dbc1696810fd",
      "GroupPath": "Config/LevelOutput/Group/Groups_P80200_F80200006/LevelGroup_P80200_F80200006_G5.json"
    },
    {
      "ID": 6,
      "Name": "Sound",
      "GroupGUID": "cb869988-34ce-428e-a4c3-65b33c7b2703",
      "GroupPath": "Config/LevelOutput/Group/Groups_P80200_F80200006/LevelGroup_P80200_F80200006_G6.json"
    }
  ]
}