{
  "FloorID": 80211001,
  "FloorName": "MazeText_Empty",
  "StartGroupID": 1,
  "StartAnchorID": 1,
  "GroupList": [
    {
      "ID": 1,
      "Name": "DefaultGroup",
      "GroupGUID": "7de13e4d-58c8-4643-b22a-a3eeeac75ec2",
      "GroupPath": "Config/LevelOutput/Group/Groups_P80211_F80211001/LevelGroup_P80211_F80211001_G1.json"
    },
    {
      "ID": 2,
      "Name": "DefaultGroup",
      "GroupGUID": "b4c8b78f-27ae-490f-a560-6b1c8820531a",
      "GroupPath": "Config/LevelOutput/Group/Groups_P80211_F80211001/LevelGroup_P80211_F80211001_G2.json"
    },
    {
      "ID": 3,
      "Name": "Sound",
      "GroupGUID": "fac95d40-4bb2-4f06-9fa5-59e788d1d970",
      "GroupPath": "Config/LevelOutput/Group/Groups_P80211_F80211001/LevelGroup_P80211_F80211001_G3.json"
    },
    {
      "ID": 4,
      "Name": "AirWall",
      "GroupGUID": "64cf6bd3-2c28-4008-8f28-272732a2b4b6",
      "GroupPath": "Config/LevelOutput/Group/Groups_P80211_F80211001/LevelGroup_P80211_F80211001_G4.json"
    },
    {
      "ID": 5,
      "Name": "RogueDLC130_BaseBoss",
      "GroupGUID": "52a318b7-7b3b-41c3-9685-e17a6f9292ad",
      "GroupPath": "Config/LevelOutput/Group/Groups_P80211_F80211001/LevelGroup_P80211_F80211001_G5.json"
    },
    {
      "ID": 6,
      "Name": "RogueDLC130_Event",
      "GroupGUID": "2a04503b-f15e-4215-96c2-b8aa4f02ebb0",
      "GroupPath": "Config/LevelOutput/Group/Groups_P80211_F80211001/LevelGroup_P80211_F80211001_G6.json"
    }
  ]
}