{
  "FloorID": 80202001,
  "FloorName": "MazeText_Empty",
  "StartGroupID": 1,
  "StartAnchorID": 1,
  "GroupList": [
    {
      "ID": 1,
      "Name": "DefaultGroup",
      "GroupGUID": "c231ccc7-b26c-462c-afe0-21ba8ab26295",
      "GroupPath": "Config/LevelOutput/Group/Groups_P80202_F80202001/LevelGroup_P80202_F80202001_G1.json"
    },
    {
      "ID": 2,
      "Name": "Default Group",
      "GroupGUID": "d8554479-664b-4425-9214-c7190a5af099",
      "GroupPath": "Config/LevelOutput/Group/Groups_P80202_F80202001/LevelGroup_P80202_F80202001_G2.json"
    },
    {
      "ID": 3,
      "Name": "Sound",
      "GroupGUID": "a46ea5e5-882e-4043-8c5e-c1840bf46850",
      "GroupPath": "Config/LevelOutput/Group/Groups_P80202_F80202001/LevelGroup_P80202_F80202001_G3.json"
    },
    {
      "ID": 4,
      "Name": "MainMission_RoadBlock",
      "GroupGUID": "f834239e-9687-4504-b247-29e90e32fdc2",
      "GroupPath": "Config/LevelOutput/Group/Groups_P80202_F80202001/LevelGroup_P80202_F80202001_G4.json"
    },
    {
      "ID": 5,
      "Name": "MainMission_RoadBlock",
      "GroupGUID": "5d89e3de-220e-4862-b734-21efb5ad5986",
      "GroupPath": "Config/LevelOutput/Group/Groups_P80202_F80202001/LevelGroup_P80202_F80202001_G5.json"
    },
    {
      "ID": 6,
      "Name": "Door",
      "GroupGUID": "3f417d83-c142-4bd2-81eb-74e85723b83f",
      "GroupPath": "Config/LevelOutput/Group/Groups_P80202_F80202001/LevelGroup_P80202_F80202001_G6.json"
    },
    {
      "ID": 7,
      "Name": "FlipBridgeController",
      "GroupGUID": "4fea8bd4-a0f6-4d60-bd70-ad5f036fe70f",
      "GroupPath": "Config/LevelOutput/Group/Groups_P80202_F80202001/LevelGroup_P80202_F80202001_G7.json"
    },
    {
      "ID": 8,
      "Name": "New Group",
      "GroupGUID": "214e66ca-b605-49e6-b9f4-0824b7f2ca68",
      "GroupPath": "Config/LevelOutput/Group/Groups_P80202_F80202001/LevelGroup_P80202_F80202001_G8.json"
    },
    {
      "ID": 9,
      "Name": "New Group",
      "GroupGUID": "dff2ce74-d8bd-4452-b2bc-509f03648601",
      "GroupPath": "Config/LevelOutput/Group/Groups_P80202_F80202001/LevelGroup_P80202_F80202001_G9.json"
    },
    {
      "ID": 12,
      "Name": "RogueDLC130_Area",
      "GroupGUID": "ec2ca044-d733-4a0e-9435-38f612e30308",
      "GroupPath": "Config/LevelOutput/Group/Groups_P80202_F80202001/LevelGroup_P80202_F80202001_G12.json"
    },
    {
      "ID": 13,
      "Name": "RogueDLC130_BaseBoss",
      "GroupGUID": "9e15caca-39b2-46cf-a213-b8512e2e6cfb",
      "GroupPath": "Config/LevelOutput/Group/Groups_P80202_F80202001/LevelGroup_P80202_F80202001_G13.json"
    },
    {
      "ID": 53,
      "Name": "RogueDLC130_Boss",
      "GroupGUID": "b7e3ab92-6506-4c46-a4b7-d4defc5c6658",
      "GroupPath": "Config/LevelOutput/Group/Groups_P80202_F80202001/LevelGroup_P80202_F80202001_G53.json"
    },
    {
      "ID": 14,
      "Name": "RogueDLC130_SwarmBoss",
      "GroupGUID": "75213b1d-baaf-49be-94ee-f5c48ec12a16",
      "GroupPath": "Config/LevelOutput/Group/Groups_P80202_F80202001/LevelGroup_P80202_F80202001_G14.json"
    },
    {
      "ID": 15,
      "Name": "RogueDLC130_Area",
      "GroupGUID": "0e4175af-0d23-48a0-a3c7-0c1a74c5136a",
      "GroupPath": "Config/LevelOutput/Group/Groups_P80202_F80202001/LevelGroup_P80202_F80202001_G15.json"
    },
    {
      "ID": 16,
      "Name": "RogueDLC130_BaseRest",
      "GroupGUID": "567bb7c5-bf91-480e-b2a4-99169fd8ca2a",
      "GroupPath": "Config/LevelOutput/Group/Groups_P80202_F80202001/LevelGroup_P80202_F80202001_G16.json"
    },
    {
      "ID": 17,
      "Name": "RogueDLC130_Rest",
      "GroupGUID": "c0e23875-27e8-4f1d-bcad-b69be27dd17f",
      "GroupPath": "Config/LevelOutput/Group/Groups_P80202_F80202001/LevelGroup_P80202_F80202001_G17.json"
    },
    {
      "ID": 18,
      "Name": "RogueDLC130_Area",
      "GroupGUID": "19863b5c-0626-412a-9701-db8a4c31967e",
      "GroupPath": "Config/LevelOutput/Group/Groups_P80202_F80202001/LevelGroup_P80202_F80202001_G18.json"
    },
    {
      "ID": 19,
      "Name": "RogueDLC130_BaseShop",
      "GroupGUID": "6022ff66-2097-48d0-8a4a-f0bb9469f6c1",
      "GroupPath": "Config/LevelOutput/Group/Groups_P80202_F80202001/LevelGroup_P80202_F80202001_G19.json"
    },
    {
      "ID": 20,
      "Name": "RogueDLC130_Shop",
      "GroupGUID": "7a9d01ea-98ac-4f29-a077-df8bcb555532",
      "GroupPath": "Config/LevelOutput/Group/Groups_P80202_F80202001/LevelGroup_P80202_F80202001_G20.json"
    },
    {
      "ID": 73,
      "Name": "RogueDLC130_Shop",
      "GroupGUID": "c429c292-b703-416f-8abd-6cab4a8cbe01",
      "GroupPath": "Config/LevelOutput/Group/Groups_P80202_F80202001/LevelGroup_P80202_F80202001_G73.json"
    },
    {
      "ID": 21,
      "Name": "RogueDLC130_Area",
      "GroupGUID": "a62607a9-27f0-43ff-80dd-64edb5830797",
      "GroupPath": "Config/LevelOutput/Group/Groups_P80202_F80202001/LevelGroup_P80202_F80202001_G21.json"
    },
    {
      "ID": 22,
      "Name": "RogueDLC130_BaseCommon",
      "GroupGUID": "e6accaff-bf16-43c2-9e24-3b73d832be03",
      "GroupPath": "Config/LevelOutput/Group/Groups_P80202_F80202001/LevelGroup_P80202_F80202001_G22.json"
    },
    {
      "ID": 23,
      "Name": "RogueDLC130_MainMonster",
      "GroupGUID": "b1d48475-087b-42d4-926a-01425f6231f3",
      "GroupPath": "Config/LevelOutput/Group/Groups_P80202_F80202001/LevelGroup_P80202_F80202001_G23.json"
    },
    {
      "ID": 24,
      "Name": "RogueDLC130_SubMonster",
      "GroupGUID": "3956591a-fc35-4e39-a9d0-5e9b8fa195b9",
      "GroupPath": "Config/LevelOutput/Group/Groups_P80202_F80202001/LevelGroup_P80202_F80202001_G24.json"
    },
    {
      "ID": 25,
      "Name": "RogueDLC130_SubMonster",
      "GroupGUID": "29c89738-0ac6-463c-a109-57d656ff2afa",
      "GroupPath": "Config/LevelOutput/Group/Groups_P80202_F80202001/LevelGroup_P80202_F80202001_G25.json"
    },
    {
      "ID": 26,
      "Name": "RogueDLC130_Area",
      "GroupGUID": "8924f05f-8595-47f9-8cc7-7fbed33efba2",
      "GroupPath": "Config/LevelOutput/Group/Groups_P80202_F80202001/LevelGroup_P80202_F80202001_G26.json"
    },
    {
      "ID": 27,
      "Name": "RogueDLC130_BaseCommon",
      "GroupGUID": "4ab1adb8-2ab1-4031-8d77-9ac0295e992f",
      "GroupPath": "Config/LevelOutput/Group/Groups_P80202_F80202001/LevelGroup_P80202_F80202001_G27.json"
    },
    {
      "ID": 28,
      "Name": "RogueDLC130_MainMonster",
      "GroupGUID": "78a7ad18-601c-47b9-a565-7b1edee68e91",
      "GroupPath": "Config/LevelOutput/Group/Groups_P80202_F80202001/LevelGroup_P80202_F80202001_G28.json"
    },
    {
      "ID": 29,
      "Name": "RogueDLC130_SubMonster",
      "GroupGUID": "d1797d6a-1628-4acd-a821-42231c95e57d",
      "GroupPath": "Config/LevelOutput/Group/Groups_P80202_F80202001/LevelGroup_P80202_F80202001_G29.json"
    },
    {
      "ID": 30,
      "Name": "RogueDLC130_SubMonster",
      "GroupGUID": "49dde11b-f862-4cca-9044-e19eb1ccb168",
      "GroupPath": "Config/LevelOutput/Group/Groups_P80202_F80202001/LevelGroup_P80202_F80202001_G30.json"
    },
    {
      "ID": 31,
      "Name": "RogueDLC130_Area",
      "GroupGUID": "9018f2c6-f132-47e7-a12b-6cc6eccc176d",
      "GroupPath": "Config/LevelOutput/Group/Groups_P80202_F80202001/LevelGroup_P80202_F80202001_G31.json"
    },
    {
      "ID": 32,
      "Name": "RogueDLC130_BaseCommon",
      "GroupGUID": "080ee4c0-6771-4523-b4ce-bfdf05cd7237",
      "GroupPath": "Config/LevelOutput/Group/Groups_P80202_F80202001/LevelGroup_P80202_F80202001_G32.json"
    },
    {
      "ID": 33,
      "Name": "RogueDLC130_Event",
      "GroupGUID": "e1fea943-a64d-4df4-8549-f7a12aa3b9e5",
      "GroupPath": "Config/LevelOutput/Group/Groups_P80202_F80202001/LevelGroup_P80202_F80202001_G33.json"
    },
    {
      "ID": 34,
      "Name": "RogueDLC130_MainMonster",
      "GroupGUID": "73046265-d71e-4157-9cff-dff9e142b0af",
      "GroupPath": "Config/LevelOutput/Group/Groups_P80202_F80202001/LevelGroup_P80202_F80202001_G34.json"
    },
    {
      "ID": 59,
      "Name": "RogueDLC130_BaseCommon",
      "GroupGUID": "e04b834c-2892-4f59-adeb-485c2b672895",
      "GroupPath": "Config/LevelOutput/Group/Groups_P80202_F80202001/LevelGroup_P80202_F80202001_G59.json"
    },
    {
      "ID": 60,
      "Name": "RogueDLC130_MainMonster",
      "GroupGUID": "0e44c61d-e89b-4585-b057-6fa42ff850c9",
      "GroupPath": "Config/LevelOutput/Group/Groups_P80202_F80202001/LevelGroup_P80202_F80202001_G60.json"
    },
    {
      "ID": 61,
      "Name": "RogueDLC130_SubMonster",
      "GroupGUID": "8554e664-1570-44d0-ad4f-c1ba61c06afe",
      "GroupPath": "Config/LevelOutput/Group/Groups_P80202_F80202001/LevelGroup_P80202_F80202001_G61.json"
    },
    {
      "ID": 36,
      "Name": "RogueDLC130_BaseEmpty",
      "GroupGUID": "b91368bd-9f36-4d92-bea9-7cdabe026ea5",
      "GroupPath": "Config/LevelOutput/Group/Groups_P80202_F80202001/LevelGroup_P80202_F80202001_G36.json"
    },
    {
      "ID": 37,
      "Name": "RogueDLC130_BaseBoss",
      "GroupGUID": "2cf9d625-5785-4c1d-9a1d-79bef9468bdc",
      "GroupPath": "Config/LevelOutput/Group/Groups_P80202_F80202001/LevelGroup_P80202_F80202001_G37.json"
    },
    {
      "ID": 38,
      "Name": "RogueDLC130_Elite",
      "GroupGUID": "08c3c06a-fd14-49ab-b9e7-192ea0e95c33",
      "GroupPath": "Config/LevelOutput/Group/Groups_P80202_F80202001/LevelGroup_P80202_F80202001_G38.json"
    },
    {
      "ID": 39,
      "Name": "RogueDLC130_Area",
      "GroupGUID": "8870fb20-7d4b-4cd1-93c6-aeeacd328758",
      "GroupPath": "Config/LevelOutput/Group/Groups_P80202_F80202001/LevelGroup_P80202_F80202001_G39.json"
    },
    {
      "ID": 40,
      "Name": "RogueDLC130_BaseCommon",
      "GroupGUID": "159803cf-c3da-420a-a939-beeba2c00305",
      "GroupPath": "Config/LevelOutput/Group/Groups_P80202_F80202001/LevelGroup_P80202_F80202001_G40.json"
    },
    {
      "ID": 41,
      "Name": "RogueDLC130_Event",
      "GroupGUID": "e52ca135-b8e5-4945-bd2b-82208d9f6b6f",
      "GroupPath": "Config/LevelOutput/Group/Groups_P80202_F80202001/LevelGroup_P80202_F80202001_G41.json"
    },
    {
      "ID": 42,
      "Name": "RogueDLC130_MainMonster",
      "GroupGUID": "7388e776-a4a8-49c7-928d-6ffef19da351",
      "GroupPath": "Config/LevelOutput/Group/Groups_P80202_F80202001/LevelGroup_P80202_F80202001_G42.json"
    },
    {
      "ID": 43,
      "Name": "RogueDLC130_BaseEmpty",
      "GroupGUID": "9b8ffdd6-3610-43ed-93ad-9bc3171149ae",
      "GroupPath": "Config/LevelOutput/Group/Groups_P80202_F80202001/LevelGroup_P80202_F80202001_G43.json"
    },
    {
      "ID": 44,
      "Name": "RogueDLC130_BaseBoss",
      "GroupGUID": "a8a8e969-056f-49b2-9f4b-a396d191bf60",
      "GroupPath": "Config/LevelOutput/Group/Groups_P80202_F80202001/LevelGroup_P80202_F80202001_G44.json"
    },
    {
      "ID": 54,
      "Name": "RogueDLC130_MainMonster",
      "GroupGUID": "7a33dcdf-965c-4e4a-bde0-81c911adbc85",
      "GroupPath": "Config/LevelOutput/Group/Groups_P80202_F80202001/LevelGroup_P80202_F80202001_G54.json"
    },
    {
      "ID": 55,
      "Name": "RogueDLC130_SubMonster",
      "GroupGUID": "44eca8df-c11d-42e0-9e96-de315f73f10c",
      "GroupPath": "Config/LevelOutput/Group/Groups_P80202_F80202001/LevelGroup_P80202_F80202001_G55.json"
    },
    {
      "ID": 46,
      "Name": "RogueDLC130_Area",
      "GroupGUID": "b263f66d-9578-4366-a310-16e91413d2d6",
      "GroupPath": "Config/LevelOutput/Group/Groups_P80202_F80202001/LevelGroup_P80202_F80202001_G46.json"
    },
    {
      "ID": 47,
      "Name": "RogueDLC130_BaseCommon",
      "GroupGUID": "531b408f-56eb-4a1b-9535-d45a926441d7",
      "GroupPath": "Config/LevelOutput/Group/Groups_P80202_F80202001/LevelGroup_P80202_F80202001_G47.json"
    },
    {
      "ID": 48,
      "Name": "RogueDLC130_Event",
      "GroupGUID": "11040123-86b9-439d-8445-ce24bf3c95a4",
      "GroupPath": "Config/LevelOutput/Group/Groups_P80202_F80202001/LevelGroup_P80202_F80202001_G48.json"
    },
    {
      "ID": 49,
      "Name": "RogueDLC130_MainMonster",
      "GroupGUID": "eeca66f5-b998-4285-8747-7ef717a349fc",
      "GroupPath": "Config/LevelOutput/Group/Groups_P80202_F80202001/LevelGroup_P80202_F80202001_G49.json"
    },
    {
      "ID": 62,
      "Name": "RogueDLC130_BaseCommon",
      "GroupGUID": "77f3ec73-4baf-4ce9-85a8-14cad2b2e0ba",
      "GroupPath": "Config/LevelOutput/Group/Groups_P80202_F80202001/LevelGroup_P80202_F80202001_G62.json"
    },
    {
      "ID": 63,
      "Name": "RogueDLC130_MainMonster",
      "GroupGUID": "8b6f4dcc-590f-4c2c-8df9-e313aa95635f",
      "GroupPath": "Config/LevelOutput/Group/Groups_P80202_F80202001/LevelGroup_P80202_F80202001_G63.json"
    },
    {
      "ID": 50,
      "Name": "RogueDLC130_BaseEmpty",
      "GroupGUID": "8c6b2152-290b-4eb7-8b00-edfdb91d3b22",
      "GroupPath": "Config/LevelOutput/Group/Groups_P80202_F80202001/LevelGroup_P80202_F80202001_G50.json"
    },
    {
      "ID": 51,
      "Name": "RogueDLC130_BaseBoss",
      "GroupGUID": "92589ee1-363e-4fd2-8671-3cdb9f304246",
      "GroupPath": "Config/LevelOutput/Group/Groups_P80202_F80202001/LevelGroup_P80202_F80202001_G51.json"
    },
    {
      "ID": 52,
      "Name": "RogueDLC130_Elite",
      "GroupGUID": "cc13a76f-416d-4a11-8d42-e53546505c2a",
      "GroupPath": "Config/LevelOutput/Group/Groups_P80202_F80202001/LevelGroup_P80202_F80202001_G52.json"
    },
    {
      "ID": 56,
      "Name": "RogueDLC130_Area",
      "GroupGUID": "1a867ba2-1f4b-44a4-98ca-b4715a30cb9e",
      "GroupPath": "Config/LevelOutput/Group/Groups_P80202_F80202001/LevelGroup_P80202_F80202001_G56.json"
    },
    {
      "ID": 57,
      "Name": "RogueDLC130_BaseShop",
      "GroupGUID": "61644914-7616-4dc7-9876-eff6f065c334",
      "GroupPath": "Config/LevelOutput/Group/Groups_P80202_F80202001/LevelGroup_P80202_F80202001_G57.json"
    },
    {
      "ID": 58,
      "Name": "RogueDLC130_Shop",
      "GroupGUID": "2554ca59-efa0-4a20-8f88-4af70a7e5ff9",
      "GroupPath": "Config/LevelOutput/Group/Groups_P80202_F80202001/LevelGroup_P80202_F80202001_G58.json"
    },
    {
      "ID": 74,
      "Name": "RogueDLC130_Shop",
      "GroupGUID": "b293cc79-e765-4068-938a-c0cf1efff82f",
      "GroupPath": "Config/LevelOutput/Group/Groups_P80202_F80202001/LevelGroup_P80202_F80202001_G74.json"
    },
    {
      "ID": 64,
      "Name": "RogueDLC130_Area",
      "GroupGUID": "d51d4feb-76f5-40a1-8579-14ec57fbf09d",
      "GroupPath": "Config/LevelOutput/Group/Groups_P80202_F80202001/LevelGroup_P80202_F80202001_G64.json"
    },
    {
      "ID": 65,
      "Name": "RogueDLC130_BaseCommon",
      "GroupGUID": "7cda14ff-8981-410e-b6a5-b2c67b6856f2",
      "GroupPath": "Config/LevelOutput/Group/Groups_P80202_F80202001/LevelGroup_P80202_F80202001_G65.json"
    },
    {
      "ID": 66,
      "Name": "RogueDLC130_Event",
      "GroupGUID": "3af2dc42-49b0-441f-87c9-6bc271345066",
      "GroupPath": "Config/LevelOutput/Group/Groups_P80202_F80202001/LevelGroup_P80202_F80202001_G66.json"
    },
    {
      "ID": 67,
      "Name": "RogueDLC130_MainMonster",
      "GroupGUID": "9bb6792d-123f-4435-a8a3-3f16afe688f3",
      "GroupPath": "Config/LevelOutput/Group/Groups_P80202_F80202001/LevelGroup_P80202_F80202001_G67.json"
    },
    {
      "ID": 68,
      "Name": "RogueDLC130_BaseCommon",
      "GroupGUID": "dd2bfb7b-1f9a-4a3f-9e71-bbe5a32d6e6b",
      "GroupPath": "Config/LevelOutput/Group/Groups_P80202_F80202001/LevelGroup_P80202_F80202001_G68.json"
    },
    {
      "ID": 69,
      "Name": "RogueDLC130_Event",
      "GroupGUID": "8f472de5-92ea-44fb-8eac-2a7d17173402",
      "GroupPath": "Config/LevelOutput/Group/Groups_P80202_F80202001/LevelGroup_P80202_F80202001_G69.json"
    }
  ]
}