{
  "FloorID": 80207001,
  "FloorName": "MazeText_Empty",
  "StartGroupID": 1,
  "StartAnchorID": 1,
  "GroupList": [
    {
      "ID": 1,
      "Name": "DefaultGroup",
      "GroupGUID": "95696add-4e8b-4cad-aa32-8043c3760568",
      "GroupPath": "Config/LevelOutput/Group/Groups_P80207_F80207001/LevelGroup_P80207_F80207001_G1.json"
    },
    {
      "ID": 2,
      "Name": "Default",
      "GroupGUID": "6af79c0c-7e97-4322-bb46-acfd3c91b291",
      "GroupPath": "Config/LevelOutput/Group/Groups_P80207_F80207001/LevelGroup_P80207_F80207001_G2.json"
    },
    {
      "ID": 3,
      "Name": "Sound",
      "GroupGUID": "f1e99a2e-928b-407f-a556-91b2390ffa2d",
      "GroupPath": "Config/LevelOutput/Group/Groups_P80207_F80207001/LevelGroup_P80207_F80207001_G3.json"
    },
    {
      "ID": 7,
      "Name": "New Group",
      "GroupGUID": "7b562632-1579-4cd7-ad47-7c295f6c0d98",
      "GroupPath": "Config/LevelOutput/Group/Groups_P80207_F80207001/LevelGroup_P80207_F80207001_G7.json"
    },
    {
      "ID": 8,
      "Name": "New Group",
      "GroupGUID": "42e4ad1a-3c2d-4342-802d-858585b68e83",
      "GroupPath": "Config/LevelOutput/Group/Groups_P80207_F80207001/LevelGroup_P80207_F80207001_G8.json"
    },
    {
      "ID": 9,
      "Name": "New Group",
      "GroupGUID": "0f319785-6d7d-47d9-b881-3f78ed996681",
      "GroupPath": "Config/LevelOutput/Group/Groups_P80207_F80207001/LevelGroup_P80207_F80207001_G9.json"
    },
    {
      "ID": 121,
      "Name": "MainMission_RoadBlock",
      "GroupGUID": "33f3c6fa-ac86-4c58-9b78-373141aa2539",
      "GroupPath": "Config/LevelOutput/Group/Groups_P80207_F80207001/LevelGroup_P80207_F80207001_G121.json"
    },
    {
      "ID": 10,
      "Name": "RogueDLC130_Area",
      "GroupGUID": "2ae66650-183f-4daf-8ba9-9da489bc36be",
      "GroupPath": "Config/LevelOutput/Group/Groups_P80207_F80207001/LevelGroup_P80207_F80207001_G10.json"
    },
    {
      "ID": 11,
      "Name": "RogueDLC130_BaseBoss",
      "GroupGUID": "c4262f7c-ea63-4af4-89d5-47319fb60c2d",
      "GroupPath": "Config/LevelOutput/Group/Groups_P80207_F80207001/LevelGroup_P80207_F80207001_G11.json"
    },
    {
      "ID": 12,
      "Name": "RogueDLC130_Boss",
      "GroupGUID": "2d6674d4-8e44-4205-9225-9c3482823727",
      "GroupPath": "Config/LevelOutput/Group/Groups_P80207_F80207001/LevelGroup_P80207_F80207001_G12.json"
    },
    {
      "ID": 97,
      "Name": "RogueDLC130_TutorialBoss",
      "GroupGUID": "f396f981-b737-4aef-ba43-fbd4bf35aa06",
      "GroupPath": "Config/LevelOutput/Group/Groups_P80207_F80207001/LevelGroup_P80207_F80207001_G97.json"
    },
    {
      "ID": 52,
      "Name": "RogueDLC130_SwarmBoss",
      "GroupGUID": "26395d3f-f80d-461d-abc2-b011169ef227",
      "GroupPath": "Config/LevelOutput/Group/Groups_P80207_F80207001/LevelGroup_P80207_F80207001_G52.json"
    },
    {
      "ID": 13,
      "Name": "RogueDLC130_Area",
      "GroupGUID": "6fdd5ec8-eb10-4017-a926-240429fc095e",
      "GroupPath": "Config/LevelOutput/Group/Groups_P80207_F80207001/LevelGroup_P80207_F80207001_G13.json"
    },
    {
      "ID": 14,
      "Name": "RogueDLC130_BaseRest",
      "GroupGUID": "dc8ff838-cabf-476a-bc14-4dfce54cb02a",
      "GroupPath": "Config/LevelOutput/Group/Groups_P80207_F80207001/LevelGroup_P80207_F80207001_G14.json"
    },
    {
      "ID": 15,
      "Name": "RogueDLC130_Rest",
      "GroupGUID": "80bbcb98-dd91-4def-be2c-3db0e9b298b5",
      "GroupPath": "Config/LevelOutput/Group/Groups_P80207_F80207001/LevelGroup_P80207_F80207001_G15.json"
    },
    {
      "ID": 16,
      "Name": "RogueDLC130_Area",
      "GroupGUID": "238936bb-a5e3-4679-85d6-ed66d78300bf",
      "GroupPath": "Config/LevelOutput/Group/Groups_P80207_F80207001/LevelGroup_P80207_F80207001_G16.json"
    },
    {
      "ID": 17,
      "Name": "RogueDLC130_BaseCommon",
      "GroupGUID": "d2759dbb-8004-49d7-8aca-7512ba821628",
      "GroupPath": "Config/LevelOutput/Group/Groups_P80207_F80207001/LevelGroup_P80207_F80207001_G17.json"
    },
    {
      "ID": 18,
      "Name": "RogueDLC130_MainMonster",
      "GroupGUID": "bca9eb55-32f6-44e2-a157-3a7a8684c161",
      "GroupPath": "Config/LevelOutput/Group/Groups_P80207_F80207001/LevelGroup_P80207_F80207001_G18.json"
    },
    {
      "ID": 19,
      "Name": "RogueDLC130_SubMonster",
      "GroupGUID": "c96e24f2-5c17-4400-ab08-2fa47e921258",
      "GroupPath": "Config/LevelOutput/Group/Groups_P80207_F80207001/LevelGroup_P80207_F80207001_G19.json"
    },
    {
      "ID": 72,
      "Name": "RogueDLC130_BaseCommon",
      "GroupGUID": "f83d7e18-dd96-429b-b1a8-49d83cc169ae",
      "GroupPath": "Config/LevelOutput/Group/Groups_P80207_F80207001/LevelGroup_P80207_F80207001_G72.json"
    },
    {
      "ID": 73,
      "Name": "RogueDLC130_Event",
      "GroupGUID": "79957e46-9a6c-4306-a8ff-338468aa4bba",
      "GroupPath": "Config/LevelOutput/Group/Groups_P80207_F80207001/LevelGroup_P80207_F80207001_G73.json"
    },
    {
      "ID": 74,
      "Name": "RogueDLC130_MainMonster",
      "GroupGUID": "6bc30c9d-3433-48a1-b148-4bf4c1419f39",
      "GroupPath": "Config/LevelOutput/Group/Groups_P80207_F80207001/LevelGroup_P80207_F80207001_G74.json"
    },
    {
      "ID": 20,
      "Name": "RogueDLC130_Area",
      "GroupGUID": "93b79d06-6225-4c67-84ce-ff214bec1278",
      "GroupPath": "Config/LevelOutput/Group/Groups_P80207_F80207001/LevelGroup_P80207_F80207001_G20.json"
    },
    {
      "ID": 21,
      "Name": "RogueDLC130_BaseCommon",
      "GroupGUID": "4ab1cc81-f574-42b5-afe6-512cdfe957de",
      "GroupPath": "Config/LevelOutput/Group/Groups_P80207_F80207001/LevelGroup_P80207_F80207001_G21.json"
    },
    {
      "ID": 22,
      "Name": "RogueDLC130_MainMonster",
      "GroupGUID": "440e66cc-633f-4ca8-a5aa-99af0948c4cd",
      "GroupPath": "Config/LevelOutput/Group/Groups_P80207_F80207001/LevelGroup_P80207_F80207001_G22.json"
    },
    {
      "ID": 76,
      "Name": "RogueDLC130_Event",
      "GroupGUID": "d8ade350-289a-4046-9341-ff20c5bbe5e5",
      "GroupPath": "Config/LevelOutput/Group/Groups_P80207_F80207001/LevelGroup_P80207_F80207001_G76.json"
    },
    {
      "ID": 64,
      "Name": "RogueDLC130_BaseEmpty",
      "GroupGUID": "bdf4dc29-5e99-49fe-8dfa-b17a91d375fb",
      "GroupPath": "Config/LevelOutput/Group/Groups_P80207_F80207001/LevelGroup_P80207_F80207001_G64.json"
    },
    {
      "ID": 107,
      "Name": "RogueDLC130_Area",
      "GroupGUID": "be287619-6f05-489a-826f-e6ce3012d522",
      "GroupPath": "Config/LevelOutput/Group/Groups_P80207_F80207001/LevelGroup_P80207_F80207001_G107.json"
    },
    {
      "ID": 108,
      "Name": "RogueDLC130_BaseCommon",
      "GroupGUID": "ff582947-4ffb-4646-9626-b1e0acc80672",
      "GroupPath": "Config/LevelOutput/Group/Groups_P80207_F80207001/LevelGroup_P80207_F80207001_G108.json"
    },
    {
      "ID": 109,
      "Name": "RogueDLC130_MainMonster",
      "GroupGUID": "1964d5b3-3d0b-49e4-bd6d-83e3c72c23ad",
      "GroupPath": "Config/LevelOutput/Group/Groups_P80207_F80207001/LevelGroup_P80207_F80207001_G109.json"
    },
    {
      "ID": 110,
      "Name": "RogueDLC130_SubMonster",
      "GroupGUID": "e93b0e3a-40f3-45dc-bd17-f7298b4332f8",
      "GroupPath": "Config/LevelOutput/Group/Groups_P80207_F80207001/LevelGroup_P80207_F80207001_G110.json"
    },
    {
      "ID": 111,
      "Name": "RogueDLC130_SubMonster",
      "GroupGUID": "1ffddad5-8290-4e05-9176-414290d8936e",
      "GroupPath": "Config/LevelOutput/Group/Groups_P80207_F80207001/LevelGroup_P80207_F80207001_G111.json"
    },
    {
      "ID": 23,
      "Name": "RogueDLC130_Area",
      "GroupGUID": "d28d86c8-54b2-42bb-8364-72555768086f",
      "GroupPath": "Config/LevelOutput/Group/Groups_P80207_F80207001/LevelGroup_P80207_F80207001_G23.json"
    },
    {
      "ID": 24,
      "Name": "RogueDLC130_BaseCommon",
      "GroupGUID": "c5836090-ea75-453f-b3de-9abb3e788945",
      "GroupPath": "Config/LevelOutput/Group/Groups_P80207_F80207001/LevelGroup_P80207_F80207001_G24.json"
    },
    {
      "ID": 25,
      "Name": "RogueDLC130_MainMonster",
      "GroupGUID": "063fac8d-7b83-4d64-992c-0ed9398153e2",
      "GroupPath": "Config/LevelOutput/Group/Groups_P80207_F80207001/LevelGroup_P80207_F80207001_G25.json"
    },
    {
      "ID": 57,
      "Name": "RogueDLC130_BaseShop",
      "GroupGUID": "f7e62ef8-6c47-48a0-bff9-970564f64a1f",
      "GroupPath": "Config/LevelOutput/Group/Groups_P80207_F80207001/LevelGroup_P80207_F80207001_G57.json"
    },
    {
      "ID": 58,
      "Name": "RogueDLC130_Shop",
      "GroupGUID": "da32638e-5474-4a68-b505-e8241cfa209b",
      "GroupPath": "Config/LevelOutput/Group/Groups_P80207_F80207001/LevelGroup_P80207_F80207001_G58.json"
    },
    {
      "ID": 95,
      "Name": "RogueDLC130_Shop",
      "GroupGUID": "a8e29cda-aa13-44be-a340-57512e99cfa1",
      "GroupPath": "Config/LevelOutput/Group/Groups_P80207_F80207001/LevelGroup_P80207_F80207001_G95.json"
    },
    {
      "ID": 26,
      "Name": "RogueDLC130_Area",
      "GroupGUID": "11233ba8-59b2-49e9-899c-467673544936",
      "GroupPath": "Config/LevelOutput/Group/Groups_P80207_F80207001/LevelGroup_P80207_F80207001_G26.json"
    },
    {
      "ID": 27,
      "Name": "RogueDLC130_BaseCommon",
      "GroupGUID": "8d267766-3ec8-4d26-91c3-cc9b0bda4b18",
      "GroupPath": "Config/LevelOutput/Group/Groups_P80207_F80207001/LevelGroup_P80207_F80207001_G27.json"
    },
    {
      "ID": 28,
      "Name": "RogueDLC130_MainMonster",
      "GroupGUID": "533a7bc5-ea67-474d-a470-b3912a76f831",
      "GroupPath": "Config/LevelOutput/Group/Groups_P80207_F80207001/LevelGroup_P80207_F80207001_G28.json"
    },
    {
      "ID": 79,
      "Name": "RogueDLC130_Event",
      "GroupGUID": "5e538563-3e53-425c-b725-4066d8f9066a",
      "GroupPath": "Config/LevelOutput/Group/Groups_P80207_F80207001/LevelGroup_P80207_F80207001_G79.json"
    },
    {
      "ID": 29,
      "Name": "RogueDLC130_Area",
      "GroupGUID": "d64e16f2-1871-4c09-95ba-4135ac420aae",
      "GroupPath": "Config/LevelOutput/Group/Groups_P80207_F80207001/LevelGroup_P80207_F80207001_G29.json"
    },
    {
      "ID": 30,
      "Name": "RogueDLC130_BaseCommon",
      "GroupGUID": "20d10f8d-75a9-4a79-83b8-999f8a757eca",
      "GroupPath": "Config/LevelOutput/Group/Groups_P80207_F80207001/LevelGroup_P80207_F80207001_G30.json"
    },
    {
      "ID": 31,
      "Name": "RogueDLC130_Event",
      "GroupGUID": "d499ada3-6988-4fff-97fc-d8fd8d5db073",
      "GroupPath": "Config/LevelOutput/Group/Groups_P80207_F80207001/LevelGroup_P80207_F80207001_G31.json"
    },
    {
      "ID": 61,
      "Name": "RogueDLC130_BaseBoss",
      "GroupGUID": "0083e8b1-501f-4825-ac57-d45affe6b1cd",
      "GroupPath": "Config/LevelOutput/Group/Groups_P80207_F80207001/LevelGroup_P80207_F80207001_G61.json"
    },
    {
      "ID": 62,
      "Name": "RogueDLC130_Elite",
      "GroupGUID": "07ee2252-ac55-4def-a67c-627b375521b4",
      "GroupPath": "Config/LevelOutput/Group/Groups_P80207_F80207001/LevelGroup_P80207_F80207001_G62.json"
    },
    {
      "ID": 89,
      "Name": "RogueDLC130_BaseEmpty",
      "GroupGUID": "9f21a695-a018-4a1c-8377-4c783259f784",
      "GroupPath": "Config/LevelOutput/Group/Groups_P80207_F80207001/LevelGroup_P80207_F80207001_G89.json"
    },
    {
      "ID": 32,
      "Name": "RogueDLC130_Area",
      "GroupGUID": "e5b67c51-2c8b-426e-bfdb-fdebe29d98bd",
      "GroupPath": "Config/LevelOutput/Group/Groups_P80207_F80207001/LevelGroup_P80207_F80207001_G32.json"
    },
    {
      "ID": 53,
      "Name": "RogueDLC130_BaseShop",
      "GroupGUID": "a6539038-29fd-4c50-8f83-88e77c7e2ae5",
      "GroupPath": "Config/LevelOutput/Group/Groups_P80207_F80207001/LevelGroup_P80207_F80207001_G53.json"
    },
    {
      "ID": 54,
      "Name": "RogueDLC130_Shop",
      "GroupGUID": "896177f4-b8f8-4c41-90fe-b8b5255b121f",
      "GroupPath": "Config/LevelOutput/Group/Groups_P80207_F80207001/LevelGroup_P80207_F80207001_G54.json"
    },
    {
      "ID": 96,
      "Name": "RogueDLC130_Shop",
      "GroupGUID": "1d196bb0-782e-491f-94cd-37d2d487208b",
      "GroupPath": "Config/LevelOutput/Group/Groups_P80207_F80207001/LevelGroup_P80207_F80207001_G96.json"
    },
    {
      "ID": 33,
      "Name": "RogueDLC130_BaseCommon",
      "GroupGUID": "36fc903f-b1ce-4e51-9efb-82e6d7b86264",
      "GroupPath": "Config/LevelOutput/Group/Groups_P80207_F80207001/LevelGroup_P80207_F80207001_G33.json"
    },
    {
      "ID": 34,
      "Name": "RogueDLC130_Event",
      "GroupGUID": "3f2ae945-fa08-4530-84df-562d566db9ca",
      "GroupPath": "Config/LevelOutput/Group/Groups_P80207_F80207001/LevelGroup_P80207_F80207001_G34.json"
    },
    {
      "ID": 35,
      "Name": "RogueDLC130_Area",
      "GroupGUID": "3782e151-c907-482f-b0a7-0917d0d0f10c",
      "GroupPath": "Config/LevelOutput/Group/Groups_P80207_F80207001/LevelGroup_P80207_F80207001_G35.json"
    },
    {
      "ID": 36,
      "Name": "RogueDLC130_BaseCommon",
      "GroupGUID": "0f5d883b-c356-4834-af71-11d7fd0b0aae",
      "GroupPath": "Config/LevelOutput/Group/Groups_P80207_F80207001/LevelGroup_P80207_F80207001_G36.json"
    },
    {
      "ID": 84,
      "Name": "RogueDLC130_MainMonster",
      "GroupGUID": "7c40fb32-0e42-4df3-9fc6-7ebd7db77fe1",
      "GroupPath": "Config/LevelOutput/Group/Groups_P80207_F80207001/LevelGroup_P80207_F80207001_G84.json"
    },
    {
      "ID": 37,
      "Name": "RogueDLC130_Event",
      "GroupGUID": "8c8c7f3d-0135-4ef1-b4e2-0576befb12c9",
      "GroupPath": "Config/LevelOutput/Group/Groups_P80207_F80207001/LevelGroup_P80207_F80207001_G37.json"
    },
    {
      "ID": 55,
      "Name": "RogueDLC130_BaseBoss",
      "GroupGUID": "b30178eb-b735-4446-b2ba-01977b59897f",
      "GroupPath": "Config/LevelOutput/Group/Groups_P80207_F80207001/LevelGroup_P80207_F80207001_G55.json"
    },
    {
      "ID": 56,
      "Name": "RogueDLC130_Elite",
      "GroupGUID": "46d6114b-f4d5-4028-99e9-811eeb17fe43",
      "GroupPath": "Config/LevelOutput/Group/Groups_P80207_F80207001/LevelGroup_P80207_F80207001_G56.json"
    },
    {
      "ID": 85,
      "Name": "RogueDLC130_BaseEmpty",
      "GroupGUID": "db87a3bf-a414-4b1b-8e1e-0cde59bac7a9",
      "GroupPath": "Config/LevelOutput/Group/Groups_P80207_F80207001/LevelGroup_P80207_F80207001_G85.json"
    },
    {
      "ID": 42,
      "Name": "RogueDLC130_Area",
      "GroupGUID": "a54aee75-caba-4a29-b4e8-d7b6f8485fd9",
      "GroupPath": "Config/LevelOutput/Group/Groups_P80207_F80207001/LevelGroup_P80207_F80207001_G42.json"
    },
    {
      "ID": 43,
      "Name": "RogueDLC130_BaseCommon",
      "GroupGUID": "985f6195-7bce-480a-85c9-a37ac565311a",
      "GroupPath": "Config/LevelOutput/Group/Groups_P80207_F80207001/LevelGroup_P80207_F80207001_G43.json"
    },
    {
      "ID": 44,
      "Name": "RogueDLC130_MainMonster",
      "GroupGUID": "c49467f0-a2b5-499b-928f-7228ab9a3825",
      "GroupPath": "Config/LevelOutput/Group/Groups_P80207_F80207001/LevelGroup_P80207_F80207001_G44.json"
    },
    {
      "ID": 46,
      "Name": "RogueDLC130_SubMonster",
      "GroupGUID": "79d8615e-0521-4d64-a7a6-37c83175f143",
      "GroupPath": "Config/LevelOutput/Group/Groups_P80207_F80207001/LevelGroup_P80207_F80207001_G46.json"
    },
    {
      "ID": 45,
      "Name": "RogueDLC130_SubMonster",
      "GroupGUID": "78e22695-54dd-4d8e-ab7c-86e22d3a9cd5",
      "GroupPath": "Config/LevelOutput/Group/Groups_P80207_F80207001/LevelGroup_P80207_F80207001_G45.json"
    },
    {
      "ID": 94,
      "Name": "RogueBase_Common",
      "GroupGUID": "b2a296d5-260b-4cf5-bd60-7daec4fa7a22",
      "GroupPath": "Config/LevelOutput/Group/Groups_P80207_F80207001/LevelGroup_P80207_F80207001_G94.json"
    },
    {
      "ID": 93,
      "Name": "AdvPuman",
      "GroupGUID": "772fee98-21ef-4ee7-a531-913108c4a418",
      "GroupPath": "Config/LevelOutput/Group/Groups_P80207_F80207001/LevelGroup_P80207_F80207001_G93.json"
    },
    {
      "ID": 47,
      "Name": "RogueDLC130_Area",
      "GroupGUID": "239ee216-cd5b-459b-8be7-67df8c22ebd7",
      "GroupPath": "Config/LevelOutput/Group/Groups_P80207_F80207001/LevelGroup_P80207_F80207001_G47.json"
    },
    {
      "ID": 48,
      "Name": "RogueDLC130_BaseCommon",
      "GroupGUID": "063b6bc2-fe64-4483-8768-3d0500402c22",
      "GroupPath": "Config/LevelOutput/Group/Groups_P80207_F80207001/LevelGroup_P80207_F80207001_G48.json"
    },
    {
      "ID": 49,
      "Name": "RogueDLC130_MainMonster",
      "GroupGUID": "4659b5ca-a51c-4c87-b792-5adbd7777952",
      "GroupPath": "Config/LevelOutput/Group/Groups_P80207_F80207001/LevelGroup_P80207_F80207001_G49.json"
    },
    {
      "ID": 50,
      "Name": "RogueDLC130_SubMonster",
      "GroupGUID": "fdcf8c3a-a724-45bc-894f-a9a91f076a54",
      "GroupPath": "Config/LevelOutput/Group/Groups_P80207_F80207001/LevelGroup_P80207_F80207001_G50.json"
    },
    {
      "ID": 51,
      "Name": "RogueDLC130_SubMonster",
      "GroupGUID": "76023fe6-6e32-43ab-840a-d1db4683c10b",
      "GroupPath": "Config/LevelOutput/Group/Groups_P80207_F80207001/LevelGroup_P80207_F80207001_G51.json"
    },
    {
      "ID": 112,
      "Name": "RogueDLC130_Area",
      "GroupGUID": "46416ba9-f38e-4f77-bb97-db82b27057c5",
      "GroupPath": "Config/LevelOutput/Group/Groups_P80207_F80207001/LevelGroup_P80207_F80207001_G112.json"
    },
    {
      "ID": 113,
      "Name": "RogueDLC130_BaseCommon",
      "GroupGUID": "d9eb221c-d7b7-44a5-acfe-7d9a12ff4a97",
      "GroupPath": "Config/LevelOutput/Group/Groups_P80207_F80207001/LevelGroup_P80207_F80207001_G113.json"
    },
    {
      "ID": 114,
      "Name": "RogueDLC130_MainMonster",
      "GroupGUID": "89b20d56-0ecc-463b-baee-e4a9a06eabf7",
      "GroupPath": "Config/LevelOutput/Group/Groups_P80207_F80207001/LevelGroup_P80207_F80207001_G114.json"
    },
    {
      "ID": 115,
      "Name": "RogueDLC130_SubMonster",
      "GroupGUID": "9627a3eb-0779-489f-9916-ca4bc3994e62",
      "GroupPath": "Config/LevelOutput/Group/Groups_P80207_F80207001/LevelGroup_P80207_F80207001_G115.json"
    },
    {
      "ID": 116,
      "Name": "RogueDLC130_SubMonster",
      "GroupGUID": "dd7532c5-002e-4ede-abbb-4c02ab2c530a",
      "GroupPath": "Config/LevelOutput/Group/Groups_P80207_F80207001/LevelGroup_P80207_F80207001_G116.json"
    },
    {
      "ID": 67,
      "Name": "RogueDLC130_Area",
      "GroupGUID": "9b1c42f7-453a-4a7d-b003-4f8a360ed382",
      "GroupPath": "Config/LevelOutput/Group/Groups_P80207_F80207001/LevelGroup_P80207_F80207001_G67.json"
    },
    {
      "ID": 68,
      "Name": "RogueDLC130_BaseCommon",
      "GroupGUID": "ec87b045-5dfc-47ca-8baa-f512dd810168",
      "GroupPath": "Config/LevelOutput/Group/Groups_P80207_F80207001/LevelGroup_P80207_F80207001_G68.json"
    },
    {
      "ID": 66,
      "Name": "RogueDLC130_",
      "GroupGUID": "5ef88092-f714-40c7-bcc2-6214aa6988c3",
      "GroupPath": "Config/LevelOutput/Group/Groups_P80207_F80207001/LevelGroup_P80207_F80207001_G66.json"
    },
    {
      "ID": 117,
      "Name": "RogueDLC130_Area",
      "GroupGUID": "ecf6fd81-5b56-457f-a30f-354578d9d96f",
      "GroupPath": "Config/LevelOutput/Group/Groups_P80207_F80207001/LevelGroup_P80207_F80207001_G117.json"
    },
    {
      "ID": 118,
      "Name": "RogueDLC130_BaseShop",
      "GroupGUID": "a21aa02b-2794-40c2-b717-216bf6378770",
      "GroupPath": "Config/LevelOutput/Group/Groups_P80207_F80207001/LevelGroup_P80207_F80207001_G118.json"
    },
    {
      "ID": 119,
      "Name": "RogueDLC130_Shopheita",
      "GroupGUID": "1d690c0a-5190-4b9a-801e-340cf0c9c878",
      "GroupPath": "Config/LevelOutput/Group/Groups_P80207_F80207001/LevelGroup_P80207_F80207001_G119.json"
    },
    {
      "ID": 120,
      "Name": "RogueDLC130_Shopruosi",
      "GroupGUID": "7b66d8f5-0688-4508-a117-9a4f0f6fd82e",
      "GroupPath": "Config/LevelOutput/Group/Groups_P80207_F80207001/LevelGroup_P80207_F80207001_G120.json"
    },
    {
      "ID": 77,
      "Name": "RogueDLC130_Area",
      "GroupGUID": "f8dfd0b0-a5f4-4d7f-901d-7af50747ddaa",
      "GroupPath": "Config/LevelOutput/Group/Groups_P80207_F80207001/LevelGroup_P80207_F80207001_G77.json"
    },
    {
      "ID": 78,
      "Name": "RogueDLC130_BaseCommon",
      "GroupGUID": "be41a45b-36f6-4346-a2bb-c38af59d2ca4",
      "GroupPath": "Config/LevelOutput/Group/Groups_P80207_F80207001/LevelGroup_P80207_F80207001_G78.json"
    },
    {
      "ID": 80,
      "Name": "RogueDLC130_MainMonster",
      "GroupGUID": "eaf30376-059e-4909-9984-522e68c79d42",
      "GroupPath": "Config/LevelOutput/Group/Groups_P80207_F80207001/LevelGroup_P80207_F80207001_G80.json"
    },
    {
      "ID": 83,
      "Name": "RogueDLC130_SubMonster",
      "GroupGUID": "f8fc0031-cd75-421f-8c07-c4cd97a393a5",
      "GroupPath": "Config/LevelOutput/Group/Groups_P80207_F80207001/LevelGroup_P80207_F80207001_G83.json"
    },
    {
      "ID": 102,
      "Name": "RogueDLC130_Area",
      "GroupGUID": "946b59a3-c948-4cbe-96b3-90820d91d37f",
      "GroupPath": "Config/LevelOutput/Group/Groups_P80207_F80207001/LevelGroup_P80207_F80207001_G102.json"
    },
    {
      "ID": 104,
      "Name": "RogueDLC130_BaseEmpty",
      "GroupGUID": "e3ee68b9-07d9-4e43-a5da-96c94d65d054",
      "GroupPath": "Config/LevelOutput/Group/Groups_P80207_F80207001/LevelGroup_P80207_F80207001_G104.json"
    },
    {
      "ID": 103,
      "Name": "RogueDLC130_BaseCommon",
      "GroupGUID": "1d983d6e-758c-4ba7-b757-26e6424e28d4",
      "GroupPath": "Config/LevelOutput/Group/Groups_P80207_F80207001/LevelGroup_P80207_F80207001_G103.json"
    },
    {
      "ID": 105,
      "Name": "RogueDLC130_Event",
      "GroupGUID": "87e97dfd-fa5d-47ba-86e2-b2526f166499",
      "GroupPath": "Config/LevelOutput/Group/Groups_P80207_F80207001/LevelGroup_P80207_F80207001_G105.json"
    },
    {
      "ID": 106,
      "Name": "RogueDLC130_MainMonster",
      "GroupGUID": "d7e2c326-fea0-4906-ba4e-54bff3423c49",
      "GroupPath": "Config/LevelOutput/Group/Groups_P80207_F80207001/LevelGroup_P80207_F80207001_G106.json"
    }
  ]
}