{
  "FloorID": 80200005,
  "FloorName": "MazeText_Empty",
  "StartGroupID": 3,
  "StartAnchorID": 1,
  "GroupList": [
    {
      "ID": 3,
      "Name": "DefaultGroup",
      "GroupGUID": "a2d961cd-b0bd-4a69-9487-6cd10318cd6b",
      "GroupPath": "Config/LevelOutput/Group/Groups_P80200_F80200005/LevelGroup_P80200_F80200005_G3.json"
    },
    {
      "ID": 4,
      "Name": "RogueArea",
      "GroupGUID": "5ac45512-821e-47fc-b986-c9f3a81b7da2",
      "GroupPath": "Config/LevelOutput/Group/Groups_P80200_F80200005/LevelGroup_P80200_F80200005_G4.json"
    },
    {
      "ID": 5,
      "Name": "RogueBase_Common",
      "GroupGUID": "a608671a-30be-44fb-91b3-435c864dc4e2",
      "GroupPath": "Config/LevelOutput/Group/Groups_P80200_F80200005/LevelGroup_P80200_F80200005_G5.json"
    },
    {
      "ID": 6,
      "Name": "AdvDes",
      "GroupGUID": "7b8dd159-0fdc-4eb4-a46a-d750d0e6f35a",
      "GroupPath": "Config/LevelOutput/Group/Groups_P80200_F80200005/LevelGroup_P80200_F80200005_G6.json"
    },
    {
      "ID": 7,
      "Name": "Sound",
      "GroupGUID": "23ba278c-a61f-4131-9f35-f147a858c7b6",
      "GroupPath": "Config/LevelOutput/Group/Groups_P80200_F80200005/LevelGroup_P80200_F80200005_G7.json"
    }
  ]
}