{
  "FloorID": 80302002,
  "FloorName": "FloorName_80302002",
  "StartGroupID": 2,
  "StartAnchorID": 1,
  "GroupList": [
    {
      "ID": 2,
      "Name": "DefaultGroup",
      "GroupGUID": "31a8f9f2-b38f-46b5-899d-be7b04ff3224",
      "GroupPath": "Config/LevelOutput/Group/Groups_P80302_F80302002/LevelGroup_P80302_F80302002_G2.json"
    },
    {
      "ID": 3,
      "Name": "RogueArea",
      "GroupGUID": "0b4716c2-b7b2-4802-b5f7-713b71dad02b",
      "GroupPath": "Config/LevelOutput/Group/Groups_P80302_F80302002/LevelGroup_P80302_F80302002_G3.json"
    },
    {
      "ID": 4,
      "Name": "RogueBase_Common",
      "GroupGUID": "41e1229f-a968-4049-8ddc-e2b5f01f8e53",
      "GroupPath": "Config/LevelOutput/Group/Groups_P80302_F80302002/LevelGroup_P80302_F80302002_G4.json"
    },
    {
      "ID": 5,
      "Name": "AdvDes",
      "GroupGUID": "1a9c62e9-6ed8-4791-abea-ffd32c8c9a84",
      "GroupPath": "Config/LevelOutput/Group/Groups_P80302_F80302002/LevelGroup_P80302_F80302002_G5.json"
    },
    {
      "ID": 6,
      "Name": "Sound",
      "GroupGUID": "61cbe6df-5304-43e9-852b-0db0ce978d26",
      "GroupPath": "Config/LevelOutput/Group/Groups_P80302_F80302002/LevelGroup_P80302_F80302002_G6.json"
    }
  ]
}