{
  "FloorID": 80303001,
  "FloorName": "MazeText_Empty",
  "StartGroupID": 1,
  "StartAnchorID": 1,
  "GroupList": [
    {
      "ID": 1,
      "Name": "DefaultGroup",
      "GroupGUID": "1348a8a8-83cd-4872-98cf-e6fa56ec8d25",
      "GroupPath": "Config/LevelOutput/Group/Groups_P80303_F80303001/LevelGroup_P80303_F80303001_G1.json"
    },
    {
      "ID": 2,
      "Name": "DefaultGroup",
      "GroupGUID": "80dea467-e27e-4c00-b411-688def970082",
      "GroupPath": "Config/LevelOutput/Group/Groups_P80303_F80303001/LevelGroup_P80303_F80303001_G2.json"
    },
    {
      "ID": 3,
      "Name": "DefaultData",
      "GroupGUID": "eb926f26-bcb8-4fd4-9c41-e3e9f0d94ae9",
      "GroupPath": "Config/LevelOutput/Group/Groups_P80303_F80303001/LevelGroup_P80303_F80303001_G3.json"
    },
    {
      "ID": 4,
      "Name": "Sound",
      "GroupGUID": "fdff23d0-5c3c-47ec-a43a-c24161c46f9c",
      "GroupPath": "Config/LevelOutput/Group/Groups_P80303_F80303001/LevelGroup_P80303_F80303001_G4.json"
    },
    {
      "ID": 5,
      "Name": "New Group",
      "GroupGUID": "5ec537e0-cfa3-42c8-8684-2c755f3e4b0b",
      "GroupPath": "Config/LevelOutput/Group/Groups_P80303_F80303001/LevelGroup_P80303_F80303001_G5.json"
    },
    {
      "ID": 6,
      "Name": "RogueDLC130_Area",
      "GroupGUID": "26cc8beb-66f7-4334-8745-ac539e2aaf23",
      "GroupPath": "Config/LevelOutput/Group/Groups_P80303_F80303001/LevelGroup_P80303_F80303001_G6.json"
    },
    {
      "ID": 7,
      "Name": "RogueDLC130_BaseCommon",
      "GroupGUID": "cebe42e0-e027-4755-942c-9e872808139d",
      "GroupPath": "Config/LevelOutput/Group/Groups_P80303_F80303001/LevelGroup_P80303_F80303001_G7.json"
    },
    {
      "ID": 8,
      "Name": "RogueDLC130_Event",
      "GroupGUID": "0c3797d0-8e37-4155-9157-bebc1e1192af",
      "GroupPath": "Config/LevelOutput/Group/Groups_P80303_F80303001/LevelGroup_P80303_F80303001_G8.json"
    },
    {
      "ID": 16,
      "Name": "RogueDLC130_Area",
      "GroupGUID": "98b44234-b4b4-4756-b2fb-c45b371afbff",
      "GroupPath": "Config/LevelOutput/Group/Groups_P80303_F80303001/LevelGroup_P80303_F80303001_G16.json"
    },
    {
      "ID": 23,
      "Name": "RogueDLC130_BaseCommon",
      "GroupGUID": "975c6e4f-14b1-484b-946e-92411e0a81e5",
      "GroupPath": "Config/LevelOutput/Group/Groups_P80303_F80303001/LevelGroup_P80303_F80303001_G23.json"
    },
    {
      "ID": 24,
      "Name": "RogueDLC130_Event",
      "GroupGUID": "8be3f18e-d9be-463e-872c-25e89ac07b10",
      "GroupPath": "Config/LevelOutput/Group/Groups_P80303_F80303001/LevelGroup_P80303_F80303001_G24.json"
    },
    {
      "ID": 26,
      "Name": "RogueDLC130_Area",
      "GroupGUID": "b92e13a7-bf9a-44de-86c1-3e983e399434",
      "GroupPath": "Config/LevelOutput/Group/Groups_P80303_F80303001/LevelGroup_P80303_F80303001_G26.json"
    },
    {
      "ID": 27,
      "Name": "RogueDLC130_BaseCommon",
      "GroupGUID": "c168902e-ed06-48eb-bea3-b8ebbc506235",
      "GroupPath": "Config/LevelOutput/Group/Groups_P80303_F80303001/LevelGroup_P80303_F80303001_G27.json"
    },
    {
      "ID": 29,
      "Name": "RogueDLC130_Event",
      "GroupGUID": "2550b0b3-368d-45c5-909e-acfb5c8964de",
      "GroupPath": "Config/LevelOutput/Group/Groups_P80303_F80303001/LevelGroup_P80303_F80303001_G29.json"
    },
    {
      "ID": 33,
      "Name": "RogueDLC130_Area",
      "GroupGUID": "0fa239ca-91b7-4a46-a768-18f8faa15627",
      "GroupPath": "Config/LevelOutput/Group/Groups_P80303_F80303001/LevelGroup_P80303_F80303001_G33.json"
    },
    {
      "ID": 34,
      "Name": "RogueDLC130_BaseCommon",
      "GroupGUID": "0c732aa1-916f-4221-b1dd-6b59387dd7ff",
      "GroupPath": "Config/LevelOutput/Group/Groups_P80303_F80303001/LevelGroup_P80303_F80303001_G34.json"
    },
    {
      "ID": 35,
      "Name": "RogueDLC130_Event",
      "GroupGUID": "fa470f5c-85d4-46d1-bac8-615ad6ca6e28",
      "GroupPath": "Config/LevelOutput/Group/Groups_P80303_F80303001/LevelGroup_P80303_F80303001_G35.json"
    },
    {
      "ID": 44,
      "Name": "RogueDLC130_Area",
      "GroupGUID": "b3040785-f873-45f8-9729-4139922ade1f",
      "GroupPath": "Config/LevelOutput/Group/Groups_P80303_F80303001/LevelGroup_P80303_F80303001_G44.json"
    },
    {
      "ID": 45,
      "Name": "RogueDLC130_BaseRest",
      "GroupGUID": "f8430e96-1277-425d-9ff4-dcdf361ffa28",
      "GroupPath": "Config/LevelOutput/Group/Groups_P80303_F80303001/LevelGroup_P80303_F80303001_G45.json"
    },
    {
      "ID": 46,
      "Name": "Rogue140_Rest",
      "GroupGUID": "86029614-30e4-4cc6-b491-d8f2a38e6425",
      "GroupPath": "Config/LevelOutput/Group/Groups_P80303_F80303001/LevelGroup_P80303_F80303001_G46.json"
    },
    {
      "ID": 77,
      "Name": "Rogue140_Rest",
      "GroupGUID": "1308afe7-94c8-4965-8601-3c5fe810eae6",
      "GroupPath": "Config/LevelOutput/Group/Groups_P80303_F80303001/LevelGroup_P80303_F80303001_G77.json"
    },
    {
      "ID": 47,
      "Name": "RogueDLC130_Area",
      "GroupGUID": "a684fd9d-e0a5-4872-9711-fb0c05878909",
      "GroupPath": "Config/LevelOutput/Group/Groups_P80303_F80303001/LevelGroup_P80303_F80303001_G47.json"
    },
    {
      "ID": 56,
      "Name": "RogueDLC130_Area",
      "GroupGUID": "e29fa01f-5072-4e11-892b-b5bf94910dda",
      "GroupPath": "Config/LevelOutput/Group/Groups_P80303_F80303001/LevelGroup_P80303_F80303001_G56.json"
    },
    {
      "ID": 61,
      "Name": "RogueDLC130_BaseCommon",
      "GroupGUID": "ad8e61b1-88fa-483a-88cc-3963a6f79d35",
      "GroupPath": "Config/LevelOutput/Group/Groups_P80303_F80303001/LevelGroup_P80303_F80303001_G61.json"
    },
    {
      "ID": 62,
      "Name": "RogueDLC130_Event",
      "GroupGUID": "1850a2c8-c753-4742-a60d-e19b6395d132",
      "GroupPath": "Config/LevelOutput/Group/Groups_P80303_F80303001/LevelGroup_P80303_F80303001_G62.json"
    },
    {
      "ID": 64,
      "Name": "RogueDLC130_Area",
      "GroupGUID": "722431a5-3e0f-494b-8c3d-76ee5ca2ea38",
      "GroupPath": "Config/LevelOutput/Group/Groups_P80303_F80303001/LevelGroup_P80303_F80303001_G64.json"
    },
    {
      "ID": 65,
      "Name": "RogueDLC130_BaseBoss",
      "GroupGUID": "47c4c96f-a27f-4471-bae3-dad73389bb6e",
      "GroupPath": "Config/LevelOutput/Group/Groups_P80303_F80303001/LevelGroup_P80303_F80303001_G65.json"
    },
    {
      "ID": 66,
      "Name": "RogueDLC130_Boss",
      "GroupGUID": "d5f3f65c-abdf-4f24-878c-a7277ca4daf2",
      "GroupPath": "Config/LevelOutput/Group/Groups_P80303_F80303001/LevelGroup_P80303_F80303001_G66.json"
    }
  ]
}