{
  "FloorID": 80301001,
  "FloorName": "MazeText_Empty",
  "StartGroupID": 10,
  "StartAnchorID": 1,
  "GroupList": [
    {
      "ID": 10,
      "Name": "DefaultGroup",
      "GroupGUID": "b33f809f-0309-4f98-83f8-93327869543d",
      "GroupPath": "Config/LevelOutput/Group/Groups_P80301_F80301001/LevelGroup_P80301_F80301001_G10.json"
    },
    {
      "ID": 11,
      "Name": "DefaultGroup",
      "GroupGUID": "3fa11732-f74a-47cd-b5de-8252ae10e8ee",
      "GroupPath": "Config/LevelOutput/Group/Groups_P80301_F80301001/LevelGroup_P80301_F80301001_G11.json"
    },
    {
      "ID": 12,
      "Name": "Sound",
      "GroupGUID": "8b915a02-e73f-420a-af25-d32cf425a603",
      "GroupPath": "Config/LevelOutput/Group/Groups_P80301_F80301001/LevelGroup_P80301_F80301001_G12.json"
    },
    {
      "ID": 13,
      "Name": "MainMission_RoadBlock",
      "GroupGUID": "66ec6b65-dc16-4423-be21-8f334d9ee214",
      "GroupPath": "Config/LevelOutput/Group/Groups_P80301_F80301001/LevelGroup_P80301_F80301001_G13.json"
    },
    {
      "ID": 14,
      "Name": "MainMission_RoadBlock",
      "GroupGUID": "ba3c83a6-944d-465c-bbb4-5eff68279061",
      "GroupPath": "Config/LevelOutput/Group/Groups_P80301_F80301001/LevelGroup_P80301_F80301001_G14.json"
    },
    {
      "ID": 15,
      "Name": "Elevator",
      "GroupGUID": "93dd6db4-0f08-4ce2-8a0b-83f5b29fdcea",
      "GroupPath": "Config/LevelOutput/Group/Groups_P80301_F80301001/LevelGroup_P80301_F80301001_G15.json"
    },
    {
      "ID": 16,
      "Name": "Door",
      "GroupGUID": "94769ce0-9efc-4f2b-b851-6f906e729173",
      "GroupPath": "Config/LevelOutput/Group/Groups_P80301_F80301001/LevelGroup_P80301_F80301001_G16.json"
    },
    {
      "ID": 17,
      "Name": "FlipBridge",
      "GroupGUID": "3d732680-732b-4a11-80c4-a5761015b67a",
      "GroupPath": "Config/LevelOutput/Group/Groups_P80301_F80301001/LevelGroup_P80301_F80301001_G17.json"
    },
    {
      "ID": 18,
      "Name": "RogueDLC130_Area",
      "GroupGUID": "b579aa02-3861-4590-9051-209ee296f46f",
      "GroupPath": "Config/LevelOutput/Group/Groups_P80301_F80301001/LevelGroup_P80301_F80301001_G18.json"
    },
    {
      "ID": 19,
      "Name": "RogueDLC130_BaseRest",
      "GroupGUID": "75696136-8346-47cd-a079-a09343312a2d",
      "GroupPath": "Config/LevelOutput/Group/Groups_P80301_F80301001/LevelGroup_P80301_F80301001_G19.json"
    },
    {
      "ID": 20,
      "Name": "Rogue140_Rest",
      "GroupGUID": "995f3e57-a370-4c51-bb05-455e1b804793",
      "GroupPath": "Config/LevelOutput/Group/Groups_P80301_F80301001/LevelGroup_P80301_F80301001_G20.json"
    },
    {
      "ID": 85,
      "Name": "Rogue140_Rest",
      "GroupGUID": "7bfffd7e-1034-4ac7-ae01-e85df875c729",
      "GroupPath": "Config/LevelOutput/Group/Groups_P80301_F80301001/LevelGroup_P80301_F80301001_G85.json"
    },
    {
      "ID": 29,
      "Name": "Rogue140_Area",
      "GroupGUID": "37e210e3-fac5-41a4-929a-117f8e49acf0",
      "GroupPath": "Config/LevelOutput/Group/Groups_P80301_F80301001/LevelGroup_P80301_F80301001_G29.json"
    },
    {
      "ID": 30,
      "Name": "Rogue140_BaseBoss",
      "GroupGUID": "774532cd-9e1d-4769-ba1e-6a067093806d",
      "GroupPath": "Config/LevelOutput/Group/Groups_P80301_F80301001/LevelGroup_P80301_F80301001_G30.json"
    },
    {
      "ID": 32,
      "Name": "RogueDLC130_Boss",
      "GroupGUID": "4b4087f2-5dea-4254-b4d9-7799a2606d48",
      "GroupPath": "Config/LevelOutput/Group/Groups_P80301_F80301001/LevelGroup_P80301_F80301001_G32.json"
    },
    {
      "ID": 37,
      "Name": "RogueDLC130_Area",
      "GroupGUID": "a6ec7f2e-99f1-4b10-970d-d17ef9ff48d3",
      "GroupPath": "Config/LevelOutput/Group/Groups_P80301_F80301001/LevelGroup_P80301_F80301001_G37.json"
    },
    {
      "ID": 42,
      "Name": "Rogue140_BaseCommon",
      "GroupGUID": "6189383a-6a0e-4f7d-9c8c-c96777588630",
      "GroupPath": "Config/LevelOutput/Group/Groups_P80301_F80301001/LevelGroup_P80301_F80301001_G42.json"
    },
    {
      "ID": 43,
      "Name": "RogueDLC130_MainMonster",
      "GroupGUID": "ca0af230-8b61-472b-a70d-0e309f0a3033",
      "GroupPath": "Config/LevelOutput/Group/Groups_P80301_F80301001/LevelGroup_P80301_F80301001_G43.json"
    },
    {
      "ID": 44,
      "Name": "RogueDLC130_SubMonster",
      "GroupGUID": "a78d91c8-efb6-486e-bafa-2ca3c9ee32cd",
      "GroupPath": "Config/LevelOutput/Group/Groups_P80301_F80301001/LevelGroup_P80301_F80301001_G44.json"
    },
    {
      "ID": 45,
      "Name": "Rogue140_Area",
      "GroupGUID": "c093aafd-55c8-4885-acd3-72974a649fc9",
      "GroupPath": "Config/LevelOutput/Group/Groups_P80301_F80301001/LevelGroup_P80301_F80301001_G45.json"
    },
    {
      "ID": 46,
      "Name": "Rogue140_BaseCommon",
      "GroupGUID": "37f3351f-37ed-4a12-aba9-39fac3495a4e",
      "GroupPath": "Config/LevelOutput/Group/Groups_P80301_F80301001/LevelGroup_P80301_F80301001_G46.json"
    },
    {
      "ID": 47,
      "Name": "RogueDLC130_MainMonster",
      "GroupGUID": "091df19c-6f76-4215-85ec-a6f0b2d80977",
      "GroupPath": "Config/LevelOutput/Group/Groups_P80301_F80301001/LevelGroup_P80301_F80301001_G47.json"
    },
    {
      "ID": 48,
      "Name": "RogueDLC130_SubMonster",
      "GroupGUID": "659aa02d-bd72-4f38-b2ca-c7ef4d15dff6",
      "GroupPath": "Config/LevelOutput/Group/Groups_P80301_F80301001/LevelGroup_P80301_F80301001_G48.json"
    },
    {
      "ID": 53,
      "Name": "Rogue140_Area",
      "GroupGUID": "6534afa3-eb7e-4eca-9ece-d18e4ec0ccce",
      "GroupPath": "Config/LevelOutput/Group/Groups_P80301_F80301001/LevelGroup_P80301_F80301001_G53.json"
    },
    {
      "ID": 54,
      "Name": "RogueDLC130_BaseCommon",
      "GroupGUID": "096fc944-06e0-4cb4-a7d5-5cd8e1c45ace",
      "GroupPath": "Config/LevelOutput/Group/Groups_P80301_F80301001/LevelGroup_P80301_F80301001_G54.json"
    },
    {
      "ID": 56,
      "Name": "Rogue140_MainMonster",
      "GroupGUID": "b079c358-485a-4d93-b81a-f80f70446d11",
      "GroupPath": "Config/LevelOutput/Group/Groups_P80301_F80301001/LevelGroup_P80301_F80301001_G56.json"
    },
    {
      "ID": 86,
      "Name": "Rogue140_Area",
      "GroupGUID": "aa62fa81-e302-45df-aeba-5af76aa309d4",
      "GroupPath": "Config/LevelOutput/Group/Groups_P80301_F80301001/LevelGroup_P80301_F80301001_G86.json"
    },
    {
      "ID": 87,
      "Name": "Rogue140_BaseCommon",
      "GroupGUID": "baebf40b-3e31-485f-9981-ac3ede0a6378",
      "GroupPath": "Config/LevelOutput/Group/Groups_P80301_F80301001/LevelGroup_P80301_F80301001_G87.json"
    },
    {
      "ID": 89,
      "Name": "Rogue140_MainMonster",
      "GroupGUID": "d6abdd9e-d4c7-4d04-92a8-658720250dd0",
      "GroupPath": "Config/LevelOutput/Group/Groups_P80301_F80301001/LevelGroup_P80301_F80301001_G89.json"
    },
    {
      "ID": 90,
      "Name": "Rogue140_SubMonster",
      "GroupGUID": "99473bd9-75aa-448e-b9e9-8fda270739f8",
      "GroupPath": "Config/LevelOutput/Group/Groups_P80301_F80301001/LevelGroup_P80301_F80301001_G90.json"
    }
  ]
}