{
  "FloorID": 80301002,
  "FloorName": "FloorName_80301002",
  "StartGroupID": 3,
  "StartAnchorID": 1,
  "GroupList": [
    {
      "ID": 3,
      "Name": "DefaultGroup",
      "GroupGUID": "dc9171bf-53ed-4239-9fb4-34c50232705d",
      "GroupPath": "Config/LevelOutput/Group/Groups_P80301_F80301002/LevelGroup_P80301_F80301002_G3.json"
    },
    {
      "ID": 4,
      "Name": "RogueArea",
      "GroupGUID": "0256b5ef-9f6d-40e3-ac15-b1cd3ea1db13",
      "GroupPath": "Config/LevelOutput/Group/Groups_P80301_F80301002/LevelGroup_P80301_F80301002_G4.json"
    },
    {
      "ID": 5,
      "Name": "RogueBase_Common",
      "GroupGUID": "8c30cfe2-f360-4532-8f9c-0ca7bb07d12f",
      "GroupPath": "Config/LevelOutput/Group/Groups_P80301_F80301002/LevelGroup_P80301_F80301002_G5.json"
    },
    {
      "ID": 6,
      "Name": "AdvDes",
      "GroupGUID": "0b0f7e75-69a4-402e-bc06-5697b3e9b43c",
      "GroupPath": "Config/LevelOutput/Group/Groups_P80301_F80301002/LevelGroup_P80301_F80301002_G6.json"
    },
    {
      "ID": 7,
      "Name": "Sound",
      "GroupGUID": "48db70a6-a76b-484b-8330-34675ec4ca27",
      "GroupPath": "Config/LevelOutput/Group/Groups_P80301_F80301002/LevelGroup_P80301_F80301002_G7.json"
    }
  ]
}