{
  "FloorID": 80302001,
  "FloorName": "MazeText_Empty",
  "StartGroupID": 1,
  "StartAnchorID": 1,
  "GroupList": [
    {
      "ID": 1,
      "Name": "DefaultGroup",
      "GroupGUID": "b447bede-cffb-40b6-a16c-697b1bfd3c31",
      "GroupPath": "Config/LevelOutput/Group/Groups_P80302_F80302001/LevelGroup_P80302_F80302001_G1.json"
    },
    {
      "ID": 3,
      "Name": "DefaultGroup",
      "GroupGUID": "d63f9d53-d2cf-4123-8a76-7f017e9e88a4",
      "GroupPath": "Config/LevelOutput/Group/Groups_P80302_F80302001/LevelGroup_P80302_F80302001_G3.json"
    },
    {
      "ID": 4,
      "Name": "DefaultData",
      "GroupGUID": "ee1f330a-e21e-4545-b747-36209bff37c5",
      "GroupPath": "Config/LevelOutput/Group/Groups_P80302_F80302001/LevelGroup_P80302_F80302001_G4.json"
    },
    {
      "ID": 67,
      "Name": "RogueDLC130_Area",
      "GroupGUID": "59379f04-5fcc-4d62-8f06-89cd4cc304c0",
      "GroupPath": "Config/LevelOutput/Group/Groups_P80302_F80302001/LevelGroup_P80302_F80302001_G67.json"
    },
    {
      "ID": 68,
      "Name": "RogueDLC130_BaseBoss",
      "GroupGUID": "aaf18249-0f55-4e83-8cc7-192a6b83144a",
      "GroupPath": "Config/LevelOutput/Group/Groups_P80302_F80302001/LevelGroup_P80302_F80302001_G68.json"
    },
    {
      "ID": 69,
      "Name": "Rogue140_Boss",
      "GroupGUID": "8dd60489-272f-4b90-9574-97c77b899599",
      "GroupPath": "Config/LevelOutput/Group/Groups_P80302_F80302001/LevelGroup_P80302_F80302001_G69.json"
    },
    {
      "ID": 70,
      "Name": "RogueDLC130_Area",
      "GroupGUID": "ade041a6-ea17-413b-be3e-e47e77af42fe",
      "GroupPath": "Config/LevelOutput/Group/Groups_P80302_F80302001/LevelGroup_P80302_F80302001_G70.json"
    },
    {
      "ID": 71,
      "Name": "RogueDLC130_BaseRest",
      "GroupGUID": "2b63271e-3d94-411b-90d0-2f656d1848b4",
      "GroupPath": "Config/LevelOutput/Group/Groups_P80302_F80302001/LevelGroup_P80302_F80302001_G71.json"
    },
    {
      "ID": 72,
      "Name": "RogueDLC130_Rest",
      "GroupGUID": "a00f8ac1-3d1f-4632-aef3-871184a19984",
      "GroupPath": "Config/LevelOutput/Group/Groups_P80302_F80302001/LevelGroup_P80302_F80302001_G72.json"
    },
    {
      "ID": 73,
      "Name": "RogueDLC130_Area",
      "GroupGUID": "1049b0cf-323a-474b-9682-d001d8ebb1fd",
      "GroupPath": "Config/LevelOutput/Group/Groups_P80302_F80302001/LevelGroup_P80302_F80302001_G73.json"
    },
    {
      "ID": 74,
      "Name": "RogueDLC130_BaseCommon",
      "GroupGUID": "e49e9281-afee-4ce3-bb48-868804c19ab1",
      "GroupPath": "Config/LevelOutput/Group/Groups_P80302_F80302001/LevelGroup_P80302_F80302001_G74.json"
    },
    {
      "ID": 75,
      "Name": "RogueDLC130_MainMonster",
      "GroupGUID": "2ea650e0-ef54-4530-bb62-23f0105bf858",
      "GroupPath": "Config/LevelOutput/Group/Groups_P80302_F80302001/LevelGroup_P80302_F80302001_G75.json"
    },
    {
      "ID": 76,
      "Name": "RogueDLC130_SubMonster",
      "GroupGUID": "d9b2c17e-cd0d-4b3c-a31f-54050e0105d9",
      "GroupPath": "Config/LevelOutput/Group/Groups_P80302_F80302001/LevelGroup_P80302_F80302001_G76.json"
    },
    {
      "ID": 77,
      "Name": "RogueDLC130_SubMonster",
      "GroupGUID": "0b10088c-671a-4c30-a086-99be49836034",
      "GroupPath": "Config/LevelOutput/Group/Groups_P80302_F80302001/LevelGroup_P80302_F80302001_G77.json"
    },
    {
      "ID": 78,
      "Name": "RogueDLC130_Area",
      "GroupGUID": "0f576d4e-aea7-4f4e-9dca-c87c32fbdb59",
      "GroupPath": "Config/LevelOutput/Group/Groups_P80302_F80302001/LevelGroup_P80302_F80302001_G78.json"
    },
    {
      "ID": 79,
      "Name": "RogueDLC130_BaseCommon",
      "GroupGUID": "054973b6-03e8-4174-8e20-4324fba85efc",
      "GroupPath": "Config/LevelOutput/Group/Groups_P80302_F80302001/LevelGroup_P80302_F80302001_G79.json"
    },
    {
      "ID": 80,
      "Name": "RogueDLC130_MainMonster",
      "GroupGUID": "c89aef59-93b6-44d1-b289-12fcd5c72494",
      "GroupPath": "Config/LevelOutput/Group/Groups_P80302_F80302001/LevelGroup_P80302_F80302001_G80.json"
    },
    {
      "ID": 81,
      "Name": "RogueDLC130_SubMonster",
      "GroupGUID": "636cc6a1-344a-4b35-844d-d001d47c8548",
      "GroupPath": "Config/LevelOutput/Group/Groups_P80302_F80302001/LevelGroup_P80302_F80302001_G81.json"
    },
    {
      "ID": 82,
      "Name": "RogueDLC130_Area",
      "GroupGUID": "99cf9c39-97bc-4966-9b51-7c067dc9c4d9",
      "GroupPath": "Config/LevelOutput/Group/Groups_P80302_F80302001/LevelGroup_P80302_F80302001_G82.json"
    },
    {
      "ID": 83,
      "Name": "RogueDLC130_BaseCommon",
      "GroupGUID": "904d0930-4dcb-450a-9bf4-8410d3c3e71a",
      "GroupPath": "Config/LevelOutput/Group/Groups_P80302_F80302001/LevelGroup_P80302_F80302001_G83.json"
    },
    {
      "ID": 84,
      "Name": "RogueDLC130_MainMonster",
      "GroupGUID": "e9ae18f9-b7f4-4b7a-8831-200a9815bb05",
      "GroupPath": "Config/LevelOutput/Group/Groups_P80302_F80302001/LevelGroup_P80302_F80302001_G84.json"
    },
    {
      "ID": 85,
      "Name": "RogueDLC130_Area",
      "GroupGUID": "a4482abb-550e-4139-84e1-59243ca05f12",
      "GroupPath": "Config/LevelOutput/Group/Groups_P80302_F80302001/LevelGroup_P80302_F80302001_G85.json"
    },
    {
      "ID": 86,
      "Name": "RogueDLC130_BaseCommon",
      "GroupGUID": "aee5098b-e0c2-4b9b-9029-eb676bf45083",
      "GroupPath": "Config/LevelOutput/Group/Groups_P80302_F80302001/LevelGroup_P80302_F80302001_G86.json"
    },
    {
      "ID": 87,
      "Name": "RogueDLC130_MainMonster",
      "GroupGUID": "d55811e2-6e63-4d61-87ac-b297bbf93f4a",
      "GroupPath": "Config/LevelOutput/Group/Groups_P80302_F80302001/LevelGroup_P80302_F80302001_G87.json"
    },
    {
      "ID": 88,
      "Name": "Rogue140_Area",
      "GroupGUID": "03d76f26-1fe5-4a6e-9666-cac0159b57bc",
      "GroupPath": "Config/LevelOutput/Group/Groups_P80302_F80302001/LevelGroup_P80302_F80302001_G88.json"
    },
    {
      "ID": 89,
      "Name": "Rogue140_BaseCommon",
      "GroupGUID": "21d1a6a6-5c1d-4c37-b5ec-737bbbb90dcc",
      "GroupPath": "Config/LevelOutput/Group/Groups_P80302_F80302001/LevelGroup_P80302_F80302001_G89.json"
    },
    {
      "ID": 90,
      "Name": "Rogue140_MainMonster",
      "GroupGUID": "bf5c28df-3f3e-4476-86c7-f13b11cce26a",
      "GroupPath": "Config/LevelOutput/Group/Groups_P80302_F80302001/LevelGroup_P80302_F80302001_G90.json"
    }
  ]
}