{
  "FloorID": 81003001,
  "FloorName": "MazeText_Empty",
  "StartGroupID": 1,
  "StartAnchorID": 1,
  "GroupList": [
    {
      "ID": 1,
      "Name": "DefaultGroup",
      "GroupGUID": "c8c58eca-4ec4-4f7f-b97b-a2858d8e72f8",
      "GroupPath": "Config/LevelOutput/Group/Groups_P81003_F81003001/LevelGroup_P81003_F81003001_G1.json"
    },
    {
      "ID": 60,
      "Name": "Sound",
      "GroupGUID": "e74129b0-34c1-406f-a2d4-634fe6e273e9",
      "GroupPath": "Config/LevelOutput/Group/Groups_P81003_F81003001/LevelGroup_P81003_F81003001_G60.json"
    },
    {
      "ID": 61,
      "Name": "FlipBridgeController",
      "GroupGUID": "3dfa0bb1-bd29-407f-a212-03c7568ef440",
      "GroupPath": "Config/LevelOutput/Group/Groups_P81003_F81003001/LevelGroup_P81003_F81003001_G61.json"
    },
    {
      "ID": 62,
      "Name": "FlipBridge",
      "GroupGUID": "e05866d8-bac6-46a0-affc-55e85c145a14",
      "GroupPath": "Config/LevelOutput/Group/Groups_P81003_F81003001/LevelGroup_P81003_F81003001_G62.json"
    },
    {
      "ID": 63,
      "Name": "Door",
      "GroupGUID": "47a571fb-d0d8-4a80-afdc-341c9a8daa0a",
      "GroupPath": "Config/LevelOutput/Group/Groups_P81003_F81003001/LevelGroup_P81003_F81003001_G63.json"
    },
    {
      "ID": 64,
      "Name": "Rogue_StartRoom_Main",
      "GroupGUID": "cbef308a-88eb-4bc1-836e-06e3d0cb4efd",
      "GroupPath": "Config/LevelOutput/Group/Groups_P81003_F81003001/LevelGroup_P81003_F81003001_G64.json"
    },
    {
      "ID": 65,
      "Name": "Rogue_StartRoom_Monster",
      "GroupGUID": "b81efa35-788f-4a4c-9123-e97c4cde984f",
      "GroupPath": "Config/LevelOutput/Group/Groups_P81003_F81003001/LevelGroup_P81003_F81003001_G65.json"
    },
    {
      "ID": 66,
      "Name": "Rogue_StartRoom_Monster_Patrol",
      "GroupGUID": "ca2e3c0f-9bc1-4dd7-a0d9-0c39239f1eaf",
      "GroupPath": "Config/LevelOutput/Group/Groups_P81003_F81003001/LevelGroup_P81003_F81003001_G66.json"
    },
    {
      "ID": 67,
      "Name": "Rogue_StartRoom_Main",
      "GroupGUID": "9e25ec3a-3875-4c62-b9a9-c2e9113ee08a",
      "GroupPath": "Config/LevelOutput/Group/Groups_P81003_F81003001/LevelGroup_P81003_F81003001_G67.json"
    },
    {
      "ID": 68,
      "Name": "Rogue_StartRoom_Monster",
      "GroupGUID": "c3ec6406-217e-40a1-bf2e-690a3abf2464",
      "GroupPath": "Config/LevelOutput/Group/Groups_P81003_F81003001/LevelGroup_P81003_F81003001_G68.json"
    },
    {
      "ID": 69,
      "Name": "Rogue_StartRoom_Monster_Patrol",
      "GroupGUID": "949ea26c-04c2-4bf8-b7d4-fccb3169cc39",
      "GroupPath": "Config/LevelOutput/Group/Groups_P81003_F81003001/LevelGroup_P81003_F81003001_G69.json"
    },
    {
      "ID": 70,
      "Name": "Rogue_StartRoom_Main",
      "GroupGUID": "49f80b08-ebe3-4efe-81ed-2a707735a36f",
      "GroupPath": "Config/LevelOutput/Group/Groups_P81003_F81003001/LevelGroup_P81003_F81003001_G70.json"
    },
    {
      "ID": 71,
      "Name": "Rogue_StartRoom_Monster",
      "GroupGUID": "28a04810-b64a-4ce7-b11b-3263c7298d23",
      "GroupPath": "Config/LevelOutput/Group/Groups_P81003_F81003001/LevelGroup_P81003_F81003001_G71.json"
    },
    {
      "ID": 72,
      "Name": "Rogue_StartRoom_Monster_Patrol",
      "GroupGUID": "e63ba180-4f25-4281-9d02-7993174f2915",
      "GroupPath": "Config/LevelOutput/Group/Groups_P81003_F81003001/LevelGroup_P81003_F81003001_G72.json"
    },
    {
      "ID": 73,
      "Name": "Rogue_ChallengeRoom",
      "GroupGUID": "ae4349e3-75b0-468f-a6c8-22f90e858772",
      "GroupPath": "Config/LevelOutput/Group/Groups_P81003_F81003001/LevelGroup_P81003_F81003001_G73.json"
    },
    {
      "ID": 74,
      "Name": "Rogue_ChallengeRoom",
      "GroupGUID": "178df251-6a8a-459a-bfc6-02f138862f51",
      "GroupPath": "Config/LevelOutput/Group/Groups_P81003_F81003001/LevelGroup_P81003_F81003001_G74.json"
    },
    {
      "ID": 75,
      "Name": "Rogue_ChallengeRoom",
      "GroupGUID": "91099d2f-8570-433e-afb6-683dd381c597",
      "GroupPath": "Config/LevelOutput/Group/Groups_P81003_F81003001/LevelGroup_P81003_F81003001_G75.json"
    },
    {
      "ID": 76,
      "Name": "Rogue_NormalRoom",
      "GroupGUID": "f18bb47a-9f2f-4f68-a4ff-c9792cca0b54",
      "GroupPath": "Config/LevelOutput/Group/Groups_P81003_F81003001/LevelGroup_P81003_F81003001_G76.json"
    },
    {
      "ID": 77,
      "Name": "Rogue_NormalRoom",
      "GroupGUID": "814b4d6e-9902-4301-9051-96410a2cff1a",
      "GroupPath": "Config/LevelOutput/Group/Groups_P81003_F81003001/LevelGroup_P81003_F81003001_G77.json"
    },
    {
      "ID": 78,
      "Name": "Rogue_NormalRoom",
      "GroupGUID": "c826097d-0997-4761-9439-0841d4d6a4ba",
      "GroupPath": "Config/LevelOutput/Group/Groups_P81003_F81003001/LevelGroup_P81003_F81003001_G78.json"
    },
    {
      "ID": 79,
      "Name": "Rogue_EventRoom",
      "GroupGUID": "aff5587b-432a-497a-b392-df769749893f",
      "GroupPath": "Config/LevelOutput/Group/Groups_P81003_F81003001/LevelGroup_P81003_F81003001_G79.json"
    },
    {
      "ID": 81,
      "Name": "Rogue_EventRoom",
      "GroupGUID": "fcbcef34-c88e-418f-865e-3f080e48e22d",
      "GroupPath": "Config/LevelOutput/Group/Groups_P81003_F81003001/LevelGroup_P81003_F81003001_G81.json"
    },
    {
      "ID": 82,
      "Name": "Rogue_EventRoom",
      "GroupGUID": "3de51781-f3b2-4fc6-a92c-85f8afbaf047",
      "GroupPath": "Config/LevelOutput/Group/Groups_P81003_F81003001/LevelGroup_P81003_F81003001_G82.json"
    },
    {
      "ID": 83,
      "Name": "Rogue_RestRoom",
      "GroupGUID": "267aaea9-740c-4d66-bb73-d346854cb789",
      "GroupPath": "Config/LevelOutput/Group/Groups_P81003_F81003001/LevelGroup_P81003_F81003001_G83.json"
    },
    {
      "ID": 85,
      "Name": "Rogue_StartRoom_Main",
      "GroupGUID": "1853bf86-a15e-44f3-9483-55a82c740a6d",
      "GroupPath": "Config/LevelOutput/Group/Groups_P81003_F81003001/LevelGroup_P81003_F81003001_G85.json"
    },
    {
      "ID": 86,
      "Name": "Rogue_StartRoom_Monster",
      "GroupGUID": "26f622fc-8ee5-451e-8a38-f67ad691a3d5",
      "GroupPath": "Config/LevelOutput/Group/Groups_P81003_F81003001/LevelGroup_P81003_F81003001_G86.json"
    },
    {
      "ID": 87,
      "Name": "Rogue_StartRoom_Monster_Patrol",
      "GroupGUID": "2a0c9ca5-47b2-4d10-b14e-afbf8fe64246",
      "GroupPath": "Config/LevelOutput/Group/Groups_P81003_F81003001/LevelGroup_P81003_F81003001_G87.json"
    },
    {
      "ID": 88,
      "Name": "Rogue_NormalRoom",
      "GroupGUID": "94f5fd19-1e29-41b4-9772-1038fce474ef",
      "GroupPath": "Config/LevelOutput/Group/Groups_P81003_F81003001/LevelGroup_P81003_F81003001_G88.json"
    },
    {
      "ID": 89,
      "Name": "Rogue_NormalRoom_Monster",
      "GroupGUID": "3c8abd33-1888-438d-84bc-5a939620d48f",
      "GroupPath": "Config/LevelOutput/Group/Groups_P81003_F81003001/LevelGroup_P81003_F81003001_G89.json"
    },
    {
      "ID": 90,
      "Name": "Rogue_NormalRoom",
      "GroupGUID": "16cebba3-af1b-4fc0-88d1-75bf64384520",
      "GroupPath": "Config/LevelOutput/Group/Groups_P81003_F81003001/LevelGroup_P81003_F81003001_G90.json"
    },
    {
      "ID": 91,
      "Name": "Rogue_NormalRoom_Monster",
      "GroupGUID": "424d7f59-2128-43de-90fa-0e5b3887e2eb",
      "GroupPath": "Config/LevelOutput/Group/Groups_P81003_F81003001/LevelGroup_P81003_F81003001_G91.json"
    },
    {
      "ID": 92,
      "Name": "Rogue_BossRoom",
      "GroupGUID": "174dea80-46b0-499a-8c97-7a8a2d3ca1e9",
      "GroupPath": "Config/LevelOutput/Group/Groups_P81003_F81003001/LevelGroup_P81003_F81003001_G92.json"
    },
    {
      "ID": 93,
      "Name": "Rogue_SpecialBuffAfterTalk_Prop",
      "GroupGUID": "33967564-f594-469c-b19c-f058adc736f0",
      "GroupPath": "Config/LevelOutput/Group/Groups_P81003_F81003001/LevelGroup_P81003_F81003001_G93.json"
    },
    {
      "ID": 94,
      "Name": "Rogue_EliteRoom",
      "GroupGUID": "2e18f5b4-6d9c-425d-9800-19f18a10600d",
      "GroupPath": "Config/LevelOutput/Group/Groups_P81003_F81003001/LevelGroup_P81003_F81003001_G94.json"
    },
    {
      "ID": 95,
      "Name": "Rogue_StartRoom_Main",
      "GroupGUID": "01678730-7541-4205-9fbc-bd689ec6b7d9",
      "GroupPath": "Config/LevelOutput/Group/Groups_P81003_F81003001/LevelGroup_P81003_F81003001_G95.json"
    },
    {
      "ID": 96,
      "Name": "Rogue_StartRoom_Monster",
      "GroupGUID": "fde27c24-7b2f-4d51-b175-f81eda83b403",
      "GroupPath": "Config/LevelOutput/Group/Groups_P81003_F81003001/LevelGroup_P81003_F81003001_G96.json"
    },
    {
      "ID": 97,
      "Name": "Rogue_StartRoom_Monster_Patrol",
      "GroupGUID": "fd77a4d7-84a9-4918-bc06-285c3a954623",
      "GroupPath": "Config/LevelOutput/Group/Groups_P81003_F81003001/LevelGroup_P81003_F81003001_G97.json"
    },
    {
      "ID": 99,
      "Name": "Rogue_StartRoom_Main",
      "GroupGUID": "398b9232-9778-4e96-acd8-190eedfbb30d",
      "GroupPath": "Config/LevelOutput/Group/Groups_P81003_F81003001/LevelGroup_P81003_F81003001_G99.json"
    },
    {
      "ID": 101,
      "Name": "BlockObject",
      "GroupGUID": "3c510c61-a15d-4695-97b4-61ff46819f5c",
      "GroupPath": "Config/LevelOutput/Group/Groups_P81003_F81003001/LevelGroup_P81003_F81003001_G101.json"
    }
  ]
}