{
  "FloorID": 81002001,
  "FloorName": "MazeText_Empty",
  "StartGroupID": 65,
  "StartAnchorID": 1,
  "GroupList": [
    {
      "ID": 1,
      "Name": "DefaultGroup",
      "GroupGUID": "7b2aaf48-0f51-4806-809d-50fcb9284242",
      "GroupPath": "Config/LevelOutput/Group/Groups_P81002_F81002001/LevelGroup_P81002_F81002001_G1.json"
    },
    {
      "ID": 56,
      "Name": "Sound",
      "GroupGUID": "ee8b8e73-347d-4888-a9dc-ab740f799250",
      "GroupPath": "Config/LevelOutput/Group/Groups_P81002_F81002001/LevelGroup_P81002_F81002001_G56.json"
    },
    {
      "ID": 57,
      "Name": "Rogue_StartRoom_Main",
      "GroupGUID": "19ed0106-9726-4e8f-b70c-20599998baf4",
      "GroupPath": "Config/LevelOutput/Group/Groups_P81002_F81002001/LevelGroup_P81002_F81002001_G57.json"
    },
    {
      "ID": 58,
      "Name": "Rogue_StartRoom_Monster",
      "GroupGUID": "75e5aba6-fd31-44b6-ac9c-7127b88102b3",
      "GroupPath": "Config/LevelOutput/Group/Groups_P81002_F81002001/LevelGroup_P81002_F81002001_G58.json"
    },
    {
      "ID": 59,
      "Name": "Rogue_StartRoom_Monster_Patrol",
      "GroupGUID": "b28a71e8-c49f-44b8-8f77-6b4f8ff6a977",
      "GroupPath": "Config/LevelOutput/Group/Groups_P81002_F81002001/LevelGroup_P81002_F81002001_G59.json"
    },
    {
      "ID": 60,
      "Name": "Door",
      "GroupGUID": "78d12af9-a3a4-4a60-978c-e760a59a2c45",
      "GroupPath": "Config/LevelOutput/Group/Groups_P81002_F81002001/LevelGroup_P81002_F81002001_G60.json"
    },
    {
      "ID": 61,
      "Name": "Rogue_StartRoom_Main",
      "GroupGUID": "e96f4c6e-cee6-4677-ad75-1a05f4e74779",
      "GroupPath": "Config/LevelOutput/Group/Groups_P81002_F81002001/LevelGroup_P81002_F81002001_G61.json"
    },
    {
      "ID": 62,
      "Name": "Rogue_StartRoom_Monster",
      "GroupGUID": "454a48eb-9d61-49e5-8e93-438075392a7d",
      "GroupPath": "Config/LevelOutput/Group/Groups_P81002_F81002001/LevelGroup_P81002_F81002001_G62.json"
    },
    {
      "ID": 63,
      "Name": "Rogue_StartRoom_Monster_Patrol",
      "GroupGUID": "d7795965-41ad-43cf-8ea4-bed199ad1fdf",
      "GroupPath": "Config/LevelOutput/Group/Groups_P81002_F81002001/LevelGroup_P81002_F81002001_G63.json"
    },
    {
      "ID": 64,
      "Name": "FlipBridge",
      "GroupGUID": "2839a4e2-1723-4122-bc7b-f9f939028413",
      "GroupPath": "Config/LevelOutput/Group/Groups_P81002_F81002001/LevelGroup_P81002_F81002001_G64.json"
    },
    {
      "ID": 65,
      "Name": "Rogue_StartRoom_Main",
      "GroupGUID": "0a621397-741d-48e1-bbb6-a87320ecaeb9",
      "GroupPath": "Config/LevelOutput/Group/Groups_P81002_F81002001/LevelGroup_P81002_F81002001_G65.json"
    },
    {
      "ID": 66,
      "Name": "Rogue_StartRoom_Monster",
      "GroupGUID": "eff53cd6-95a8-4846-9776-403c78a9072a",
      "GroupPath": "Config/LevelOutput/Group/Groups_P81002_F81002001/LevelGroup_P81002_F81002001_G66.json"
    },
    {
      "ID": 67,
      "Name": "Rogue_StartRoom_Monster_Patrol",
      "GroupGUID": "03c7eab5-6e13-40e5-b9b8-796ba8d88551",
      "GroupPath": "Config/LevelOutput/Group/Groups_P81002_F81002001/LevelGroup_P81002_F81002001_G67.json"
    },
    {
      "ID": 68,
      "Name": "Rogue_ChallengeRoom",
      "GroupGUID": "2fd60caa-81a4-435d-86be-ee56e9cbdae6",
      "GroupPath": "Config/LevelOutput/Group/Groups_P81002_F81002001/LevelGroup_P81002_F81002001_G68.json"
    },
    {
      "ID": 69,
      "Name": "Rogue_ChallengeRoom",
      "GroupGUID": "dbd7419b-7102-47e0-8e17-7167a8a8e0bd",
      "GroupPath": "Config/LevelOutput/Group/Groups_P81002_F81002001/LevelGroup_P81002_F81002001_G69.json"
    },
    {
      "ID": 70,
      "Name": "Rogue_ChallengeRoom",
      "GroupGUID": "1ca53492-489c-41e2-b47b-473500308f1e",
      "GroupPath": "Config/LevelOutput/Group/Groups_P81002_F81002001/LevelGroup_P81002_F81002001_G70.json"
    },
    {
      "ID": 71,
      "Name": "Rogue_NormalRoom",
      "GroupGUID": "4068850b-b717-41dd-9142-f7d2e33e4fbc",
      "GroupPath": "Config/LevelOutput/Group/Groups_P81002_F81002001/LevelGroup_P81002_F81002001_G71.json"
    },
    {
      "ID": 72,
      "Name": "Rogue_NormalRoom",
      "GroupGUID": "792c73c8-09b1-4a96-9223-13e6f6a223aa",
      "GroupPath": "Config/LevelOutput/Group/Groups_P81002_F81002001/LevelGroup_P81002_F81002001_G72.json"
    },
    {
      "ID": 73,
      "Name": "Rogue_NormalRoom",
      "GroupGUID": "1acf8319-59f5-49e4-bbfd-ebf6a60391f9",
      "GroupPath": "Config/LevelOutput/Group/Groups_P81002_F81002001/LevelGroup_P81002_F81002001_G73.json"
    },
    {
      "ID": 74,
      "Name": "Rogue_EventRoom",
      "GroupGUID": "5635cf20-ae3e-4cde-a420-ba2f9b509a0d",
      "GroupPath": "Config/LevelOutput/Group/Groups_P81002_F81002001/LevelGroup_P81002_F81002001_G74.json"
    },
    {
      "ID": 76,
      "Name": "Rogue_EventRoom",
      "GroupGUID": "8ed8beb8-7b6a-4b7b-8e97-b58f45df41a4",
      "GroupPath": "Config/LevelOutput/Group/Groups_P81002_F81002001/LevelGroup_P81002_F81002001_G76.json"
    },
    {
      "ID": 77,
      "Name": "Rogue_EventRoom",
      "GroupGUID": "34f9e5bd-476a-4c62-af9f-8273ad852e3d",
      "GroupPath": "Config/LevelOutput/Group/Groups_P81002_F81002001/LevelGroup_P81002_F81002001_G77.json"
    },
    {
      "ID": 79,
      "Name": "Rogue_RestRoom",
      "GroupGUID": "c99eb2a4-f638-48e5-9279-8bbe3535c292",
      "GroupPath": "Config/LevelOutput/Group/Groups_P81002_F81002001/LevelGroup_P81002_F81002001_G79.json"
    },
    {
      "ID": 80,
      "Name": "Rogue_EliteRoom",
      "GroupGUID": "26a67974-9c5b-490d-bf5f-68a2c93f7b0f",
      "GroupPath": "Config/LevelOutput/Group/Groups_P81002_F81002001/LevelGroup_P81002_F81002001_G80.json"
    },
    {
      "ID": 85,
      "Name": "Rogue_StartRoom_Main",
      "GroupGUID": "f3819e65-7785-46d7-ad27-a3c2efe4b06a",
      "GroupPath": "Config/LevelOutput/Group/Groups_P81002_F81002001/LevelGroup_P81002_F81002001_G85.json"
    },
    {
      "ID": 86,
      "Name": "Rogue_StartRoom_Monster",
      "GroupGUID": "9e11c07b-3b8b-4eee-90fb-eb5be953d7c3",
      "GroupPath": "Config/LevelOutput/Group/Groups_P81002_F81002001/LevelGroup_P81002_F81002001_G86.json"
    },
    {
      "ID": 87,
      "Name": "Rogue_StartRoom_Monster_Patrol",
      "GroupGUID": "a4e657f1-d987-46cf-9187-dc9e5ca313cb",
      "GroupPath": "Config/LevelOutput/Group/Groups_P81002_F81002001/LevelGroup_P81002_F81002001_G87.json"
    },
    {
      "ID": 88,
      "Name": "Rogue_NormalRoom",
      "GroupGUID": "0ebd5c9f-63e7-4a14-98a5-c33b76a6722f",
      "GroupPath": "Config/LevelOutput/Group/Groups_P81002_F81002001/LevelGroup_P81002_F81002001_G88.json"
    },
    {
      "ID": 89,
      "Name": "Rogue_NormalRoom_Monster",
      "GroupGUID": "c65474bb-e30e-4dcb-b33d-1114d3699f3b",
      "GroupPath": "Config/LevelOutput/Group/Groups_P81002_F81002001/LevelGroup_P81002_F81002001_G89.json"
    },
    {
      "ID": 90,
      "Name": "Rogue_NormalRoom",
      "GroupGUID": "27809435-59b0-4308-89b0-2ef25b3b7cd8",
      "GroupPath": "Config/LevelOutput/Group/Groups_P81002_F81002001/LevelGroup_P81002_F81002001_G90.json"
    },
    {
      "ID": 91,
      "Name": "Rogue_NormalRoom_Monster",
      "GroupGUID": "ca17a3dc-df2d-4b3d-a300-e5b4a91c5f38",
      "GroupPath": "Config/LevelOutput/Group/Groups_P81002_F81002001/LevelGroup_P81002_F81002001_G91.json"
    },
    {
      "ID": 92,
      "Name": "Rogue_SpecialBuffAfterTalk_Prop",
      "GroupGUID": "85a9a4e3-9462-4890-aa8a-4d039e504331",
      "GroupPath": "Config/LevelOutput/Group/Groups_P81002_F81002001/LevelGroup_P81002_F81002001_G92.json"
    },
    {
      "ID": 93,
      "Name": "Rogue_BossRoom",
      "GroupGUID": "7c493e38-99b7-4965-8b0d-7a984e15f1c0",
      "GroupPath": "Config/LevelOutput/Group/Groups_P81002_F81002001/LevelGroup_P81002_F81002001_G93.json"
    },
    {
      "ID": 94,
      "Name": "Rogue_StartRoom_Main",
      "GroupGUID": "bc1d5285-0a1a-43e0-bd6c-17b6f386487c",
      "GroupPath": "Config/LevelOutput/Group/Groups_P81002_F81002001/LevelGroup_P81002_F81002001_G94.json"
    },
    {
      "ID": 95,
      "Name": "Rogue_StartRoom_Monster",
      "GroupGUID": "826a959c-54be-4054-bdf9-51163ffd5131",
      "GroupPath": "Config/LevelOutput/Group/Groups_P81002_F81002001/LevelGroup_P81002_F81002001_G95.json"
    },
    {
      "ID": 96,
      "Name": "Rogue_StartRoom_Monster_Patrol",
      "GroupGUID": "b4a00c8d-efea-4611-8af4-62854b39bf3f",
      "GroupPath": "Config/LevelOutput/Group/Groups_P81002_F81002001/LevelGroup_P81002_F81002001_G96.json"
    },
    {
      "ID": 98,
      "Name": "Rogue_StartRoom_Main",
      "GroupGUID": "65531536-05bc-43d7-8094-8aa217ecc938",
      "GroupPath": "Config/LevelOutput/Group/Groups_P81002_F81002001/LevelGroup_P81002_F81002001_G98.json"
    },
    {
      "ID": 99,
      "Name": "Rogue_EliteRoom",
      "GroupGUID": "33740a40-1e95-4141-9ac1-667c8cc8c8b5",
      "GroupPath": "Config/LevelOutput/Group/Groups_P81002_F81002001/LevelGroup_P81002_F81002001_G99.json"
    },
    {
      "ID": 100,
      "Name": "DefaultProp",
      "GroupGUID": "4547da3c-4879-4c4f-87c6-14a4c0e8473b",
      "GroupPath": "Config/LevelOutput/Group/Groups_P81002_F81002001/LevelGroup_P81002_F81002001_G100.json"
    },
    {
      "ID": 102,
      "Name": "BlockObject",
      "GroupGUID": "b918de94-7217-4878-9ceb-9ecaf9565403",
      "GroupPath": "Config/LevelOutput/Group/Groups_P81002_F81002001/LevelGroup_P81002_F81002001_G102.json"
    }
  ]
}