{
  "FloorID": 81001001,
  "FloorName": "MazeText_Empty",
  "StartGroupID": 1,
  "StartAnchorID": 1,
  "GroupList": [
    {
      "ID": 1,
      "Name": "DefaultGroup",
      "GroupGUID": "93b282ef-6dcd-44b7-87e6-c69060544645",
      "GroupPath": "Config/LevelOutput/Group/Groups_P81001_F81001001/LevelGroup_P81001_F81001001_G1.json"
    },
    {
      "ID": 65,
      "Name": "Sound",
      "GroupGUID": "83c9a8fe-eab9-4dfe-aac9-820b7c02a69b",
      "GroupPath": "Config/LevelOutput/Group/Groups_P81001_F81001001/LevelGroup_P81001_F81001001_G65.json"
    }
  ]
}