{
  "FloorID": 81122001,
  "FloorName": "MazeText_Empty",
  "StartGroupID": 1,
  "StartAnchorID": 1,
  "GroupList": [
    {
      "ID": 1,
      "Name": "DefaultGroup",
      "GroupGUID": "f73e22fb-2f7c-42eb-9f91-3c004e854347",
      "GroupPath": "Config/LevelOutput/Group/Groups_P81122_F81122001/LevelGroup_P81122_F81122001_G1.json"
    },
    {
      "ID": 57,
      "Name": "Sound",
      "GroupGUID": "a81ff81f-7e81-4ea5-8967-3d67d72fce38",
      "GroupPath": "Config/LevelOutput/Group/Groups_P81122_F81122001/LevelGroup_P81122_F81122001_G57.json"
    },
    {
      "ID": 58,
      "Name": "Public_Props",
      "GroupGUID": "91286a60-52aa-4082-be42-7b60bfae932d",
      "GroupPath": "Config/LevelOutput/Group/Groups_P81122_F81122001/LevelGroup_P81122_F81122001_G58.json"
    },
    {
      "ID": 59,
      "Name": "01_Rogue_EliteRoom",
      "GroupGUID": "82b127df-2bcf-4506-8aae-88d545ef5527",
      "GroupPath": "Config/LevelOutput/Group/Groups_P81122_F81122001/LevelGroup_P81122_F81122001_G59.json"
    },
    {
      "ID": 60,
      "Name": "Rogue_EventRoom",
      "GroupGUID": "5070d352-a5cb-4329-b9cc-cd76d07c584e",
      "GroupPath": "Config/LevelOutput/Group/Groups_P81122_F81122001/LevelGroup_P81122_F81122001_G60.json"
    },
    {
      "ID": 61,
      "Name": "Rogue_NormalRoom",
      "GroupGUID": "9302173f-4b51-4358-9500-15a28eac366b",
      "GroupPath": "Config/LevelOutput/Group/Groups_P81122_F81122001/LevelGroup_P81122_F81122001_G61.json"
    },
    {
      "ID": 62,
      "Name": "Rogue_NormalRoom",
      "GroupGUID": "9822b4d0-b1d4-47ca-a3d0-ca21da8f0e7a",
      "GroupPath": "Config/LevelOutput/Group/Groups_P81122_F81122001/LevelGroup_P81122_F81122001_G62.json"
    },
    {
      "ID": 63,
      "Name": "Rogue_NormalRoom_Monster",
      "GroupGUID": "c2a43930-f0da-4e64-9297-6f269e41f6eb",
      "GroupPath": "Config/LevelOutput/Group/Groups_P81122_F81122001/LevelGroup_P81122_F81122001_G63.json"
    },
    {
      "ID": 64,
      "Name": "02_Rogue_ChallengeRoom",
      "GroupGUID": "89b21a00-7bcf-4f37-a31a-126e22ce09d8",
      "GroupPath": "Config/LevelOutput/Group/Groups_P81122_F81122001/LevelGroup_P81122_F81122001_G64.json"
    },
    {
      "ID": 65,
      "Name": "Rogue_EventRoom",
      "GroupGUID": "b5c5562b-2d3c-487f-b9c7-289098ee91a7",
      "GroupPath": "Config/LevelOutput/Group/Groups_P81122_F81122001/LevelGroup_P81122_F81122001_G65.json"
    },
    {
      "ID": 66,
      "Name": "Rogue_NormalRoom",
      "GroupGUID": "1c2d990a-008d-4392-99b6-9444db58dc89",
      "GroupPath": "Config/LevelOutput/Group/Groups_P81122_F81122001/LevelGroup_P81122_F81122001_G66.json"
    },
    {
      "ID": 67,
      "Name": "Rogue_NormalRoom_Monster",
      "GroupGUID": "54ca4b7c-e9a2-45c3-b4a0-3df27f770bab",
      "GroupPath": "Config/LevelOutput/Group/Groups_P81122_F81122001/LevelGroup_P81122_F81122001_G67.json"
    },
    {
      "ID": 68,
      "Name": "Rogue_NormalRoom",
      "GroupGUID": "bfcf6432-f2b2-4204-afbd-c7bc705e8614",
      "GroupPath": "Config/LevelOutput/Group/Groups_P81122_F81122001/LevelGroup_P81122_F81122001_G68.json"
    },
    {
      "ID": 69,
      "Name": "Rogue_RestRoom",
      "GroupGUID": "a9576b09-bf12-4626-b751-928a60f97ad2",
      "GroupPath": "Config/LevelOutput/Group/Groups_P81122_F81122001/LevelGroup_P81122_F81122001_G69.json"
    },
    {
      "ID": 70,
      "Name": "Rogue_StartRoom_Main",
      "GroupGUID": "f00bdb30-3f52-42f5-9f92-f6ec36697646",
      "GroupPath": "Config/LevelOutput/Group/Groups_P81122_F81122001/LevelGroup_P81122_F81122001_G70.json"
    },
    {
      "ID": 71,
      "Name": "Rogue_StartRoom_Monster",
      "GroupGUID": "b92d9a1b-2556-48bf-8a65-a4841caaa547",
      "GroupPath": "Config/LevelOutput/Group/Groups_P81122_F81122001/LevelGroup_P81122_F81122001_G71.json"
    },
    {
      "ID": 72,
      "Name": "Rogue_StartRoom_Monster_Patrol",
      "GroupGUID": "5cea77fc-173b-4c0d-b3ab-6fe7dd85ad32",
      "GroupPath": "Config/LevelOutput/Group/Groups_P81122_F81122001/LevelGroup_P81122_F81122001_G72.json"
    },
    {
      "ID": 73,
      "Name": "02_Rogue_ChallengeRoom",
      "GroupGUID": "6a077b87-5add-457b-b341-ccfee841e4ec",
      "GroupPath": "Config/LevelOutput/Group/Groups_P81122_F81122001/LevelGroup_P81122_F81122001_G73.json"
    },
    {
      "ID": 74,
      "Name": "Rogue_StartRoom_Main",
      "GroupGUID": "df2982be-d824-4f00-b23d-8fad186ecb6b",
      "GroupPath": "Config/LevelOutput/Group/Groups_P81122_F81122001/LevelGroup_P81122_F81122001_G74.json"
    },
    {
      "ID": 75,
      "Name": "Rogue_StartRoom_Monster_Patrol",
      "GroupGUID": "81deb0b1-9fb8-4db4-b187-841fe609492d",
      "GroupPath": "Config/LevelOutput/Group/Groups_P81122_F81122001/LevelGroup_P81122_F81122001_G75.json"
    },
    {
      "ID": 76,
      "Name": "Rogue_StartRoom_Monster",
      "GroupGUID": "762e1d72-3960-4327-979b-53a8548f05fb",
      "GroupPath": "Config/LevelOutput/Group/Groups_P81122_F81122001/LevelGroup_P81122_F81122001_G76.json"
    },
    {
      "ID": 77,
      "Name": "Rogue_StartRoom_Main",
      "GroupGUID": "96772d72-6da4-4970-a671-9bd7cab49302",
      "GroupPath": "Config/LevelOutput/Group/Groups_P81122_F81122001/LevelGroup_P81122_F81122001_G77.json"
    },
    {
      "ID": 78,
      "Name": "Rogue_StartRoom_Monster",
      "GroupGUID": "5d9426de-062f-43dc-a360-e82a2adf6bf6",
      "GroupPath": "Config/LevelOutput/Group/Groups_P81122_F81122001/LevelGroup_P81122_F81122001_G78.json"
    },
    {
      "ID": 79,
      "Name": "Rogue_StartRoom_Monster",
      "GroupGUID": "3845de22-372f-4e31-a64a-5e7959d98b0b",
      "GroupPath": "Config/LevelOutput/Group/Groups_P81122_F81122001/LevelGroup_P81122_F81122001_G79.json"
    },
    {
      "ID": 80,
      "Name": "Rogue_NormalRoom",
      "GroupGUID": "aef09c4b-07a1-49ca-90cb-98eb80f8657d",
      "GroupPath": "Config/LevelOutput/Group/Groups_P81122_F81122001/LevelGroup_P81122_F81122001_G80.json"
    },
    {
      "ID": 81,
      "Name": "02_Rogue_ChallengeRoom",
      "GroupGUID": "bc7245b0-636e-489f-80ee-65bb76bd8520",
      "GroupPath": "Config/LevelOutput/Group/Groups_P81122_F81122001/LevelGroup_P81122_F81122001_G81.json"
    },
    {
      "ID": 82,
      "Name": "Rogue_EventRoom",
      "GroupGUID": "a5682f7f-2433-4805-9bad-05dc16c8213e",
      "GroupPath": "Config/LevelOutput/Group/Groups_P81122_F81122001/LevelGroup_P81122_F81122001_G82.json"
    },
    {
      "ID": 83,
      "Name": "Rogue_BossRoom",
      "GroupGUID": "467f0614-3394-46d9-959e-005a30a11ad9",
      "GroupPath": "Config/LevelOutput/Group/Groups_P81122_F81122001/LevelGroup_P81122_F81122001_G83.json"
    },
    {
      "ID": 84,
      "Name": "Rogue_SpecialBuffAfterTalk_Prop",
      "GroupGUID": "ca2381f2-03b0-4440-aedb-ae0b27b2fc7e",
      "GroupPath": "Config/LevelOutput/Group/Groups_P81122_F81122001/LevelGroup_P81122_F81122001_G84.json"
    },
    {
      "ID": 85,
      "Name": "Rogue_StartRoom_Main",
      "GroupGUID": "544365a8-657e-494e-9a18-e249d7b4275d",
      "GroupPath": "Config/LevelOutput/Group/Groups_P81122_F81122001/LevelGroup_P81122_F81122001_G85.json"
    },
    {
      "ID": 86,
      "Name": "Rogue_StartRoom_Monster",
      "GroupGUID": "82266c21-fba2-4cd8-b2cf-0a39e2dfc5bf",
      "GroupPath": "Config/LevelOutput/Group/Groups_P81122_F81122001/LevelGroup_P81122_F81122001_G86.json"
    },
    {
      "ID": 87,
      "Name": "Rogue_StartRoom_Monster_Patrol",
      "GroupGUID": "96d39858-447d-4993-b41f-c7bd2bfc136e",
      "GroupPath": "Config/LevelOutput/Group/Groups_P81122_F81122001/LevelGroup_P81122_F81122001_G87.json"
    },
    {
      "ID": 88,
      "Name": "Rogue_StartRoom_Main",
      "GroupGUID": "89dda41e-84a8-4f4f-881e-c8c9bf714785",
      "GroupPath": "Config/LevelOutput/Group/Groups_P81122_F81122001/LevelGroup_P81122_F81122001_G88.json"
    },
    {
      "ID": 89,
      "Name": "Rogue_StartRoom_Monster",
      "GroupGUID": "b1740e20-8da2-4ddc-b357-16439bde74d6",
      "GroupPath": "Config/LevelOutput/Group/Groups_P81122_F81122001/LevelGroup_P81122_F81122001_G89.json"
    },
    {
      "ID": 90,
      "Name": "Rogue_StartRoom_Monster_Patrol",
      "GroupGUID": "e1b72453-6254-4f2b-b687-a4b8d3878693",
      "GroupPath": "Config/LevelOutput/Group/Groups_P81122_F81122001/LevelGroup_P81122_F81122001_G90.json"
    },
    {
      "ID": 91,
      "Name": "Rogue_StartRoom_Main",
      "GroupGUID": "ac594770-3b1e-4a1c-a60e-d9d5c0338f02",
      "GroupPath": "Config/LevelOutput/Group/Groups_P81122_F81122001/LevelGroup_P81122_F81122001_G91.json"
    }
  ]
}