{
  "FloorID": 81111001,
  "FloorName": "MazeText_Empty",
  "StartGroupID": 1,
  "StartAnchorID": 1,
  "GroupList": [
    {
      "ID": 1,
      "Name": "DefaultGroup",
      "GroupGUID": "a171969d-14ca-4035-b0b7-68fc5b20749d",
      "GroupPath": "Config/LevelOutput/Group/Groups_P81111_F81111001/LevelGroup_P81111_F81111001_G1.json"
    },
    {
      "ID": 11,
      "Name": "DefaultData_Props",
      "GroupGUID": "641dd253-eed7-4ff0-b97f-78d44cfc9d8d",
      "GroupPath": "Config/LevelOutput/Group/Groups_P81111_F81111001/LevelGroup_P81111_F81111001_G11.json"
    },
    {
      "ID": 61,
      "Name": "Sound",
      "GroupGUID": "3992e829-f47c-4194-b859-764b3707f2c0",
      "GroupPath": "Config/LevelOutput/Group/Groups_P81111_F81111001/LevelGroup_P81111_F81111001_G61.json"
    },
    {
      "ID": 62,
      "Name": "Rogue_StartRoom_Main",
      "GroupGUID": "6812355b-e85b-4247-b1fd-b8313703783a",
      "GroupPath": "Config/LevelOutput/Group/Groups_P81111_F81111001/LevelGroup_P81111_F81111001_G62.json"
    },
    {
      "ID": 63,
      "Name": "Rogue_StartRoom_Monster",
      "GroupGUID": "9cb34b99-a2ce-4b39-a9f2-0910244faf9e",
      "GroupPath": "Config/LevelOutput/Group/Groups_P81111_F81111001/LevelGroup_P81111_F81111001_G63.json"
    },
    {
      "ID": 64,
      "Name": "Rogue_StartRoom_Monster_Patrol",
      "GroupGUID": "ea50c92c-2964-4e16-b707-dc674c0c2b59",
      "GroupPath": "Config/LevelOutput/Group/Groups_P81111_F81111001/LevelGroup_P81111_F81111001_G64.json"
    },
    {
      "ID": 65,
      "Name": "Rogue_StartRoom_Main",
      "GroupGUID": "3aedf19d-c006-466a-b4f8-07eaaa5ead35",
      "GroupPath": "Config/LevelOutput/Group/Groups_P81111_F81111001/LevelGroup_P81111_F81111001_G65.json"
    },
    {
      "ID": 66,
      "Name": "Rogue_StartRoom_Monster",
      "GroupGUID": "994d9e68-7ec0-4ac6-87d5-8c8429cfd91e",
      "GroupPath": "Config/LevelOutput/Group/Groups_P81111_F81111001/LevelGroup_P81111_F81111001_G66.json"
    },
    {
      "ID": 67,
      "Name": "Rogue_StartRoom_Monster",
      "GroupGUID": "6547f303-60c0-4651-9cf2-6a68cb632972",
      "GroupPath": "Config/LevelOutput/Group/Groups_P81111_F81111001/LevelGroup_P81111_F81111001_G67.json"
    },
    {
      "ID": 68,
      "Name": "Rogue_ChallengeRoom",
      "GroupGUID": "9c6a44da-8dbc-49ef-9cad-4f442bb3d48d",
      "GroupPath": "Config/LevelOutput/Group/Groups_P81111_F81111001/LevelGroup_P81111_F81111001_G68.json"
    },
    {
      "ID": 69,
      "Name": "Rogue_EventRoom",
      "GroupGUID": "3337b95e-0dc0-454c-a0e4-ec4e993401d0",
      "GroupPath": "Config/LevelOutput/Group/Groups_P81111_F81111001/LevelGroup_P81111_F81111001_G69.json"
    },
    {
      "ID": 70,
      "Name": "Rogue_NormalRoom",
      "GroupGUID": "938ce690-1720-4d93-8f17-c95a3c987343",
      "GroupPath": "Config/LevelOutput/Group/Groups_P81111_F81111001/LevelGroup_P81111_F81111001_G70.json"
    },
    {
      "ID": 71,
      "Name": "Rogue_StartRoom_Main",
      "GroupGUID": "6148b264-ae16-4177-8282-afa4be437c75",
      "GroupPath": "Config/LevelOutput/Group/Groups_P81111_F81111001/LevelGroup_P81111_F81111001_G71.json"
    },
    {
      "ID": 72,
      "Name": "Rogue_StartRoom_Monster_Patrol",
      "GroupGUID": "8589e13a-4e0a-45c3-ad53-2f912f24564e",
      "GroupPath": "Config/LevelOutput/Group/Groups_P81111_F81111001/LevelGroup_P81111_F81111001_G72.json"
    },
    {
      "ID": 73,
      "Name": "Rogue_StartRoom_Monster_Patrol",
      "GroupGUID": "db10ccab-af04-4a4c-96c8-87e98c77f89d",
      "GroupPath": "Config/LevelOutput/Group/Groups_P81111_F81111001/LevelGroup_P81111_F81111001_G73.json"
    },
    {
      "ID": 74,
      "Name": "Rogue_ChallengeRoom",
      "GroupGUID": "2d227e28-6461-4873-8acd-b08dd8aa326b",
      "GroupPath": "Config/LevelOutput/Group/Groups_P81111_F81111001/LevelGroup_P81111_F81111001_G74.json"
    },
    {
      "ID": 75,
      "Name": "Rogue_EventRoom",
      "GroupGUID": "b67ecd68-290f-4304-89f5-390574271450",
      "GroupPath": "Config/LevelOutput/Group/Groups_P81111_F81111001/LevelGroup_P81111_F81111001_G75.json"
    },
    {
      "ID": 76,
      "Name": "Rogue_NormalRoom",
      "GroupGUID": "80f7eb11-1817-4edf-a1f3-b34882767d60",
      "GroupPath": "Config/LevelOutput/Group/Groups_P81111_F81111001/LevelGroup_P81111_F81111001_G76.json"
    },
    {
      "ID": 77,
      "Name": "Rogue_NormalRoom",
      "GroupGUID": "e48e023e-055f-48aa-9955-ef221737b5ac",
      "GroupPath": "Config/LevelOutput/Group/Groups_P81111_F81111001/LevelGroup_P81111_F81111001_G77.json"
    },
    {
      "ID": 78,
      "Name": "Rogue_NormalRoom_Monster",
      "GroupGUID": "05cf36b7-30d5-4f89-8972-85a3a7872365",
      "GroupPath": "Config/LevelOutput/Group/Groups_P81111_F81111001/LevelGroup_P81111_F81111001_G78.json"
    },
    {
      "ID": 79,
      "Name": "Rogue_StartRoom_Main",
      "GroupGUID": "03cad133-71aa-4ec4-8835-65307e834bf2",
      "GroupPath": "Config/LevelOutput/Group/Groups_P81111_F81111001/LevelGroup_P81111_F81111001_G79.json"
    },
    {
      "ID": 80,
      "Name": "Rogue_StartRoom_Monster",
      "GroupGUID": "218e473b-3f6b-457b-accf-b76ecf4bf652",
      "GroupPath": "Config/LevelOutput/Group/Groups_P81111_F81111001/LevelGroup_P81111_F81111001_G80.json"
    },
    {
      "ID": 81,
      "Name": "Rogue_StartRoom_Monster_Patrol",
      "GroupGUID": "f9ff3e90-1d97-45f8-803b-015936159f60",
      "GroupPath": "Config/LevelOutput/Group/Groups_P81111_F81111001/LevelGroup_P81111_F81111001_G81.json"
    },
    {
      "ID": 82,
      "Name": "Rogue_ChallengeRoom",
      "GroupGUID": "2f87a466-3ed2-49c8-880f-7f1ec04134b8",
      "GroupPath": "Config/LevelOutput/Group/Groups_P81111_F81111001/LevelGroup_P81111_F81111001_G82.json"
    },
    {
      "ID": 83,
      "Name": "Rogue_EventRoom",
      "GroupGUID": "2daa1bc7-88bd-4f4a-9d28-8b32a95f9eef",
      "GroupPath": "Config/LevelOutput/Group/Groups_P81111_F81111001/LevelGroup_P81111_F81111001_G83.json"
    },
    {
      "ID": 84,
      "Name": "Rogue_NormalRoom",
      "GroupGUID": "ee3e57ab-3440-4aba-ad7b-01c7201b215f",
      "GroupPath": "Config/LevelOutput/Group/Groups_P81111_F81111001/LevelGroup_P81111_F81111001_G84.json"
    },
    {
      "ID": 85,
      "Name": "Rogue_NormalRoom",
      "GroupGUID": "c657f2d5-62d3-4711-9ef9-915d0bfebefd",
      "GroupPath": "Config/LevelOutput/Group/Groups_P81111_F81111001/LevelGroup_P81111_F81111001_G85.json"
    },
    {
      "ID": 86,
      "Name": "Rogue_NormalRoom_Monster",
      "GroupGUID": "545ac01e-ac7b-4113-af2a-2e5cba80f9cb",
      "GroupPath": "Config/LevelOutput/Group/Groups_P81111_F81111001/LevelGroup_P81111_F81111001_G86.json"
    },
    {
      "ID": 87,
      "Name": "Rogue_RestRoom",
      "GroupGUID": "0180e12d-1cce-42fc-a6cd-146ff0f5b42b",
      "GroupPath": "Config/LevelOutput/Group/Groups_P81111_F81111001/LevelGroup_P81111_F81111001_G87.json"
    },
    {
      "ID": 88,
      "Name": "Rogue_EliteRoom",
      "GroupGUID": "7d6ce97f-ed8f-426c-ba64-b8718702ef64",
      "GroupPath": "Config/LevelOutput/Group/Groups_P81111_F81111001/LevelGroup_P81111_F81111001_G88.json"
    },
    {
      "ID": 89,
      "Name": "Rogue_BossRoom",
      "GroupGUID": "093fc7a9-6eb9-4a25-aa3e-f844ab3b7c30",
      "GroupPath": "Config/LevelOutput/Group/Groups_P81111_F81111001/LevelGroup_P81111_F81111001_G89.json"
    },
    {
      "ID": 90,
      "Name": "Rogue_SpecialBuffAfterTalk_Prop",
      "GroupGUID": "9989fba6-b779-4818-8fc4-bb847807d8ea",
      "GroupPath": "Config/LevelOutput/Group/Groups_P81111_F81111001/LevelGroup_P81111_F81111001_G90.json"
    },
    {
      "ID": 91,
      "Name": "Rogue_StartRoom_Main",
      "GroupGUID": "31f7b090-00eb-42e7-a0df-55b1cc96ce3b",
      "GroupPath": "Config/LevelOutput/Group/Groups_P81111_F81111001/LevelGroup_P81111_F81111001_G91.json"
    },
    {
      "ID": 92,
      "Name": "Rogue_StartRoom_Monster_Patrol",
      "GroupGUID": "d79f693c-3f75-406d-9c3f-ccf3b42421b3",
      "GroupPath": "Config/LevelOutput/Group/Groups_P81111_F81111001/LevelGroup_P81111_F81111001_G92.json"
    },
    {
      "ID": 93,
      "Name": "Rogue_StartRoom_Monster_Patrol",
      "GroupGUID": "63ae784e-ca90-4387-85a6-86b556fa4357",
      "GroupPath": "Config/LevelOutput/Group/Groups_P81111_F81111001/LevelGroup_P81111_F81111001_G93.json"
    },
    {
      "ID": 94,
      "Name": "Rogue_StartRoom_Main",
      "GroupGUID": "f9ef5e50-5a5c-4256-81be-d1b43e828b1b",
      "GroupPath": "Config/LevelOutput/Group/Groups_P81111_F81111001/LevelGroup_P81111_F81111001_G94.json"
    }
  ]
}