{
  "FloorID": 81121001,
  "FloorName": "MazeText_Empty",
  "StartGroupID": 1,
  "StartAnchorID": 1,
  "GroupList": [
    {
      "ID": 1,
      "Name": "DefaultGroup",
      "GroupGUID": "57dffda2-3466-467f-802f-56e9a6e416f7",
      "GroupPath": "Config/LevelOutput/Group/Groups_P81121_F81121001/LevelGroup_P81121_F81121001_G1.json"
    },
    {
      "ID": 83,
      "Name": "01_Rogue_EliteRoom",
      "GroupGUID": "e9f6053d-189a-458e-a3fa-03d16e039330",
      "GroupPath": "Config/LevelOutput/Group/Groups_P81121_F81121001/LevelGroup_P81121_F81121001_G83.json"
    },
    {
      "ID": 84,
      "Name": "01_Rogue_ChallengeRoom",
      "GroupGUID": "e8cac27c-3f2b-4c32-8f3b-7675dd6e90d3",
      "GroupPath": "Config/LevelOutput/Group/Groups_P81121_F81121001/LevelGroup_P81121_F81121001_G84.json"
    },
    {
      "ID": 85,
      "Name": "Rogue_EventRoom",
      "GroupGUID": "98d3e372-a1a1-4fec-84d8-2241a8cb2cb9",
      "GroupPath": "Config/LevelOutput/Group/Groups_P81121_F81121001/LevelGroup_P81121_F81121001_G85.json"
    },
    {
      "ID": 86,
      "Name": "Rogue_NormalRoom",
      "GroupGUID": "4d2e375f-04df-47e2-ab49-b9abc0ff2455",
      "GroupPath": "Config/LevelOutput/Group/Groups_P81121_F81121001/LevelGroup_P81121_F81121001_G86.json"
    },
    {
      "ID": 87,
      "Name": "Rogue_NormalRoom",
      "GroupGUID": "1f5a5aab-8889-498a-81b8-09f8d39f4b3d",
      "GroupPath": "Config/LevelOutput/Group/Groups_P81121_F81121001/LevelGroup_P81121_F81121001_G87.json"
    },
    {
      "ID": 88,
      "Name": "Rogue_NormalRoom_Monster",
      "GroupGUID": "7a9072e9-6614-4794-9174-9bfcdfd62f45",
      "GroupPath": "Config/LevelOutput/Group/Groups_P81121_F81121001/LevelGroup_P81121_F81121001_G88.json"
    },
    {
      "ID": 89,
      "Name": "02_Rogue_ChallengeRoom",
      "GroupGUID": "6d43048d-2ad5-46bf-8431-dd8b91a6572b",
      "GroupPath": "Config/LevelOutput/Group/Groups_P81121_F81121001/LevelGroup_P81121_F81121001_G89.json"
    },
    {
      "ID": 90,
      "Name": "Rogue_EventRoom",
      "GroupGUID": "45514699-900b-4e19-9ea3-7f1158c9b865",
      "GroupPath": "Config/LevelOutput/Group/Groups_P81121_F81121001/LevelGroup_P81121_F81121001_G90.json"
    },
    {
      "ID": 91,
      "Name": "Rogue_NormalRoom",
      "GroupGUID": "74682633-6802-4ebf-b60f-0c6411732bf5",
      "GroupPath": "Config/LevelOutput/Group/Groups_P81121_F81121001/LevelGroup_P81121_F81121001_G91.json"
    },
    {
      "ID": 92,
      "Name": "Rogue_NormalRoom",
      "GroupGUID": "0700c639-83dd-4d00-bc56-1b662828ca38",
      "GroupPath": "Config/LevelOutput/Group/Groups_P81121_F81121001/LevelGroup_P81121_F81121001_G92.json"
    },
    {
      "ID": 93,
      "Name": "Rogue_NormalRoom_Monster",
      "GroupGUID": "913ee9fd-383f-42c2-af86-e626768d8277",
      "GroupPath": "Config/LevelOutput/Group/Groups_P81121_F81121001/LevelGroup_P81121_F81121001_G93.json"
    },
    {
      "ID": 94,
      "Name": "Rogue_StartRoom_Main",
      "GroupGUID": "c3e2a58e-cc84-4607-bef7-15e3804b9960",
      "GroupPath": "Config/LevelOutput/Group/Groups_P81121_F81121001/LevelGroup_P81121_F81121001_G94.json"
    },
    {
      "ID": 95,
      "Name": "Rogue_StartRoom_Monster",
      "GroupGUID": "81526526-09af-4e48-a287-d0025202ad64",
      "GroupPath": "Config/LevelOutput/Group/Groups_P81121_F81121001/LevelGroup_P81121_F81121001_G95.json"
    },
    {
      "ID": 96,
      "Name": "Rogue_StartRoom_Monster",
      "GroupGUID": "af26b169-d98b-4445-90f8-b27b1d0587fb",
      "GroupPath": "Config/LevelOutput/Group/Groups_P81121_F81121001/LevelGroup_P81121_F81121001_G96.json"
    },
    {
      "ID": 97,
      "Name": "Rogue_EventRoom",
      "GroupGUID": "e7db9243-414d-4de0-a020-c644d56d4f38",
      "GroupPath": "Config/LevelOutput/Group/Groups_P81121_F81121001/LevelGroup_P81121_F81121001_G97.json"
    },
    {
      "ID": 98,
      "Name": "03_Rogue_ChallengeRoom",
      "GroupGUID": "2aa90ca8-cff3-4c54-bd78-53d22aaf067a",
      "GroupPath": "Config/LevelOutput/Group/Groups_P81121_F81121001/LevelGroup_P81121_F81121001_G98.json"
    },
    {
      "ID": 99,
      "Name": "Rogue_StartRoom_Main",
      "GroupGUID": "f741438b-b181-4784-8a24-d3af8c9f97c4",
      "GroupPath": "Config/LevelOutput/Group/Groups_P81121_F81121001/LevelGroup_P81121_F81121001_G99.json"
    },
    {
      "ID": 100,
      "Name": "Rogue_StartRoom_Monster_Patrol",
      "GroupGUID": "313037b2-8f82-4849-b46c-64c3287a414c",
      "GroupPath": "Config/LevelOutput/Group/Groups_P81121_F81121001/LevelGroup_P81121_F81121001_G100.json"
    },
    {
      "ID": 101,
      "Name": "Rogue_StartRoom_Monster",
      "GroupGUID": "3f202454-ac85-4e03-b018-e88a7e3e0efc",
      "GroupPath": "Config/LevelOutput/Group/Groups_P81121_F81121001/LevelGroup_P81121_F81121001_G101.json"
    },
    {
      "ID": 102,
      "Name": "Rogue_EventRoom",
      "GroupGUID": "889b65b2-f419-4680-b26f-16ee550fd858",
      "GroupPath": "Config/LevelOutput/Group/Groups_P81121_F81121001/LevelGroup_P81121_F81121001_G102.json"
    },
    {
      "ID": 103,
      "Name": "Rogue_NormalRoom",
      "GroupGUID": "9ba6c4a6-f58f-44d4-a7c9-63ecb5b7d315",
      "GroupPath": "Config/LevelOutput/Group/Groups_P81121_F81121001/LevelGroup_P81121_F81121001_G103.json"
    },
    {
      "ID": 104,
      "Name": "Rogue_StartRoom_Main",
      "GroupGUID": "e8ae29f0-818c-4fcf-94bf-428426106159",
      "GroupPath": "Config/LevelOutput/Group/Groups_P81121_F81121001/LevelGroup_P81121_F81121001_G104.json"
    },
    {
      "ID": 105,
      "Name": "Rogue_StartRoom_Monster_Patrol",
      "GroupGUID": "1186857e-76f3-43cd-93d6-456f58035d0e",
      "GroupPath": "Config/LevelOutput/Group/Groups_P81121_F81121001/LevelGroup_P81121_F81121001_G105.json"
    },
    {
      "ID": 106,
      "Name": "Rogue_StartRoom_Monster",
      "GroupGUID": "13013cc8-6614-4957-90eb-602119af550b",
      "GroupPath": "Config/LevelOutput/Group/Groups_P81121_F81121001/LevelGroup_P81121_F81121001_G106.json"
    },
    {
      "ID": 107,
      "Name": "Rogue_StartRoom_Main",
      "GroupGUID": "e59583dd-e6a2-4fca-bc05-0e015bdbd674",
      "GroupPath": "Config/LevelOutput/Group/Groups_P81121_F81121001/LevelGroup_P81121_F81121001_G107.json"
    },
    {
      "ID": 108,
      "Name": "Rogue_StartRoom_Monster_Patrol",
      "GroupGUID": "ce75b808-d991-4c62-962a-fd9dcf3f2ea4",
      "GroupPath": "Config/LevelOutput/Group/Groups_P81121_F81121001/LevelGroup_P81121_F81121001_G108.json"
    },
    {
      "ID": 109,
      "Name": "Rogue_StartRoom_Monster",
      "GroupGUID": "40dbb169-5f64-4ef0-a0a8-b9e96fe8917d",
      "GroupPath": "Config/LevelOutput/Group/Groups_P81121_F81121001/LevelGroup_P81121_F81121001_G109.json"
    },
    {
      "ID": 110,
      "Name": "01_Rogue_ChallengeRoom",
      "GroupGUID": "a681407a-8620-40a5-b256-196de65b27dc",
      "GroupPath": "Config/LevelOutput/Group/Groups_P81121_F81121001/LevelGroup_P81121_F81121001_G110.json"
    },
    {
      "ID": 111,
      "Name": "Rogue_NormalRoom",
      "GroupGUID": "7b6a573d-d567-4039-9285-cf21119c7646",
      "GroupPath": "Config/LevelOutput/Group/Groups_P81121_F81121001/LevelGroup_P81121_F81121001_G111.json"
    },
    {
      "ID": 112,
      "Name": "Rogue_RestRoom",
      "GroupGUID": "abc1e706-fa56-438a-acae-4629e3400aa5",
      "GroupPath": "Config/LevelOutput/Group/Groups_P81121_F81121001/LevelGroup_P81121_F81121001_G112.json"
    },
    {
      "ID": 113,
      "Name": "Rogue_BossRoom",
      "GroupGUID": "269ba1ed-28dd-4b2c-9f2e-2ab76979b50a",
      "GroupPath": "Config/LevelOutput/Group/Groups_P81121_F81121001/LevelGroup_P81121_F81121001_G113.json"
    },
    {
      "ID": 114,
      "Name": "Mission4030009",
      "GroupGUID": "5186b3d2-2312-4c38-b0e9-95d98bfb1106",
      "GroupPath": "Config/LevelOutput/Group/Groups_P81121_F81121001/LevelGroup_P81121_F81121001_G114.json"
    },
    {
      "ID": 115,
      "Name": "Rogue_SpecialBuffAfterTalk_Prop",
      "GroupGUID": "07075367-2ba4-4444-a174-520733f43494",
      "GroupPath": "Config/LevelOutput/Group/Groups_P81121_F81121001/LevelGroup_P81121_F81121001_G115.json"
    },
    {
      "ID": 116,
      "Name": "Rogue_StartRoom_Main",
      "GroupGUID": "cf8d93f9-58ea-436e-a445-8fb6a57a04b3",
      "GroupPath": "Config/LevelOutput/Group/Groups_P81121_F81121001/LevelGroup_P81121_F81121001_G116.json"
    },
    {
      "ID": 117,
      "Name": "Rogue_StartRoom_Monster_Patrol",
      "GroupGUID": "c804b896-51de-4491-ac61-4cec13f30047",
      "GroupPath": "Config/LevelOutput/Group/Groups_P81121_F81121001/LevelGroup_P81121_F81121001_G117.json"
    },
    {
      "ID": 118,
      "Name": "Rogue_StartRoom_Monster",
      "GroupGUID": "9ba8d941-a355-4608-a4c4-8434d981422a",
      "GroupPath": "Config/LevelOutput/Group/Groups_P81121_F81121001/LevelGroup_P81121_F81121001_G118.json"
    },
    {
      "ID": 119,
      "Name": "Rogue_StartRoom_Main",
      "GroupGUID": "4e5ad7b9-14c6-4d8c-abd7-434885f7cbd9",
      "GroupPath": "Config/LevelOutput/Group/Groups_P81121_F81121001/LevelGroup_P81121_F81121001_G119.json"
    },
    {
      "ID": 120,
      "Name": "Sound",
      "GroupGUID": "e09242b5-4747-45d7-94c0-6febdbbc7433",
      "GroupPath": "Config/LevelOutput/Group/Groups_P81121_F81121001/LevelGroup_P81121_F81121001_G120.json"
    }
  ]
}