{
  "FloorID": 81123001,
  "FloorName": "MazeText_Empty",
  "StartGroupID": 1,
  "StartAnchorID": 1,
  "GroupList": [
    {
      "ID": 1,
      "Name": "DefaultGroup",
      "GroupGUID": "9e8dd6f4-63d5-4f87-9957-a8ef06b7741c",
      "GroupPath": "Config/LevelOutput/Group/Groups_P81123_F81123001/LevelGroup_P81123_F81123001_G1.json"
    },
    {
      "ID": 59,
      "Name": "Sound",
      "GroupGUID": "4af4001c-8af8-4911-8fb0-d42a3a10a79f",
      "GroupPath": "Config/LevelOutput/Group/Groups_P81123_F81123001/LevelGroup_P81123_F81123001_G59.json"
    },
    {
      "ID": 60,
      "Name": "Rogue_SpecialBuffAfterTalk_Prop",
      "GroupGUID": "1e435bcc-1dfc-4110-bcc3-5cc7059ad998",
      "GroupPath": "Config/LevelOutput/Group/Groups_P81123_F81123001/LevelGroup_P81123_F81123001_G60.json"
    }
  ]
}