{
  "FloorID": 81131001,
  "FloorName": "MazeText_Empty",
  "StartGroupID": 1,
  "StartAnchorID": 1,
  "GroupList": [
    {
      "ID": 1,
      "Name": "DefaultGroup",
      "GroupGUID": "773d67a7-e03d-4574-b01c-4122a814aef3",
      "GroupPath": "Config/LevelOutput/Group/Groups_P81131_F81131001/LevelGroup_P81131_F81131001_G1.json"
    },
    {
      "ID": 10,
      "Name": "DefaultProp",
      "GroupGUID": "07dc0c66-19e8-4824-978b-e5707eb62faf",
      "GroupPath": "Config/LevelOutput/Group/Groups_P81131_F81131001/LevelGroup_P81131_F81131001_G10.json"
    },
    {
      "ID": 64,
      "Name": "Sound",
      "GroupGUID": "52d15e7c-be32-4816-b3fb-ebc78b4c5c5a",
      "GroupPath": "Config/LevelOutput/Group/Groups_P81131_F81131001/LevelGroup_P81131_F81131001_G64.json"
    },
    {
      "ID": 66,
      "Name": "Rogue_StartRoom_Main",
      "GroupGUID": "92ee2f58-b33c-479b-be86-34b376e1d2c4",
      "GroupPath": "Config/LevelOutput/Group/Groups_P81131_F81131001/LevelGroup_P81131_F81131001_G66.json"
    },
    {
      "ID": 67,
      "Name": "Rogue_StartRoom_Monster",
      "GroupGUID": "a1443a84-3087-4fe9-9964-121a2b55a707",
      "GroupPath": "Config/LevelOutput/Group/Groups_P81131_F81131001/LevelGroup_P81131_F81131001_G67.json"
    },
    {
      "ID": 68,
      "Name": "Rogue_StartRoom_Monster_Patrol",
      "GroupGUID": "86e787ed-547e-4828-9f92-67a80e44c963",
      "GroupPath": "Config/LevelOutput/Group/Groups_P81131_F81131001/LevelGroup_P81131_F81131001_G68.json"
    },
    {
      "ID": 69,
      "Name": "Rogue_StartRoom_Main",
      "GroupGUID": "3c14325a-dd5b-4c02-9008-17132b79ae7e",
      "GroupPath": "Config/LevelOutput/Group/Groups_P81131_F81131001/LevelGroup_P81131_F81131001_G69.json"
    },
    {
      "ID": 70,
      "Name": "Rogue_StartRoom_Monster",
      "GroupGUID": "7ce213d2-969c-4dbe-aeae-0ea2a4e6b1d1",
      "GroupPath": "Config/LevelOutput/Group/Groups_P81131_F81131001/LevelGroup_P81131_F81131001_G70.json"
    },
    {
      "ID": 71,
      "Name": "Rogue_StartRoom_Monster_Patrol",
      "GroupGUID": "2cbcbeb9-9c90-471e-9707-777557d0f15f",
      "GroupPath": "Config/LevelOutput/Group/Groups_P81131_F81131001/LevelGroup_P81131_F81131001_G71.json"
    },
    {
      "ID": 72,
      "Name": "Rogue_StartRoom_Main",
      "GroupGUID": "17ce89f5-098d-494c-9a1b-d85dc7c7efa2",
      "GroupPath": "Config/LevelOutput/Group/Groups_P81131_F81131001/LevelGroup_P81131_F81131001_G72.json"
    },
    {
      "ID": 73,
      "Name": "Rogue_StartRoom_Monster",
      "GroupGUID": "c71043a9-17c7-432b-a8d4-156f4060a24e",
      "GroupPath": "Config/LevelOutput/Group/Groups_P81131_F81131001/LevelGroup_P81131_F81131001_G73.json"
    },
    {
      "ID": 74,
      "Name": "Rogue_StartRoom_Monster_Patrol",
      "GroupGUID": "2017163f-0bd7-47be-97e4-a9b13f03a767",
      "GroupPath": "Config/LevelOutput/Group/Groups_P81131_F81131001/LevelGroup_P81131_F81131001_G74.json"
    },
    {
      "ID": 75,
      "Name": "Rogue_StartRoom_Main",
      "GroupGUID": "af175614-7c45-4cbf-83f4-3b12697a3dce",
      "GroupPath": "Config/LevelOutput/Group/Groups_P81131_F81131001/LevelGroup_P81131_F81131001_G75.json"
    },
    {
      "ID": 76,
      "Name": "Rogue_StartRoom_Monster",
      "GroupGUID": "1f06a679-dc7f-47af-9d6c-06a194eaadfe",
      "GroupPath": "Config/LevelOutput/Group/Groups_P81131_F81131001/LevelGroup_P81131_F81131001_G76.json"
    },
    {
      "ID": 77,
      "Name": "Rogue_StartRoom_Monster_Patrol",
      "GroupGUID": "dd4b3824-769a-49df-ad38-04ca664f0626",
      "GroupPath": "Config/LevelOutput/Group/Groups_P81131_F81131001/LevelGroup_P81131_F81131001_G77.json"
    },
    {
      "ID": 78,
      "Name": "Rogue_NormalRoom",
      "GroupGUID": "cb691830-7a93-4c00-8d6e-9ab51d073ef6",
      "GroupPath": "Config/LevelOutput/Group/Groups_P81131_F81131001/LevelGroup_P81131_F81131001_G78.json"
    },
    {
      "ID": 79,
      "Name": "Rogue_NormalRoom",
      "GroupGUID": "05032697-64c0-482e-a59d-5e96d88e5eb7",
      "GroupPath": "Config/LevelOutput/Group/Groups_P81131_F81131001/LevelGroup_P81131_F81131001_G79.json"
    },
    {
      "ID": 80,
      "Name": "Rogue_NormalRoom_Monster",
      "GroupGUID": "2227fe08-14b7-4cff-a3cc-9bfd66436e14",
      "GroupPath": "Config/LevelOutput/Group/Groups_P81131_F81131001/LevelGroup_P81131_F81131001_G80.json"
    },
    {
      "ID": 81,
      "Name": "Rogue_NormalRoom",
      "GroupGUID": "ce78e911-c9e1-466d-a87d-789d964ca358",
      "GroupPath": "Config/LevelOutput/Group/Groups_P81131_F81131001/LevelGroup_P81131_F81131001_G81.json"
    },
    {
      "ID": 82,
      "Name": "Rogue_NormalRoom",
      "GroupGUID": "2a91c431-ac83-457f-9e6b-3cc3fed293f8",
      "GroupPath": "Config/LevelOutput/Group/Groups_P81131_F81131001/LevelGroup_P81131_F81131001_G82.json"
    },
    {
      "ID": 83,
      "Name": "Rogue_NormalRoom_Monster",
      "GroupGUID": "16c48457-d648-4586-801b-7ad1cee443c1",
      "GroupPath": "Config/LevelOutput/Group/Groups_P81131_F81131001/LevelGroup_P81131_F81131001_G83.json"
    },
    {
      "ID": 84,
      "Name": "Rogue_NormalRoom",
      "GroupGUID": "7017bff1-27de-4e50-b943-e528a30205af",
      "GroupPath": "Config/LevelOutput/Group/Groups_P81131_F81131001/LevelGroup_P81131_F81131001_G84.json"
    },
    {
      "ID": 85,
      "Name": "Rogue_EventRoom",
      "GroupGUID": "0e6d4f8d-84a2-44cb-bdde-cfa1683182d4",
      "GroupPath": "Config/LevelOutput/Group/Groups_P81131_F81131001/LevelGroup_P81131_F81131001_G85.json"
    },
    {
      "ID": 86,
      "Name": "Rogue_EventRoom",
      "GroupGUID": "6d41734b-61eb-4c15-b52f-2a59abdcaee4",
      "GroupPath": "Config/LevelOutput/Group/Groups_P81131_F81131001/LevelGroup_P81131_F81131001_G86.json"
    },
    {
      "ID": 87,
      "Name": "Rogue_EventRoom",
      "GroupGUID": "844441d7-fbf3-41fc-9ef0-5e8c6fc2475e",
      "GroupPath": "Config/LevelOutput/Group/Groups_P81131_F81131001/LevelGroup_P81131_F81131001_G87.json"
    },
    {
      "ID": 88,
      "Name": "Rogue_ChallengeRoom",
      "GroupGUID": "b842c0be-7bd0-4ffc-b61a-d2b15fcc1b5b",
      "GroupPath": "Config/LevelOutput/Group/Groups_P81131_F81131001/LevelGroup_P81131_F81131001_G88.json"
    },
    {
      "ID": 89,
      "Name": "Rogue_ChallengeRoom",
      "GroupGUID": "765a33dc-0407-4045-8900-7986a922c6c7",
      "GroupPath": "Config/LevelOutput/Group/Groups_P81131_F81131001/LevelGroup_P81131_F81131001_G89.json"
    },
    {
      "ID": 90,
      "Name": "Rogue_ChallengeRoom",
      "GroupGUID": "498f9746-9e7c-4850-aa78-afaabc08ddcf",
      "GroupPath": "Config/LevelOutput/Group/Groups_P81131_F81131001/LevelGroup_P81131_F81131001_G90.json"
    },
    {
      "ID": 91,
      "Name": "Rogue_EliteRoom",
      "GroupGUID": "1cd3f9e0-220a-4b9f-80cb-6de4dd0efd98",
      "GroupPath": "Config/LevelOutput/Group/Groups_P81131_F81131001/LevelGroup_P81131_F81131001_G91.json"
    },
    {
      "ID": 92,
      "Name": "Rogue_RestRoom",
      "GroupGUID": "fea4272d-03d3-4019-83ab-d19d81fc3e85",
      "GroupPath": "Config/LevelOutput/Group/Groups_P81131_F81131001/LevelGroup_P81131_F81131001_G92.json"
    },
    {
      "ID": 93,
      "Name": "Rogue_SpecialBuffAfterTalk_Prop",
      "GroupGUID": "3d8b5c29-8a8d-4750-ba0c-9cc95a7bdc87",
      "GroupPath": "Config/LevelOutput/Group/Groups_P81131_F81131001/LevelGroup_P81131_F81131001_G93.json"
    },
    {
      "ID": 94,
      "Name": "Rogue_BossRoom",
      "GroupGUID": "f96cbc4e-3739-4403-80f3-0f48624f9c04",
      "GroupPath": "Config/LevelOutput/Group/Groups_P81131_F81131001/LevelGroup_P81131_F81131001_G94.json"
    },
    {
      "ID": 97,
      "Name": "Rogue_StartRoom_Main",
      "GroupGUID": "85b96db5-98ad-45da-834d-8743f07da711",
      "GroupPath": "Config/LevelOutput/Group/Groups_P81131_F81131001/LevelGroup_P81131_F81131001_G97.json"
    },
    {
      "ID": 98,
      "Name": "Rogue_StartRoom_Monster",
      "GroupGUID": "0ae8a085-a710-4593-a2c4-6a0dc61fbd5a",
      "GroupPath": "Config/LevelOutput/Group/Groups_P81131_F81131001/LevelGroup_P81131_F81131001_G98.json"
    },
    {
      "ID": 99,
      "Name": "Rogue_StartRoom_Monster_Patrol",
      "GroupGUID": "9c4a130c-5171-4c76-b1df-a89bf22154fb",
      "GroupPath": "Config/LevelOutput/Group/Groups_P81131_F81131001/LevelGroup_P81131_F81131001_G99.json"
    },
    {
      "ID": 100,
      "Name": "Rogue_StartRoom_Main",
      "GroupGUID": "f40271ef-5753-4ad8-8339-e9bbcf020500",
      "GroupPath": "Config/LevelOutput/Group/Groups_P81131_F81131001/LevelGroup_P81131_F81131001_G100.json"
    }
  ]
}