{
  "FloorID": 81231001,
  "FloorName": "MazeText_Empty",
  "StartGroupID": 9,
  "StartAnchorID": 1,
  "GroupList": [
    {
      "ID": 9,
      "Name": "DefaultGroup",
      "GroupGUID": "fc93201b-fc61-4f9d-8ce5-f4c77fe5eaf9",
      "GroupPath": "Config/LevelOutput/Group/Groups_P81231_F81231001/LevelGroup_P81231_F81231001_G9.json"
    },
    {
      "ID": 10,
      "Name": "DefaultGroup",
      "GroupGUID": "330e192c-e051-444e-915d-91fca50263bd",
      "GroupPath": "Config/LevelOutput/Group/Groups_P81231_F81231001/LevelGroup_P81231_F81231001_G10.json"
    },
    {
      "ID": 11,
      "Name": "Default_Camera",
      "GroupGUID": "4368a3d6-1b6d-4c3f-87ae-a4abc4a14ca3",
      "GroupPath": "Config/LevelOutput/Group/Groups_P81231_F81231001/LevelGroup_P81231_F81231001_G11.json"
    },
    {
      "ID": 12,
      "Name": "Default_BoundaryCamera_Client",
      "GroupGUID": "97ffd599-d344-4ec2-acc1-999aa4f845ef",
      "GroupPath": "Config/LevelOutput/Group/Groups_P81231_F81231001/LevelGroup_P81231_F81231001_G12.json"
    },
    {
      "ID": 13,
      "Name": "Default_BoundaryCamera_Client",
      "GroupGUID": "d18aa7fe-5c54-4594-84a4-eb010ac82591",
      "GroupPath": "Config/LevelOutput/Group/Groups_P81231_F81231001/LevelGroup_P81231_F81231001_G13.json"
    },
    {
      "ID": 14,
      "Name": "Default_BoundaryCamera_Client",
      "GroupGUID": "a0120288-b706-46b0-85c2-1512ea52620f",
      "GroupPath": "Config/LevelOutput/Group/Groups_P81231_F81231001/LevelGroup_P81231_F81231001_G14.json"
    },
    {
      "ID": 15,
      "Name": "Default_BoundaryCamera_Client",
      "GroupGUID": "b80c0140-8e82-4373-9273-d101ee043c79",
      "GroupPath": "Config/LevelOutput/Group/Groups_P81231_F81231001/LevelGroup_P81231_F81231001_G15.json"
    },
    {
      "ID": 16,
      "Name": "Sound",
      "GroupGUID": "1e8d750f-3c63-4dc0-9cc2-a807708d55b3",
      "GroupPath": "Config/LevelOutput/Group/Groups_P81231_F81231001/LevelGroup_P81231_F81231001_G16.json"
    },
    {
      "ID": 23,
      "Name": "RogueOrigin_Area",
      "GroupGUID": "df8b5ad9-87fb-4230-961a-0256237c3293",
      "GroupPath": "Config/LevelOutput/Group/Groups_P81231_F81231001/LevelGroup_P81231_F81231001_G23.json"
    },
    {
      "ID": 24,
      "Name": "RogueOrigin_BaseBoss",
      "GroupGUID": "347356c4-d9dd-4eda-a8b8-8e4a3f45da3f",
      "GroupPath": "Config/LevelOutput/Group/Groups_P81231_F81231001/LevelGroup_P81231_F81231001_G24.json"
    },
    {
      "ID": 25,
      "Name": "RogueOrigin_Boss",
      "GroupGUID": "4a0ac677-e5c9-4c8b-894f-1fb61d6e61bb",
      "GroupPath": "Config/LevelOutput/Group/Groups_P81231_F81231001/LevelGroup_P81231_F81231001_G25.json"
    },
    {
      "ID": 20,
      "Name": "RogueOrigin_Area",
      "GroupGUID": "593895e8-f8d3-4478-93e9-a1707b95ad74",
      "GroupPath": "Config/LevelOutput/Group/Groups_P81231_F81231001/LevelGroup_P81231_F81231001_G20.json"
    },
    {
      "ID": 21,
      "Name": "RogueOrigin_BaseRest",
      "GroupGUID": "642a7991-0c79-4d62-8e26-34e6d4f5f2ba",
      "GroupPath": "Config/LevelOutput/Group/Groups_P81231_F81231001/LevelGroup_P81231_F81231001_G21.json"
    },
    {
      "ID": 22,
      "Name": "RogueOrigin_Rest",
      "GroupGUID": "7f37e9b4-f69f-4f5b-ab59-3e4a2ba2183d",
      "GroupPath": "Config/LevelOutput/Group/Groups_P81231_F81231001/LevelGroup_P81231_F81231001_G22.json"
    },
    {
      "ID": 26,
      "Name": "RogueOrigin_Area",
      "GroupGUID": "bd3784e0-1346-4ba2-a8bb-65d9589f51b6",
      "GroupPath": "Config/LevelOutput/Group/Groups_P81231_F81231001/LevelGroup_P81231_F81231001_G26.json"
    },
    {
      "ID": 27,
      "Name": "RogueOrigin_BaseCommon",
      "GroupGUID": "9c5e04d4-dc29-45c9-b35c-f30b93e035e9",
      "GroupPath": "Config/LevelOutput/Group/Groups_P81231_F81231001/LevelGroup_P81231_F81231001_G27.json"
    },
    {
      "ID": 28,
      "Name": "RogueOrigin_Event",
      "GroupGUID": "0cdc1799-0b15-421e-90f3-688af7bc19b1",
      "GroupPath": "Config/LevelOutput/Group/Groups_P81231_F81231001/LevelGroup_P81231_F81231001_G28.json"
    },
    {
      "ID": 32,
      "Name": "RogueOrigin_Area",
      "GroupGUID": "54e354b6-4dda-4647-b691-834e51e28264",
      "GroupPath": "Config/LevelOutput/Group/Groups_P81231_F81231001/LevelGroup_P81231_F81231001_G32.json"
    },
    {
      "ID": 33,
      "Name": "RogueOrigin_BaseCommon",
      "GroupGUID": "6b4eee8e-ac23-4414-838a-fb0c8746af46",
      "GroupPath": "Config/LevelOutput/Group/Groups_P81231_F81231001/LevelGroup_P81231_F81231001_G33.json"
    },
    {
      "ID": 34,
      "Name": "RogueOrigin_MainMonster",
      "GroupGUID": "cd350e36-a180-4d51-96f4-d3b1c53ec82f",
      "GroupPath": "Config/LevelOutput/Group/Groups_P81231_F81231001/LevelGroup_P81231_F81231001_G34.json"
    },
    {
      "ID": 35,
      "Name": "RogueOrigin_Area",
      "GroupGUID": "23fd89eb-37fb-4272-bcd8-b3aea89734d1",
      "GroupPath": "Config/LevelOutput/Group/Groups_P81231_F81231001/LevelGroup_P81231_F81231001_G35.json"
    },
    {
      "ID": 36,
      "Name": "RogueOrigin_BaseCommon",
      "GroupGUID": "8a9f800b-0c3f-44c9-b862-36d249f9eb6e",
      "GroupPath": "Config/LevelOutput/Group/Groups_P81231_F81231001/LevelGroup_P81231_F81231001_G36.json"
    },
    {
      "ID": 37,
      "Name": "RogueOrigin_Event",
      "GroupGUID": "4311d185-a552-4404-874a-40e3cc5fe302",
      "GroupPath": "Config/LevelOutput/Group/Groups_P81231_F81231001/LevelGroup_P81231_F81231001_G37.json"
    },
    {
      "ID": 68,
      "Name": "RogueOrigin_BaseCommon",
      "GroupGUID": "e08959a0-ba13-46cf-ac19-27df812ded81",
      "GroupPath": "Config/LevelOutput/Group/Groups_P81231_F81231001/LevelGroup_P81231_F81231001_G68.json"
    },
    {
      "ID": 69,
      "Name": "RogueOrigin_MainMonster",
      "GroupGUID": "48448f3c-f56a-48df-8158-08981a08e429",
      "GroupPath": "Config/LevelOutput/Group/Groups_P81231_F81231001/LevelGroup_P81231_F81231001_G69.json"
    },
    {
      "ID": 70,
      "Name": "RogueOrigin_SubMonster",
      "GroupGUID": "aeef759d-bd5c-4f0f-96e6-90784fb798f2",
      "GroupPath": "Config/LevelOutput/Group/Groups_P81231_F81231001/LevelGroup_P81231_F81231001_G70.json"
    },
    {
      "ID": 38,
      "Name": "RogueOrigin_Area",
      "GroupGUID": "cce1691b-e4d1-4b4a-b0ec-c8c8133b27bf",
      "GroupPath": "Config/LevelOutput/Group/Groups_P81231_F81231001/LevelGroup_P81231_F81231001_G38.json"
    },
    {
      "ID": 39,
      "Name": "RogueOrigin_BaseCommon",
      "GroupGUID": "cd54e906-44aa-4f7b-b0aa-9eba0cf52859",
      "GroupPath": "Config/LevelOutput/Group/Groups_P81231_F81231001/LevelGroup_P81231_F81231001_G39.json"
    },
    {
      "ID": 40,
      "Name": "RogueOrigin_MainMonster",
      "GroupGUID": "3f3e83be-1d74-4486-bd9e-ee8cdd1fb71b",
      "GroupPath": "Config/LevelOutput/Group/Groups_P81231_F81231001/LevelGroup_P81231_F81231001_G40.json"
    },
    {
      "ID": 41,
      "Name": "RogueOrigin_Area",
      "GroupGUID": "c8623c25-94f8-4664-83ed-09600cbedc2c",
      "GroupPath": "Config/LevelOutput/Group/Groups_P81231_F81231001/LevelGroup_P81231_F81231001_G41.json"
    },
    {
      "ID": 42,
      "Name": "RogueOrigin_BaseCommon",
      "GroupGUID": "bcaefaa2-d0ea-458a-9e65-77b5aa6a423b",
      "GroupPath": "Config/LevelOutput/Group/Groups_P81231_F81231001/LevelGroup_P81231_F81231001_G42.json"
    },
    {
      "ID": 43,
      "Name": "RogueOrigin_Event",
      "GroupGUID": "8cc90335-06c2-4b91-9e2c-28d5f92153cf",
      "GroupPath": "Config/LevelOutput/Group/Groups_P81231_F81231001/LevelGroup_P81231_F81231001_G43.json"
    },
    {
      "ID": 44,
      "Name": "RogueOrigin_Area",
      "GroupGUID": "9870cae2-de7e-43fe-bccb-2d9facb1935c",
      "GroupPath": "Config/LevelOutput/Group/Groups_P81231_F81231001/LevelGroup_P81231_F81231001_G44.json"
    },
    {
      "ID": 45,
      "Name": "RogueOrigin_BaseCommon",
      "GroupGUID": "2ee62390-b487-4f5a-b983-acaa530b6fae",
      "GroupPath": "Config/LevelOutput/Group/Groups_P81231_F81231001/LevelGroup_P81231_F81231001_G45.json"
    },
    {
      "ID": 46,
      "Name": "RogueOrigin_MainMonster",
      "GroupGUID": "ef2af0c5-933a-4e22-aef2-e645c14796f8",
      "GroupPath": "Config/LevelOutput/Group/Groups_P81231_F81231001/LevelGroup_P81231_F81231001_G46.json"
    },
    {
      "ID": 47,
      "Name": "RogueOrigin_SubMonster",
      "GroupGUID": "f9f383e1-eaa8-4b18-90f1-6d116179e599",
      "GroupPath": "Config/LevelOutput/Group/Groups_P81231_F81231001/LevelGroup_P81231_F81231001_G47.json"
    },
    {
      "ID": 48,
      "Name": "RogueOrigin_SubMonster",
      "GroupGUID": "e725bb72-ae9d-49bc-ae6d-2bef1f63f358",
      "GroupPath": "Config/LevelOutput/Group/Groups_P81231_F81231001/LevelGroup_P81231_F81231001_G48.json"
    },
    {
      "ID": 49,
      "Name": "RogueOrigin_Area",
      "GroupGUID": "f470d6d8-74c4-4645-8ffb-ade99b016c90",
      "GroupPath": "Config/LevelOutput/Group/Groups_P81231_F81231001/LevelGroup_P81231_F81231001_G49.json"
    },
    {
      "ID": 50,
      "Name": "RogueOrigin_BaseCommon",
      "GroupGUID": "a2f49996-20c8-49c1-b57f-6bf535a22be7",
      "GroupPath": "Config/LevelOutput/Group/Groups_P81231_F81231001/LevelGroup_P81231_F81231001_G50.json"
    },
    {
      "ID": 51,
      "Name": "RogueOrigin_MainMonster",
      "GroupGUID": "d37fee2e-19bf-4156-ae63-126781925bfe",
      "GroupPath": "Config/LevelOutput/Group/Groups_P81231_F81231001/LevelGroup_P81231_F81231001_G51.json"
    },
    {
      "ID": 52,
      "Name": "RogueOrigin_SubMonster",
      "GroupGUID": "815c1ae3-46a8-4df8-a0eb-66202d507222",
      "GroupPath": "Config/LevelOutput/Group/Groups_P81231_F81231001/LevelGroup_P81231_F81231001_G52.json"
    },
    {
      "ID": 53,
      "Name": "RogueOrigin_SubMonster",
      "GroupGUID": "a3059c09-46aa-42da-8140-50978f3288e6",
      "GroupPath": "Config/LevelOutput/Group/Groups_P81231_F81231001/LevelGroup_P81231_F81231001_G53.json"
    },
    {
      "ID": 54,
      "Name": "RogueOrigin_Area",
      "GroupGUID": "8cb065ac-536f-4082-9268-41cefa0b397f",
      "GroupPath": "Config/LevelOutput/Group/Groups_P81231_F81231001/LevelGroup_P81231_F81231001_G54.json"
    },
    {
      "ID": 55,
      "Name": "RogueOrigin_BaseCommon",
      "GroupGUID": "83339a8f-8bf0-42f3-9b2b-b22864a6a9a4",
      "GroupPath": "Config/LevelOutput/Group/Groups_P81231_F81231001/LevelGroup_P81231_F81231001_G55.json"
    },
    {
      "ID": 59,
      "Name": "RogueOrigin_Event",
      "GroupGUID": "4affa9c8-25c1-4066-9633-6f0733d6dfb4",
      "GroupPath": "Config/LevelOutput/Group/Groups_P81231_F81231001/LevelGroup_P81231_F81231001_G59.json"
    },
    {
      "ID": 56,
      "Name": "RogueOrigin_MainMonster",
      "GroupGUID": "4584e0f7-eeb0-4de7-a094-2de19edf1991",
      "GroupPath": "Config/LevelOutput/Group/Groups_P81231_F81231001/LevelGroup_P81231_F81231001_G56.json"
    },
    {
      "ID": 57,
      "Name": "RogueOrigin_SubMonster",
      "GroupGUID": "aadb6e28-a876-495c-98ac-f0bd8f03cd44",
      "GroupPath": "Config/LevelOutput/Group/Groups_P81231_F81231001/LevelGroup_P81231_F81231001_G57.json"
    },
    {
      "ID": 58,
      "Name": "RogueOrigin_SubMonster",
      "GroupGUID": "1d6f3dd7-9319-4608-aa31-3a72ee1ab2b1",
      "GroupPath": "Config/LevelOutput/Group/Groups_P81231_F81231001/LevelGroup_P81231_F81231001_G58.json"
    },
    {
      "ID": 61,
      "Name": "RogueOrigin_BaseCommon",
      "GroupGUID": "3961aefb-57e7-47f6-ac74-351d0dee9459",
      "GroupPath": "Config/LevelOutput/Group/Groups_P81231_F81231001/LevelGroup_P81231_F81231001_G61.json"
    },
    {
      "ID": 62,
      "Name": "RogueOrigin_MainMonster",
      "GroupGUID": "d77c4b96-cf7a-42b8-a988-56619d617d55",
      "GroupPath": "Config/LevelOutput/Group/Groups_P81231_F81231001/LevelGroup_P81231_F81231001_G62.json"
    },
    {
      "ID": 63,
      "Name": "RogueOrigin_SubMonster",
      "GroupGUID": "9448c2cf-e1b0-4fe6-921f-0e9c8d924034",
      "GroupPath": "Config/LevelOutput/Group/Groups_P81231_F81231001/LevelGroup_P81231_F81231001_G63.json"
    },
    {
      "ID": 64,
      "Name": "RogueOrigin_SubMonster",
      "GroupGUID": "a963ecb8-5148-4c79-a902-1f8620d01123",
      "GroupPath": "Config/LevelOutput/Group/Groups_P81231_F81231001/LevelGroup_P81231_F81231001_G64.json"
    }
  ]
}