{
  "FloorID": 81221001,
  "FloorName": "MazeText_Empty",
  "StartGroupID": 6,
  "StartAnchorID": 1,
  "GroupList": [
    {
      "ID": 6,
      "Name": "DefaultGroup",
      "GroupGUID": "54bbb7bc-370e-44a5-adf9-ceeb3b2f7f8d",
      "GroupPath": "Config/LevelOutput/Group/Groups_P81221_F81221001/LevelGroup_P81221_F81221001_G6.json"
    },
    {
      "ID": 7,
      "Name": "DefaultGroup",
      "GroupGUID": "97662a9b-c52c-481d-90e4-8f3471470030",
      "GroupPath": "Config/LevelOutput/Group/Groups_P81221_F81221001/LevelGroup_P81221_F81221001_G7.json"
    },
    {
      "ID": 8,
      "Name": "enviroProfile",
      "GroupGUID": "764eaf36-a4e0-4020-8ffd-0f47f4c84b4e",
      "GroupPath": "Config/LevelOutput/Group/Groups_P81221_F81221001/LevelGroup_P81221_F81221001_G8.json"
    },
    {
      "ID": 9,
      "Name": "Sound",
      "GroupGUID": "08968968-f8e3-40d8-a94b-803cf9b5ef18",
      "GroupPath": "Config/LevelOutput/Group/Groups_P81221_F81221001/LevelGroup_P81221_F81221001_G9.json"
    },
    {
      "ID": 10,
      "Name": "BATProp",
      "GroupGUID": "4a44a636-aff6-42db-8099-1947d5cb51e7",
      "GroupPath": "Config/LevelOutput/Group/Groups_P81221_F81221001/LevelGroup_P81221_F81221001_G10.json"
    },
    {
      "ID": 31,
      "Name": "RogueOrigin_Area",
      "GroupGUID": "83e22aec-51c5-4315-be52-ecc57b82a7de",
      "GroupPath": "Config/LevelOutput/Group/Groups_P81221_F81221001/LevelGroup_P81221_F81221001_G31.json"
    },
    {
      "ID": 32,
      "Name": "RogueOrigin_BaseElite",
      "GroupGUID": "095f00c5-9091-40d7-8112-604150739c69",
      "GroupPath": "Config/LevelOutput/Group/Groups_P81221_F81221001/LevelGroup_P81221_F81221001_G32.json"
    },
    {
      "ID": 33,
      "Name": "RogueOrigin_Elite",
      "GroupGUID": "dd1ec3d0-d149-43bc-a3d4-216af9217de6",
      "GroupPath": "Config/LevelOutput/Group/Groups_P81221_F81221001/LevelGroup_P81221_F81221001_G33.json"
    },
    {
      "ID": 34,
      "Name": "RogueOrigin_Area",
      "GroupGUID": "9dbda965-1cef-419b-b3b8-77415e3f5263",
      "GroupPath": "Config/LevelOutput/Group/Groups_P81221_F81221001/LevelGroup_P81221_F81221001_G34.json"
    },
    {
      "ID": 35,
      "Name": "RogueOrigin_BaseRest",
      "GroupGUID": "ae9752f7-81a2-49d2-adf0-ccf38a72bbdf",
      "GroupPath": "Config/LevelOutput/Group/Groups_P81221_F81221001/LevelGroup_P81221_F81221001_G35.json"
    },
    {
      "ID": 36,
      "Name": "RogueOrigin_Rest",
      "GroupGUID": "a5fff750-4742-44cf-a5c4-2fb005a01f52",
      "GroupPath": "Config/LevelOutput/Group/Groups_P81221_F81221001/LevelGroup_P81221_F81221001_G36.json"
    },
    {
      "ID": 17,
      "Name": "RogueOrigin_Area",
      "GroupGUID": "6cb62a7c-020a-4253-a679-03ad8fe81afa",
      "GroupPath": "Config/LevelOutput/Group/Groups_P81221_F81221001/LevelGroup_P81221_F81221001_G17.json"
    },
    {
      "ID": 18,
      "Name": "RogueOrigin_BaseCommon",
      "GroupGUID": "b846461e-7d52-479c-b288-35fe3f03231e",
      "GroupPath": "Config/LevelOutput/Group/Groups_P81221_F81221001/LevelGroup_P81221_F81221001_G18.json"
    },
    {
      "ID": 19,
      "Name": "RogueOrigin_Event",
      "GroupGUID": "c20630ab-2093-418d-940b-ee047c5ef6cd",
      "GroupPath": "Config/LevelOutput/Group/Groups_P81221_F81221001/LevelGroup_P81221_F81221001_G19.json"
    },
    {
      "ID": 20,
      "Name": "RogueOrigin_Area",
      "GroupGUID": "2ef09383-a3f9-42d7-90e4-f4633ec6c8d1",
      "GroupPath": "Config/LevelOutput/Group/Groups_P81221_F81221001/LevelGroup_P81221_F81221001_G20.json"
    },
    {
      "ID": 21,
      "Name": "RogueOrigin_BaseCommon",
      "GroupGUID": "c59aad1a-58db-4324-ac57-f23ddb573ca7",
      "GroupPath": "Config/LevelOutput/Group/Groups_P81221_F81221001/LevelGroup_P81221_F81221001_G21.json"
    },
    {
      "ID": 22,
      "Name": "RogueOrigin_MainMonster",
      "GroupGUID": "2df48c6e-d363-433b-b206-8e4cbdeae31a",
      "GroupPath": "Config/LevelOutput/Group/Groups_P81221_F81221001/LevelGroup_P81221_F81221001_G22.json"
    },
    {
      "ID": 74,
      "Name": "RogueOrigin_BaseCommon",
      "GroupGUID": "c3ca0bff-a31d-418a-ae3d-7d934b480964",
      "GroupPath": "Config/LevelOutput/Group/Groups_P81221_F81221001/LevelGroup_P81221_F81221001_G74.json"
    },
    {
      "ID": 75,
      "Name": "RogueOrigin_MainMonster",
      "GroupGUID": "ed78ab63-7365-4c80-b1e1-606c323da70a",
      "GroupPath": "Config/LevelOutput/Group/Groups_P81221_F81221001/LevelGroup_P81221_F81221001_G75.json"
    },
    {
      "ID": 76,
      "Name": "RogueOrigin_SubMonster",
      "GroupGUID": "6364f8fc-7817-40d5-be11-7b2b33c2be3f",
      "GroupPath": "Config/LevelOutput/Group/Groups_P81221_F81221001/LevelGroup_P81221_F81221001_G76.json"
    },
    {
      "ID": 23,
      "Name": "RogueOrigin_Area",
      "GroupGUID": "097f726d-3c8a-4b3f-9e76-f3d3fc36c7f2",
      "GroupPath": "Config/LevelOutput/Group/Groups_P81221_F81221001/LevelGroup_P81221_F81221001_G23.json"
    },
    {
      "ID": 24,
      "Name": "RogueOrigin_BaseCommon",
      "GroupGUID": "03a1d8e6-2edf-4ce0-a339-022bc98ea287",
      "GroupPath": "Config/LevelOutput/Group/Groups_P81221_F81221001/LevelGroup_P81221_F81221001_G24.json"
    },
    {
      "ID": 25,
      "Name": "RogueOrigin_Event",
      "GroupGUID": "b7d0c87d-2f11-4fcc-9055-1edf524c5e59",
      "GroupPath": "Config/LevelOutput/Group/Groups_P81221_F81221001/LevelGroup_P81221_F81221001_G25.json"
    },
    {
      "ID": 26,
      "Name": "RogueOrigin_BaseCommon",
      "GroupGUID": "0c89496a-3904-4680-b120-667e880a61cc",
      "GroupPath": "Config/LevelOutput/Group/Groups_P81221_F81221001/LevelGroup_P81221_F81221001_G26.json"
    },
    {
      "ID": 27,
      "Name": "RogueOrigin_MainMonster",
      "GroupGUID": "ac666503-f460-4f83-a6ed-4647566d3e56",
      "GroupPath": "Config/LevelOutput/Group/Groups_P81221_F81221001/LevelGroup_P81221_F81221001_G27.json"
    },
    {
      "ID": 51,
      "Name": "RogueOrigin_Area",
      "GroupGUID": "63c396e5-7db7-486e-ae44-fcc19fe12a71",
      "GroupPath": "Config/LevelOutput/Group/Groups_P81221_F81221001/LevelGroup_P81221_F81221001_G51.json"
    },
    {
      "ID": 52,
      "Name": "RogueOrigin_BaseCommon",
      "GroupGUID": "3cc5e4a0-77e4-4f94-af85-54cc3c4d042f",
      "GroupPath": "Config/LevelOutput/Group/Groups_P81221_F81221001/LevelGroup_P81221_F81221001_G52.json"
    },
    {
      "ID": 53,
      "Name": "RogueOrigin_MainMonster",
      "GroupGUID": "62b3a7dd-e0b6-47e6-87e6-f0d3eec7e524",
      "GroupPath": "Config/LevelOutput/Group/Groups_P81221_F81221001/LevelGroup_P81221_F81221001_G53.json"
    },
    {
      "ID": 54,
      "Name": "RogueOrigin_SubMonster",
      "GroupGUID": "f8817318-10d3-43ad-abaf-e9a757211acf",
      "GroupPath": "Config/LevelOutput/Group/Groups_P81221_F81221001/LevelGroup_P81221_F81221001_G54.json"
    },
    {
      "ID": 55,
      "Name": "RogueOrigin_SubMonster",
      "GroupGUID": "e4651f37-8767-4fdf-b443-139f2fab48ca",
      "GroupPath": "Config/LevelOutput/Group/Groups_P81221_F81221001/LevelGroup_P81221_F81221001_G55.json"
    },
    {
      "ID": 56,
      "Name": "RogueOrigin_Area",
      "GroupGUID": "60d67fb1-f963-4407-ba37-ff49e6f06883",
      "GroupPath": "Config/LevelOutput/Group/Groups_P81221_F81221001/LevelGroup_P81221_F81221001_G56.json"
    },
    {
      "ID": 57,
      "Name": "RogueOrigin_BaseCommon",
      "GroupGUID": "91526329-6ad6-425e-8dc2-bd2c7ebfbbd5",
      "GroupPath": "Config/LevelOutput/Group/Groups_P81221_F81221001/LevelGroup_P81221_F81221001_G57.json"
    },
    {
      "ID": 58,
      "Name": "RogueOrigin_MainMonster",
      "GroupGUID": "f0f99725-9b8a-4c6a-9208-d302e9e63a15",
      "GroupPath": "Config/LevelOutput/Group/Groups_P81221_F81221001/LevelGroup_P81221_F81221001_G58.json"
    },
    {
      "ID": 59,
      "Name": "RogueOrigin_SubMonster",
      "GroupGUID": "9c811256-f2b5-49b4-ae08-eaa75d0aea3c",
      "GroupPath": "Config/LevelOutput/Group/Groups_P81221_F81221001/LevelGroup_P81221_F81221001_G59.json"
    },
    {
      "ID": 60,
      "Name": "RogueOrigin_SubMonster",
      "GroupGUID": "86d4e70d-0726-4a9c-ba82-33c9ce680c9d",
      "GroupPath": "Config/LevelOutput/Group/Groups_P81221_F81221001/LevelGroup_P81221_F81221001_G60.json"
    },
    {
      "ID": 61,
      "Name": "RogueOrigin_BaseCommon",
      "GroupGUID": "2bfebc56-8777-434d-aa53-462cce2320eb",
      "GroupPath": "Config/LevelOutput/Group/Groups_P81221_F81221001/LevelGroup_P81221_F81221001_G61.json"
    },
    {
      "ID": 62,
      "Name": "RogueOrigin_Event",
      "GroupGUID": "28742678-1a91-46a1-9edf-e4928656fca5",
      "GroupPath": "Config/LevelOutput/Group/Groups_P81221_F81221001/LevelGroup_P81221_F81221001_G62.json"
    },
    {
      "ID": 63,
      "Name": "RogueOrigin_MainMonster",
      "GroupGUID": "5d09ccb7-2e08-4485-916e-8fb6d03f0728",
      "GroupPath": "Config/LevelOutput/Group/Groups_P81221_F81221001/LevelGroup_P81221_F81221001_G63.json"
    },
    {
      "ID": 64,
      "Name": "RogueOrigin_SubMonster",
      "GroupGUID": "fe91cc79-f315-4621-bd09-d15a37e21a33",
      "GroupPath": "Config/LevelOutput/Group/Groups_P81221_F81221001/LevelGroup_P81221_F81221001_G64.json"
    },
    {
      "ID": 65,
      "Name": "RogueOrigin_SubMonster",
      "GroupGUID": "119a218b-c796-4c82-ba57-23d7de08dfc6",
      "GroupPath": "Config/LevelOutput/Group/Groups_P81221_F81221001/LevelGroup_P81221_F81221001_G65.json"
    },
    {
      "ID": 66,
      "Name": "RogueOrigin_Area",
      "GroupGUID": "7936da43-7c50-4319-90d6-673303956f22",
      "GroupPath": "Config/LevelOutput/Group/Groups_P81221_F81221001/LevelGroup_P81221_F81221001_G66.json"
    },
    {
      "ID": 67,
      "Name": "RogueOrigin_BaseCommon",
      "GroupGUID": "17d84279-3242-44ca-a100-b876ef78340d",
      "GroupPath": "Config/LevelOutput/Group/Groups_P81221_F81221001/LevelGroup_P81221_F81221001_G67.json"
    },
    {
      "ID": 68,
      "Name": "RogueOrigin_MainMonster",
      "GroupGUID": "9a1ad386-a7ef-4b04-81d4-1d6778db2e50",
      "GroupPath": "Config/LevelOutput/Group/Groups_P81221_F81221001/LevelGroup_P81221_F81221001_G68.json"
    },
    {
      "ID": 69,
      "Name": "RogueOrigin_SubMonster",
      "GroupGUID": "e474553f-166e-417b-a5bc-e9e71995e401",
      "GroupPath": "Config/LevelOutput/Group/Groups_P81221_F81221001/LevelGroup_P81221_F81221001_G69.json"
    },
    {
      "ID": 70,
      "Name": "RogueOrigin_SubMonster",
      "GroupGUID": "ef2978a0-3256-4c90-b13f-0a403a227f35",
      "GroupPath": "Config/LevelOutput/Group/Groups_P81221_F81221001/LevelGroup_P81221_F81221001_G70.json"
    },
    {
      "ID": 71,
      "Name": "RogueOrigin_Area",
      "GroupGUID": "52320486-42b1-4fae-815a-bc6e02aa80c4",
      "GroupPath": "Config/LevelOutput/Group/Groups_P81221_F81221001/LevelGroup_P81221_F81221001_G71.json"
    },
    {
      "ID": 72,
      "Name": "RogueOrigin_BaseCommon",
      "GroupGUID": "0600e732-13c5-42ab-b127-68cb39148fdd",
      "GroupPath": "Config/LevelOutput/Group/Groups_P81221_F81221001/LevelGroup_P81221_F81221001_G72.json"
    },
    {
      "ID": 73,
      "Name": "RogueOrigin_Event",
      "GroupGUID": "f41e30d4-358c-4ced-b2e4-349546be35bd",
      "GroupPath": "Config/LevelOutput/Group/Groups_P81221_F81221001/LevelGroup_P81221_F81221001_G73.json"
    }
  ]
}