{
  "FloorID": 81232001,
  "FloorName": "FloorName_81232001",
  "StartGroupID": 1,
  "StartAnchorID": 1,
  "GroupList": [
    {
      "ID": 1,
      "Name": "DefaultGroup",
      "GroupGUID": "c8185a25-442b-4a2b-8b86-443c9a2e42a1",
      "GroupPath": "Config/LevelOutput/Group/Groups_P81232_F81232001/LevelGroup_P81232_F81232001_G1.json"
    },
    {
      "ID": 2,
      "Name": "Default",
      "GroupGUID": "1a96ce35-b36f-431d-bc91-777314a923c8",
      "GroupPath": "Config/LevelOutput/Group/Groups_P81232_F81232001/LevelGroup_P81232_F81232001_G2.json"
    },
    {
      "ID": 3,
      "Name": "Sound",
      "GroupGUID": "11d4aa05-175e-4197-b612-9d255abc5da7",
      "GroupPath": "Config/LevelOutput/Group/Groups_P81232_F81232001/LevelGroup_P81232_F81232001_G3.json"
    },
    {
      "ID": 4,
      "Name": "RogueArea",
      "GroupGUID": "d29fd617-9390-40ad-b1fd-b29ed73c83a6",
      "GroupPath": "Config/LevelOutput/Group/Groups_P81232_F81232001/LevelGroup_P81232_F81232001_G4.json"
    },
    {
      "ID": 5,
      "Name": "RogueBase_Single",
      "GroupGUID": "3a8dde4d-6122-4c49-9067-495efc35f536",
      "GroupPath": "Config/LevelOutput/Group/Groups_P81232_F81232001/LevelGroup_P81232_F81232001_G5.json"
    },
    {
      "ID": 6,
      "Name": "RogueRoom_Elite",
      "GroupGUID": "79bf50ee-7df5-438a-a175-8218830865fc",
      "GroupPath": "Config/LevelOutput/Group/Groups_P81232_F81232001/LevelGroup_P81232_F81232001_G6.json"
    },
    {
      "ID": 7,
      "Name": "RogueArea",
      "GroupGUID": "75f62bfc-bdda-4fb9-8146-3c7ddb1fea77",
      "GroupPath": "Config/LevelOutput/Group/Groups_P81232_F81232001/LevelGroup_P81232_F81232001_G7.json"
    },
    {
      "ID": 8,
      "Name": "RogueBase_Common",
      "GroupGUID": "4ef1917c-d192-4bcd-b3ee-c823509a33a2",
      "GroupPath": "Config/LevelOutput/Group/Groups_P81232_F81232001/LevelGroup_P81232_F81232001_G8.json"
    },
    {
      "ID": 9,
      "Name": "RogueRoom_MainMonster",
      "GroupGUID": "9e0a588b-b6b0-4886-8db1-a0daa2d93607",
      "GroupPath": "Config/LevelOutput/Group/Groups_P81232_F81232001/LevelGroup_P81232_F81232001_G9.json"
    },
    {
      "ID": 10,
      "Name": "RogueRoom_SubMonster",
      "GroupGUID": "01637a42-f480-47c6-8e65-b5a6cd5c486d",
      "GroupPath": "Config/LevelOutput/Group/Groups_P81232_F81232001/LevelGroup_P81232_F81232001_G10.json"
    },
    {
      "ID": 11,
      "Name": "RogueRoom_SubMonster",
      "GroupGUID": "4f3e3ef0-4f06-4343-8b5c-ad50ee5e4169",
      "GroupPath": "Config/LevelOutput/Group/Groups_P81232_F81232001/LevelGroup_P81232_F81232001_G11.json"
    },
    {
      "ID": 12,
      "Name": "RogueArea",
      "GroupGUID": "6d318edf-6183-470c-9d75-3d3232140f3d",
      "GroupPath": "Config/LevelOutput/Group/Groups_P81232_F81232001/LevelGroup_P81232_F81232001_G12.json"
    },
    {
      "ID": 13,
      "Name": "RogueBase_Common",
      "GroupGUID": "516dddfb-c50d-4b62-8619-5a9bce8445b2",
      "GroupPath": "Config/LevelOutput/Group/Groups_P81232_F81232001/LevelGroup_P81232_F81232001_G13.json"
    },
    {
      "ID": 14,
      "Name": "RogueRoom_MainMonster",
      "GroupGUID": "4302827a-2c71-4bac-8151-d52764556f68",
      "GroupPath": "Config/LevelOutput/Group/Groups_P81232_F81232001/LevelGroup_P81232_F81232001_G14.json"
    },
    {
      "ID": 15,
      "Name": "RogueArea",
      "GroupGUID": "9ae37592-ca33-42e5-a007-7e2ccb689bc9",
      "GroupPath": "Config/LevelOutput/Group/Groups_P81232_F81232001/LevelGroup_P81232_F81232001_G15.json"
    },
    {
      "ID": 16,
      "Name": "RogueBase_Common",
      "GroupGUID": "f41ac694-e938-4f0d-a4b9-ca2ed6e83db8",
      "GroupPath": "Config/LevelOutput/Group/Groups_P81232_F81232001/LevelGroup_P81232_F81232001_G16.json"
    },
    {
      "ID": 17,
      "Name": "RogueRoom_Event",
      "GroupGUID": "7776f186-b50c-48fa-b8ae-f37c110b90d9",
      "GroupPath": "Config/LevelOutput/Group/Groups_P81232_F81232001/LevelGroup_P81232_F81232001_G17.json"
    },
    {
      "ID": 22,
      "Name": "RogueBase_Common",
      "GroupGUID": "9437603d-e34b-4a82-bd37-864198d3f0d5",
      "GroupPath": "Config/LevelOutput/Group/Groups_P81232_F81232001/LevelGroup_P81232_F81232001_G22.json"
    },
    {
      "ID": 20,
      "Name": "RogueRoom_MainMonster",
      "GroupGUID": "8f1e85f3-c4d4-484c-8352-33315f58e56c",
      "GroupPath": "Config/LevelOutput/Group/Groups_P81232_F81232001/LevelGroup_P81232_F81232001_G20.json"
    },
    {
      "ID": 21,
      "Name": "RogueRoom_SubMonster",
      "GroupGUID": "507ea988-d10a-4f02-8a3d-07492c20aa8b",
      "GroupPath": "Config/LevelOutput/Group/Groups_P81232_F81232001/LevelGroup_P81232_F81232001_G21.json"
    },
    {
      "ID": 23,
      "Name": "RogueArea",
      "GroupGUID": "dd5b00e7-172a-4007-b435-7564a638a166",
      "GroupPath": "Config/LevelOutput/Group/Groups_P81232_F81232001/LevelGroup_P81232_F81232001_G23.json"
    },
    {
      "ID": 24,
      "Name": "RogueBase_Common",
      "GroupGUID": "d3404983-2751-414c-a8b9-d5bd985c8002",
      "GroupPath": "Config/LevelOutput/Group/Groups_P81232_F81232001/LevelGroup_P81232_F81232001_G24.json"
    },
    {
      "ID": 25,
      "Name": "RogueRoom_MainMonster",
      "GroupGUID": "16df805a-9c06-4a12-ae84-315699ecce70",
      "GroupPath": "Config/LevelOutput/Group/Groups_P81232_F81232001/LevelGroup_P81232_F81232001_G25.json"
    },
    {
      "ID": 26,
      "Name": "RogueArea",
      "GroupGUID": "8204abc3-ca85-455e-bf1c-f9e4fec0684c",
      "GroupPath": "Config/LevelOutput/Group/Groups_P81232_F81232001/LevelGroup_P81232_F81232001_G26.json"
    },
    {
      "ID": 27,
      "Name": "RogueBase_Common",
      "GroupGUID": "7fdb75e9-04bb-4f89-a5a0-5dacf3dffeb1",
      "GroupPath": "Config/LevelOutput/Group/Groups_P81232_F81232001/LevelGroup_P81232_F81232001_G27.json"
    },
    {
      "ID": 28,
      "Name": "RogueRoom_Event",
      "GroupGUID": "5b6cee34-f0cb-4329-9c7b-623feb10acee",
      "GroupPath": "Config/LevelOutput/Group/Groups_P81232_F81232001/LevelGroup_P81232_F81232001_G28.json"
    },
    {
      "ID": 29,
      "Name": "RogueArea",
      "GroupGUID": "b1053d1f-4733-41f7-a82c-0f704c1cd687",
      "GroupPath": "Config/LevelOutput/Group/Groups_P81232_F81232001/LevelGroup_P81232_F81232001_G29.json"
    },
    {
      "ID": 30,
      "Name": "RogueBase_Common",
      "GroupGUID": "f2280ac3-22f0-43a8-9ee9-537a017a4989",
      "GroupPath": "Config/LevelOutput/Group/Groups_P81232_F81232001/LevelGroup_P81232_F81232001_G30.json"
    },
    {
      "ID": 31,
      "Name": "RogueRoom_Event",
      "GroupGUID": "2c2d0dbd-5ab0-4ccc-9757-996e39e12bb4",
      "GroupPath": "Config/LevelOutput/Group/Groups_P81232_F81232001/LevelGroup_P81232_F81232001_G31.json"
    },
    {
      "ID": 32,
      "Name": "RogueArea",
      "GroupGUID": "ceb16fb0-27f6-406e-bd73-1b30d7e4d986",
      "GroupPath": "Config/LevelOutput/Group/Groups_P81232_F81232001/LevelGroup_P81232_F81232001_G32.json"
    },
    {
      "ID": 33,
      "Name": "RogueBase_Common",
      "GroupGUID": "ee35b93c-cbf6-4920-888b-ee582667bbf3",
      "GroupPath": "Config/LevelOutput/Group/Groups_P81232_F81232001/LevelGroup_P81232_F81232001_G33.json"
    },
    {
      "ID": 34,
      "Name": "RogueRoom_MainMonster",
      "GroupGUID": "9a65466f-d0f9-43e7-9485-3b6772aa258a",
      "GroupPath": "Config/LevelOutput/Group/Groups_P81232_F81232001/LevelGroup_P81232_F81232001_G34.json"
    },
    {
      "ID": 35,
      "Name": "RogueRoom_SubMonster",
      "GroupGUID": "b4bf3218-b08c-4517-978f-4ad5d65b2c0a",
      "GroupPath": "Config/LevelOutput/Group/Groups_P81232_F81232001/LevelGroup_P81232_F81232001_G35.json"
    },
    {
      "ID": 36,
      "Name": "RogueRoom_SubMonster",
      "GroupGUID": "45749041-6048-4401-9ced-28581c93cdf0",
      "GroupPath": "Config/LevelOutput/Group/Groups_P81232_F81232001/LevelGroup_P81232_F81232001_G36.json"
    },
    {
      "ID": 37,
      "Name": "RogueArea",
      "GroupGUID": "899a9cc0-2272-4950-bd16-6103e4411f4a",
      "GroupPath": "Config/LevelOutput/Group/Groups_P81232_F81232001/LevelGroup_P81232_F81232001_G37.json"
    },
    {
      "ID": 38,
      "Name": "RogueBase_Common",
      "GroupGUID": "f4cc25e0-9971-4fb4-adcb-07961353af1b",
      "GroupPath": "Config/LevelOutput/Group/Groups_P81232_F81232001/LevelGroup_P81232_F81232001_G38.json"
    },
    {
      "ID": 39,
      "Name": "RogueRoom_MainMonster",
      "GroupGUID": "8f02a3cc-e6e6-42f9-b537-664f50da8e60",
      "GroupPath": "Config/LevelOutput/Group/Groups_P81232_F81232001/LevelGroup_P81232_F81232001_G39.json"
    },
    {
      "ID": 40,
      "Name": "RogueRoom_SubMonster",
      "GroupGUID": "f2776e9c-0842-4eb4-9d7c-ccaf3cfe1a8a",
      "GroupPath": "Config/LevelOutput/Group/Groups_P81232_F81232001/LevelGroup_P81232_F81232001_G40.json"
    },
    {
      "ID": 41,
      "Name": "RogueRoom_SubMonster",
      "GroupGUID": "e0d84d59-e1b3-4344-bed9-8502275b9611",
      "GroupPath": "Config/LevelOutput/Group/Groups_P81232_F81232001/LevelGroup_P81232_F81232001_G41.json"
    },
    {
      "ID": 42,
      "Name": "RogueRoom_MainMonster",
      "GroupGUID": "629310fb-f1b5-46b9-9199-8d8da70a76cd",
      "GroupPath": "Config/LevelOutput/Group/Groups_P81232_F81232001/LevelGroup_P81232_F81232001_G42.json"
    },
    {
      "ID": 43,
      "Name": "RogueRoom_SubMonster",
      "GroupGUID": "211ee58a-56a7-465e-a4b6-e354a6e71731",
      "GroupPath": "Config/LevelOutput/Group/Groups_P81232_F81232001/LevelGroup_P81232_F81232001_G43.json"
    },
    {
      "ID": 44,
      "Name": "RogueRoom_SubMonster",
      "GroupGUID": "67694340-27d6-47e4-bcde-ae25546f03bf",
      "GroupPath": "Config/LevelOutput/Group/Groups_P81232_F81232001/LevelGroup_P81232_F81232001_G44.json"
    },
    {
      "ID": 45,
      "Name": "RogueRoom_Event",
      "GroupGUID": "9280ac66-4c0e-4f20-8279-e6504734296a",
      "GroupPath": "Config/LevelOutput/Group/Groups_P81232_F81232001/LevelGroup_P81232_F81232001_G45.json"
    },
    {
      "ID": 46,
      "Name": "RogueArea",
      "GroupGUID": "1f767da7-b237-4f9a-8509-10ee2249b486",
      "GroupPath": "Config/LevelOutput/Group/Groups_P81232_F81232001/LevelGroup_P81232_F81232001_G46.json"
    },
    {
      "ID": 47,
      "Name": "RogueBase_Common",
      "GroupGUID": "a79f0133-790a-4a72-8000-839913217652",
      "GroupPath": "Config/LevelOutput/Group/Groups_P81232_F81232001/LevelGroup_P81232_F81232001_G47.json"
    },
    {
      "ID": 48,
      "Name": "RogueRoom_MainMonster",
      "GroupGUID": "f66b28ab-e2cd-43de-b50e-d16f70426302",
      "GroupPath": "Config/LevelOutput/Group/Groups_P81232_F81232001/LevelGroup_P81232_F81232001_G48.json"
    },
    {
      "ID": 49,
      "Name": "RogueRoom_SubMonster",
      "GroupGUID": "624a0354-f3ba-4762-8a1f-244b503901d7",
      "GroupPath": "Config/LevelOutput/Group/Groups_P81232_F81232001/LevelGroup_P81232_F81232001_G49.json"
    },
    {
      "ID": 50,
      "Name": "RogueRoom_SubMonster",
      "GroupGUID": "61b17008-2a16-42a0-904b-2618190d683f",
      "GroupPath": "Config/LevelOutput/Group/Groups_P81232_F81232001/LevelGroup_P81232_F81232001_G50.json"
    },
    {
      "ID": 52,
      "Name": "RogueArea",
      "GroupGUID": "8f144b55-b593-46e2-8114-7f4b3bca25b9",
      "GroupPath": "Config/LevelOutput/Group/Groups_P81232_F81232001/LevelGroup_P81232_F81232001_G52.json"
    },
    {
      "ID": 18,
      "Name": "RogueBase_Single",
      "GroupGUID": "f88ff63c-1ed8-4ac7-84a4-a8e8e772f290",
      "GroupPath": "Config/LevelOutput/Group/Groups_P81232_F81232001/LevelGroup_P81232_F81232001_G18.json"
    },
    {
      "ID": 19,
      "Name": "Rogue_RestRoom",
      "GroupGUID": "28b583cb-b60b-4c5d-9700-aef306c750ee",
      "GroupPath": "Config/LevelOutput/Group/Groups_P81232_F81232001/LevelGroup_P81232_F81232001_G19.json"
    }
  ]
}