{
  "FloorID": 81211001,
  "FloorName": "FloorName_81211001",
  "StartGroupID": 1,
  "StartAnchorID": 1,
  "GroupList": [
    {
      "ID": 1,
      "Name": "DefaultGroup",
      "GroupGUID": "f512bb58-df0c-4f52-9070-035a21a7611e",
      "GroupPath": "Config/LevelOutput/Group/Groups_P81211_F81211001/LevelGroup_P81211_F81211001_G1.json"
    },
    {
      "ID": 3,
      "Name": "Rogue_SpecialBuffAfterTalk_Prop",
      "GroupGUID": "594b3d45-4d49-4b7f-833d-965904deb0e4",
      "GroupPath": "Config/LevelOutput/Group/Groups_P81211_F81211001/LevelGroup_P81211_F81211001_G3.json"
    },
    {
      "ID": 4,
      "Name": "Default_Props_Door",
      "GroupGUID": "035f21a5-3280-45ba-ad46-d95853c823ea",
      "GroupPath": "Config/LevelOutput/Group/Groups_P81211_F81211001/LevelGroup_P81211_F81211001_G4.json"
    },
    {
      "ID": 5,
      "Name": "Rogue_BossRoom",
      "GroupGUID": "5946df2f-5d8d-4cbc-b744-ba4077599c53",
      "GroupPath": "Config/LevelOutput/Group/Groups_P81211_F81211001/LevelGroup_P81211_F81211001_G5.json"
    },
    {
      "ID": 6,
      "Name": "Rogue_RestRoom",
      "GroupGUID": "602d8418-4c63-4672-a798-c62df3e158c9",
      "GroupPath": "Config/LevelOutput/Group/Groups_P81211_F81211001/LevelGroup_P81211_F81211001_G6.json"
    },
    {
      "ID": 7,
      "Name": "Rogue_EliteRoom",
      "GroupGUID": "68af1827-f482-4d6a-81eb-e3f70340ba66",
      "GroupPath": "Config/LevelOutput/Group/Groups_P81211_F81211001/LevelGroup_P81211_F81211001_G7.json"
    },
    {
      "ID": 8,
      "Name": "Rogue_ChallengeRoom",
      "GroupGUID": "491812d8-7d19-4992-bffc-a4ab1d7155d5",
      "GroupPath": "Config/LevelOutput/Group/Groups_P81211_F81211001/LevelGroup_P81211_F81211001_G8.json"
    },
    {
      "ID": 9,
      "Name": "Rogue_ChallengeRoom",
      "GroupGUID": "e3259623-af53-461f-b6bb-1c7f73ee08da",
      "GroupPath": "Config/LevelOutput/Group/Groups_P81211_F81211001/LevelGroup_P81211_F81211001_G9.json"
    },
    {
      "ID": 10,
      "Name": "Rogue_ChallengeRoom",
      "GroupGUID": "7f78d413-8f56-42ba-8766-1b9e0d100c0f",
      "GroupPath": "Config/LevelOutput/Group/Groups_P81211_F81211001/LevelGroup_P81211_F81211001_G10.json"
    },
    {
      "ID": 11,
      "Name": "Rogue_EventRoom",
      "GroupGUID": "1796bd64-ad9f-4e53-9c75-8f8ef9b22512",
      "GroupPath": "Config/LevelOutput/Group/Groups_P81211_F81211001/LevelGroup_P81211_F81211001_G11.json"
    },
    {
      "ID": 12,
      "Name": "Rogue_EventRoom",
      "GroupGUID": "3a396c22-9638-428e-a837-6d5f900d87d0",
      "GroupPath": "Config/LevelOutput/Group/Groups_P81211_F81211001/LevelGroup_P81211_F81211001_G12.json"
    },
    {
      "ID": 13,
      "Name": "Rogue_EventRoom",
      "GroupGUID": "fd922819-751b-4b53-b984-4d10b66220a1",
      "GroupPath": "Config/LevelOutput/Group/Groups_P81211_F81211001/LevelGroup_P81211_F81211001_G13.json"
    },
    {
      "ID": 14,
      "Name": "Rogue_NormalRoom",
      "GroupGUID": "4b84c37d-5f00-4454-b932-79b04cfca6b4",
      "GroupPath": "Config/LevelOutput/Group/Groups_P81211_F81211001/LevelGroup_P81211_F81211001_G14.json"
    },
    {
      "ID": 15,
      "Name": "Rogue_NormalRoom",
      "GroupGUID": "5b513ece-9fc6-4388-91a0-48864f92dfb3",
      "GroupPath": "Config/LevelOutput/Group/Groups_P81211_F81211001/LevelGroup_P81211_F81211001_G15.json"
    },
    {
      "ID": 16,
      "Name": "Rogue_NormalRoom",
      "GroupGUID": "428a2bbc-165c-460f-8c3b-1952664782c9",
      "GroupPath": "Config/LevelOutput/Group/Groups_P81211_F81211001/LevelGroup_P81211_F81211001_G16.json"
    },
    {
      "ID": 17,
      "Name": "Rogue_NormalRoom",
      "GroupGUID": "63b04b5f-c32f-487e-bbe8-6b49896ad29a",
      "GroupPath": "Config/LevelOutput/Group/Groups_P81211_F81211001/LevelGroup_P81211_F81211001_G17.json"
    },
    {
      "ID": 18,
      "Name": "Rogue_NormalRoom_Monster",
      "GroupGUID": "976468fc-7174-46bc-8210-a2f577a42d9e",
      "GroupPath": "Config/LevelOutput/Group/Groups_P81211_F81211001/LevelGroup_P81211_F81211001_G18.json"
    },
    {
      "ID": 19,
      "Name": "Rogue_NormalRoom",
      "GroupGUID": "a5f3d854-7da0-4b56-8f25-e75a04c5df6d",
      "GroupPath": "Config/LevelOutput/Group/Groups_P81211_F81211001/LevelGroup_P81211_F81211001_G19.json"
    },
    {
      "ID": 20,
      "Name": "Rogue_NormalRoom_Monster",
      "GroupGUID": "740690a1-19f7-4522-ac1e-01ed45bfcc41",
      "GroupPath": "Config/LevelOutput/Group/Groups_P81211_F81211001/LevelGroup_P81211_F81211001_G20.json"
    },
    {
      "ID": 21,
      "Name": "Rogue_StartRoom_Main",
      "GroupGUID": "2bcb1dad-be55-4837-ac22-8293b22c3d8f",
      "GroupPath": "Config/LevelOutput/Group/Groups_P81211_F81211001/LevelGroup_P81211_F81211001_G21.json"
    },
    {
      "ID": 22,
      "Name": "Rogue_StartRoom_Monster",
      "GroupGUID": "33003c7f-851b-4617-848a-9e5ec5e2cd48",
      "GroupPath": "Config/LevelOutput/Group/Groups_P81211_F81211001/LevelGroup_P81211_F81211001_G22.json"
    },
    {
      "ID": 23,
      "Name": "Rogue_StartRoom_Monster_Patrol",
      "GroupGUID": "257146bd-58b5-40a5-be4d-38b3ee948cd0",
      "GroupPath": "Config/LevelOutput/Group/Groups_P81211_F81211001/LevelGroup_P81211_F81211001_G23.json"
    },
    {
      "ID": 24,
      "Name": "Rogue_StartRoom_Main",
      "GroupGUID": "1e7156e8-30d7-4558-a058-1b3e90f452f9",
      "GroupPath": "Config/LevelOutput/Group/Groups_P81211_F81211001/LevelGroup_P81211_F81211001_G24.json"
    },
    {
      "ID": 26,
      "Name": "Rogue_StartRoom_Monster_Patrol",
      "GroupGUID": "ea24ef19-0078-4c5c-95ff-a523c516c77d",
      "GroupPath": "Config/LevelOutput/Group/Groups_P81211_F81211001/LevelGroup_P81211_F81211001_G26.json"
    },
    {
      "ID": 27,
      "Name": "Rogue_StartRoom_Monster_Patrol",
      "GroupGUID": "b2b6be73-eab3-4587-b7b5-f7a6625e6716",
      "GroupPath": "Config/LevelOutput/Group/Groups_P81211_F81211001/LevelGroup_P81211_F81211001_G27.json"
    },
    {
      "ID": 28,
      "Name": "Rogue_StartRoom_Main",
      "GroupGUID": "6b88d128-80bd-418e-8e2b-2f495f23fb3d",
      "GroupPath": "Config/LevelOutput/Group/Groups_P81211_F81211001/LevelGroup_P81211_F81211001_G28.json"
    },
    {
      "ID": 29,
      "Name": "Rogue_StartRoom_Monster",
      "GroupGUID": "69f1910a-b7d5-4437-9f47-3e2a6385c596",
      "GroupPath": "Config/LevelOutput/Group/Groups_P81211_F81211001/LevelGroup_P81211_F81211001_G29.json"
    },
    {
      "ID": 30,
      "Name": "Rogue_StartRoom_Monster_Patrol",
      "GroupGUID": "d29ecff8-dd5a-41ef-bc10-b7fc25d0b5b7",
      "GroupPath": "Config/LevelOutput/Group/Groups_P81211_F81211001/LevelGroup_P81211_F81211001_G30.json"
    },
    {
      "ID": 31,
      "Name": "Rogue_StartRoom_Main",
      "GroupGUID": "903a05f3-f022-41e5-9c29-765b55259876",
      "GroupPath": "Config/LevelOutput/Group/Groups_P81211_F81211001/LevelGroup_P81211_F81211001_G31.json"
    },
    {
      "ID": 33,
      "Name": "Rogue_StartRoom_Monster_Patrol",
      "GroupGUID": "7bf9b484-66cf-4d7a-8e3a-a4cfe47f3118",
      "GroupPath": "Config/LevelOutput/Group/Groups_P81211_F81211001/LevelGroup_P81211_F81211001_G33.json"
    },
    {
      "ID": 34,
      "Name": "Rogue_StartRoom_Monster_Patrol",
      "GroupGUID": "58bcdca2-ceba-4fbd-bb95-c80f32158931",
      "GroupPath": "Config/LevelOutput/Group/Groups_P81211_F81211001/LevelGroup_P81211_F81211001_G34.json"
    },
    {
      "ID": 36,
      "Name": "Rogue_StartRoom_Main",
      "GroupGUID": "29321c15-295a-4c87-822d-d273a1a1ee34",
      "GroupPath": "Config/LevelOutput/Group/Groups_P81211_F81211001/LevelGroup_P81211_F81211001_G36.json"
    },
    {
      "ID": 37,
      "Name": "Rogue_StartRoom_Monster_Patrol",
      "GroupGUID": "84caed65-c059-4d63-9ceb-9f548265341c",
      "GroupPath": "Config/LevelOutput/Group/Groups_P81211_F81211001/LevelGroup_P81211_F81211001_G37.json"
    },
    {
      "ID": 38,
      "Name": "Rogue_StartRoom_Monster_Patrol",
      "GroupGUID": "268afbed-e7bf-47e1-8e76-7df55142eee6",
      "GroupPath": "Config/LevelOutput/Group/Groups_P81211_F81211001/LevelGroup_P81211_F81211001_G38.json"
    },
    {
      "ID": 39,
      "Name": "Sound",
      "GroupGUID": "7ede3242-af6b-4fdb-b498-6d1bde95cec4",
      "GroupPath": "Config/LevelOutput/Group/Groups_P81211_F81211001/LevelGroup_P81211_F81211001_G39.json"
    },
    {
      "ID": 40,
      "Name": "Rogue_StartRoom_Main",
      "GroupGUID": "360e4f12-2bd1-4514-a228-27d46640a929",
      "GroupPath": "Config/LevelOutput/Group/Groups_P81211_F81211001/LevelGroup_P81211_F81211001_G40.json"
    },
    {
      "ID": 42,
      "Name": "New Group",
      "GroupGUID": "6c0893f3-7d10-45f6-84c8-8aa473166535",
      "GroupPath": "Config/LevelOutput/Group/Groups_P81211_F81211001/LevelGroup_P81211_F81211001_G42.json"
    }
  ]
}