{
  "FloorID": 81222001,
  "FloorName": "FloorName_81222001",
  "StartGroupID": 1,
  "StartAnchorID": 1,
  "GroupList": [
    {
      "ID": 1,
      "Name": "DefaultGroup",
      "GroupGUID": "8de06659-2b3f-4696-a30f-5e82d6d75a6c",
      "GroupPath": "Config/LevelOutput/Group/Groups_P81222_F81222001/LevelGroup_P81222_F81222001_G1.json"
    },
    {
      "ID": 2,
      "Name": "DefaultGroup",
      "GroupGUID": "83c45299-a0c6-4335-a0a9-3e5b6456cbcd",
      "GroupPath": "Config/LevelOutput/Group/Groups_P81222_F81222001/LevelGroup_P81222_F81222001_G2.json"
    },
    {
      "ID": 3,
      "Name": "BATProp",
      "GroupGUID": "03d494ad-fc51-46f2-8604-af33c090354b",
      "GroupPath": "Config/LevelOutput/Group/Groups_P81222_F81222001/LevelGroup_P81222_F81222001_G3.json"
    },
    {
      "ID": 4,
      "Name": "BATBossProp",
      "GroupGUID": "4f33c050-6c95-4511-8824-03cce9773db3",
      "GroupPath": "Config/LevelOutput/Group/Groups_P81222_F81222001/LevelGroup_P81222_F81222001_G4.json"
    },
    {
      "ID": 6,
      "Name": "Sound",
      "GroupGUID": "adf9d75e-34a6-414f-bc21-5e60b4ba1a13",
      "GroupPath": "Config/LevelOutput/Group/Groups_P81222_F81222001/LevelGroup_P81222_F81222001_G6.json"
    },
    {
      "ID": 8,
      "Name": "JianMu",
      "GroupGUID": "b026aaf5-548a-4732-8de3-d2fcd7f37e95",
      "GroupPath": "Config/LevelOutput/Group/Groups_P81222_F81222001/LevelGroup_P81222_F81222001_G8.json"
    },
    {
      "ID": 9,
      "Name": "MainMission_RoadBlock",
      "GroupGUID": "a39b2a1c-f0bc-4b86-9edd-5e63f25f43fa",
      "GroupPath": "Config/LevelOutput/Group/Groups_P81222_F81222001/LevelGroup_P81222_F81222001_G9.json"
    },
    {
      "ID": 10,
      "Name": "Elevator",
      "GroupGUID": "a72c90e7-e3a7-406c-8c2b-2dcbb488abeb",
      "GroupPath": "Config/LevelOutput/Group/Groups_P81222_F81222001/LevelGroup_P81222_F81222001_G10.json"
    },
    {
      "ID": 11,
      "Name": "RogueOrigin_Area",
      "GroupGUID": "8907a867-ca58-464a-9479-5b8651a20dc3",
      "GroupPath": "Config/LevelOutput/Group/Groups_P81222_F81222001/LevelGroup_P81222_F81222001_G11.json"
    },
    {
      "ID": 12,
      "Name": "RogueOrigin_BaseCommon",
      "GroupGUID": "70c34267-4d35-422a-b9e1-ada27c92c43a",
      "GroupPath": "Config/LevelOutput/Group/Groups_P81222_F81222001/LevelGroup_P81222_F81222001_G12.json"
    },
    {
      "ID": 13,
      "Name": "RogueOrigin_Event",
      "GroupGUID": "6bc3a3cd-225e-4ad7-80ca-4bd9cbe030d8",
      "GroupPath": "Config/LevelOutput/Group/Groups_P81222_F81222001/LevelGroup_P81222_F81222001_G13.json"
    },
    {
      "ID": 14,
      "Name": "RogueOrigin_Area",
      "GroupGUID": "d011c1ea-2b3b-4772-b88d-3cfb8d67b55f",
      "GroupPath": "Config/LevelOutput/Group/Groups_P81222_F81222001/LevelGroup_P81222_F81222001_G14.json"
    },
    {
      "ID": 15,
      "Name": "RogueOrigin_BaseCommon",
      "GroupGUID": "4e9426fb-279f-4ae1-8c72-b59813dfcec5",
      "GroupPath": "Config/LevelOutput/Group/Groups_P81222_F81222001/LevelGroup_P81222_F81222001_G15.json"
    },
    {
      "ID": 16,
      "Name": "RogueOrigin_Event",
      "GroupGUID": "dcf73306-eb99-416d-aab7-826b4a7c33eb",
      "GroupPath": "Config/LevelOutput/Group/Groups_P81222_F81222001/LevelGroup_P81222_F81222001_G16.json"
    },
    {
      "ID": 17,
      "Name": "RogueOrigin_Area",
      "GroupGUID": "e60496b6-796e-4928-b185-f6e8cddea145",
      "GroupPath": "Config/LevelOutput/Group/Groups_P81222_F81222001/LevelGroup_P81222_F81222001_G17.json"
    },
    {
      "ID": 18,
      "Name": "RogueOrigin_BaseCommon",
      "GroupGUID": "9b6cc384-78e4-44d0-8ed3-9775f7f3a9fd",
      "GroupPath": "Config/LevelOutput/Group/Groups_P81222_F81222001/LevelGroup_P81222_F81222001_G18.json"
    },
    {
      "ID": 19,
      "Name": "RogueOrigin_MainMonster",
      "GroupGUID": "285de678-2f70-43f2-8ee1-b7637ad06a52",
      "GroupPath": "Config/LevelOutput/Group/Groups_P81222_F81222001/LevelGroup_P81222_F81222001_G19.json"
    },
    {
      "ID": 20,
      "Name": "RogueOrigin_SubMonster",
      "GroupGUID": "14514961-85eb-4631-8ab1-25fdb770da10",
      "GroupPath": "Config/LevelOutput/Group/Groups_P81222_F81222001/LevelGroup_P81222_F81222001_G20.json"
    },
    {
      "ID": 21,
      "Name": "RogueOrigin_SubMonster",
      "GroupGUID": "b5704495-f57a-485d-9ac8-f3cb4827dd06",
      "GroupPath": "Config/LevelOutput/Group/Groups_P81222_F81222001/LevelGroup_P81222_F81222001_G21.json"
    },
    {
      "ID": 22,
      "Name": "RogueOrigin_Area",
      "GroupGUID": "ca68d28e-5a7b-49e3-bf18-f5b1b5887600",
      "GroupPath": "Config/LevelOutput/Group/Groups_P81222_F81222001/LevelGroup_P81222_F81222001_G22.json"
    },
    {
      "ID": 23,
      "Name": "RogueOrigin_BaseCommon",
      "GroupGUID": "b0762910-6746-44b8-b27f-1b8aafd653f1",
      "GroupPath": "Config/LevelOutput/Group/Groups_P81222_F81222001/LevelGroup_P81222_F81222001_G23.json"
    },
    {
      "ID": 24,
      "Name": "RogueOrigin_MainMonster",
      "GroupGUID": "ba56a2db-045b-4c65-bc5a-9076417452ce",
      "GroupPath": "Config/LevelOutput/Group/Groups_P81222_F81222001/LevelGroup_P81222_F81222001_G24.json"
    },
    {
      "ID": 25,
      "Name": "RogueOrigin_SubMonster",
      "GroupGUID": "fe0687d9-a54c-4ca6-b646-8984a55c87c8",
      "GroupPath": "Config/LevelOutput/Group/Groups_P81222_F81222001/LevelGroup_P81222_F81222001_G25.json"
    },
    {
      "ID": 26,
      "Name": "RogueOrigin_Area",
      "GroupGUID": "88fff98b-4ae5-4c45-a15c-43c1f4bc6112",
      "GroupPath": "Config/LevelOutput/Group/Groups_P81222_F81222001/LevelGroup_P81222_F81222001_G26.json"
    },
    {
      "ID": 27,
      "Name": "RogueOrigin_BaseCommon",
      "GroupGUID": "3a0acba2-34c5-462a-8873-8336a4c9c4e0",
      "GroupPath": "Config/LevelOutput/Group/Groups_P81222_F81222001/LevelGroup_P81222_F81222001_G27.json"
    },
    {
      "ID": 28,
      "Name": "RogueOrigin_MainMonster",
      "GroupGUID": "b1e2ad25-e3ad-4a29-8b58-60ed7381142c",
      "GroupPath": "Config/LevelOutput/Group/Groups_P81222_F81222001/LevelGroup_P81222_F81222001_G28.json"
    },
    {
      "ID": 29,
      "Name": "RogueOrigin_SubMonster",
      "GroupGUID": "d11fa8d9-c845-4a50-a86c-f41b63aaef1f",
      "GroupPath": "Config/LevelOutput/Group/Groups_P81222_F81222001/LevelGroup_P81222_F81222001_G29.json"
    },
    {
      "ID": 30,
      "Name": "RogueOrigin_SubMonster",
      "GroupGUID": "941111f9-c766-4bd1-96d3-458565bd6bf9",
      "GroupPath": "Config/LevelOutput/Group/Groups_P81222_F81222001/LevelGroup_P81222_F81222001_G30.json"
    },
    {
      "ID": 31,
      "Name": "RogueOrigin_Area",
      "GroupGUID": "456c748c-dda2-4a2a-bec7-e8598a42d456",
      "GroupPath": "Config/LevelOutput/Group/Groups_P81222_F81222001/LevelGroup_P81222_F81222001_G31.json"
    },
    {
      "ID": 32,
      "Name": "RogueOrigin_BaseCommon",
      "GroupGUID": "71c20985-682e-4f04-9d08-5ed21d50c485",
      "GroupPath": "Config/LevelOutput/Group/Groups_P81222_F81222001/LevelGroup_P81222_F81222001_G32.json"
    },
    {
      "ID": 33,
      "Name": "RogueOrigin_Event",
      "GroupGUID": "fdba2d4d-14d0-47e8-9637-ed659f71d849",
      "GroupPath": "Config/LevelOutput/Group/Groups_P81222_F81222001/LevelGroup_P81222_F81222001_G33.json"
    },
    {
      "ID": 34,
      "Name": "RogueOrigin_Area",
      "GroupGUID": "7e0c0b02-bc3c-40dd-860d-a00a141c05b0",
      "GroupPath": "Config/LevelOutput/Group/Groups_P81222_F81222001/LevelGroup_P81222_F81222001_G34.json"
    },
    {
      "ID": 35,
      "Name": "RogueOrigin_BaseElite",
      "GroupGUID": "0aa1ec55-8008-4acc-a72a-d971e4aad9c7",
      "GroupPath": "Config/LevelOutput/Group/Groups_P81222_F81222001/LevelGroup_P81222_F81222001_G35.json"
    },
    {
      "ID": 36,
      "Name": "RogueOrigin_Elite",
      "GroupGUID": "394011f9-a93e-4bfa-8ce0-c378ac4e66b0",
      "GroupPath": "Config/LevelOutput/Group/Groups_P81222_F81222001/LevelGroup_P81222_F81222001_G36.json"
    },
    {
      "ID": 37,
      "Name": "RogueOrigin_Area",
      "GroupGUID": "750ff5df-0ef4-4145-aefc-2a683da15e55",
      "GroupPath": "Config/LevelOutput/Group/Groups_P81222_F81222001/LevelGroup_P81222_F81222001_G37.json"
    },
    {
      "ID": 38,
      "Name": "RogueOrigin_BaseBoss",
      "GroupGUID": "594c6c6a-c54b-4775-827e-7365c7006c5a",
      "GroupPath": "Config/LevelOutput/Group/Groups_P81222_F81222001/LevelGroup_P81222_F81222001_G38.json"
    },
    {
      "ID": 39,
      "Name": "RogueOrigin_Boss",
      "GroupGUID": "d42de7f7-4e6e-4be1-b81b-5dde982fb59a",
      "GroupPath": "Config/LevelOutput/Group/Groups_P81222_F81222001/LevelGroup_P81222_F81222001_G39.json"
    },
    {
      "ID": 40,
      "Name": "RogueOrigin_Area",
      "GroupGUID": "c07bd872-36f6-4c34-b441-53bd374f5886",
      "GroupPath": "Config/LevelOutput/Group/Groups_P81222_F81222001/LevelGroup_P81222_F81222001_G40.json"
    },
    {
      "ID": 41,
      "Name": "RogueOrigin_BaseCommon",
      "GroupGUID": "060ffe96-6862-4cd9-94e6-4ed39f3f7254",
      "GroupPath": "Config/LevelOutput/Group/Groups_P81222_F81222001/LevelGroup_P81222_F81222001_G41.json"
    },
    {
      "ID": 42,
      "Name": "RogueOrigin_MainMonster",
      "GroupGUID": "9cf3f019-8544-4909-a671-7e5ace06500b",
      "GroupPath": "Config/LevelOutput/Group/Groups_P81222_F81222001/LevelGroup_P81222_F81222001_G42.json"
    },
    {
      "ID": 43,
      "Name": "RogueOrigin_Area",
      "GroupGUID": "67edeb9c-13ab-47a6-aca8-62016cd2c39d",
      "GroupPath": "Config/LevelOutput/Group/Groups_P81222_F81222001/LevelGroup_P81222_F81222001_G43.json"
    },
    {
      "ID": 44,
      "Name": "RogueOrigin_BaseRest",
      "GroupGUID": "d878661d-7d1e-466d-86e1-a031dca863fd",
      "GroupPath": "Config/LevelOutput/Group/Groups_P81222_F81222001/LevelGroup_P81222_F81222001_G44.json"
    },
    {
      "ID": 45,
      "Name": "RogueOrigin_Rest",
      "GroupGUID": "8cef9698-f789-4797-b922-34f99d1a5d7d",
      "GroupPath": "Config/LevelOutput/Group/Groups_P81222_F81222001/LevelGroup_P81222_F81222001_G45.json"
    },
    {
      "ID": 46,
      "Name": "RogueOrigin_Area",
      "GroupGUID": "9e5ba32a-83fa-42d6-bb25-424322b16bfe",
      "GroupPath": "Config/LevelOutput/Group/Groups_P81222_F81222001/LevelGroup_P81222_F81222001_G46.json"
    },
    {
      "ID": 47,
      "Name": "RogueOrigin_BaseCommon",
      "GroupGUID": "9dadef84-3821-4945-9f2a-d1cccbe574f4",
      "GroupPath": "Config/LevelOutput/Group/Groups_P81222_F81222001/LevelGroup_P81222_F81222001_G47.json"
    },
    {
      "ID": 48,
      "Name": "RogueOrigin_MainMonster",
      "GroupGUID": "36fd4893-9a50-42f7-b6cd-99c36343ae1c",
      "GroupPath": "Config/LevelOutput/Group/Groups_P81222_F81222001/LevelGroup_P81222_F81222001_G48.json"
    },
    {
      "ID": 49,
      "Name": "RogueOrigin_SubMonster",
      "GroupGUID": "07c71f2f-f58f-43c8-81b8-7ec9f76cc813",
      "GroupPath": "Config/LevelOutput/Group/Groups_P81222_F81222001/LevelGroup_P81222_F81222001_G49.json"
    },
    {
      "ID": 50,
      "Name": "RogueOrigin_SubMonster",
      "GroupGUID": "13a855df-b705-4117-aa54-1d111d2713ec",
      "GroupPath": "Config/LevelOutput/Group/Groups_P81222_F81222001/LevelGroup_P81222_F81222001_G50.json"
    },
    {
      "ID": 51,
      "Name": "RogueOrigin_Event",
      "GroupGUID": "8922cf83-e0b0-429e-b020-6566e66b5cbb",
      "GroupPath": "Config/LevelOutput/Group/Groups_P81222_F81222001/LevelGroup_P81222_F81222001_G51.json"
    },
    {
      "ID": 52,
      "Name": "RogueOrigin_Area",
      "GroupGUID": "46c106ec-0cbb-4323-b0c7-e562ccad4e1c",
      "GroupPath": "Config/LevelOutput/Group/Groups_P81222_F81222001/LevelGroup_P81222_F81222001_G52.json"
    },
    {
      "ID": 53,
      "Name": "RogueOrigin_BaseCommon",
      "GroupGUID": "203c399d-e55a-412c-b68d-00812ca114ce",
      "GroupPath": "Config/LevelOutput/Group/Groups_P81222_F81222001/LevelGroup_P81222_F81222001_G53.json"
    },
    {
      "ID": 54,
      "Name": "RogueOrigin_MainMonster",
      "GroupGUID": "44b7907f-4836-4c42-9aac-088d87d29d21",
      "GroupPath": "Config/LevelOutput/Group/Groups_P81222_F81222001/LevelGroup_P81222_F81222001_G54.json"
    },
    {
      "ID": 55,
      "Name": "RogueOrigin_Area",
      "GroupGUID": "a5f5cfbb-d66c-4d14-925c-7ae2439fb149",
      "GroupPath": "Config/LevelOutput/Group/Groups_P81222_F81222001/LevelGroup_P81222_F81222001_G55.json"
    },
    {
      "ID": 56,
      "Name": "RogueOrigin_BaseCommon",
      "GroupGUID": "b0dc237c-350a-4acd-986b-cb298201f6a7",
      "GroupPath": "Config/LevelOutput/Group/Groups_P81222_F81222001/LevelGroup_P81222_F81222001_G56.json"
    },
    {
      "ID": 57,
      "Name": "RogueOrigin_MainMonster",
      "GroupGUID": "9b7aeae3-bbca-4120-9a26-e9a798277d74",
      "GroupPath": "Config/LevelOutput/Group/Groups_P81222_F81222001/LevelGroup_P81222_F81222001_G57.json"
    },
    {
      "ID": 58,
      "Name": "RogueOrigin_SubMonster",
      "GroupGUID": "a2e4d117-927d-4795-9605-f25820afcc53",
      "GroupPath": "Config/LevelOutput/Group/Groups_P81222_F81222001/LevelGroup_P81222_F81222001_G58.json"
    },
    {
      "ID": 59,
      "Name": "RogueOrigin_SubMonster",
      "GroupGUID": "e15a6a6b-78ad-4240-936a-14b4c741fd6a",
      "GroupPath": "Config/LevelOutput/Group/Groups_P81222_F81222001/LevelGroup_P81222_F81222001_G59.json"
    }
  ]
}