{
  "CommonAssetPreloadList": [],
  "MonsterEffectPreloadConfigMap": {
    "1004010": {
      "SkillTypes": [
        "Skill"
      ]
    },
    "1004011": {
      "SkillTypes": [
        "Skill"
      ]
    },
    "1014010": {
      "EffectPaths": [
        {
          "Path": "Effects/Eff_Prefab/Eff_Monster/Eff_W1_Svarog_00/Eff_W1_Svarog_00_Skill02_Attack.prefab"
        }
      ]
    },
    "1014011": {
      "EffectPaths": [
        {
          "Path": "Effects/Eff_Prefab/Eff_Monster/Eff_W1_Svarog_00/Eff_W1_Svarog_00_Skill02_Attack.prefab"
        }
      ]
    },
    "1004030": {
      "EffectPaths": [
        {
          "Path": "Effects/Eff_Prefab/Eff_Monster/Eff_W1_Bronya_00/Eff_Monster_Bronya_00_Skill03_Disappear.prefab"
        }
      ]
    },
    "1004031": {
      "EffectPaths": [
        {
          "Path": "Effects/Eff_Prefab/Eff_Monster/Eff_W1_Bronya_00/Eff_Monster_Bronya_00_Skill03_Disappear.prefab"
        }
      ]
    },
    "2004010": {
      "EffectPaths": [
        {
          "Path": "Effects/Eff_Prefab/Eff_Monster/Eff_W2_Kafka_00/Eff_Monster_W2_Kafka_00_Appear.prefab"
        },
        {
          "Path": "Effects/Eff_Prefab/Eff_Monster/Eff_W2_Kafka_00/Eff_Monster_W2_Kafka_00_Skill01_01.prefab"
        },
        {
          "Path": "Effects/Eff_Prefab/Eff_Monster/Eff_W2_Kafka_00/Eff_Monster_W2_Kafka_00_Skill01_02.prefab"
        },
        {
          "Path": "Effects/Eff_Prefab/Eff_Monster/Eff_W2_Kafka_00/Eff_Monster_W2_Kafka_00_Skill03_Grenade.prefab"
        },
        {
          "Path": "Effects/Eff_Prefab/Eff_Monster/Eff_W2_Kafka_00/Eff_Monster_W2_Kafka_00_Skill05_Start02.prefab"
        },
        {
          "Path": "Effects/Eff_Prefab/Eff_Monster/Eff_W2_Kafka_00/Eff_Monster_W2_Kafka_00_Skill05_ThumbFinger2_R.prefab"
        },
        {
          "Path": "Effects/Eff_Prefab/Eff_Monster/Eff_W2_Kafka_00/Eff_Monster_W2_Kafka_00_Skill05_RingFinger1_R.prefab"
        },
        {
          "Path": "Effects/Eff_Prefab/Eff_Monster/Eff_W2_Kafka_00/Eff_Monster_W2_Kafka_00_Skill05_IndexFinger1_R.prefab"
        }
      ]
    },
    "2004011": {
      "EffectPaths": [
        {
          "Path": "Effects/Eff_Prefab/Eff_Monster/Eff_W2_Kafka_00/Eff_Monster_W2_Kafka_00_Appear.prefab"
        },
        {
          "Path": "Effects/Eff_Prefab/Eff_Monster/Eff_W2_Kafka_00/Eff_Monster_W2_Kafka_00_Skill01_01.prefab"
        },
        {
          "Path": "Effects/Eff_Prefab/Eff_Monster/Eff_W2_Kafka_00/Eff_Monster_W2_Kafka_00_Skill01_02.prefab"
        },
        {
          "Path": "Effects/Eff_Prefab/Eff_Monster/Eff_W2_Kafka_00/Eff_Monster_W2_Kafka_00_Skill03_Grenade.prefab"
        },
        {
          "Path": "Effects/Eff_Prefab/Eff_Monster/Eff_W2_Kafka_00/Eff_Monster_W2_Kafka_00_Skill05_Start02.prefab"
        },
        {
          "Path": "Effects/Eff_Prefab/Eff_Monster/Eff_W2_Kafka_00/Eff_Monster_W2_Kafka_00_Skill05_ThumbFinger2_R.prefab"
        },
        {
          "Path": "Effects/Eff_Prefab/Eff_Monster/Eff_W2_Kafka_00/Eff_Monster_W2_Kafka_00_Skill05_RingFinger1_R.prefab"
        },
        {
          "Path": "Effects/Eff_Prefab/Eff_Monster/Eff_W2_Kafka_00/Eff_Monster_W2_Kafka_00_Skill05_IndexFinger1_R.prefab"
        }
      ]
    },
    "2022010": {
      "EffectPaths": [
        {
          "Path": "Effects/Eff_Prefab/Eff_Monster/Eff_W2_Abomi01_00/Eff_Monster_W2_Abomi01_00_Passive_buff.prefab"
        },
        {
          "Path": "Effects/Eff_Prefab/Eff_Monster/Eff_W2_Abomi01_00/Eff_Monster_W2_Abomi01_00_Passive_buffBody.prefab"
        }
      ]
    },
    "2022020": {
      "EffectPaths": [
        {
          "Path": "Effects/Eff_Prefab/Eff_Monster/Eff_W2_Abomi02_00/Eff_Monster_W2_Abomi02_00_Skill01_Buff_Start01.prefab"
        },
        {
          "Path": "Effects/Eff_Prefab/Eff_Monster/Eff_W2_Abomi02_00/Eff_Monster_W2_Abomi02_00_Skill01_Buff_Start02.prefab"
        }
      ]
    },
    "2023010": {
      "SkillTypes": [
        "Skill"
      ]
    },
    "2013010": {
      "SkillTypes": [
        "Skill",
        "Common"
      ]
    },
    "7002070": {
      "SkillTypes": [],
      "EffectPaths": [
        {
          "Path": "Effects/Eff_Prefab/Eff_Monster/Eff_XP_Minion02_00/Eff_Monster_XP_Minion02_00_Skill02_01_Body.prefab"
        },
        {
          "Path": "Effects/Eff_Prefab/Eff_Monster/Eff_XP_Minion02_00/Eff_Monster_XP_Minion02_00_Skill02_01_Body02.prefab"
        },
        {
          "Path": "Effects/Eff_Prefab/Eff_Monster/Eff_XP_Minion02_00/Eff_Monster_XP_Minion02_00_Skill01_02_Weak.prefab"
        },
        {
          "Path": "Effects/Eff_Prefab/Eff_Monster/Eff_XP_Minion02_00/Eff_Monster_XP_Minion02_00_Skill01_02.prefab"
        }
      ]
    },
    "700207001": {
      "SkillTypes": [],
      "EffectPaths": [
        {
          "Path": "Effects/Eff_Prefab/Eff_Monster/Eff_XP_Minion02_00/Eff_Monster_XP_Minion02_00_Skill02_01_Body.prefab"
        },
        {
          "Path": "Effects/Eff_Prefab/Eff_Monster/Eff_XP_Minion02_00/Eff_Monster_XP_Minion02_00_Skill02_01_Body02.prefab"
        },
        {
          "Path": "Effects/Eff_Prefab/Eff_Monster/Eff_XP_Minion02_00/Eff_Monster_XP_Minion02_00_Skill01_02_Weak.prefab"
        },
        {
          "Path": "Effects/Eff_Prefab/Eff_Monster/Eff_XP_Minion02_00/Eff_Monster_XP_Minion02_00_Skill01_02.prefab"
        }
      ]
    },
    "700207002": {
      "SkillTypes": [],
      "EffectPaths": [
        {
          "Path": "Effects/Eff_Prefab/Eff_Monster/Eff_XP_Minion02_00/Eff_Monster_XP_Minion02_00_Skill02_01_Body.prefab"
        },
        {
          "Path": "Effects/Eff_Prefab/Eff_Monster/Eff_XP_Minion02_00/Eff_Monster_XP_Minion02_00_Skill02_01_Body02.prefab"
        },
        {
          "Path": "Effects/Eff_Prefab/Eff_Monster/Eff_XP_Minion02_00/Eff_Monster_XP_Minion02_00_Skill01_02_Weak.prefab"
        },
        {
          "Path": "Effects/Eff_Prefab/Eff_Monster/Eff_XP_Minion02_00/Eff_Monster_XP_Minion02_00_Skill01_02.prefab"
        }
      ]
    },
    "7003010": {
      "SkillTypes": [],
      "EffectPaths": [
        {
          "Path": "Effects/Eff_Prefab/Eff_Monster/Eff_XP_Elite01_00/Eff_XP_Elite01_00_01_Skill01_Attack_Fire_Loop.prefab"
        },
        {
          "Path": "Effects/Eff_Prefab/Eff_Monster/Eff_XP_Elite01_00/Eff_XP_Elite01_00_01_Skill03_Attack_Fire_Loop.prefab",
          "Count": 5
        },
        {
          "Path": "Effects/Eff_Prefab/Eff_Monster/Eff_XP_Elite01_00/Eff_XP_Elite01_00_01_Skill08_Attack_Fire.prefab",
          "IsSilenceMode": false
        }
      ]
    },
    "7003100": {
      "SkillTypes": [],
      "EffectPaths": [
        {
          "Path": "Effects/Eff_Prefab/Eff_Monster/Eff_W1_Mecha03_02/Eff_Monster_W1_Mecha03_02_Skill06_Attack_01.prefab"
        },
        {
          "Path": "Effects/Eff_Prefab/Eff_Monster/Eff_W1_Mecha03_02/Eff_Monster_W1_Mecha03_02_Skill06_Attack_02.prefab"
        },
        {
          "Path": "Effects/Eff_Prefab/Eff_Monster/Eff_W1_Mecha03_02/Eff_Monster_W1_Mecha03_02_Skill06_Attack_03.prefab"
        },
        {
          "Path": "Effects/Eff_Prefab/Eff_Monster/Eff_W1_Mecha03_02/Eff_Monster_W1_Mecha03_02_Skill04_Attack Bullet_01.prefab",
          "Count": 4
        }
      ]
    },
    "8003010": {
      "SkillTypes": [],
      "EffectPaths": [
        {
          "Path": "Effects/Eff_Prefab/Eff_Monster/Eff_XP_Elite01_01/Eff_XP_Elite01_00_01_Skill01_Attack_Ice_Loop.prefab"
        }
      ]
    },
    "8003011": {
      "SkillTypes": [],
      "EffectPaths": [
        {
          "Path": "Effects/Eff_Prefab/Eff_Monster/Eff_XP_Elite01_01/Eff_XP_Elite01_00_01_Skill01_Attack_Ice_Loop.prefab"
        }
      ]
    },
    "8003020": {
      "SkillTypes": [],
      "EffectPaths": [
        {
          "Path": "Effects/Eff_Prefab/Eff_Monster/Eff_XP_Elite01_00/Eff_XP_Elite01_00_01_Skill01_Attack_Fire_Loop.prefab"
        },
        {
          "Path": "Effects/Eff_Prefab/Eff_Monster/Eff_XP_Elite01_00/Eff_XP_Elite01_00_01_Skill03_Attack_Fire_Loop.prefab",
          "Count": 5
        },
        {
          "Path": "Effects/Eff_Prefab/Eff_Monster/Eff_XP_Elite01_00/Eff_XP_Elite01_00_01_Skill08_Attack_Fire.prefab",
          "IsSilenceMode": false
        }
      ]
    },
    "8003021": {
      "SkillTypes": [],
      "EffectPaths": [
        {
          "Path": "Effects/Eff_Prefab/Eff_Monster/Eff_XP_Elite01_00/Eff_XP_Elite01_00_01_Skill01_Attack_Fire_Loop.prefab"
        },
        {
          "Path": "Effects/Eff_Prefab/Eff_Monster/Eff_XP_Elite01_00/Eff_XP_Elite01_00_01_Skill03_Attack_Fire_Loop.prefab",
          "Count": 5
        },
        {
          "Path": "Effects/Eff_Prefab/Eff_Monster/Eff_XP_Elite01_00/Eff_XP_Elite01_00_01_Skill08_Attack_Fire.prefab",
          "IsSilenceMode": false
        }
      ]
    },
    "8003050": {
      "SkillTypes": [],
      "EffectPaths": [
        {
          "Path": "Effects/Eff_Prefab/Eff_Monster/Eff_AML_Elite01_01/Eff_Monster_AML_Elite01_01_Skill05_Arrow.prefab"
        },
        {
          "Path": "Effects/Eff_Prefab/Eff_Monster/Eff_AML_Elite01_01/Eff_Monster_AML_Elite01_01_Skill05_Arrow_Fire.prefab"
        },
        {
          "Path": "Effects/Eff_Prefab/Eff_Monster/Eff_AML_Elite01_01/Eff_Monster_AML_Elite01_01_Skill05_Fire02.prefab"
        },
        {
          "Path": "Effects/Eff_Prefab/Eff_Monster/Eff_AML_Elite01_01/Eff_Monster_AML_Elite01_01_Skill05_Fire_WeaponArrow_JNT.prefab"
        },
        {
          "Path": "Effects/Eff_Prefab/Eff_Monster/Eff_AML_Elite01_01/Eff_Monster_AML_Elite01_01_Skill05_Hit.prefab"
        },
        {
          "Path": "Effects/Eff_Prefab/Eff_Monster/Eff_AML_Elite01_01/Eff_Monster_AML_Elite01_01_Skill05_Hit_Camera.prefab"
        },
        {
          "Path": "Effects/Eff_Prefab/Eff_Monster/Eff_AML_Elite01_01/Eff_Monster_AML_Elite01_01_Skill06_Arrow.prefab"
        },
        {
          "Path": "Effects/Eff_Prefab/Eff_Monster/Eff_AML_Elite01_01/Eff_Monster_AML_Elite01_01_Skill06_Arrow_Fire.prefab"
        },
        {
          "Path": "Effects/Eff_Prefab/Eff_Monster/Eff_AML_Elite01_01/Eff_Monster_AML_Elite01_01_Skill06_Fire03.prefab"
        },
        {
          "Path": "Effects/Eff_Prefab/Eff_Monster/Eff_AML_Elite01_01/Eff_Monster_AML_Elite01_01_Skill06_Fire_WeaponArrow_JNT.prefab"
        },
        {
          "Path": "Effects/Eff_Prefab/Eff_Monster/Eff_AML_Elite01_01/Eff_Monster_AML_Elite01_01_Skill06_Hit.prefab"
        },
        {
          "Path": "Effects/Eff_Prefab/Eff_Monster/Eff_AML_Elite01_01/Eff_Monster_AML_Elite01_01_Skill06_Hit_01.prefab"
        },
        {
          "Path": "Effects/Eff_Prefab/Eff_Monster/Eff_AML_Elite01_01/Eff_Monster_AML_Elite01_01_Skill06_Hit_02.prefab"
        },
        {
          "Path": "Effects/Eff_Prefab/Eff_Monster/Eff_AML_Elite01_01/Eff_Monster_AML_Elite01_01_Skill06_Hit_Camera.prefab"
        }
      ]
    },
    "8003051": {
      "SkillTypes": [],
      "EffectPaths": [
        {
          "Path": "Effects/Eff_Prefab/Eff_Monster/Eff_AML_Elite01_01/Eff_Monster_AML_Elite01_01_Skill05_Arrow.prefab"
        },
        {
          "Path": "Effects/Eff_Prefab/Eff_Monster/Eff_AML_Elite01_01/Eff_Monster_AML_Elite01_01_Skill05_Arrow_Fire.prefab"
        },
        {
          "Path": "Effects/Eff_Prefab/Eff_Monster/Eff_AML_Elite01_01/Eff_Monster_AML_Elite01_01_Skill05_Fire02.prefab"
        },
        {
          "Path": "Effects/Eff_Prefab/Eff_Monster/Eff_AML_Elite01_01/Eff_Monster_AML_Elite01_01_Skill05_Fire_WeaponArrow_JNT.prefab"
        },
        {
          "Path": "Effects/Eff_Prefab/Eff_Monster/Eff_AML_Elite01_01/Eff_Monster_AML_Elite01_01_Skill05_Hit.prefab"
        },
        {
          "Path": "Effects/Eff_Prefab/Eff_Monster/Eff_AML_Elite01_01/Eff_Monster_AML_Elite01_01_Skill05_Hit_Camera.prefab"
        },
        {
          "Path": "Effects/Eff_Prefab/Eff_Monster/Eff_AML_Elite01_01/Eff_Monster_AML_Elite01_01_Skill06_Arrow.prefab"
        },
        {
          "Path": "Effects/Eff_Prefab/Eff_Monster/Eff_AML_Elite01_01/Eff_Monster_AML_Elite01_01_Skill06_Arrow_Fire.prefab"
        },
        {
          "Path": "Effects/Eff_Prefab/Eff_Monster/Eff_AML_Elite01_01/Eff_Monster_AML_Elite01_01_Skill06_Fire03.prefab"
        },
        {
          "Path": "Effects/Eff_Prefab/Eff_Monster/Eff_AML_Elite01_01/Eff_Monster_AML_Elite01_01_Skill06_Fire_WeaponArrow_JNT.prefab"
        },
        {
          "Path": "Effects/Eff_Prefab/Eff_Monster/Eff_AML_Elite01_01/Eff_Monster_AML_Elite01_01_Skill06_Hit.prefab"
        },
        {
          "Path": "Effects/Eff_Prefab/Eff_Monster/Eff_AML_Elite01_01/Eff_Monster_AML_Elite01_01_Skill06_Hit_01.prefab"
        },
        {
          "Path": "Effects/Eff_Prefab/Eff_Monster/Eff_AML_Elite01_01/Eff_Monster_AML_Elite01_01_Skill06_Hit_02.prefab"
        },
        {
          "Path": "Effects/Eff_Prefab/Eff_Monster/Eff_AML_Elite01_01/Eff_Monster_AML_Elite01_01_Skill06_Hit_Camera.prefab"
        },
        {
          "Path": "Effects/Eff_Prefab/Eff_Monster/Eff_AML_Elite01_01/Eff_Monster_AML_Elite01_01_Skill09_Wrist_R.prefab"
        }
      ]
    },
    "8012010": {
      "SkillTypes": [],
      "EffectPaths": [
        {
          "Path": "Effects/Eff_Prefab/Eff_Monster/Eff_AML_Minion02_00/Eff_Monster_AML_Minion02_00_Trail.prefab"
        }
      ]
    },
    "8012020": {
      "SkillTypes": [],
      "EffectPaths": [
        {
          "Path": "Effects/Eff_Prefab/Eff_Monster/Eff_AML_Minion03_00/Eff_Monster_AML_Minion03_00_Trail.prefab"
        }
      ]
    },
    "8012030": {
      "SkillTypes": [],
      "EffectPaths": [
        {
          "Path": "Effects/Eff_Prefab/Eff_Monster/Eff_AML_Minion04_00/Eff_Monster_AML_Minion04_00_Trail.prefab"
        }
      ]
    },
    "8013010": {
      "SkillTypes": [],
      "EffectPaths": [
        {
          "Path": "Effects/Eff_Prefab/Eff_Monster/Eff_AML_Elite01_00/Eff_Monster_AML_Elite01_00_Skill02_Smoke_1.prefab"
        },
        {
          "Path": "Effects/Eff_Prefab/Eff_Monster/Eff_AML_Elite01_00/Eff_Monster_AML_Elite01_00_Appear.prefab"
        },
        {
          "Path": "Effects/Eff_Prefab/Eff_Monster/Eff_AML_Elite01_00/Eff_Monster_AML_Elite01_00_Appear_02.prefab"
        }
      ]
    },
    "8013011": {
      "SkillTypes": [],
      "EffectPaths": [
        {
          "Path": "Effects/Eff_Prefab/Eff_Monster/Eff_AML_Elite01_00/Eff_Monster_AML_Elite01_00_Skill02_Smoke_1.prefab"
        },
        {
          "Path": "Effects/Eff_Prefab/Eff_Monster/Eff_AML_Elite01_00/Eff_Monster_AML_Elite01_00_Appear.prefab"
        },
        {
          "Path": "Effects/Eff_Prefab/Eff_Monster/Eff_AML_Elite01_00/Eff_Monster_AML_Elite01_00_Appear_02.prefab"
        }
      ]
    },
    "8013020": {
      "SkillTypes": [],
      "EffectPaths": [
        {
          "Path": "Effects/Eff_Prefab/Eff_Monster/Eff_AML_Minion03_00/Eff_Monster_AML_Minion03_00_Appear_02.prefab"
        }
      ]
    },
    "8003030": {
      "SkillTypes": [],
      "EffectPaths": [
        {
          "Path": "Effects/Eff_Prefab/Eff_Monster/Eff_XP_Elite02_00/Eff_Monster_XP_Elite02_00_Cloak_02.prefab"
        },
        {
          "Path": "Effects/Eff_Prefab/Eff_Monster/Eff_XP_Elite02_00/Eff_Monster_XP_Elite02_00_StandBy.prefab"
        },
        {
          "Path": "Effects/Eff_Prefab/Eff_Monster/Eff_XP_Elite02_00/Eff_Monster_XP_Elite02_00_Appear.prefab"
        },
        {
          "Path": "Effects/Eff_Prefab/Eff_Monster/Eff_XP_Elite02_00/Eff_Monster_XP_Elite02_00_Appear_02.prefab"
        },
        {
          "Path": "Effects/Eff_Prefab/Eff_Monster/Eff_XP_Elite02_00/Eff_Monster_XP_Elite02_00_Appear_Eff.prefab"
        },
        {
          "Path": "Effects/Eff_Prefab/Eff_Monster/Eff_XP_Elite02_00/Eff_Monster_XP_Elite02_00_Appear_Eff_02.prefab"
        }
      ]
    },
    "8003031": {
      "SkillTypes": [],
      "EffectPaths": [
        {
          "Path": "Effects/Eff_Prefab/Eff_Monster/Eff_XP_Elite02_00/Eff_Monster_XP_Elite02_00_Cloak_02.prefab"
        },
        {
          "Path": "Effects/Eff_Prefab/Eff_Monster/Eff_XP_Elite02_00/Eff_Monster_XP_Elite02_00_StandBy.prefab"
        },
        {
          "Path": "Effects/Eff_Prefab/Eff_Monster/Eff_XP_Elite02_00/Eff_Monster_XP_Elite02_00_Appear.prefab"
        },
        {
          "Path": "Effects/Eff_Prefab/Eff_Monster/Eff_XP_Elite02_00/Eff_Monster_XP_Elite02_00_Appear_02.prefab"
        },
        {
          "Path": "Effects/Eff_Prefab/Eff_Monster/Eff_XP_Elite02_00/Eff_Monster_XP_Elite02_00_Appear_Eff.prefab"
        },
        {
          "Path": "Effects/Eff_Prefab/Eff_Monster/Eff_XP_Elite02_00/Eff_Monster_XP_Elite02_00_Appear_Eff_02.prefab"
        }
      ]
    },
    "8003040": {
      "SkillTypes": [],
      "EffectPaths": [
        {
          "Path": "Effects/Eff_Prefab/Eff_Monster/Eff_XP_Elite02_01/Eff_Monster_XP_Elite02_01_Cloak_01.prefab"
        },
        {
          "Path": "Effects/Eff_Prefab/Eff_Monster/Eff_XP_Elite02_01/Eff_Monster_XP_Elite02_01_Cloak_03.prefab"
        },
        {
          "Path": "Effects/Eff_Prefab/Eff_Monster/Eff_XP_Elite02_01/Eff_Monster_XP_Elite02_01_Appear.prefab"
        },
        {
          "Path": "Effects/Eff_Prefab/Eff_Monster/Eff_XP_Elite02_01/Eff_Monster_XP_Elite02_01_Appear_02.prefab"
        },
        {
          "Path": "Effects/Eff_Prefab/Eff_Monster/Eff_XP_Elite02_01/Eff_Monster_XP_Elite02_01_Appear_Eff_02.prefab"
        },
        {
          "Path": "Effects/Eff_Prefab/Eff_Monster/Eff_XP_Elite02_01/Eff_Monster_XP_Elite02_01_Skill04_Pointer01_H.prefab"
        },
        {
          "Path": "Effects/Eff_Prefab/Eff_Monster/Eff_XP_Elite02_01/Eff_Monster_XP_Elite02_01_Skill04_Pointer02_H.prefab"
        },
        {
          "Path": "Effects/Eff_Prefab/Eff_Monster/Eff_XP_Elite02_01/Eff_Monster_XP_Elite02_01_Skill04_Pointer03_H.prefab"
        },
        {
          "Path": "Effects/Eff_Prefab/Eff_Monster/Eff_XP_Elite02_01/Eff_Monster_XP_Elite02_01_Skill04_Pointer04_H.prefab"
        },
        {
          "Path": "Effects/Eff_Prefab/Eff_Monster/Eff_XP_Elite02_01/Eff_Monster_XP_Elite02_01_Skill04_Pointer05_H.prefab"
        },
        {
          "Path": "Effects/Eff_Prefab/Eff_Monster/Eff_XP_Elite02_01/Eff_Monster_XP_Elite02_01_Skill04_Pointer06_H.prefab"
        },
        {
          "Path": "Effects/Eff_Prefab/Eff_Monster/Eff_XP_Elite02_01/Eff_Monster_XP_Elite02_01_Skill04_Pointer07_H.prefab"
        },
        {
          "Path": "Effects/Eff_Prefab/Eff_Monster/Eff_XP_Elite02_01/Eff_Monster_XP_Elite02_01_Skill04_Pointer08_H.prefab"
        },
        {
          "Path": "Effects/Eff_Prefab/Eff_Monster/Eff_XP_Elite02_01/Eff_Monster_XP_Elite02_01_Skill04_Pointer09_H.prefab"
        },
        {
          "Path": "Effects/Eff_Prefab/Eff_Monster/Eff_XP_Elite02_01/Eff_Monster_XP_Elite02_01_Skill05_Pointer.prefab"
        }
      ]
    },
    "8003041": {
      "SkillTypes": [],
      "EffectPaths": [
        {
          "Path": "Effects/Eff_Prefab/Eff_Monster/Eff_XP_Elite02_01/Eff_Monster_XP_Elite02_01_Cloak_01.prefab"
        },
        {
          "Path": "Effects/Eff_Prefab/Eff_Monster/Eff_XP_Elite02_01/Eff_Monster_XP_Elite02_01_Cloak_03.prefab"
        },
        {
          "Path": "Effects/Eff_Prefab/Eff_Monster/Eff_XP_Elite02_01/Eff_Monster_XP_Elite02_01_Appear.prefab"
        },
        {
          "Path": "Effects/Eff_Prefab/Eff_Monster/Eff_XP_Elite02_01/Eff_Monster_XP_Elite02_01_Appear_02.prefab"
        },
        {
          "Path": "Effects/Eff_Prefab/Eff_Monster/Eff_XP_Elite02_01/Eff_Monster_XP_Elite02_01_Appear_Eff_02.prefab"
        },
        {
          "Path": "Effects/Eff_Prefab/Eff_Monster/Eff_XP_Elite02_01/Eff_Monster_XP_Elite02_01_Skill04_Pointer01_H.prefab"
        },
        {
          "Path": "Effects/Eff_Prefab/Eff_Monster/Eff_XP_Elite02_01/Eff_Monster_XP_Elite02_01_Skill04_Pointer02_H.prefab"
        },
        {
          "Path": "Effects/Eff_Prefab/Eff_Monster/Eff_XP_Elite02_01/Eff_Monster_XP_Elite02_01_Skill04_Pointer03_H.prefab"
        },
        {
          "Path": "Effects/Eff_Prefab/Eff_Monster/Eff_XP_Elite02_01/Eff_Monster_XP_Elite02_01_Skill04_Pointer04_H.prefab"
        },
        {
          "Path": "Effects/Eff_Prefab/Eff_Monster/Eff_XP_Elite02_01/Eff_Monster_XP_Elite02_01_Skill04_Pointer05_H.prefab"
        },
        {
          "Path": "Effects/Eff_Prefab/Eff_Monster/Eff_XP_Elite02_01/Eff_Monster_XP_Elite02_01_Skill04_Pointer06_H.prefab"
        },
        {
          "Path": "Effects/Eff_Prefab/Eff_Monster/Eff_XP_Elite02_01/Eff_Monster_XP_Elite02_01_Skill04_Pointer07_H.prefab"
        },
        {
          "Path": "Effects/Eff_Prefab/Eff_Monster/Eff_XP_Elite02_01/Eff_Monster_XP_Elite02_01_Skill04_Pointer08_H.prefab"
        },
        {
          "Path": "Effects/Eff_Prefab/Eff_Monster/Eff_XP_Elite02_01/Eff_Monster_XP_Elite02_01_Skill04_Pointer09_H.prefab"
        },
        {
          "Path": "Effects/Eff_Prefab/Eff_Monster/Eff_XP_Elite02_01/Eff_Monster_XP_Elite02_01_Skill05_Pointer.prefab"
        }
      ]
    },
    "8002010": {
      "SkillTypes": [],
      "EffectPaths": [
        {
          "Path": "Effects/Eff_Prefab/Eff_Monster/Eff_XP_Minion02_00/Eff_Monster_XP_Minion02_00_Skill02_01_Body.prefab"
        },
        {
          "Path": "Effects/Eff_Prefab/Eff_Monster/Eff_XP_Minion02_00/Eff_Monster_XP_Minion02_00_Skill02_01_Body02.prefab"
        },
        {
          "Path": "Effects/Eff_Prefab/Eff_Monster/Eff_XP_Minion02_00/Eff_Monster_XP_Minion02_00_Skill01_02_Weak.prefab"
        },
        {
          "Path": "Effects/Eff_Prefab/Eff_Monster/Eff_XP_Minion02_00/Eff_Monster_XP_Minion02_00_Skill01_02.prefab"
        }
      ]
    },
    "8011010": {
      "SkillTypes": [],
      "EffectPaths": [
        {
          "Path": "Effects/Eff_Prefab/Eff_Monster/Eff_AML_Minion01_00/Eff_Monster_AML_Minion01_00_StandBy_Loop.prefab"
        },
        {
          "Path": "Effects/Eff_Prefab/Eff_Monster/Eff_AML_Minion01_00/Eff_Monster_AML_Minion01_00_StandBy_Loop02.prefab"
        }
      ]
    },
    "8011020": {
      "SkillTypes": [],
      "EffectPaths": [
        {
          "Path": "Effects/Eff_Prefab/Eff_Monster/Eff_AML_Minion01_01/Eff_Monster_AML_Minion01_01_StandBy_Loop.prefab"
        },
        {
          "Path": "Effects/Eff_Prefab/Eff_Monster/Eff_AML_Minion01_01/Eff_Monster_AML_Minion01_01_StandBy_Loop02.prefab"
        }
      ]
    },
    "8001030": {
      "SkillTypes": [],
      "EffectPaths": [
        {
          "Path": "Effects/Eff_Prefab/Eff_Monster/Eff_XP_Minion03_00/Eff_Monster_XP_Minion03_00_StandBy_Loop.prefab"
        },
        {
          "Path": "Effects/Eff_Prefab/Eff_Monster/Eff_XP_Minion03_00/Eff_Monster_XP_Minion03_00_StandBy_Loop_02.prefab"
        }
      ]
    },
    "8022010": {
      "SkillTypes": [],
      "EffectPaths": [
        {
          "Path": "Effects/Eff_Prefab/Eff_Monster/Eff_SW_Boss_00/Eff_Monster_SW_Boss_Skill04_Ball_LoopSmall.prefab"
        },
        {
          "Path": "Effects/Eff_Prefab/Eff_Monster/Eff_SW_Boss_00/Eff_Monster_SW_Boss_Skill04_Ball_Appear.prefab"
        },
        {
          "Path": "Effects/Eff_Prefab/Eff_Monster/Eff_SW_Minion01_00/Eff_Monster_SW_Minion01_00_Skill02_Ball_Start.prefab"
        }
      ]
    },
    "8024010": {
      "SkillTypes": [],
      "EffectPaths": [
        {
          "Path": "Effects/Eff_Prefab/Eff_Monster/Eff_SW_Boss_00/Eff_Monster_SW_Boss_Skill02_Attack_00.prefab"
        },
        {
          "Path": "Effects/Eff_Prefab/Eff_Monster/Eff_SW_Boss_00/Eff_Monster_SW_Boss_Skill04_Ball_OpenBig.prefab"
        },
        {
          "Path": "Effects/Eff_Prefab/Eff_Monster/Eff_SW_Boss_00/Eff_Monster_SW_Boss_Skill04_Ball_Appear.prefab"
        },
        {
          "Path": "Effects/Eff_Prefab/Eff_Monster/Eff_SW_Boss_00/Eff_Monster_SW_Boss_Skill04_Ball_Loop.prefab",
          "Count": 3
        },
        {
          "Path": "Effects/Eff_Prefab/Eff_Monster/Eff_SW_Boss_00/Eff_Monster_SW_Boss_Skill04_Ball_LoopBig.prefab"
        }
      ]
    },
    "8024011": {
      "SkillTypes": [],
      "EffectPaths": [
        {
          "Path": "Effects/Eff_Prefab/Eff_Monster/Eff_SW_Boss_00/Eff_Monster_SW_Boss_Skill02_Attack_00.prefab"
        },
        {
          "Path": "Effects/Eff_Prefab/Eff_Monster/Eff_SW_Boss_00/Eff_Monster_SW_Boss_Skill04_Ball_OpenBig.prefab"
        },
        {
          "Path": "Effects/Eff_Prefab/Eff_Monster/Eff_SW_Boss_00/Eff_Monster_SW_Boss_Skill04_Ball_Appear.prefab"
        },
        {
          "Path": "Effects/Eff_Prefab/Eff_Monster/Eff_SW_Boss_00/Eff_Monster_SW_Boss_Skill04_Ball_Loop.prefab",
          "Count": 3
        },
        {
          "Path": "Effects/Eff_Prefab/Eff_Monster/Eff_SW_Boss_00/Eff_Monster_SW_Boss_Skill04_Ball_LoopBig.prefab"
        }
      ]
    },
    "8033010": {
      "SkillTypes": [],
      "EffectPaths": [
        {
          "Path": "Effects/Eff_Prefab/Eff_Monster/Eff_W1_Mecha03_02/Eff_Monster_W1_Mecha03_02_Skill06_Attack_01.prefab"
        },
        {
          "Path": "Effects/Eff_Prefab/Eff_Monster/Eff_W1_Mecha03_02/Eff_Monster_W1_Mecha03_02_Skill06_Attack_02.prefab"
        },
        {
          "Path": "Effects/Eff_Prefab/Eff_Monster/Eff_W1_Mecha03_02/Eff_Monster_W1_Mecha03_02_Skill06_Attack_03.prefab"
        },
        {
          "Path": "Effects/Eff_Prefab/Eff_Monster/Eff_W1_Mecha03_02/Eff_Monster_W1_Mecha03_02_Skill04_Attack Bullet_01.prefab",
          "Count": 4
        }
      ]
    },
    "9003107": {
      "SkillTypes": [],
      "EffectPaths": [
        {
          "Path": "Effects/Eff_Prefab/Eff_Monster/Eff_W1_Mecha03_02/Eff_Monster_W1_Mecha03_02_Skill06_Attack_01.prefab"
        },
        {
          "Path": "Effects/Eff_Prefab/Eff_Monster/Eff_W1_Mecha03_02/Eff_Monster_W1_Mecha03_02_Skill06_Attack_02.prefab"
        },
        {
          "Path": "Effects/Eff_Prefab/Eff_Monster/Eff_W1_Mecha03_02/Eff_Monster_W1_Mecha03_02_Skill06_Attack_03.prefab"
        },
        {
          "Path": "Effects/Eff_Prefab/Eff_Monster/Eff_W1_Mecha03_02/Eff_Monster_W1_Mecha03_02_Skill04_Attack Bullet_01.prefab",
          "Count": 4
        }
      ]
    },
    "1003011": {
      "SkillTypes": [
        "Skill"
      ]
    },
    "1013020": {
      "SkillTypes": [
        "Skill",
        "Common"
      ],
      "EffectPaths": []
    },
    "1013021": {
      "SkillTypes": [
        "Skill",
        "Common"
      ],
      "EffectPaths": []
    },
    "1013022": {
      "SkillTypes": [
        "Skill",
        "Common"
      ],
      "EffectPaths": []
    },
    "1013023": {
      "SkillTypes": [
        "Skill",
        "Common"
      ],
      "EffectPaths": []
    },
    "1022020": {
      "SkillTypes": [
        "Common"
      ],
      "EffectPaths": []
    },
    "1022010": {
      "SkillTypes": [
        "Common"
      ],
      "EffectPaths": []
    },
    "8001010": {
      "SkillTypes": [
        "Common"
      ],
      "EffectPaths": []
    },
    "8001020": {
      "SkillTypes": [
        "Common"
      ],
      "EffectPaths": []
    },
    "102201002": {
      "SkillTypes": [],
      "EffectPaths": [
        {
          "Path": "Effects/Eff_Prefab/Eff_Monster/Eff_W1_Soldier01_02/Eff_Monster_W1_Soldier01_02_Common_Remove.prefab"
        }
      ]
    },
    "1012030": {
      "EffectPaths": []
    },
    "8002040": {
      "EffectPaths": [
        {
          "Path": "Effects/Eff_Prefab/Eff_Monster/Eff_XP_Minion04_00/Eff_Monster_XP_Minion04_00_Common_Appear.prefab"
        }
      ]
    },
    "8002050": {
      "EffectPaths": [
        {
          "Path": "Effects/Eff_Prefab/Eff_Monster/Eff_XP_Minion04_01/Eff_Monster_XP_Minion04_01_Common_Appear.prefab"
        }
      ]
    },
    "1002030": {
      "SkillTypes": [
        "Skill"
      ],
      "EffectPaths": [
        {
          "Path": "Effects/Eff_Prefab/Eff_Monster/Eff_W1_Soldier04_00/Eff_Monster_W1_Soldier04_00_Skill03_Attack.prefab"
        },
        {
          "Path": "Effects/Eff_Prefab/Eff_Monster/Eff_W1_Soldier04_00/Eff_Monster_W1_Soldier04_00_Skill03_Bullet.prefab"
        },
        {
          "Path": "Effects/Eff_Prefab/Eff_Monster/Eff_W1_Soldier04_00/Eff_Monster_W1_Soldier04_00_Skill03_Start02.prefab"
        }
      ]
    },
    "9003100": {
      "SkillTypes": [
        "Skill"
      ],
      "EffectPaths": [
        {
          "Path": "Effects/Eff_Prefab/Eff_Avatar/Eff_Bailu/Eff_Avatar_Bailu_00_Skill02_Trail_02.prefab"
        }
      ]
    },
    "1005010": {
      "EffectPaths": [
        {
          "Path": "Effects/Eff_Prefab/Eff_Monster/Eff_W1_CocoliaP2_00/Eff_Monster_W1_CocoliaP2_00_Skill01_Attack.prefab"
        },
        {
          "Path": "Effects/Eff_Prefab/Eff_Monster/Eff_W1_CocoliaP2_00/Eff_Monster_W1_CocoliaP2_00_Skill01_Attack02.prefab"
        },
        {
          "Path": "Effects/Eff_Prefab/Eff_Monster/Eff_W1_CocoliaP2_00/Eff_Monster_W1_CocoliaP2_00_Skill01_Attack03.prefab"
        },
        {
          "Path": "Effects/Eff_Prefab/Eff_Monster/Eff_W1_CocoliaP2_00/Eff_Monster_W1_CocoliaP2_00_Skill01_Bullet.prefab"
        },
        {
          "Path": "Effects/Eff_Prefab/Eff_Monster/Eff_W1_CocoliaP2_00/Eff_Monster_W1_CocoliaP2_00_Skill01_Hit.prefab"
        },
        {
          "Path": "Effects/Eff_Prefab/Eff_Monster/Eff_W1_CocoliaP2_00/Eff_Monster_W1_CocoliaP2_00_Skill02_Start01.prefab"
        },
        {
          "Path": "Effects/Eff_Prefab/Eff_Monster/Eff_W1_CocoliaP2_00/Eff_Monster_W1_CocoliaP2_00_Skill06_Bullet.prefab"
        },
        {
          "Path": "Effects/Eff_Prefab/Eff_Monster/Eff_W1_CocoliaP2_00/Eff_Monster_W1_CocoliaP2_00_Skill06_Dissolve.prefab"
        },
        {
          "Path": "Effects/Eff_Prefab/Eff_Monster/Eff_W1_CocoliaP2_00/Eff_Monster_W1_CocoliaP2_00_Skill06_Hit.prefab"
        },
        {
          "Path": "Effects/Eff_Prefab/Eff_Monster/Eff_W1_CocoliaP2_00/Eff_Monster_W1_CocoliaP2_00_Skill06_Start02.prefab"
        },
        {
          "Path": "Effects/Eff_Prefab/Eff_Monster/Eff_W1_CocoliaP2_00/Eff_Monster_W1_CocoliaP2_00_Skill06_WeaponA.prefab"
        },
        {
          "Path": "Effects/Eff_Prefab/Eff_Monster/Eff_W1_CocoliaP2_00/Eff_Monster_W1_CocoliaP2_00_Skill06_WeaponA_On.prefab"
        },
        {
          "Path": "Effects/Eff_Prefab/Eff_Monster/Eff_W1_CocoliaP2_00/Eff_Monster_W1_CocoliaP2_00_Skill06_WeaponB.prefab"
        },
        {
          "Path": "Effects/Eff_Prefab/Eff_Monster/Eff_W1_CocoliaP2_00/Eff_Monster_W1_CocoliaP2_00_Skill06_WeaponB_On.prefab"
        },
        {
          "Path": "Effects/Eff_Prefab/Eff_Monster/Eff_W1_CocoliaP2_00/Eff_Monster_W1_CocoliaP2_00_Skill06_WeaponC.prefab"
        },
        {
          "Path": "Effects/Eff_Prefab/Eff_Monster/Eff_W1_CocoliaP2_00/Eff_Monster_W1_CocoliaP2_00_Skill06_WeaponC_On.prefab"
        },
        {
          "Path": "Effects/Eff_Prefab/Eff_Monster/Eff_W1_CocoliaP2_00/Eff_Monster_W1_CocoliaP2_00_Skill06_WeaponD.prefab"
        },
        {
          "Path": "Effects/Eff_Prefab/Eff_Monster/Eff_W1_CocoliaP2_00/Eff_Monster_W1_CocoliaP2_00_Skill06_WeaponD_On.prefab"
        },
        {
          "Path": "Effects/Eff_Prefab/Eff_Monster/Eff_W1_CocoliaP2_00/Eff_Monster_W1_CocoliaP2_00_Skill07_Attack.prefab"
        },
        {
          "Path": "Effects/Eff_Prefab/Eff_Monster/Eff_W1_CocoliaP2_00/Eff_Monster_W1_CocoliaP2_00_Skill07_Attack02.prefab"
        },
        {
          "Path": "Effects/Eff_Prefab/Eff_Monster/Eff_W1_CocoliaP2_00/Eff_Monster_W1_CocoliaP2_00_Skill07_Attack03.prefab"
        },
        {
          "Path": "Effects/Eff_Prefab/Eff_Monster/Eff_W1_CocoliaP2_00/Eff_Monster_W1_CocoliaP2_00_Skill07_Bullet.prefab"
        },
        {
          "Path": "Effects/Eff_Prefab/Eff_Monster/Eff_W1_CocoliaP2_00/Eff_Monster_W1_CocoliaP2_00_Skill07_Hit.prefab"
        },
        {
          "Path": "Effects/Eff_Prefab/Eff_Monster/Eff_W1_CocoliaP2_00/Eff_Monster_W1_CocoliaP2_00_Skill08_Start01.prefab"
        },
        {
          "Path": "Effects/Eff_Prefab/Eff_Monster/Eff_W1_CocoliaP2_00/Eff_Monster_W1_CocoliaP2_00_Skill08_Start02.prefab"
        },
        {
          "Path": "Effects/Eff_Prefab/Eff_Monster/Eff_W1_CocoliaP2_00/Eff_Monster_W1_CocoliaP2_00_Skill10_Start.prefab"
        },
        {
          "Path": "Effects/Eff_Prefab/Eff_Monster/Eff_W1_CocoliaP2_00/Eff_Monster_W1_CocoliaP2_00_Skill10_Start02.prefab"
        },
        {
          "Path": "Effects/Eff_Prefab/Eff_Monster/Eff_W1_CocoliaP2_00/Eff_Monster_W1_CocoliaP2_00_Skill10_Start_Camera.prefab"
        },
        {
          "Path": "Effects/Eff_Prefab/Eff_Monster/Eff_W1_CocoliaP2_00/Eff_Monster_W1_CocoliaP2_00_Skill12_01.prefab"
        },
        {
          "Path": "Effects/Eff_Prefab/Eff_Monster/Eff_W1_CocoliaP2_00/Eff_Monster_W1_CocoliaP2_00_Skill12_Hand.prefab"
        },
        {
          "Path": "Effects/Eff_Prefab/Eff_Monster/Eff_W1_CocoliaP2_00/Eff_Monster_W1_CocoliaP2_00_Skill9_Crystal.prefab"
        },
        {
          "Path": "Effects/Eff_Prefab/Eff_Monster/Eff_W1_CocoliaP2_00/Eff_Monster_W1_CocoliaP2_00_Skill9_Scence.prefab"
        },
        {
          "Path": "Effects/Eff_Prefab/Eff_Monster/Eff_W1_CocoliaP2_00/Eff_Monster_W1_CocoliaP2_00_Skill9_Start01.prefab"
        },
        {
          "Path": "Effects/Eff_Prefab/Eff_Monster/Eff_W1_CocoliaP2_00/Eff_Monster_W1_CocoliaP2_00_Skill9_Start02.prefab"
        },
        {
          "Path": "Effects/Eff_Prefab/Eff_Monster/Eff_W1_CocoliaP2_00/Eff_Monster_W1_CocoliaP2_00_Skill9_Start05.prefab"
        },
        {
          "Path": "Effects/Eff_Prefab/Eff_Monster/Eff_W1_CocoliaP2_00/Eff_Monster_W1_CocoliaP2_00_Skill9_Start06.prefab"
        },
        {
          "Path": "Effects/Eff_Prefab/Eff_Monster/Eff_W1_CocoliaP2_00/Eff_Monster_W1_CocoliaP2_01_Common_Appear.prefab",
          "Count": 2
        },
        {
          "Path": "Effects/Eff_Prefab/Eff_Monster/Eff_W1_CocoliaP2_00/Eff_Monster_W1_CocoliaP2_01_Common_Appear_Ground.prefab",
          "Count": 2
        },
        {
          "Path": "Effects/Eff_Prefab/Eff_Monster/Eff_W1_CocoliaP2_00/Eff_Monster_W1_CocoliaP2_01_Skill01_Start02.prefab",
          "Count": 2
        }
      ]
    },
    "1005011": {
      "EffectPaths": [
        {
          "Path": "Effects/Eff_Prefab/Eff_Monster/Eff_W1_CocoliaP2_00/Eff_Monster_W1_CocoliaP2_00_Skill11_CocoliaP1_Model.prefab"
        },
        {
          "Path": "Effects/Eff_Prefab/Eff_Monster/Eff_W1_CocoliaP2_00/Eff_Monster_W1_CocoliaP2_00_Skill011_Camera.prefab"
        },
        {
          "Path": "Effects/Eff_Prefab/Eff_Monster/Eff_W1_CocoliaP2_00/Eff_Monster_W1_CocoliaP2_00_Skill011_Camera02.prefab"
        },
        {
          "Path": "Effects/Eff_Prefab/Eff_Monster/Eff_W1_CocoliaP2_00/Eff_Monster_W1_CocoliaP2_00_Skill011_Camera03.prefab"
        },
        {
          "Path": "Effects/Eff_Prefab/Eff_Monster/Eff_W1_CocoliaP2_00/Eff_Monster_W1_CocoliaP2_00_Skill11_BackGround.prefab"
        },
        {
          "Path": "Effects/Eff_Prefab/Eff_Monster/Eff_W1_CocoliaP2_00/Eff_Monster_W1_CocoliaP2_00_Skill11_CocoliaP1_Model.prefab"
        },
        {
          "Path": "Effects/Eff_Prefab/Eff_Monster/Eff_W1_CocoliaP2_00/Eff_Monster_W1_CocoliaP2_00_Skill11_Freeze.prefab"
        },
        {
          "Path": "Effects/Eff_Prefab/Eff_Monster/Eff_W1_CocoliaP2_00/Eff_Monster_W1_CocoliaP2_00_Skill11_Ground.prefab"
        },
        {
          "Path": "Effects/Eff_Prefab/Eff_Monster/Eff_W1_CocoliaP2_00/Eff_Monster_W1_CocoliaP2_00_Skill11_Start01.prefab"
        },
        {
          "Path": "Effects/Eff_Prefab/Eff_Monster/Eff_W1_CocoliaP2_00/Eff_Monster_W1_CocoliaP2_00_Skill11_Start01_1.prefab"
        },
        {
          "Path": "Effects/Eff_Prefab/Eff_Monster/Eff_W1_CocoliaP2_00/Eff_Monster_W1_CocoliaP2_00_Skill11_Start02.prefab"
        },
        {
          "Path": "Effects/Eff_Prefab/Eff_Monster/Eff_W1_CocoliaP2_00/Eff_Monster_W1_CocoliaP2_00_Skill01_Attack.prefab"
        },
        {
          "Path": "Effects/Eff_Prefab/Eff_Monster/Eff_W1_CocoliaP2_00/Eff_Monster_W1_CocoliaP2_00_Skill01_Attack02.prefab"
        },
        {
          "Path": "Effects/Eff_Prefab/Eff_Monster/Eff_W1_CocoliaP2_00/Eff_Monster_W1_CocoliaP2_00_Skill01_Attack03.prefab"
        },
        {
          "Path": "Effects/Eff_Prefab/Eff_Monster/Eff_W1_CocoliaP2_00/Eff_Monster_W1_CocoliaP2_00_Skill01_Bullet.prefab"
        },
        {
          "Path": "Effects/Eff_Prefab/Eff_Monster/Eff_W1_CocoliaP2_00/Eff_Monster_W1_CocoliaP2_00_Skill01_Hit.prefab"
        },
        {
          "Path": "Effects/Eff_Prefab/Eff_Monster/Eff_W1_CocoliaP2_00/Eff_Monster_W1_CocoliaP2_00_Skill10_Fade out.prefab"
        },
        {
          "Path": "Effects/Eff_Prefab/Eff_Monster/Eff_W1_CocoliaP2_00/Eff_Monster_W1_CocoliaP2_00_Skill10_Loop.prefab"
        },
        {
          "Path": "Effects/Eff_Prefab/Eff_Monster/Eff_W1_CocoliaP2_00/Eff_Monster_W1_CocoliaP2_00_Skill10_Start.prefab"
        },
        {
          "Path": "Effects/Eff_Prefab/Eff_Monster/Eff_W1_CocoliaP2_00/Eff_Monster_W1_CocoliaP2_00_Skill10_Start02.prefab"
        },
        {
          "Path": "Effects/Eff_Prefab/Eff_Monster/Eff_W1_CocoliaP2_00/Eff_Monster_W1_CocoliaP2_00_Skill10_Start03.prefab"
        },
        {
          "Path": "Effects/Eff_Prefab/Eff_Monster/Eff_W1_CocoliaP2_00/Eff_Monster_W1_CocoliaP2_00_Skill10_Start_Camera.prefab"
        }
      ]
    },
    "1005012": {
      "EffectPaths": [
        {
          "Path": "Effects/Eff_Prefab/Eff_Monster/Eff_W1_CocoliaP2_00/Eff_Monster_W1_CocoliaP2_00_Skill01_Attack.prefab"
        },
        {
          "Path": "Effects/Eff_Prefab/Eff_Monster/Eff_W1_CocoliaP2_00/Eff_Monster_W1_CocoliaP2_00_Skill01_Attack02.prefab"
        },
        {
          "Path": "Effects/Eff_Prefab/Eff_Monster/Eff_W1_CocoliaP2_00/Eff_Monster_W1_CocoliaP2_00_Skill01_Attack03.prefab"
        },
        {
          "Path": "Effects/Eff_Prefab/Eff_Monster/Eff_W1_CocoliaP2_00/Eff_Monster_W1_CocoliaP2_00_Skill01_Bullet.prefab"
        },
        {
          "Path": "Effects/Eff_Prefab/Eff_Monster/Eff_W1_CocoliaP2_00/Eff_Monster_W1_CocoliaP2_00_Skill01_Hit.prefab"
        },
        {
          "Path": "Effects/Eff_Prefab/Eff_Monster/Eff_W1_CocoliaP2_00/Eff_Monster_W1_CocoliaP2_00_Skill02_Start01.prefab"
        },
        {
          "Path": "Effects/Eff_Prefab/Eff_Monster/Eff_W1_CocoliaP2_00/Eff_Monster_W1_CocoliaP2_00_Skill06_Bullet.prefab"
        },
        {
          "Path": "Effects/Eff_Prefab/Eff_Monster/Eff_W1_CocoliaP2_00/Eff_Monster_W1_CocoliaP2_00_Skill06_Dissolve.prefab"
        },
        {
          "Path": "Effects/Eff_Prefab/Eff_Monster/Eff_W1_CocoliaP2_00/Eff_Monster_W1_CocoliaP2_00_Skill06_Hit.prefab"
        },
        {
          "Path": "Effects/Eff_Prefab/Eff_Monster/Eff_W1_CocoliaP2_00/Eff_Monster_W1_CocoliaP2_00_Skill06_Start02.prefab"
        },
        {
          "Path": "Effects/Eff_Prefab/Eff_Monster/Eff_W1_CocoliaP2_00/Eff_Monster_W1_CocoliaP2_00_Skill06_WeaponA.prefab"
        },
        {
          "Path": "Effects/Eff_Prefab/Eff_Monster/Eff_W1_CocoliaP2_00/Eff_Monster_W1_CocoliaP2_00_Skill06_WeaponA_On.prefab"
        },
        {
          "Path": "Effects/Eff_Prefab/Eff_Monster/Eff_W1_CocoliaP2_00/Eff_Monster_W1_CocoliaP2_00_Skill06_WeaponB.prefab"
        },
        {
          "Path": "Effects/Eff_Prefab/Eff_Monster/Eff_W1_CocoliaP2_00/Eff_Monster_W1_CocoliaP2_00_Skill06_WeaponB_On.prefab"
        },
        {
          "Path": "Effects/Eff_Prefab/Eff_Monster/Eff_W1_CocoliaP2_00/Eff_Monster_W1_CocoliaP2_00_Skill06_WeaponC.prefab"
        },
        {
          "Path": "Effects/Eff_Prefab/Eff_Monster/Eff_W1_CocoliaP2_00/Eff_Monster_W1_CocoliaP2_00_Skill06_WeaponC_On.prefab"
        },
        {
          "Path": "Effects/Eff_Prefab/Eff_Monster/Eff_W1_CocoliaP2_00/Eff_Monster_W1_CocoliaP2_00_Skill06_WeaponD.prefab"
        },
        {
          "Path": "Effects/Eff_Prefab/Eff_Monster/Eff_W1_CocoliaP2_00/Eff_Monster_W1_CocoliaP2_00_Skill06_WeaponD_On.prefab"
        },
        {
          "Path": "Effects/Eff_Prefab/Eff_Monster/Eff_W1_CocoliaP2_00/Eff_Monster_W1_CocoliaP2_00_Skill07_Attack.prefab"
        },
        {
          "Path": "Effects/Eff_Prefab/Eff_Monster/Eff_W1_CocoliaP2_00/Eff_Monster_W1_CocoliaP2_00_Skill07_Attack02.prefab"
        },
        {
          "Path": "Effects/Eff_Prefab/Eff_Monster/Eff_W1_CocoliaP2_00/Eff_Monster_W1_CocoliaP2_00_Skill07_Attack03.prefab"
        },
        {
          "Path": "Effects/Eff_Prefab/Eff_Monster/Eff_W1_CocoliaP2_00/Eff_Monster_W1_CocoliaP2_00_Skill07_Bullet.prefab"
        },
        {
          "Path": "Effects/Eff_Prefab/Eff_Monster/Eff_W1_CocoliaP2_00/Eff_Monster_W1_CocoliaP2_00_Skill07_Hit.prefab"
        },
        {
          "Path": "Effects/Eff_Prefab/Eff_Monster/Eff_W1_CocoliaP2_00/Eff_Monster_W1_CocoliaP2_00_Skill08_Start01.prefab"
        },
        {
          "Path": "Effects/Eff_Prefab/Eff_Monster/Eff_W1_CocoliaP2_00/Eff_Monster_W1_CocoliaP2_00_Skill08_Start02.prefab"
        },
        {
          "Path": "Effects/Eff_Prefab/Eff_Monster/Eff_W1_CocoliaP2_00/Eff_Monster_W1_CocoliaP2_00_Skill10_Start.prefab"
        },
        {
          "Path": "Effects/Eff_Prefab/Eff_Monster/Eff_W1_CocoliaP2_00/Eff_Monster_W1_CocoliaP2_00_Skill10_Start02.prefab"
        },
        {
          "Path": "Effects/Eff_Prefab/Eff_Monster/Eff_W1_CocoliaP2_00/Eff_Monster_W1_CocoliaP2_00_Skill10_Start_Camera.prefab"
        },
        {
          "Path": "Effects/Eff_Prefab/Eff_Monster/Eff_W1_CocoliaP2_00/Eff_Monster_W1_CocoliaP2_00_Skill12_01.prefab"
        },
        {
          "Path": "Effects/Eff_Prefab/Eff_Monster/Eff_W1_CocoliaP2_00/Eff_Monster_W1_CocoliaP2_00_Skill12_Hand.prefab"
        },
        {
          "Path": "Effects/Eff_Prefab/Eff_Monster/Eff_W1_CocoliaP2_00/Eff_Monster_W1_CocoliaP2_00_Skill9_Crystal.prefab"
        },
        {
          "Path": "Effects/Eff_Prefab/Eff_Monster/Eff_W1_CocoliaP2_00/Eff_Monster_W1_CocoliaP2_00_Skill9_Scence.prefab"
        },
        {
          "Path": "Effects/Eff_Prefab/Eff_Monster/Eff_W1_CocoliaP2_00/Eff_Monster_W1_CocoliaP2_00_Skill9_Start01.prefab"
        },
        {
          "Path": "Effects/Eff_Prefab/Eff_Monster/Eff_W1_CocoliaP2_00/Eff_Monster_W1_CocoliaP2_00_Skill9_Start02.prefab"
        },
        {
          "Path": "Effects/Eff_Prefab/Eff_Monster/Eff_W1_CocoliaP2_00/Eff_Monster_W1_CocoliaP2_00_Skill9_Start05.prefab"
        },
        {
          "Path": "Effects/Eff_Prefab/Eff_Monster/Eff_W1_CocoliaP2_00/Eff_Monster_W1_CocoliaP2_00_Skill9_Start06.prefab"
        },
        {
          "Path": "Effects/Eff_Prefab/Eff_Monster/Eff_W1_CocoliaP2_00/Eff_Monster_W1_CocoliaP2_01_Common_Appear.prefab",
          "Count": 2
        },
        {
          "Path": "Effects/Eff_Prefab/Eff_Monster/Eff_W1_CocoliaP2_00/Eff_Monster_W1_CocoliaP2_01_Common_Appear_Ground.prefab",
          "Count": 2
        },
        {
          "Path": "Effects/Eff_Prefab/Eff_Monster/Eff_W1_CocoliaP2_00/Eff_Monster_W1_CocoliaP2_01_Skill01_Start02.prefab",
          "Count": 2
        }
      ]
    },
    "9003020": {
      "EffectPaths": [
        {
          "Path": "Effects/Eff_Prefab/Eff_Monster/Eff_W1_Colossus_00/Eff_Monster_W1_Colossus_00_Skill02_Start01.prefab"
        },
        {
          "Path": "Effects/Eff_Prefab/Eff_Monster/Eff_W1_Colossus_00/Eff_Monster_W1_Colossus_00_Skill02_Hit.prefab"
        },
        {
          "Path": "Effects/Eff_Prefab/Eff_Monster/Eff_W1_Colossus_00/Eff_Monster_W1_Colossus_00_Skill02_Start01.prefab"
        },
        {
          "Path": "Effects/Eff_Prefab/Eff_Monster/Eff_W1_Colossus_00/Eff_Monster_W1_Colossus_00_Skill02_Start01_Camera.prefab"
        },
        {
          "Path": "Effects/Eff_Prefab/Eff_Monster/Eff_W1_Colossus_00/Eff_Monster_W1_Colossus_00_Skill02_Start02.prefab"
        }
      ]
    },
    "8015010": {
      "EffectPaths": [
        {
          "Path": "Effects/Eff_Prefab/Eff_Monster/Eff_AML_Boss_00/Eff_Monster_AML_Boss_00_Skill10_02.prefab"
        },
        {
          "Path": "Effects/Eff_Prefab/Eff_Monster/Eff_AML_Boss_00/Eff_Monster_AML_Boss_00_Skill07_03.prefab"
        },
        {
          "Path": "Effects/Eff_Prefab/Eff_Monster/Eff_AML_Boss_00/Eff_Monster_AML_Boss_00_Skill08_03.prefab"
        },
        {
          "Path": "Effects/Eff_Prefab/Eff_Monster/Eff_AML_Boss_00/Eff_Monster_AML_Boss_00_Hit_Part_Crack_1.prefab"
        },
        {
          "Path": "Effects/Eff_Prefab/Eff_Monster/Eff_AML_Boss_00/Eff_Monster_AML_Boss_00_Hit_Part_Crack_1_black.prefab"
        },
        {
          "Path": "Effects/Eff_Prefab/Eff_Monster/Eff_AML_Boss_00/Eff_Monster_AML_Boss_00_Hit_Part_Crack_2.prefab"
        },
        {
          "Path": "Effects/Eff_Prefab/Eff_Monster/Eff_AML_Boss_00/Eff_Monster_AML_Boss_00_Hit_Part_Crack_2_black.prefab"
        },
        {
          "Path": "Effects/Eff_Prefab/Eff_Monster/Eff_AML_Boss_00/Eff_Monster_AML_Boss_00_Hit_Part_Crack_3.prefab"
        },
        {
          "Path": "Effects/Eff_Prefab/Eff_Monster/Eff_AML_Boss_00/Eff_Monster_AML_Boss_00_Hit_Part_Crack_3_black.prefab"
        }
      ]
    },
    "8015011": {
      "EffectPaths": [
        {
          "Path": "Effects/Eff_Prefab/Eff_Monster/Eff_AML_Boss_00/Eff_Monster_AML_Boss_00_Skill10_02.prefab"
        },
        {
          "Path": "Effects/Eff_Prefab/Eff_Monster/Eff_AML_Boss_00/Eff_Monster_AML_Boss_00_Skill07_03.prefab"
        },
        {
          "Path": "Effects/Eff_Prefab/Eff_Monster/Eff_AML_Boss_00/Eff_Monster_AML_Boss_00_Skill08_03.prefab"
        },
        {
          "Path": "Effects/Eff_Prefab/Eff_Monster/Eff_AML_Boss_00/Eff_Monster_AML_Boss_00_Hit_Part_Crack_1.prefab"
        },
        {
          "Path": "Effects/Eff_Prefab/Eff_Monster/Eff_AML_Boss_00/Eff_Monster_AML_Boss_00_Hit_Part_Crack_1_black.prefab"
        },
        {
          "Path": "Effects/Eff_Prefab/Eff_Monster/Eff_AML_Boss_00/Eff_Monster_AML_Boss_00_Hit_Part_Crack_2.prefab"
        },
        {
          "Path": "Effects/Eff_Prefab/Eff_Monster/Eff_AML_Boss_00/Eff_Monster_AML_Boss_00_Hit_Part_Crack_2_black.prefab"
        },
        {
          "Path": "Effects/Eff_Prefab/Eff_Monster/Eff_AML_Boss_00/Eff_Monster_AML_Boss_00_Hit_Part_Crack_3.prefab"
        },
        {
          "Path": "Effects/Eff_Prefab/Eff_Monster/Eff_AML_Boss_00/Eff_Monster_AML_Boss_00_Hit_Part_Crack_3_black.prefab"
        }
      ]
    },
    "8015020": {
      "EffectPaths": [
        {
          "Path": "Effects/Eff_Prefab/Eff_Monster/Eff_W2_Huanlong_00/Eff_Monster_W2_Huanlong_00_Skill06_01.prefab"
        },
        {
          "Path": "Effects/Eff_Prefab/Eff_Monster/Eff_W2_Huanlong_00/Eff_Monster_W2_Huanlong_00_Skill06_02.prefab"
        },
        {
          "Path": "Effects/Eff_Prefab/Eff_Monster/Eff_W2_Huanlong_00/Eff_Monster_W2_Huanlong_00_Skill06_03.prefab"
        },
        {
          "Path": "Effects/Eff_Prefab/Eff_Monster/Eff_W2_Huanlong_00/Eff_Monster_W2_Huanlong_00_Skill06_04.prefab"
        },
        {
          "Path": "Effects/Eff_Prefab/Eff_Monster/Eff_W2_Huanlong_00/Eff_Monster_W2_Huanlong_00_Skill06_05.prefab"
        },
        {
          "Path": "Effects/Eff_Prefab/Eff_Monster/Eff_W2_Huanlong_00/Eff_Monster_W2_Huanlong_00_Skill06_06.prefab"
        },
        {
          "Path": "Effects/Eff_Prefab/Eff_Monster/Eff_W2_Huanlong_00/Eff_Monster_W2_Huanlong_01_Skill08_Cloud.prefab"
        },
        {
          "Path": "Effects/Eff_Prefab/Eff_Monster/Eff_W2_Huanlong_00/Eff_Monster_W2_Huanlong_01_Skill08_Scene.prefab"
        },
        {
          "Path": "Effects/Eff_Prefab/Eff_Monster/Eff_W2_Huanlong_00/Eff_Monster_W2_Huanlong_01_Skill08_Start01.prefab"
        },
        {
          "Path": "Effects/Eff_Prefab/Eff_Monster/Eff_W2_Huanlong_00/Eff_Monster_W2_Huanlong_01_Skill08_Start01_01.prefab"
        },
        {
          "Path": "Effects/Eff_Prefab/Eff_Monster/Eff_W2_Huanlong_00/Eff_Monster_W2_Huanlong_01_Skill08_Start02.prefab"
        },
        {
          "Path": "Effects/Eff_Prefab/Eff_Monster/Eff_W2_Huanlong_00/Eff_Monster_W2_Huanlong_01_Skill08_Start02_Camera.prefab"
        },
        {
          "Path": "Effects/Eff_Prefab/Eff_Monster/Eff_W2_Huanlong_00/Eff_Monster_W2_Huanlong_01_Skill08_Start03_01.prefab"
        },
        {
          "Path": "Effects/Eff_Prefab/Eff_Monster/Eff_W2_Huanlong_00/Eff_Monster_W2_Huanlong_01_Skill08_Start03_02.prefab"
        },
        {
          "Path": "Effects/Eff_Prefab/Eff_Monster/Eff_W2_Huanlong_00/Eff_Monster_W2_Huanlong_01_Skill08_Start03_Camera.prefab"
        },
        {
          "Path": "Effects/Eff_Prefab/Eff_Monster/Eff_W2_Huanlong_00/Eff_Monster_W2_Huanlong_01_Skill08_Start05_01.prefab"
        },
        {
          "Path": "Effects/Eff_Prefab/Eff_Monster/Eff_W2_Huanlong_00/Eff_Monster_W2_Huanlong_01_Skill08_Start05_Camera.prefab"
        },
        {
          "Path": "Effects/Eff_Prefab/Eff_Monster/Eff_W2_Huanlong_00/Eff_Monster_W2_Huanlong_02_Skill10_Attack.prefab"
        },
        {
          "Path": "Effects/Eff_Prefab/Eff_Monster/Eff_W2_Huanlong_00/Eff_Monster_W2_Huanlong_02_Skill10_Camera.prefab"
        },
        {
          "Path": "Effects/Eff_Prefab/Eff_Monster/Eff_W2_Huanlong_00/Eff_Monster_W2_Huanlong_02_Skill10_Cloud_01.prefab"
        },
        {
          "Path": "Effects/Eff_Prefab/Eff_Monster/Eff_W2_Huanlong_00/Eff_Monster_W2_Huanlong_02_Skill10_Start01.prefab"
        },
        {
          "Path": "Effects/Eff_Prefab/Eff_Monster/Eff_W2_Huanlong_00/Eff_Monster_W2_Huanlong_02_Skill10_Start02.prefab"
        },
        {
          "Path": "Effects/Eff_Prefab/Eff_Monster/Eff_W2_Huanlong_00/Eff_Monster_W2_Huanlong_02_Skill10_Start03.prefab"
        },
        {
          "Path": "Effects/Eff_Prefab/Eff_Monster/Eff_W2_Huanlong_00/Eff_Monster_W2_Huanlong_02_Skill10_Start04.prefab"
        },
        {
          "Path": "Effects/Eff_Prefab/Eff_Monster/Eff_W2_Huanlong_00/Eff_Monster_W2_Huanlong_02_Skill10_Trail.prefab"
        },
        {
          "Path": "Effects/Eff_Prefab/Eff_Monster/Eff_W2_Huanlong_00/Eff_Monster_W2_Huanlong_02_Skill14_Cloud.prefab"
        },
        {
          "Path": "Effects/Eff_Prefab/Eff_Monster/Eff_W2_Huanlong_00/Eff_Monster_W2_Huanlong_02_Skill14_Scene.prefab"
        },
        {
          "Path": "Effects/Eff_Prefab/Eff_Monster/Eff_W2_Huanlong_00/Eff_Monster_W2_Huanlong_02_Skill14_Start01.prefab"
        },
        {
          "Path": "Effects/Eff_Prefab/Eff_Monster/Eff_W2_Huanlong_00/Eff_Monster_W2_Huanlong_02_Skill14_Start01_01.prefab"
        },
        {
          "Path": "Effects/Eff_Prefab/Eff_Monster/Eff_W2_Huanlong_00/Eff_Monster_W2_Huanlong_02_Skill14_Start02_Camera.prefab"
        },
        {
          "Path": "Effects/Eff_Prefab/Eff_Monster/Eff_W2_Huanlong_00/Eff_Monster_W2_Huanlong_02_Skill14_Start03_01.prefab"
        },
        {
          "Path": "Effects/Eff_Prefab/Eff_Monster/Eff_W2_Huanlong_00/Eff_Monster_W2_Huanlong_02_Skill14_Start03_02.prefab"
        },
        {
          "Path": "Effects/Eff_Prefab/Eff_Monster/Eff_W2_Huanlong_00/Eff_Monster_W2_Huanlong_02_Skill14_Start03_Camera.prefab"
        },
        {
          "Path": "Effects/Eff_Prefab/Eff_Monster/Eff_W2_Huanlong_00/Eff_Monster_W2_Huanlong_02_Skill14_Start05_01.prefab"
        },
        {
          "Path": "Effects/Eff_Prefab/Eff_Monster/Eff_W2_Huanlong_00/Eff_Monster_W2_Huanlong_02_Skill14_Start05_Camera.prefab"
        },
        {
          "Path": "Effects/Eff_Prefab/Eff_Monster/Eff_W2_HuanlongPart_01/Eff_Monster_W2_HuanlongPart_01_Skill01_Hit.prefab"
        }
      ]
    },
    "8015021": {
      "EffectPaths": [
        {
          "Path": "Effects/Eff_Prefab/Eff_Monster/Eff_W2_Huanlong_00/Eff_Monster_W2_Huanlong_00_Skill06_01.prefab"
        },
        {
          "Path": "Effects/Eff_Prefab/Eff_Monster/Eff_W2_Huanlong_00/Eff_Monster_W2_Huanlong_00_Skill06_02.prefab"
        },
        {
          "Path": "Effects/Eff_Prefab/Eff_Monster/Eff_W2_Huanlong_00/Eff_Monster_W2_Huanlong_00_Skill06_03.prefab"
        },
        {
          "Path": "Effects/Eff_Prefab/Eff_Monster/Eff_W2_Huanlong_00/Eff_Monster_W2_Huanlong_00_Skill06_04.prefab"
        },
        {
          "Path": "Effects/Eff_Prefab/Eff_Monster/Eff_W2_Huanlong_00/Eff_Monster_W2_Huanlong_00_Skill06_05.prefab"
        },
        {
          "Path": "Effects/Eff_Prefab/Eff_Monster/Eff_W2_Huanlong_00/Eff_Monster_W2_Huanlong_00_Skill06_06.prefab"
        },
        {
          "Path": "Effects/Eff_Prefab/Eff_Monster/Eff_W2_Huanlong_00/Eff_Monster_W2_Huanlong_01_Skill08_Cloud.prefab"
        },
        {
          "Path": "Effects/Eff_Prefab/Eff_Monster/Eff_W2_Huanlong_00/Eff_Monster_W2_Huanlong_01_Skill08_Scene.prefab"
        },
        {
          "Path": "Effects/Eff_Prefab/Eff_Monster/Eff_W2_Huanlong_00/Eff_Monster_W2_Huanlong_01_Skill08_Start01.prefab"
        },
        {
          "Path": "Effects/Eff_Prefab/Eff_Monster/Eff_W2_Huanlong_00/Eff_Monster_W2_Huanlong_01_Skill08_Start01_01.prefab"
        },
        {
          "Path": "Effects/Eff_Prefab/Eff_Monster/Eff_W2_Huanlong_00/Eff_Monster_W2_Huanlong_01_Skill08_Start02.prefab"
        },
        {
          "Path": "Effects/Eff_Prefab/Eff_Monster/Eff_W2_Huanlong_00/Eff_Monster_W2_Huanlong_01_Skill08_Start02_Camera.prefab"
        },
        {
          "Path": "Effects/Eff_Prefab/Eff_Monster/Eff_W2_Huanlong_00/Eff_Monster_W2_Huanlong_01_Skill08_Start03_01.prefab"
        },
        {
          "Path": "Effects/Eff_Prefab/Eff_Monster/Eff_W2_Huanlong_00/Eff_Monster_W2_Huanlong_01_Skill08_Start03_02.prefab"
        },
        {
          "Path": "Effects/Eff_Prefab/Eff_Monster/Eff_W2_Huanlong_00/Eff_Monster_W2_Huanlong_01_Skill08_Start03_Camera.prefab"
        },
        {
          "Path": "Effects/Eff_Prefab/Eff_Monster/Eff_W2_Huanlong_00/Eff_Monster_W2_Huanlong_01_Skill08_Start05_01.prefab"
        },
        {
          "Path": "Effects/Eff_Prefab/Eff_Monster/Eff_W2_Huanlong_00/Eff_Monster_W2_Huanlong_01_Skill08_Start05_Camera.prefab"
        },
        {
          "Path": "Effects/Eff_Prefab/Eff_Monster/Eff_W2_Huanlong_00/Eff_Monster_W2_Huanlong_02_Skill10_Attack.prefab"
        },
        {
          "Path": "Effects/Eff_Prefab/Eff_Monster/Eff_W2_Huanlong_00/Eff_Monster_W2_Huanlong_02_Skill10_Camera.prefab"
        },
        {
          "Path": "Effects/Eff_Prefab/Eff_Monster/Eff_W2_Huanlong_00/Eff_Monster_W2_Huanlong_02_Skill10_Cloud_01.prefab"
        },
        {
          "Path": "Effects/Eff_Prefab/Eff_Monster/Eff_W2_Huanlong_00/Eff_Monster_W2_Huanlong_02_Skill10_Start01.prefab"
        },
        {
          "Path": "Effects/Eff_Prefab/Eff_Monster/Eff_W2_Huanlong_00/Eff_Monster_W2_Huanlong_02_Skill10_Start02.prefab"
        },
        {
          "Path": "Effects/Eff_Prefab/Eff_Monster/Eff_W2_Huanlong_00/Eff_Monster_W2_Huanlong_02_Skill10_Start03.prefab"
        },
        {
          "Path": "Effects/Eff_Prefab/Eff_Monster/Eff_W2_Huanlong_00/Eff_Monster_W2_Huanlong_02_Skill10_Start04.prefab"
        },
        {
          "Path": "Effects/Eff_Prefab/Eff_Monster/Eff_W2_Huanlong_00/Eff_Monster_W2_Huanlong_02_Skill10_Trail.prefab"
        },
        {
          "Path": "Effects/Eff_Prefab/Eff_Monster/Eff_W2_Huanlong_00/Eff_Monster_W2_Huanlong_02_Skill14_Cloud.prefab"
        },
        {
          "Path": "Effects/Eff_Prefab/Eff_Monster/Eff_W2_Huanlong_00/Eff_Monster_W2_Huanlong_02_Skill14_Scene.prefab"
        },
        {
          "Path": "Effects/Eff_Prefab/Eff_Monster/Eff_W2_Huanlong_00/Eff_Monster_W2_Huanlong_02_Skill14_Start01.prefab"
        },
        {
          "Path": "Effects/Eff_Prefab/Eff_Monster/Eff_W2_Huanlong_00/Eff_Monster_W2_Huanlong_02_Skill14_Start01_01.prefab"
        },
        {
          "Path": "Effects/Eff_Prefab/Eff_Monster/Eff_W2_Huanlong_00/Eff_Monster_W2_Huanlong_02_Skill14_Start02_Camera.prefab"
        },
        {
          "Path": "Effects/Eff_Prefab/Eff_Monster/Eff_W2_Huanlong_00/Eff_Monster_W2_Huanlong_02_Skill14_Start03_01.prefab"
        },
        {
          "Path": "Effects/Eff_Prefab/Eff_Monster/Eff_W2_Huanlong_00/Eff_Monster_W2_Huanlong_02_Skill14_Start03_02.prefab"
        },
        {
          "Path": "Effects/Eff_Prefab/Eff_Monster/Eff_W2_Huanlong_00/Eff_Monster_W2_Huanlong_02_Skill14_Start03_Camera.prefab"
        },
        {
          "Path": "Effects/Eff_Prefab/Eff_Monster/Eff_W2_Huanlong_00/Eff_Monster_W2_Huanlong_02_Skill14_Start05_01.prefab"
        },
        {
          "Path": "Effects/Eff_Prefab/Eff_Monster/Eff_W2_Huanlong_00/Eff_Monster_W2_Huanlong_02_Skill14_Start05_Camera.prefab"
        },
        {
          "Path": "Effects/Eff_Prefab/Eff_Monster/Eff_W2_HuanlongPart_01/Eff_Monster_W2_HuanlongPart_01_Skill01_Hit.prefab"
        }
      ]
    },
    "2011020": {
      "SkillTypes": [
        "Skill"
      ]
    },
    "2011010": {
      "SkillTypes": [
        "Skill"
      ]
    },
    "1012010": {
      "SkillTypes": [
        "Skill"
      ]
    },
    "2022040": {
      "SkillTypes": [
        "Common"
      ]
    },
    "2022050": {
      "SkillTypes": [
        "Common"
      ]
    },
    "2022051": {
      "SkillTypes": [
        "Common"
      ]
    },
    "2004020": {
      "EffectPaths": [
        {
          "Path": "Effects/Eff_Prefab/Eff_Monster/Eff_W2_Yanqing_00/Eff_Monster_W2_Yanqing_00_Skill01_Start01_01.prefab"
        },
        {
          "Path": "Effects/Eff_Prefab/Eff_Monster/Eff_W2_Yanqing_00/Eff_Monster_W2_Yanqing_00_Skill01_Start01_FingerL.prefab"
        },
        {
          "Path": "Effects/Eff_Prefab/Eff_Monster/Eff_W2_Yanqing_00/Eff_Monster_W2_Yanqing_00_Skill02_Start01_FingerL.prefab"
        },
        {
          "Path": "Effects/Eff_Prefab/Eff_Monster/Eff_W2_Yanqing_00/Eff_Monster_W2_Yanqing_00_Skill02_Start01_Shield.prefab"
        },
        {
          "Path": "Effects/Eff_Prefab/Eff_Monster/Eff_W2_Yanqing_00/Eff_Monster_W2_Yanqing_00_Skill03_End_Weapon.prefab"
        },
        {
          "Path": "Effects/Eff_Prefab/Eff_Monster/Eff_W2_Yanqing_00/Eff_Monster_W2_Yanqing_00_Skill03_FingerL.prefab"
        },
        {
          "Path": "Effects/Eff_Prefab/Eff_Monster/Eff_W2_Yanqing_00/Eff_Monster_W2_Yanqing_00_Skill03_Start01_Weapon.prefab"
        },
        {
          "Path": "Effects/Eff_Prefab/Eff_Monster/Eff_W2_Yanqing_00/Eff_Monster_W2_Yanqing_00_Skill03_Start01_Weapon_02.prefab"
        },
        {
          "Path": "Effects/Eff_Prefab/Eff_Monster/Eff_W2_Yanqing_00/Eff_Monster_W2_Yanqing_00_Skill03_Start01_Weapon_03.prefab"
        },
        {
          "Path": "Effects/Eff_Prefab/Eff_Monster/Eff_W2_Yanqing_00/Eff_Monster_W2_Yanqing_00_Skill04_End_Weapon.prefab"
        },
        {
          "Path": "Effects/Eff_Prefab/Eff_Monster/Eff_W2_Yanqing_00/Eff_Monster_W2_Yanqing_00_Skill04_Start01_02.prefab"
        },
        {
          "Path": "Effects/Eff_Prefab/Eff_Monster/Eff_W2_Yanqing_00/Eff_Monster_W2_Yanqing_00_Skill04_Start01_02_Weapon.prefab"
        },
        {
          "Path": "Effects/Eff_Prefab/Eff_Monster/Eff_W2_Yanqing_00/Eff_Monster_W2_Yanqing_00_Skill04_Start01_Weapon.prefab"
        },
        {
          "Path": "Effects/Eff_Prefab/Eff_Monster/Eff_W2_Yanqing_00/Eff_Monster_W2_Yanqing_00_Skill04_Weapon.prefab"
        },
        {
          "Path": "Effects/Eff_Prefab/Eff_Monster/Eff_W2_Yanqing_00/Eff_Monster_W2_Yanqing_00_Skill05_Start01.prefab"
        },
        {
          "Path": "Effects/Eff_Prefab/Eff_Monster/Eff_W2_Yanqing_00/Eff_Monster_W2_Yanqing_00_Skill05_Weapon.prefab"
        },
        {
          "Path": "Effects/Eff_Prefab/Eff_Monster/Eff_W2_Yanqing_00/Eff_Monster_W2_Yanqing_00_Skill05_Weapon_Trail.prefab"
        },
        {
          "Path": "Effects/Eff_Prefab/Eff_Monster/Eff_W2_Yanqing_00/Eff_Monster_W2_Yanqing_00_Skill06_Hit.prefab"
        },
        {
          "Path": "Effects/Eff_Prefab/Eff_Monster/Eff_W2_Yanqing_00/Eff_Monster_W2_Yanqing_00_Skill06_Hit_01.prefab"
        },
        {
          "Path": "Effects/Eff_Prefab/Eff_Monster/Eff_W2_Yanqing_00/Eff_Monster_W2_Yanqing_00_Skill06_Hit_03.prefab"
        },
        {
          "Path": "Effects/Eff_Prefab/Eff_Monster/Eff_W2_Yanqing_00/Eff_Monster_W2_Yanqing_00_Skill06_Hit_Weapon.prefab"
        },
        {
          "Path": "Effects/Eff_Prefab/Eff_Monster/Eff_W2_Yanqing_00/Eff_Monster_W2_Yanqing_00_Skill06_Hit_Weapon_01.prefab"
        },
        {
          "Path": "Effects/Eff_Prefab/Eff_Monster/Eff_W2_Yanqing_00/Eff_Monster_W2_Yanqing_00_Skill06_Scene.prefab"
        },
        {
          "Path": "Effects/Eff_Prefab/Eff_Monster/Eff_W2_Yanqing_00/Eff_Monster_W2_Yanqing_00_Skill06_Scene_01.prefab"
        },
        {
          "Path": "Effects/Eff_Prefab/Eff_Monster/Eff_W2_Yanqing_00/Eff_Monster_W2_Yanqing_00_Skill06_Start_01.prefab"
        },
        {
          "Path": "Effects/Eff_Prefab/Eff_Monster/Eff_W2_Yanqing_00/Eff_Monster_W2_Yanqing_00_Skill06_Weapon.prefab"
        },
        {
          "Path": "Effects/Eff_Prefab/Eff_Monster/Eff_W2_Yanqing_00/Eff_Monster_W2_Yanqing_00_Skill06_weapon_shader.prefab"
        },
        {
          "Path": "Effects/Eff_Prefab/Eff_Monster/Eff_W2_Yanqing_00/Eff_Monster_W2_Yanqing_00_Skill08_Camera.prefab"
        },
        {
          "Path": "Effects/Eff_Prefab/Eff_Monster/Eff_W2_Yanqing_00/Eff_Monster_W2_Yanqing_00_Skill08_Caster_Start01_Dissolve.prefab"
        },
        {
          "Path": "Effects/Eff_Prefab/Eff_Monster/Eff_W2_Yanqing_00/Eff_Monster_W2_Yanqing_00_Skill08_Hit_01.prefab"
        },
        {
          "Path": "Effects/Eff_Prefab/Eff_Monster/Eff_W2_Yanqing_00/Eff_Monster_W2_Yanqing_00_Skill08_Hit_02.prefab"
        },
        {
          "Path": "Effects/Eff_Prefab/Eff_Monster/Eff_W2_Yanqing_00/Eff_Monster_W2_Yanqing_00_Skill08_Hit_Weapon.prefab"
        },
        {
          "Path": "Effects/Eff_Prefab/Eff_Monster/Eff_W2_Yanqing_00/Eff_Monster_W2_Yanqing_00_Skill08_Hit_Weapon_01.prefab"
        },
        {
          "Path": "Effects/Eff_Prefab/Eff_Monster/Eff_W2_Yanqing_00/Eff_Monster_W2_Yanqing_00_Skill08_Minion_Start01.prefab"
        },
        {
          "Path": "Effects/Eff_Prefab/Eff_Monster/Eff_W2_Yanqing_00/Eff_Monster_W2_Yanqing_00_Skill08_Minion_Start01_Finger.prefab"
        },
        {
          "Path": "Effects/Eff_Prefab/Eff_Monster/Eff_W2_Yanqing_00/Eff_Monster_W2_Yanqing_00_Skill08_Scene.prefab"
        },
        {
          "Path": "Effects/Eff_Prefab/Eff_Monster/Eff_W2_Yanqing_00/Eff_Monster_W2_Yanqing_00_Skill08_Scene_01.prefab"
        },
        {
          "Path": "Effects/Eff_Prefab/Eff_Monster/Eff_W2_Yanqing_00/Eff_Monster_W2_Yanqing_00_Skill08_Target_Attack.prefab"
        },
        {
          "Path": "Effects/Eff_Prefab/Eff_Monster/Eff_W2_Yanqing_00/Eff_Monster_W2_Yanqing_01_Skill01_Bullet.prefab"
        },
        {
          "Path": "Effects/Eff_Prefab/Eff_Monster/Eff_W2_Yanqing_00/Eff_Monster_W2_Yanqing_01_Skill01_Start01.prefab"
        },
        {
          "Path": "Effects/Eff_Prefab/Eff_Monster/Eff_W2_Yanqing_00/Eff_Monster_W2_Yanqing_01_Skill01_Start02.prefab"
        },
        {
          "Path": "Effects/Eff_Prefab/Eff_Monster/Eff_W2_Yanqing_00/Eff_Monster_W2_Yanqing_01_Skill01_Weapon.prefab"
        },
        {
          "Path": "Effects/Eff_Prefab/Eff_Monster/Eff_W2_Yanqing_00/Eff_Monster_W2_Yanqing_01_Common_Appear.prefab",
          "Count": 2
        },
        {
          "Path": "Effects/Eff_Prefab/Eff_Monster/Eff_W2_Yanqing_00/Eff_Monster_W2_Yanqing_02_Common_Appear.prefab",
          "Count": 2
        }
      ]
    },
    "2004021": {
      "EffectPaths": [
        {
          "Path": "Effects/Eff_Prefab/Eff_Monster/Eff_W2_Yanqing_00/Eff_Monster_W2_Yanqing_00_Skill01_Start01_01.prefab"
        },
        {
          "Path": "Effects/Eff_Prefab/Eff_Monster/Eff_W2_Yanqing_00/Eff_Monster_W2_Yanqing_00_Skill01_Start01_FingerL.prefab"
        },
        {
          "Path": "Effects/Eff_Prefab/Eff_Monster/Eff_W2_Yanqing_00/Eff_Monster_W2_Yanqing_00_Skill02_Start01_FingerL.prefab"
        },
        {
          "Path": "Effects/Eff_Prefab/Eff_Monster/Eff_W2_Yanqing_00/Eff_Monster_W2_Yanqing_00_Skill02_Start01_Shield.prefab"
        },
        {
          "Path": "Effects/Eff_Prefab/Eff_Monster/Eff_W2_Yanqing_00/Eff_Monster_W2_Yanqing_00_Skill03_End_Weapon.prefab"
        },
        {
          "Path": "Effects/Eff_Prefab/Eff_Monster/Eff_W2_Yanqing_00/Eff_Monster_W2_Yanqing_00_Skill03_FingerL.prefab"
        },
        {
          "Path": "Effects/Eff_Prefab/Eff_Monster/Eff_W2_Yanqing_00/Eff_Monster_W2_Yanqing_00_Skill03_Start01_Weapon.prefab"
        },
        {
          "Path": "Effects/Eff_Prefab/Eff_Monster/Eff_W2_Yanqing_00/Eff_Monster_W2_Yanqing_00_Skill03_Start01_Weapon_02.prefab"
        },
        {
          "Path": "Effects/Eff_Prefab/Eff_Monster/Eff_W2_Yanqing_00/Eff_Monster_W2_Yanqing_00_Skill03_Start01_Weapon_03.prefab"
        },
        {
          "Path": "Effects/Eff_Prefab/Eff_Monster/Eff_W2_Yanqing_00/Eff_Monster_W2_Yanqing_00_Skill04_End_Weapon.prefab"
        },
        {
          "Path": "Effects/Eff_Prefab/Eff_Monster/Eff_W2_Yanqing_00/Eff_Monster_W2_Yanqing_00_Skill04_Start01_02.prefab"
        },
        {
          "Path": "Effects/Eff_Prefab/Eff_Monster/Eff_W2_Yanqing_00/Eff_Monster_W2_Yanqing_00_Skill04_Start01_02_Weapon.prefab"
        },
        {
          "Path": "Effects/Eff_Prefab/Eff_Monster/Eff_W2_Yanqing_00/Eff_Monster_W2_Yanqing_00_Skill04_Start01_Weapon.prefab"
        },
        {
          "Path": "Effects/Eff_Prefab/Eff_Monster/Eff_W2_Yanqing_00/Eff_Monster_W2_Yanqing_00_Skill04_Weapon.prefab"
        },
        {
          "Path": "Effects/Eff_Prefab/Eff_Monster/Eff_W2_Yanqing_00/Eff_Monster_W2_Yanqing_00_Skill05_Start01.prefab"
        },
        {
          "Path": "Effects/Eff_Prefab/Eff_Monster/Eff_W2_Yanqing_00/Eff_Monster_W2_Yanqing_00_Skill05_Weapon.prefab"
        },
        {
          "Path": "Effects/Eff_Prefab/Eff_Monster/Eff_W2_Yanqing_00/Eff_Monster_W2_Yanqing_00_Skill05_Weapon_Trail.prefab"
        },
        {
          "Path": "Effects/Eff_Prefab/Eff_Monster/Eff_W2_Yanqing_00/Eff_Monster_W2_Yanqing_00_Skill06_Hit.prefab"
        },
        {
          "Path": "Effects/Eff_Prefab/Eff_Monster/Eff_W2_Yanqing_00/Eff_Monster_W2_Yanqing_00_Skill06_Hit_01.prefab"
        },
        {
          "Path": "Effects/Eff_Prefab/Eff_Monster/Eff_W2_Yanqing_00/Eff_Monster_W2_Yanqing_00_Skill06_Hit_03.prefab"
        },
        {
          "Path": "Effects/Eff_Prefab/Eff_Monster/Eff_W2_Yanqing_00/Eff_Monster_W2_Yanqing_00_Skill06_Hit_Weapon.prefab"
        },
        {
          "Path": "Effects/Eff_Prefab/Eff_Monster/Eff_W2_Yanqing_00/Eff_Monster_W2_Yanqing_00_Skill06_Hit_Weapon_01.prefab"
        },
        {
          "Path": "Effects/Eff_Prefab/Eff_Monster/Eff_W2_Yanqing_00/Eff_Monster_W2_Yanqing_00_Skill06_Scene.prefab"
        },
        {
          "Path": "Effects/Eff_Prefab/Eff_Monster/Eff_W2_Yanqing_00/Eff_Monster_W2_Yanqing_00_Skill06_Scene_01.prefab"
        },
        {
          "Path": "Effects/Eff_Prefab/Eff_Monster/Eff_W2_Yanqing_00/Eff_Monster_W2_Yanqing_00_Skill06_Start_01.prefab"
        },
        {
          "Path": "Effects/Eff_Prefab/Eff_Monster/Eff_W2_Yanqing_00/Eff_Monster_W2_Yanqing_00_Skill06_Weapon.prefab"
        },
        {
          "Path": "Effects/Eff_Prefab/Eff_Monster/Eff_W2_Yanqing_00/Eff_Monster_W2_Yanqing_00_Skill06_weapon_shader.prefab"
        },
        {
          "Path": "Effects/Eff_Prefab/Eff_Monster/Eff_W2_Yanqing_00/Eff_Monster_W2_Yanqing_00_Skill08_Camera.prefab"
        },
        {
          "Path": "Effects/Eff_Prefab/Eff_Monster/Eff_W2_Yanqing_00/Eff_Monster_W2_Yanqing_00_Skill08_Caster_Start01_Dissolve.prefab"
        },
        {
          "Path": "Effects/Eff_Prefab/Eff_Monster/Eff_W2_Yanqing_00/Eff_Monster_W2_Yanqing_00_Skill08_Hit_01.prefab"
        },
        {
          "Path": "Effects/Eff_Prefab/Eff_Monster/Eff_W2_Yanqing_00/Eff_Monster_W2_Yanqing_00_Skill08_Hit_02.prefab"
        },
        {
          "Path": "Effects/Eff_Prefab/Eff_Monster/Eff_W2_Yanqing_00/Eff_Monster_W2_Yanqing_00_Skill08_Hit_Weapon.prefab"
        },
        {
          "Path": "Effects/Eff_Prefab/Eff_Monster/Eff_W2_Yanqing_00/Eff_Monster_W2_Yanqing_00_Skill08_Hit_Weapon_01.prefab"
        },
        {
          "Path": "Effects/Eff_Prefab/Eff_Monster/Eff_W2_Yanqing_00/Eff_Monster_W2_Yanqing_00_Skill08_Minion_Start01.prefab"
        },
        {
          "Path": "Effects/Eff_Prefab/Eff_Monster/Eff_W2_Yanqing_00/Eff_Monster_W2_Yanqing_00_Skill08_Minion_Start01_Finger.prefab"
        },
        {
          "Path": "Effects/Eff_Prefab/Eff_Monster/Eff_W2_Yanqing_00/Eff_Monster_W2_Yanqing_00_Skill08_Scene.prefab"
        },
        {
          "Path": "Effects/Eff_Prefab/Eff_Monster/Eff_W2_Yanqing_00/Eff_Monster_W2_Yanqing_00_Skill08_Scene_01.prefab"
        },
        {
          "Path": "Effects/Eff_Prefab/Eff_Monster/Eff_W2_Yanqing_00/Eff_Monster_W2_Yanqing_00_Skill08_Target_Attack.prefab"
        },
        {
          "Path": "Effects/Eff_Prefab/Eff_Monster/Eff_W2_Yanqing_00/Eff_Monster_W2_Yanqing_01_Skill01_Bullet.prefab"
        },
        {
          "Path": "Effects/Eff_Prefab/Eff_Monster/Eff_W2_Yanqing_00/Eff_Monster_W2_Yanqing_01_Skill01_Start01.prefab"
        },
        {
          "Path": "Effects/Eff_Prefab/Eff_Monster/Eff_W2_Yanqing_00/Eff_Monster_W2_Yanqing_01_Skill01_Start02.prefab"
        },
        {
          "Path": "Effects/Eff_Prefab/Eff_Monster/Eff_W2_Yanqing_00/Eff_Monster_W2_Yanqing_01_Skill01_Weapon.prefab"
        },
        {
          "Path": "Effects/Eff_Prefab/Eff_Monster/Eff_W2_Yanqing_00/Eff_Monster_W2_Yanqing_01_Common_Appear.prefab",
          "Count": 2
        },
        {
          "Path": "Effects/Eff_Prefab/Eff_Monster/Eff_W2_Yanqing_00/Eff_Monster_W2_Yanqing_02_Common_Appear.prefab",
          "Count": 2
        }
      ]
    },
    "2002030": {
      "EffectPaths": [
        {
          "Path": "Effects/Eff_Prefab/Eff_Monster/Eff_W2_Valkyrie01_00/Eff_Monster_W2_Valkyrie01_00_MazeAttack_Attack02.prefab"
        },
        {
          "Path": "Effects/Eff_Prefab/Eff_Monster/Eff_W2_Valkyrie01_00/Eff_Monster_W2_Valkyrie01_00_MazeAttack_Hit.prefab"
        }
      ]
    },
    "2022110": {
      "EffectPaths": [
        {
          "Path": "Effects/Eff_Prefab/Eff_Monster/Eff_W2_Valkyrie01_01/Eff_Monster_W2_Valkyrie01_01_Skill01_Attack.prefab"
        },
        {
          "Path": "Effects/Eff_Prefab/Eff_Monster/Eff_W2_Valkyrie01_01/Eff_Monster_W2_Valkyrie01_01_Skill01_Hit.prefab"
        },
        {
          "Path": "Effects/Eff_Prefab/Eff_Monster/Eff_W2_Valkyrie01_01/Eff_Monster_W2_Valkyrie01_01_Skill02_Start_02.prefab"
        },
        {
          "Path": "Effects/Eff_Prefab/Eff_Monster/Eff_W2_Valkyrie01_01/Eff_Monster_W2_Valkyrie01_01_Skill02_Attack_01.prefab"
        },
        {
          "Path": "Effects/Eff_Prefab/Eff_Monster/Eff_W2_Valkyrie01_01/Eff_Monster_W2_Valkyrie01_01_Skill02_Attack_02.prefab"
        },
        {
          "Path": "Effects/Eff_Prefab/Eff_Monster/Eff_W2_Valkyrie01_01/Eff_Monster_W2_Valkyrie01_01_Skill02_Hit_01.prefab"
        },
        {
          "Path": "Effects/Eff_Prefab/Eff_Monster/Eff_W2_Valkyrie01_01/Eff_Monster_W2_Valkyrie01_01_Skill02_Hit_02.prefab"
        }
      ]
    },
    "2013020": {
      "SkillTypes": [
        "Skill"
      ]
    },
    "9004075": {
      "EffectPaths": [
        {
          "Path": "Effects/Eff_Prefab/Eff_Monster/Eff_W1_CocoliaP2_00/Eff_Monster_W1_CocoliaP2_00_Skill11_CocoliaP1_Model.prefab"
        }
      ]
    }
  },
  "AvatarEffectPreloadConfigMap": {
    "1201": {
      "EffectPaths": [
        {
          "Path": "Effects/Eff_Prefab/Eff_Avatar/Eff_Qingque/Eff_Avatar_Qingque_00_Common_Hua02.prefab",
          "Count": 2
        },
        {
          "Path": "Effects/Eff_Prefab/Eff_Avatar/Eff_Qingque/Eff_Avatar_Qingque_00_Common_Tong02.prefab",
          "Count": 2
        },
        {
          "Path": "Effects/Eff_Prefab/Eff_Avatar/Eff_Qingque/Eff_Avatar_Qingque_00_Common_Wan02.prefab",
          "Count": 2
        },
        {
          "Path": "Effects/Eff_Prefab/Eff_Avatar/Eff_Qingque/Eff_Avatar_Qingque_00_Common_Hua.prefab",
          "Count": 4
        },
        {
          "Path": "Effects/Eff_Prefab/Eff_Avatar/Eff_Qingque/Eff_Avatar_Qingque_00_Common_Tong.prefab",
          "Count": 4
        },
        {
          "Path": "Effects/Eff_Prefab/Eff_Avatar/Eff_Qingque/Eff_Avatar_Qingque_00_Common_Wan.prefab",
          "Count": 4
        },
        {
          "Path": "Effects/Eff_Prefab/Eff_Avatar/Eff_Qingque/Eff_Avatar_Qingque_00_PassiveSkill_Tong.prefab",
          "Count": 4
        },
        {
          "Path": "Effects/Eff_Prefab/Eff_Avatar/Eff_Qingque/Eff_Avatar_Qingque_00_PassiveSkill_Hua.prefab",
          "Count": 4
        },
        {
          "Path": "Effects/Eff_Prefab/Eff_Avatar/Eff_Qingque/Eff_Avatar_Qingque_00_PassiveSkill_Wan.prefab",
          "Count": 4
        },
        {
          "Path": "Effects/Eff_Prefab/Eff_Avatar/Eff_Qingque/Eff_Avatar_Qingque_00_PassiveSkill_Yu.prefab",
          "Count": 4
        },
        {
          "Path": "Effects/Eff_Prefab/Eff_Common/Eff_Qingque_Common_MajiangLayout.prefab"
        },
        {
          "Path": "Effects/Eff_Prefab/Eff_Common/Eff_Qingque_Common_MajiangLayoutBp.prefab"
        },
        {
          "Path": "Effects/Eff_Prefab/Eff_Common/Eff_Qingque_Common_MajiangLayoutBpReady.prefab"
        }
      ]
    },
    "6012": {
      "EffectPaths": [
        {
          "Path": "Effects/Eff_Prefab/Eff_Monster/Eff_XP_Minion02_00/Eff_Monster_XP_Minion02_00_Skill02_01_Body.prefab"
        },
        {
          "Path": "Effects/Eff_Prefab/Eff_Monster/Eff_XP_Minion02_00/Eff_Monster_XP_Minion02_00_Skill02_01_Body02.prefab"
        },
        {
          "Path": "Effects/Eff_Prefab/Eff_Monster/Eff_XP_Minion02_00/Eff_Monster_XP_Minion02_00_Skill01_02_Weak.prefab"
        },
        {
          "Path": "Effects/Eff_Prefab/Eff_Monster/Eff_XP_Minion02_00/Eff_Monster_XP_Minion02_00_Skill01_02.prefab"
        }
      ]
    }
  },
  "SummonMonsterPreloadConfigMap": {
    "1014011": {
      "SummonMonsterList": [
        1012011,
        1012030,
        1012030,
        1012011
      ]
    },
    "1023020": {
      "SummonMonsterList": [
        102201002
      ]
    },
    "1005010": {
      "SummonMonsterList": [
        1002013,
        1002014
      ]
    },
    "1005012": {
      "SummonMonsterList": [
        1002017,
        1002018
      ]
    },
    "8003051": {
      "SummonMonsterList": [
        8001050,
        8001050,
        8001050,
        8001050
      ]
    },
    "2004020": {
      "SummonMonsterList": [
        2002020,
        2002021
      ]
    },
    "2004021": {
      "SummonMonsterList": [
        200202001,
        200202101
      ]
    },
    "8033010": {
      "SummonMonsterList": [
        8032010,
        8032010,
        8032020,
        8032020
      ]
    }
  },
  "BattleEventEffectPreloadConfigMap": {
    "41003": {
      "EffectPaths": [
        "Effects/Eff_Prefab/Eff_Common/Eff_Buff_Common_OtherRise.prefab"
      ]
    },
    "41004": {
      "EffectPaths": [
        "Effects/Eff_Prefab/Eff_Common/Eff_Buff_Common_OtherRise.prefab"
      ]
    },
    "19": {
      "EffectPaths": [
        "Effects/Eff_Prefab/Eff_Common/Eff_BattleEvent_ShenYuan_DeBuff.prefab",
        "Effects/Eff_Prefab/Eff_Common/Eff_BattleEvent_ShenYuan_DeBuff_02.prefab",
        "Effects/Eff_Prefab/Eff_Common/Eff_BattleEvent_ShenYuan_DeBuff_03.prefab"
      ]
    },
    "20": {
      "EffectPaths": [
        "Effects/Eff_Prefab/Eff_Common/Eff_BattleEvent_ShenYuan_DeBuff.prefab",
        "Effects/Eff_Prefab/Eff_Common/Eff_BattleEvent_ShenYuan_DeBuff_02.prefab",
        "Effects/Eff_Prefab/Eff_Common/Eff_BattleEvent_ShenYuan_DeBuff_03.prefab"
      ]
    },
    "21": {
      "EffectPaths": [
        "Effects/Eff_Prefab/Eff_Common/Eff_BattleEvent_ShenYuan_DeBuff.prefab",
        "Effects/Eff_Prefab/Eff_Common/Eff_BattleEvent_ShenYuan_DeBuff_02.prefab",
        "Effects/Eff_Prefab/Eff_Common/Eff_BattleEvent_ShenYuan_DeBuff_03.prefab"
      ]
    },
    "22": {
      "EffectPaths": [
        "Effects/Eff_Prefab/Eff_Common/Eff_BattleEvent_ShenYuan_DeBuff.prefab",
        "Effects/Eff_Prefab/Eff_Common/Eff_BattleEvent_ShenYuan_DeBuff_02.prefab",
        "Effects/Eff_Prefab/Eff_Common/Eff_BattleEvent_ShenYuan_DeBuff_03.prefab"
      ]
    },
    "26": {
      "EffectPaths": [
        "Effects/Eff_Prefab/Eff_Common/Eff_BattleEvent_ShenYuan_DeBuff.prefab",
        "Effects/Eff_Prefab/Eff_Common/Eff_BattleEvent_ShenYuan_DeBuff_02.prefab",
        "Effects/Eff_Prefab/Eff_Common/Eff_BattleEvent_ShenYuan_DeBuff_03.prefab"
      ]
    },
    "27": {
      "EffectPaths": [
        "Effects/Eff_Prefab/Eff_Common/Eff_BattleEvent_ShenYuan_Buff.prefab",
        "Effects/Eff_Prefab/Eff_Common/Eff_BattleEvent_ShenYuan_Buff_02.prefab"
      ]
    },
    "28": {
      "EffectPaths": [
        "Effects/Eff_Prefab/Eff_Common/Eff_BattleEvent_ShenYuan_Buff.prefab",
        "Effects/Eff_Prefab/Eff_Common/Eff_BattleEvent_ShenYuan_Buff_02.prefab"
      ]
    },
    "29": {
      "EffectPaths": [
        "Effects/Eff_Prefab/Eff_Common/Eff_BattleEvent_ShenYuan_Buff.prefab",
        "Effects/Eff_Prefab/Eff_Common/Eff_BattleEvent_ShenYuan_Buff_02.prefab"
      ]
    },
    "30": {
      "EffectPaths": [
        "Effects/Eff_Prefab/Eff_Common/Eff_BattleEvent_ShenYuan_Buff.prefab",
        "Effects/Eff_Prefab/Eff_Common/Eff_BattleEvent_ShenYuan_Buff_02.prefab"
      ]
    },
    "31": {
      "EffectPaths": [
        "Effects/Eff_Prefab/Eff_Common/Eff_BattleEvent_ShenYuan_Buff.prefab",
        "Effects/Eff_Prefab/Eff_Common/Eff_BattleEvent_ShenYuan_Buff_02.prefab"
      ]
    },
    "32": {
      "EffectPaths": [
        "Effects/Eff_Prefab/Eff_Common/Eff_BattleEvent_ShenYuan_Buff.prefab",
        "Effects/Eff_Prefab/Eff_Common/Eff_BattleEvent_ShenYuan_Buff_02.prefab"
      ]
    },
    "33": {
      "EffectPaths": [
        "Effects/Eff_Prefab/Eff_Common/Eff_BattleEvent_ShenYuan_Buff.prefab",
        "Effects/Eff_Prefab/Eff_Common/Eff_BattleEvent_ShenYuan_Buff_02.prefab"
      ]
    },
    "34": {
      "EffectPaths": [
        "Effects/Eff_Prefab/Eff_Common/Eff_BattleEvent_ShenYuan_Buff.prefab",
        "Effects/Eff_Prefab/Eff_Common/Eff_BattleEvent_ShenYuan_Buff_02.prefab"
      ]
    },
    "35": {
      "EffectPaths": [
        "Effects/Eff_Prefab/Eff_Common/Eff_BattleEvent_ShenYuan_Buff.prefab",
        "Effects/Eff_Prefab/Eff_Common/Eff_BattleEvent_ShenYuan_Buff_02.prefab"
      ]
    },
    "36": {
      "EffectPaths": [
        "Effects/Eff_Prefab/Eff_Common/Eff_BattleEvent_ShenYuan_Buff.prefab",
        "Effects/Eff_Prefab/Eff_Common/Eff_BattleEvent_ShenYuan_Buff_02.prefab"
      ]
    },
    "37": {
      "EffectPaths": [
        "Effects/Eff_Prefab/Eff_Common/Eff_BattleEvent_ShenYuan_Buff.prefab",
        "Effects/Eff_Prefab/Eff_Common/Eff_BattleEvent_ShenYuan_Buff_02.prefab"
      ]
    },
    "38": {
      "EffectPaths": [
        "Effects/Eff_Prefab/Eff_Common/Eff_BattleEvent_ShenYuan_Buff.prefab",
        "Effects/Eff_Prefab/Eff_Common/Eff_BattleEvent_ShenYuan_Buff_02.prefab"
      ]
    },
    "39": {
      "EffectPaths": [
        "Effects/Eff_Prefab/Eff_Common/Eff_BattleEvent_ShenYuan_Buff.prefab",
        "Effects/Eff_Prefab/Eff_Common/Eff_BattleEvent_ShenYuan_Buff_02.prefab"
      ]
    },
    "40": {
      "EffectPaths": [
        "Effects/Eff_Prefab/Eff_Common/Eff_BattleEvent_ShenYuan_Buff.prefab",
        "Effects/Eff_Prefab/Eff_Common/Eff_BattleEvent_ShenYuan_Buff_02.prefab"
      ]
    },
    "41": {
      "EffectPaths": [
        "Effects/Eff_Prefab/Eff_Common/Eff_BattleEvent_ShenYuan_Buff.prefab",
        "Effects/Eff_Prefab/Eff_Common/Eff_BattleEvent_ShenYuan_Buff_02.prefab"
      ]
    },
    "46": {
      "EffectPaths": [
        "Effects/Eff_Prefab/Eff_Common/Eff_BattleEvent_ShenYuan_Buff.prefab",
        "Effects/Eff_Prefab/Eff_Common/Eff_BattleEvent_ShenYuan_Buff_02.prefab"
      ]
    },
    "60006": {
      "EffectPaths": [
        "Effects/Eff_Prefab/Eff_Avatar/Eff_DanHengIL/Eff_Avatar_DanHengIL_00_BattleEvent01_Long.prefab",
        "Effects/Eff_Prefab/Eff_Avatar/Eff_DanHengIL/Eff_Avatar_DanHengIL_00_BattleEvent02_Long.prefab"
      ]
    },
    "96024": {
      "EffectPaths": [
        "Effects/Eff_Prefab/Eff_Common/Eff_ActivityTreasureDungeon_Treasure_Attack.prefab"
      ]
    },
    "96025": {
      "EffectPaths": [
        "Effects/Eff_Prefab/Eff_Common/Eff_ActivityTreasureDungeon_Treasure_OtherRise.prefab"
      ]
    },
    "96028": {
      "EffectPaths": [
        "Effects/Eff_Prefab/Eff_Common/Eff_ActivityTreasureDungeon_Treasure_OtherRise.prefab"
      ]
    },
    "96032": {
      "EffectPaths": [
        "Effects/Eff_Prefab/Eff_Common/Eff_ActivityTreasureDungeon_Treasure_OtherRise.prefab"
      ]
    },
    "96033": {
      "EffectPaths": [
        "Effects/Eff_Prefab/Eff_Common/Eff_ActivityTreasureDungeon_Treasure_Debuff.prefab"
      ]
    }
  },
  "BattleEventMonsterEffectPreloadConfigMap": {},
  "BattleStanceBreakEffectPreloadConfigMap": {
    "Physical": {
      "PreloadList": [
        {
          "Path": "Effects/Eff_Prefab/Eff_Common/Eff_StanceBreak_Common_Physical.prefab",
          "Count": 5
        },
        {
          "Path": "Effects/Eff_Prefab/Eff_Common/Eff_Hit_Common_Physical.prefab",
          "Count": 5
        }
      ]
    },
    "Fire": {
      "PreloadList": [
        {
          "Path": "Effects/Eff_Prefab/Eff_Common/Eff_StanceBreak_Common_Fire.prefab",
          "Count": 5
        },
        {
          "Path": "Effects/Eff_Prefab/Eff_Common/Eff_Hit_Common_Fire.prefab",
          "Count": 5
        }
      ]
    },
    "Ice": {
      "PreloadList": [
        {
          "Path": "Effects/Eff_Prefab/Eff_Common/Eff_StanceBreak_Common_Ice.prefab",
          "Count": 5
        },
        {
          "Path": "Effects/Eff_Prefab/Eff_Common/Eff_Hit_Common_Ice.prefab",
          "Count": 5
        }
      ]
    },
    "Thunder": {
      "PreloadList": [
        {
          "Path": "Effects/Eff_Prefab/Eff_Common/Eff_StanceBreak_Common_Thunder.prefab",
          "Count": 5
        },
        {
          "Path": "Effects/Eff_Prefab/Eff_Common/Eff_Hit_Common_Thunder.prefab",
          "Count": 5
        }
      ]
    },
    "Wind": {
      "PreloadList": [
        {
          "Path": "Effects/Eff_Prefab/Eff_Common/Eff_StanceBreak_Common_Wind.prefab",
          "Count": 5
        },
        {
          "Path": "Effects/Eff_Prefab/Eff_Common/Eff_Hit_Common_Wind.prefab",
          "Count": 5
        }
      ]
    },
    "Quantum": {
      "PreloadList": [
        {
          "Path": "Effects/Eff_Prefab/Eff_Common/Eff_StanceBreak_Common_Quantum.prefab",
          "Count": 5
        },
        {
          "Path": "Effects/Eff_Prefab/Eff_Common/Eff_Hit_Common_Quantum.prefab",
          "Count": 5
        }
      ]
    },
    "Imaginary": {
      "PreloadList": [
        {
          "Path": "Effects/Eff_Prefab/Eff_Common/Eff_StanceBreak_Common_Imaginary.prefab",
          "Count": 5
        },
        {
          "Path": "Effects/Eff_Prefab/Eff_Common/Eff_Hit_Common_Imaginary.prefab",
          "Count": 5
        }
      ]
    }
  },
  "BattleUIPreloadList": [
    {
      "Path": "UI/Battle/TeamMember/TeamMemberInfo.prefab",
      "Count": 4
    },
    {
      "Path": "UI/Battle/TimeLine/TimeLineMiniIconV4.prefab",
      "Count": 10
    },
    {
      "Path": "UI/Battle/ExtraEffectInfo.prefab"
    },
    {
      "Path": "UI/Common/Widget/BuffIcon.prefab",
      "Count": 5
    },
    {
      "Path": "UI/Battle/Widget/Monster3DHPInfo.prefab",
      "Count": 5
    },
    {
      "Path": "UI/Battle/Kits/StanceCountBar.prefab",
      "Count": 5
    },
    {
      "Path": "UI/Battle/Widget/WeakPoint_Nature/WeakPoint_BurstEffCom.prefab",
      "Count": 5
    },
    {
      "Path": "UI/Battle/Widget/WeakPoint_Nature/WeakPoint_Fire.prefab",
      "Count": 5
    },
    {
      "Path": "UI/Battle/Widget/WeakPoint_Nature/WeakPoint_Ice.prefab",
      "Count": 5
    },
    {
      "Path": "UI/Battle/Widget/WeakPoint_Nature/WeakPoint_Imaginary.prefab",
      "Count": 5
    },
    {
      "Path": "UI/Battle/Widget/WeakPoint_Nature/WeakPoint_Physical.prefab",
      "Count": 5
    },
    {
      "Path": "UI/Battle/Widget/WeakPoint_Nature/WeakPoint_Quantum.prefab",
      "Count": 5
    },
    {
      "Path": "UI/Battle/Widget/WeakPoint_Nature/WeakPoint_Thunder.prefab",
      "Count": 5
    },
    {
      "Path": "UI/Battle/Widget/WeakPoint_Nature/WeakPoint_Wind.prefab",
      "Count": 5
    },
    {
      "Path": "UI/Battle/Widget/HpShield_Normal.prefab"
    },
    {
      "Path": "UI/Battle/Widget/HpShield_Elite.prefab"
    },
    {
      "Path": "UI/Battle/Widget/HpShield_Boss.prefab"
    },
    {
      "Path": "UI/NextWave.prefab"
    }
  ],
  "BattleUIPreloadListByStageType": {
    "Cocoon": {
      "PreloadList": [
        {
          "Path": "UI/CommonKits/Icon/RewardItemIconLite.prefab",
          "Count": 5
        },
        {
          "Path": "UI/Adventure/FarmResultPage.prefab"
        }
      ]
    },
    "FarmElement": {
      "PreloadList": [
        {
          "Path": "UI/CommonKits/Icon/RewardItemIconLite.prefab",
          "Count": 5
        },
        {
          "Path": "UI/Adventure/FarmResultPage.prefab"
        }
      ]
    }
  }
}