{
  "CommonAssetPreloadList": [
    "Effects/Eff_Prefab/Eff_Common/Eff_Common_Monster_StanceBreak_PhysicalFollow.prefab",
    "Effects/Eff_Prefab/Eff_Common/Eff_StanceBreak_Common_Fire.prefab",
    "Effects/Eff_Prefab/Eff_Common/Eff_StanceBreak_Common_Ice.prefab",
    "Effects/Eff_Prefab/Eff_Common/Eff_StanceBreak_Common_Imaginary.prefab",
    "Effects/Eff_Prefab/Eff_Common/Eff_StanceBreak_Common_Physical.prefab",
    "Effects/Eff_Prefab/Eff_Common/Eff_StanceBreak_Common_Quantum.prefab",
    "Effects/Eff_Prefab/Eff_Common/Eff_StanceBreak_Common_Thunder.prefab",
    "Effects/Eff_Prefab/Eff_Common/Eff_StanceBreak_Common_Wind.prefab",
    "Effects/Eff_Prefab/Eff_Common/Eff_Hit_Common_Fire.prefab",
    "Effects/Eff_Prefab/Eff_Common/Eff_Hit_Common_Ice.prefab",
    "Effects/Eff_Prefab/Eff_Common/Eff_Hit_Common_Imaginary.prefab",
    "Effects/Eff_Prefab/Eff_Common/Eff_Hit_Common_Physical.prefab",
    "Effects/Eff_Prefab/Eff_Common/Eff_Hit_Common_Quantum.prefab",
    "Effects/Eff_Prefab/Eff_Common/Eff_Hit_Common_Thunder.prefab",
    "Effects/Eff_Prefab/Eff_Common/Eff_Hit_Common_Wind.prefab"
  ],
  "CommonEffectPreloadList": [
    {
      "Path": "UI/UI3D/Rogue/_dependencies/Prefabs/Eff_RogueConeTest_Enter3_3.prefab"
    },
    {
      "Path": "Effects/Eff_Prefab/Eff_UI/Eff_SoulStar_Ani.prefab"
    },
    {
      "Path": "Effects/Eff_Prefab/Eff_Common/Eff_Common_MazeCameraTransition_Universe3_3.prefab"
    },
    {
      "Path": "Effects/Eff_Prefab/Eff_Common/Eff_ScreenCrackUITransition_UI.prefab"
    },
    {
      "Path": "Effects/Eff_Prefab/Eff_Common/Eff_ScreenCrackUITransition_UI_1.prefab"
    },
    {
      "Path": "Effects/Eff_Prefab/Eff_Common/Eff_ScreenCrackUITransition_UI_2.prefab"
    },
    {
      "Path": "Effects/Eff_Prefab/Eff_Common/Eff_ScreenCrack.prefab"
    },
    {
      "Path": "Effects/Eff_Prefab/Eff_Common/Eff_ScreenCrack_UI.prefab"
    },
    {
      "Path": "Effects/Eff_Prefab/Eff_Common/Eff_ScreenCrack2.prefab"
    },
    {
      "Path": "Stages/OriginalResPos/InteractiveProp/Chapter00/Chap00_GameplayProp_TransparentWall/_dependencies/Prefab/PerspectiveAirwall_Cameras_End.prefab"
    },
    {
      "Path": "Stages/OriginalResPos/InteractiveProp/Chapter00/Chap00_GameplayProp_TransparentWall/_dependencies/Prefab/PerspectiveAirwall_Cameras.prefab"
    },
    {
      "Path": "Effects/Eff_Prefab/Eff_Common/Eff_Manikin_PlayerChange.prefab"
    },
    {
      "Path": "Effects/Eff_Prefab/Eff_Common/Eff_PlayerChannge.prefab"
    },
    {
      "Path": "Effects/Eff_Prefab/Eff_Scene/Interactive Object/Eff_Common_MAZ_Prop_AvatarTeleport.prefab"
    },
    {
      "Path": "Effects/Eff_Prefab/Eff_Common/Eff_Buff_Common_Freeze.prefab"
    },
    {
      "Path": "Effects/Eff_Prefab/Eff_Common/Eff_Buff_Common_Confine.prefab"
    },
    {
      "Path": "Effects/Eff_Prefab/Eff_Common/Eff_StanceBreak_Common_Quantum.prefab"
    },
    {
      "Path": "Effects/Eff_Prefab/Eff_Common/Eff_StanceBreak_Common_Quantum_Loop.prefab"
    },
    {
      "Path": "Effects/Eff_Prefab/Eff_Common/Eff_Common_StanceBreak_FloorLight.prefab"
    },
    {
      "Path": "Effects/Eff_Prefab/Eff_Common/Eff_Common_Die_Human_01.prefab"
    },
    {
      "Path": "Effects/Eff_Prefab/Eff_Scene/Interactive Object/Eff_Common_TreasureBox_01_Open.prefab"
    },
    {
      "Path": "Effects/Eff_Prefab/Eff_Scene/Interactive Object/Eff_Common_TreasureBox_02_Open.prefab"
    },
    {
      "Path": "Effects/Eff_Prefab/Eff_Scene/Interactive Object/Eff_Common_PropBlockade_Unlock.prefab"
    },
    {
      "Path": "Effects/Eff_Prefab/Eff_Common/Eff_Common_FastRunStop_L.prefab"
    },
    {
      "Path": "Effects/Eff_Prefab/Eff_Common/Eff_Common_FastRunStop_R.prefab"
    },
    {
      "Path": "Effects/Eff_Prefab/Eff_Common/Eff_Common_FastRunStop_Kid_L.prefab"
    },
    {
      "Path": "Effects/Eff_Prefab/Eff_Common/Eff_Common_FastRunStop_Kid_R.prefab"
    },
    {
      "Path": "Effects/Eff_Prefab/Eff_Common/Eff_Common_Run_smoke.prefab",
      "Count": 20
    },
    {
      "Path": "Effects/Eff_Prefab/Eff_Common/Eff_Common_FootStep_Left.prefab",
      "Count": 10
    },
    {
      "Path": "Effects/Eff_Prefab/Eff_Common/Eff_Common_FootStep_Right.prefab",
      "Count": 10
    },
    {
      "Path": "Effects/Eff_Prefab/Eff_Common/Eff_Common_MAZ_RecoverMP.prefab"
    },
    {
      "Path": "Effects/Eff_Prefab/Eff_Common/Eff_Common_MAZ_RecoverHP.prefab"
    }
  ],
  "CommonEffectsPreloadConfig": [
    {
      "EffectPaths": []
    },
    {
      "PlaneType": "Town",
      "EffectPaths": []
    }
  ]
}