{
  "EffectAssetList": [
    "Effects/Eff_Prefab/Eff_Avatar/Eff_Luka/Eff_Avatar_Luka_00_Idle_Show_01_Dumbbell_Wrist_L.prefab",
    "Effects/Eff_Prefab/Eff_Avatar/Eff_Luka/Eff_Avatar_Luka_00_Idle_Show_01_Dumbbell_Wrist_L_End.prefab",
    "Effects/Eff_Prefab/Eff_Avatar/Eff_Luka/Eff_Avatar_Luka_00_Idle_Show_01_Dumbbell_Wrist_R.prefab",
    "Effects/Eff_Prefab/Eff_Avatar/Eff_Luka/Eff_Avatar_Luka_00_Idle_Show_01_Dumbbell_Wrist_R_End.prefab",
    "Effects/Eff_Prefab/Eff_Avatar/Eff_Luka/Eff_Avatar_Luka_00_Idle_Show_02_Attack01.prefab",
    "Effects/Eff_Prefab/Eff_Avatar/Eff_Luka/Eff_Avatar_Luka_00_Idle_Show_02_Attack02.prefab",
    "Effects/Eff_Prefab/Eff_Avatar/Eff_Luka/Eff_Avatar_Luka_00_Idle_Show_02_Attack03.prefab",
    "Effects/Eff_Prefab/Eff_Avatar/Eff_Luka/Eff_Avatar_Luka_00_Idle_Show_02_Attack04.prefab"
  ],
  "EffectInstanceMap": {
    "Common": {
      "EffectTypes": [
        "Common"
      ],
      "EffectInstanceList": [
        "Effects/Eff_Prefab/Eff_Avatar/Eff_Luka/Eff_Avatar_Luka_00_Common_WeaponEnd.prefab",
        "Effects/Eff_Prefab/Eff_Avatar/Eff_Luka/Eff_Avatar_Luka_00_Common_WeaponStart.prefab"
      ]
    },
    "MazeAttack": {
      "EffectTypes": [
        "MazeAttack"
      ],
      "EffectInstanceList": [
        "Effects/Eff_Prefab/Eff_Avatar/Eff_Luka/Eff_Avatar_Luka_00_MazeAttack01_Attack.prefab",
        "Effects/Eff_Prefab/Eff_Avatar/Eff_Luka/Eff_Avatar_Luka_00_MazeAttack01_Hit.prefab",
        "Effects/Eff_Prefab/Eff_Avatar/Eff_Luka/Eff_Avatar_Luka_00_MazeAttack01_Weapon.prefab"
      ]
    },
    "MazeSkill": {
      "EffectTypes": [
        "MazeSkill"
      ],
      "EffectInstanceList": [
        "Effects/Eff_Prefab/Eff_Avatar/Eff_Luka/Eff_Avatar_Luka_00_MazeSkill01_Attack.prefab",
        "Effects/Eff_Prefab/Eff_Avatar/Eff_Luka/Eff_Avatar_Luka_00_MazeSkill01_Hit.prefab",
        "Effects/Eff_Prefab/Eff_Avatar/Eff_Luka/Eff_Avatar_Luka_00_MazeSkill01_Tube1.prefab",
        "Effects/Eff_Prefab/Eff_Avatar/Eff_Luka/Eff_Avatar_Luka_00_MazeSkill01_Tube2.prefab",
        "Effects/Eff_Prefab/Eff_Avatar/Eff_Luka/Eff_Avatar_Luka_00_MazeSkill01_Weapon.prefab"
      ]
    },
    "Ultra": {
      "EffectTypes": [
        "Skill03"
      ],
      "EffectInstanceList": [
        "Effects/Eff_Prefab/Eff_Avatar/Eff_Luka/Eff_Avatar_Luka_00_Skill03_Ready.prefab",
        "Effects/Eff_Prefab/Eff_Avatar/Eff_Luka/Eff_Avatar_Luka_00_Skill03_Ready_01.prefab",
        "Effects/Eff_Prefab/Eff_Avatar/Eff_Luka/Eff_Avatar_Luka_00_Skill03_Ready_02.prefab",
        "Effects/Eff_Prefab/Eff_Avatar/Eff_Luka/Eff_Avatar_Luka_00_Skill03_Camera.prefab",
        "Effects/Eff_Prefab/Eff_Avatar/Eff_Luka/Eff_Avatar_Luka_00_Skill03_Camera02.prefab",
        "Effects/Eff_Prefab/Eff_Avatar/Eff_Luka/Eff_Avatar_Luka_00_Skill03_Eyecolor.prefab",
        "Effects/Eff_Prefab/Eff_Avatar/Eff_Luka/Eff_Avatar_Luka_00_Skill03_Scene.prefab",
        "Effects/Eff_Prefab/Eff_Avatar/Eff_Luka/Eff_Avatar_Luka_00_Skill03_SceneBg.prefab",
        "Effects/Eff_Prefab/Eff_Avatar/Eff_Luka/Eff_Avatar_Luka_00_Skill03_Start01.prefab",
        "Effects/Eff_Prefab/Eff_Avatar/Eff_Luka/Eff_Avatar_Luka_00_Skill03_Start02.prefab",
        "Effects/Eff_Prefab/Eff_Avatar/Eff_Luka/Eff_Avatar_Luka_00_Skill03_Start03.prefab",
        "Effects/Eff_Prefab/Eff_Avatar/Eff_Luka/Eff_Avatar_Luka_00_Skill03_Start04.prefab",
        "Effects/Eff_Prefab/Eff_Avatar/Eff_Luka/Eff_Avatar_Luka_00_Skill03_Start05.prefab",
        "Effects/Eff_Prefab/Eff_Avatar/Eff_Luka/Eff_Avatar_Luka_00_Skill03_Start06.prefab",
        "Effects/Eff_Prefab/Eff_Avatar/Eff_Luka/Eff_Avatar_Luka_00_Skill03_Start07.prefab",
        "Effects/Eff_Prefab/Eff_Avatar/Eff_Luka/Eff_Avatar_Luka_00_Skill03_Start08.prefab",
        "Effects/Eff_Prefab/Eff_Avatar/Eff_Luka/Eff_Avatar_Luka_00_Skill03_Weapon_01.prefab",
        "Effects/Eff_Prefab/Eff_Avatar/Eff_Luka/Eff_Avatar_Luka_00_Skill03_Weapon_02.prefab",
        "Effects/Eff_Prefab/Eff_Avatar/Eff_Luka/Eff_Avatar_Luka_00_Skill03_Weapon_03.prefab",
        "Effects/Eff_Prefab/Eff_Avatar/Eff_Luka/Eff_Avatar_Luka_00_Skill03_Weapon_04.prefab",
        "Effects/Eff_Prefab/Eff_Avatar/Eff_Luka/Eff_Avatar_Luka_00_Skill03_Weapon_05.prefab"
      ],
      "AssetList": [
        "Camera/TimeLine/Avatar/Character_Luka_00_Skill03_TimeLine.playable"
      ]
    },
    "Skill": {
      "EffectTypes": [
        "Skill02"
      ],
      "EffectInstanceList": [
        "Effects/Eff_Prefab/Eff_Avatar/Eff_Luka/Eff_Avatar_Luka_00_Skill02_01.prefab",
        "Effects/Eff_Prefab/Eff_Avatar/Eff_Luka/Eff_Avatar_Luka_00_Skill02_02.prefab",
        "Effects/Eff_Prefab/Eff_Avatar/Eff_Luka/Eff_Avatar_Luka_00_Skill02_03.prefab",
        "Effects/Eff_Prefab/Eff_Avatar/Eff_Luka/Eff_Avatar_Luka_00_Skill02_Attack.prefab",
        "Effects/Eff_Prefab/Eff_Avatar/Eff_Luka/Eff_Avatar_Luka_00_Skill02_End.prefab",
        "Effects/Eff_Prefab/Eff_Avatar/Eff_Luka/Eff_Avatar_Luka_00_Skill02_Hit.prefab",
        "Effects/Eff_Prefab/Eff_Avatar/Eff_Luka/Eff_Avatar_Luka_00_Skill02_Ready_01.prefab",
        "Effects/Eff_Prefab/Eff_Avatar/Eff_Luka/Eff_Avatar_Luka_00_Skill02_Ready_01Disappear.prefab",
        "Effects/Eff_Prefab/Eff_Avatar/Eff_Luka/Eff_Avatar_Luka_00_Skill02_Ready_02.prefab",
        "Effects/Eff_Prefab/Eff_Avatar/Eff_Luka/Eff_Avatar_Luka_00_Skill02_Ready_02Disappear.prefab",
        "Effects/Eff_Prefab/Eff_Avatar/Eff_Luka/Eff_Avatar_Luka_00_Skill02_Trail.prefab"
      ]
    },
    "Passive": {
      "EffectTypes": [
        "Passive"
      ],
      "EffectInstanceList": []
    },
    "Normal": {
      "EffectTypes": [
        "Skill01"
      ],
      "EffectInstanceList": [
        "Effects/Eff_Prefab/Eff_Avatar/Eff_Luka/Eff_Avatar_Luka_00_Skill01_Smoke.prefab",
        "Effects/Eff_Prefab/Eff_Avatar/Eff_Luka/Eff_Avatar_Luka_00_Skill01_V1_Attack.prefab",
        "Effects/Eff_Prefab/Eff_Avatar/Eff_Luka/Eff_Avatar_Luka_00_Skill01_V1_Hit.prefab",
        "Effects/Eff_Prefab/Eff_Avatar/Eff_Luka/Eff_Avatar_Luka_00_Skill01_V2_Attack.prefab",
        "Effects/Eff_Prefab/Eff_Avatar/Eff_Luka/Eff_Avatar_Luka_00_Skill01_V2_Attack_End.prefab",
        "Effects/Eff_Prefab/Eff_Avatar/Eff_Luka/Eff_Avatar_Luka_00_Skill01_V2_Attack_Loop.prefab",
        "Effects/Eff_Prefab/Eff_Avatar/Eff_Luka/Eff_Avatar_Luka_00_Skill01_V2_Dot.prefab",
        "Effects/Eff_Prefab/Eff_Avatar/Eff_Luka/Eff_Avatar_Luka_00_Skill01_V2_Dot_Hit.prefab",
        "Effects/Eff_Prefab/Eff_Avatar/Eff_Luka/Eff_Avatar_Luka_00_Skill01_V2_Hit.prefab",
        "Effects/Eff_Prefab/Eff_Avatar/Eff_Luka/Eff_Avatar_Luka_00_Skill01_V2_Hit02_End.prefab",
        "Effects/Eff_Prefab/Eff_Avatar/Eff_Luka/Eff_Avatar_Luka_00_Skill01_V2_Hit02_Loop.prefab",
        "Effects/Eff_Prefab/Eff_Avatar/Eff_Luka/Eff_Avatar_Luka_00_Skill01_V2_Hit03_Loop.prefab",
        "Effects/Eff_Prefab/Eff_Avatar/Eff_Luka/Eff_Avatar_Luka_00_Skill01_V2_Hit_End.prefab",
        "Effects/Eff_Prefab/Eff_Avatar/Eff_Luka/Eff_Avatar_Luka_00_Skill01_V2_Hit_Loop.prefab",
        "Effects/Eff_Prefab/Eff_Avatar/Eff_Luka/Eff_Avatar_Luka_00_Skill01_V2_Jet02_End.prefab",
        "Effects/Eff_Prefab/Eff_Avatar/Eff_Luka/Eff_Avatar_Luka_00_Skill01_V2_Jet_End.prefab",
        "Effects/Eff_Prefab/Eff_Avatar/Eff_Luka/Eff_Avatar_Luka_00_Skill01_V2_Ready.prefab",
        "Effects/Eff_Prefab/Eff_Avatar/Eff_Luka/Eff_Avatar_Luka_00_Skill01_V2_Smoke.prefab",
        "Effects/Eff_Prefab/Eff_Avatar/Eff_Luka/Eff_Avatar_Luka_00_Skill01_V2_Spark_End.prefab",
        "Effects/Eff_Prefab/Eff_Avatar/Eff_Luka/Eff_Avatar_Luka_00_Skill01_V2_Weapon_End.prefab",
        "Effects/Eff_Prefab/Eff_Avatar/Eff_Luka/Eff_Avatar_Luka_00_Skill01_V2_Weapon_Loop.prefab"
      ]
    }
  }
}