{
  "EffectAssetList": [
    "Effects/Eff_Prefab/Eff_Avatar/Eff_Serval/Eff_Avatar_Serval_00_IdleShow_02.prefab"
  ],
  "EffectInstanceMap": {
    "Common": {
      "EffectTypes": [
        "Common"
      ],
      "EffectInstanceList": [
        "Effects/Eff_Prefab/Eff_Avatar/Eff_Serval/Eff_Avatar_Serval_00_Common_WeaponEnd.prefab",
        "Effects/Eff_Prefab/Eff_Avatar/Eff_Serval/Eff_Avatar_Serval_00_Common_WeaponStart.prefab",
        "Effects/Eff_Prefab/Eff_Avatar/Eff_Serval/Eff_Avatar_Serval_00_Common_Weapon_Effect.prefab",
        "Effects/Eff_Prefab/Eff_Avatar/Eff_Serval/Eff_Avatar_Serval_00_Common_Weapon_Effect01.prefab"
      ]
    },
    "MazeAttack": {
      "EffectTypes": [
        "MazeAttack"
      ],
      "EffectInstanceList": [
        "Effects/Eff_Prefab/Eff_Avatar/Eff_Serval/Eff_Avatar_Serval_00_MazeAttack_Hit.prefab",
        "Effects/Eff_Prefab/Eff_Avatar/Eff_Serval/Eff_Avatar_Serval_00_MazeAttack_Start01.prefab"
      ]
    },
    "MazeSkill": {
      "EffectTypes": [
        "MazeSkill"
      ],
      "EffectInstanceList": [
        "Effects/Eff_Prefab/Eff_Avatar/Eff_Serval/Eff_Avatar_Serval_00_MazeSkill_Hit01.prefab",
        "Effects/Eff_Prefab/Eff_Avatar/Eff_Serval/Eff_Avatar_Serval_00_MazeSkill_Hit02.prefab",
        "Effects/Eff_Prefab/Eff_Avatar/Eff_Serval/Eff_Avatar_Serval_00_MazeSkill_Start01.prefab"
      ]
    },
    "Ultra": {
      "EffectTypes": [
        "Skill03"
      ],
      "EffectInstanceList": [
        "Effects/Eff_Prefab/Eff_Avatar/Eff_Serval/Eff_Avatar_Serval_00_Skill03_Ready.prefab",
        "Effects/Eff_Prefab/Eff_Avatar/Eff_Serval/Eff_Avatar_Serval_00_Skill03_Scene.prefab",
        "Effects/Eff_Prefab/Eff_Avatar/Eff_Serval/Eff_Avatar_Serval_00_Skill03_Start01.prefab",
        "Effects/Eff_Prefab/Eff_Avatar/Eff_Serval/Eff_Avatar_Serval_00_Skill03_Start02.prefab",
        "Effects/Eff_Prefab/Eff_Avatar/Eff_Serval/Eff_Avatar_Serval_00_Skill03_Start03.prefab",
        "Effects/Eff_Prefab/Eff_Avatar/Eff_Serval/Eff_Avatar_Serval_00_Skill03_Start04.prefab",
        "Effects/Eff_Prefab/Eff_Avatar/Eff_Serval/Eff_Avatar_Serval_00_Skill03_Start05.prefab",
        "Effects/Eff_Prefab/Eff_Avatar/Eff_Serval/Eff_Avatar_Serval_00_Skill03_Start06.prefab",
        "Effects/Eff_Prefab/Eff_Avatar/Eff_Serval/Eff_Avatar_Serval_00_Skill03_Start07.prefab",
        "Effects/Eff_Prefab/Eff_Avatar/Eff_Serval/Eff_Avatar_Serval_00_Skill03_Weapon_Effect.prefab"
      ],
      "AssetList": [
        "Camera/TimeLine/Avatar/Character_Serval_00_Skill03_TimeLine.playable"
      ]
    },
    "Skill": {
      "EffectTypes": [
        "Skill02"
      ],
      "EffectInstanceList": [
        "Effects/Eff_Prefab/Eff_Avatar/Eff_Serval/Eff_Avatar_Serval_00_Skill02_Hit01.prefab",
        "Effects/Eff_Prefab/Eff_Avatar/Eff_Serval/Eff_Avatar_Serval_00_Skill02_Hit02.prefab",
        "Effects/Eff_Prefab/Eff_Avatar/Eff_Serval/Eff_Avatar_Serval_00_Skill02_Hit03.prefab",
        "Effects/Eff_Prefab/Eff_Avatar/Eff_Serval/Eff_Avatar_Serval_00_Skill02_Ready.prefab",
        "Effects/Eff_Prefab/Eff_Avatar/Eff_Serval/Eff_Avatar_Serval_00_Skill02_Start01.prefab",
        "Effects/Eff_Prefab/Eff_Avatar/Eff_Serval/Eff_Avatar_Serval_00_Skill02_Start02.prefab"
      ]
    },
    "Passive": {
      "EffectTypes": [
        "Passive"
      ],
      "EffectInstanceList": [
        "Effects/Eff_Prefab/Eff_Avatar/Eff_Serval/Eff_Avatar_Serval_00_Passive01_Hit.prefab",
        "Effects/Eff_Prefab/Eff_Avatar/Eff_Serval/Eff_Avatar_Serval_00_Passive01_Start.prefab"
      ]
    },
    "Normal": {
      "EffectTypes": [
        "Skill01"
      ],
      "EffectInstanceList": [
        "Effects/Eff_Prefab/Eff_Avatar/Eff_Serval/Eff_Avatar_Serval_00_Skill01_Hit01.prefab",
        "Effects/Eff_Prefab/Eff_Avatar/Eff_Serval/Eff_Avatar_Serval_00_Skill01_Hit02.prefab",
        "Effects/Eff_Prefab/Eff_Avatar/Eff_Serval/Eff_Avatar_Serval_00_Skill01_Start01.prefab"
      ]
    }
  }
}