{
  "EffectAssetList": [
    "Effects/Eff_Prefab/Eff_Avatar/Eff_Jingliu/Eff_Avatar_Jingliu_00_IdleShow_01_01.prefab",
    "Effects/Eff_Prefab/Eff_Avatar/Eff_Jingliu/Eff_Avatar_Jingliu_00_IdleShow_02_01.prefab",
    "Effects/Eff_Prefab/Eff_Avatar/Eff_Jingliu/Eff_Avatar_Jingliu_00_IdleShow_02_EyeMask.prefab",
    "Effects/Eff_Prefab/Eff_Avatar/Eff_Jingliu/Eff_Avatar_Jingliu_00_Skill12_01.prefab",
    "Effects/Eff_Prefab/Eff_Avatar/Eff_Jingliu/Eff_Avatar_Jingliu_00_Skill12_BigSwordDisappear.prefab",
    "Effects/Eff_Prefab/Eff_Avatar/Eff_Jingliu/Eff_Avatar_Jingliu_00_Skill12_BigSwordRevive.prefab",
    "Effects/Eff_Prefab/Eff_Avatar/Eff_Jingliu/Eff_Avatar_Jingliu_00_Skill12_DG.prefab",
    "Effects/Eff_Prefab/Eff_Avatar/Eff_Jingliu/Eff_Avatar_Jingliu_00_Skill12_DG_02.prefab",
    "Effects/Eff_Prefab/Eff_Avatar/Eff_Jingliu/Eff_Avatar_Jingliu_00_Skill12_dilie.prefab",
    "Effects/Eff_Prefab/Eff_Avatar/Eff_Jingliu/Eff_Avatar_Jingliu_00_Skill12_dilie_02.prefab",
    "Effects/Eff_Prefab/Eff_Avatar/Eff_Jingliu/Eff_Avatar_Jingliu_00_Skill12_dilie_03.prefab",
    "Effects/Eff_Prefab/Eff_Avatar/Eff_Jingliu/Eff_Avatar_Jingliu_00_Skill12_dilie_04.prefab",
    "Effects/Eff_Prefab/Eff_Avatar/Eff_Jingliu/Eff_Avatar_Jingliu_00_Skill12_hand.prefab",
    "Effects/Eff_Prefab/Eff_Avatar/Eff_Jingliu/Eff_Avatar_Jingliu_00_Skill12_Hit_01.prefab",
    "Effects/Eff_Prefab/Eff_Avatar/Eff_Jingliu/Eff_Avatar_Jingliu_00_Skill12_Ice.prefab",
    "Effects/Eff_Prefab/Eff_Avatar/Eff_Jingliu/Eff_Avatar_Jingliu_00_Skill12_IceBoom.prefab",
    "Effects/Eff_Prefab/Eff_Avatar/Eff_Jingliu/Eff_Avatar_Jingliu_00_Skill12_moon.prefab",
    "Effects/Eff_Prefab/Eff_Avatar/Eff_Jingliu/Eff_Avatar_Jingliu_00_Skill12_Ready.prefab",
    "Effects/Eff_Prefab/Eff_Avatar/Eff_Jingliu/Eff_Avatar_Jingliu_00_Skill12_SmallSwordDisappear.prefab",
    "Effects/Eff_Prefab/Eff_Avatar/Eff_Jingliu/Eff_Avatar_Jingliu_00_Skill12_SmallSwordRevive.prefab",
    "Effects/Eff_Prefab/Eff_Avatar/Eff_Jingliu/Eff_Avatar_Jingliu_00_Skill12_Water.prefab",
    "Effects/Eff_Prefab/Eff_Avatar/Eff_Jingliu/Eff_Avatar_Jingliu_00_Skill12_Weapon_01.prefab",
    "Effects/Eff_Prefab/Eff_Avatar/Eff_Jingliu/Eff_Avatar_Jingliu_00_Skill12_Weapon_02.prefab",
    "Effects/Eff_Prefab/Eff_Avatar/Eff_Jingliu/Eff_Avatar_Jingliu_00_Skill12_Xuli.prefab",
    "Effects/Eff_Prefab/Eff_Avatar/Eff_Jingliu/Eff_Avatar_Jingliu_00_Skill12_ZiDan.prefab",
    "Effects/Eff_Prefab/Eff_Avatar/Eff_Jingliu/Eff_Avatar_Jingliu_00_Skill12_ZiDan_02.prefab",
    "Effects/Eff_Prefab/Eff_Avatar/Eff_Jingliu/Eff_Avatar_Jingliu_00_Skill12_ZiDan_03.prefab",
    "Effects/Eff_Prefab/Eff_Avatar/Eff_Jingliu/Eff_Avatar_Jingliu_00_Skill12_ZiDan_04.prefab",
    "Effects/Eff_Prefab/Eff_Avatar/Eff_Jingliu/Eff_Avatar_Jingliu_00_StandBy_Transfer_01.prefab"
  ],
  "EffectInstanceMap": {
    "Common": {
      "EffectTypes": [
        "Common"
      ],
      "EffectInstanceList": [
        "Effects/Eff_Prefab/Eff_Avatar/Eff_Jingliu/Eff_Avatar_Jingliu_00_Common_WeaponEnd.prefab",
        "Effects/Eff_Prefab/Eff_Avatar/Eff_Jingliu/Eff_Avatar_Jingliu_00_Common_WeaponStart.prefab"
      ]
    },
    "MazeAttack": {
      "EffectTypes": [
        "MazeAttack"
      ],
      "EffectInstanceList": [
        "Effects/Eff_Prefab/Eff_Avatar/Eff_Jingliu/Eff_Avatar_Jingliu_00_MazeAttack.prefab",
        "Effects/Eff_Prefab/Eff_Avatar/Eff_Jingliu/Eff_Avatar_Jingliu_00_MazeAttack_Hit.prefab"
      ]
    },
    "MazeSkill": {
      "EffectTypes": [
        "MazeSkill"
      ],
      "EffectInstanceList": [
        "Effects/Eff_Prefab/Eff_Avatar/Eff_Jingliu/Eff_Avatar_Jingliu_00_MazeSkill01_01.prefab",
        "Effects/Eff_Prefab/Eff_Avatar/Eff_Jingliu/Eff_Avatar_Jingliu_00_MazeSkill01_02_01.prefab",
        "Effects/Eff_Prefab/Eff_Avatar/Eff_Jingliu/Eff_Avatar_Jingliu_00_MazeSkill01_04.prefab",
        "Effects/Eff_Prefab/Eff_Avatar/Eff_Jingliu/Eff_Avatar_Jingliu_00_MazeSkill01_EyeMask_End.prefab",
        "Effects/Eff_Prefab/Eff_Avatar/Eff_Jingliu/Eff_Avatar_Jingliu_00_MazeSkill01_EyeMask_Start.prefab",
        "Effects/Eff_Prefab/Eff_Avatar/Eff_Jingliu/Eff_Avatar_Jingliu_00_MazeSkill01_Weapon.prefab"
      ]
    },
    "Ultra": {
      "EffectTypes": [
        "Skill03"
      ],
      "EffectInstanceList": [
        "Effects/Eff_Prefab/Eff_Avatar/Eff_Jingliu/Eff_Avatar_Jingliu_00_Skill03_Ready.prefab",
        "Effects/Eff_Prefab/Eff_Avatar/Eff_Jingliu/Eff_Avatar_Jingliu_00_Skill03_Ready02.prefab",
        "Effects/Eff_Prefab/Eff_Avatar/Eff_Jingliu/Eff_Avatar_Jingliu_00_Skill03_01_Ground.prefab",
        "Effects/Eff_Prefab/Eff_Avatar/Eff_Jingliu/Eff_Avatar_Jingliu_00_Skill03_01_Water.prefab",
        "Effects/Eff_Prefab/Eff_Avatar/Eff_Jingliu/Eff_Avatar_Jingliu_00_Skill03_Attack01_Cam.prefab",
        "Effects/Eff_Prefab/Eff_Avatar/Eff_Jingliu/Eff_Avatar_Jingliu_00_Skill03_Big_DG01.prefab",
        "Effects/Eff_Prefab/Eff_Avatar/Eff_Jingliu/Eff_Avatar_Jingliu_00_Skill03_Big_DG02.prefab",
        "Effects/Eff_Prefab/Eff_Avatar/Eff_Jingliu/Eff_Avatar_Jingliu_00_Skill03_Face.prefab",
        "Effects/Eff_Prefab/Eff_Avatar/Eff_Jingliu/Eff_Avatar_Jingliu_00_Skill03_Hit01_Cam.prefab",
        "Effects/Eff_Prefab/Eff_Avatar/Eff_Jingliu/Eff_Avatar_Jingliu_00_Skill03_HitGround01.prefab",
        "Effects/Eff_Prefab/Eff_Avatar/Eff_Jingliu/Eff_Avatar_Jingliu_00_Skill03_Moon01.prefab",
        "Effects/Eff_Prefab/Eff_Avatar/Eff_Jingliu/Eff_Avatar_Jingliu_00_Skill03_Moon02.prefab",
        "Effects/Eff_Prefab/Eff_Avatar/Eff_Jingliu/Eff_Avatar_Jingliu_00_Skill03_Moon03.prefab",
        "Effects/Eff_Prefab/Eff_Avatar/Eff_Jingliu/Eff_Avatar_Jingliu_00_Skill03_Scene.prefab",
        "Effects/Eff_Prefab/Eff_Avatar/Eff_Jingliu/Eff_Avatar_Jingliu_00_Skill03_Small_DG01.prefab",
        "Effects/Eff_Prefab/Eff_Avatar/Eff_Jingliu/Eff_Avatar_Jingliu_00_Skill03_SpeedLine_Cam.prefab",
        "Effects/Eff_Prefab/Eff_Avatar/Eff_Jingliu/Eff_Avatar_Jingliu_00_Skill03_Star01.prefab",
        "Effects/Eff_Prefab/Eff_Avatar/Eff_Jingliu/Eff_Avatar_Jingliu_00_Skill03_Star02.prefab",
        "Effects/Eff_Prefab/Eff_Avatar/Eff_Jingliu/Eff_Avatar_Jingliu_00_Skill03_Trail01.prefab",
        "Effects/Eff_Prefab/Eff_Avatar/Eff_Jingliu/Eff_Avatar_Jingliu_00_Skill03_Weapon.prefab"
      ],
      "AssetList": [
        "Camera/TimeLine/Avatar/Character_Jingliu_00_Skill03_TimeLine.playable"
      ]
    },
    "Skill": {
      "EffectTypes": [
        "Skill02"
      ],
      "EffectInstanceList": [
        "Effects/Eff_Prefab/Eff_Avatar/Eff_Jingliu/Eff_Avatar_Jingliu_00_Skill02_DG.prefab",
        "Effects/Eff_Prefab/Eff_Avatar/Eff_Jingliu/Eff_Avatar_Jingliu_00_Skill02_Dilie.prefab",
        "Effects/Eff_Prefab/Eff_Avatar/Eff_Jingliu/Eff_Avatar_Jingliu_00_Skill02_Hit.prefab",
        "Effects/Eff_Prefab/Eff_Avatar/Eff_Jingliu/Eff_Avatar_Jingliu_00_Skill02_Ready.prefab",
        "Effects/Eff_Prefab/Eff_Avatar/Eff_Jingliu/Eff_Avatar_Jingliu_00_Skill02_Weapon.prefab",
        "Effects/Eff_Prefab/Eff_Avatar/Eff_Jingliu/Eff_Avatar_Jingliu_00_Skill02_Weapon_02.prefab",
        "Effects/Eff_Prefab/Eff_Avatar/Eff_Jingliu/Eff_Avatar_Jingliu_00_Skill02_ZiDan.prefab"
      ]
    },
    "Passive": {
      "EffectTypes": [
        "Passive"
      ],
      "EffectInstanceList": [
        "Effects/Eff_Prefab/Eff_Avatar/Eff_Jingliu/Eff_Avatar_Jingliu_00_PassiveSkill_BianShen.prefab",
        "Effects/Eff_Prefab/Eff_Avatar/Eff_Jingliu/Eff_Avatar_Jingliu_00_PassiveSkill_Blinder.prefab",
        "Effects/Eff_Prefab/Eff_Avatar/Eff_Jingliu/Eff_Avatar_Jingliu_00_PassiveSkill_Blinder_01.prefab",
        "Effects/Eff_Prefab/Eff_Avatar/Eff_Jingliu/Eff_Avatar_Jingliu_00_PassiveSkill_BodyLight.prefab",
        "Effects/Eff_Prefab/Eff_Avatar/Eff_Jingliu/Eff_Avatar_Jingliu_00_PassiveSkill_Dilie.prefab",
        "Effects/Eff_Prefab/Eff_Avatar/Eff_Jingliu/Eff_Avatar_Jingliu_00_PassiveSkill_Scene.prefab",
        "Effects/Eff_Prefab/Eff_Avatar/Eff_Jingliu/Eff_Avatar_Jingliu_00_PassiveSkill_Scene_Cam.prefab",
        "Effects/Eff_Prefab/Eff_Avatar/Eff_Jingliu/Eff_Avatar_Jingliu_00_PassiveSkill_Scense_FanShe.prefab",
        "Effects/Eff_Prefab/Eff_Avatar/Eff_Jingliu/Eff_Avatar_Jingliu_00_PassiveSkill_Weapon.prefab",
        "Effects/Eff_Prefab/Eff_Avatar/Eff_Jingliu/Eff_Avatar_Jingliu_00_PassiveSkill_Weapon_02.prefab",
        "Effects/Eff_Prefab/Eff_Avatar/Eff_Jingliu/Eff_Avatar_Jingliu_00_PassiveSkill_Weapon_03.prefab",
        "Effects/Eff_Prefab/Eff_Avatar/Eff_Jingliu/Eff_Avatar_Jingliu_00_PassiveSkill_zhakai.prefab",
        "Effects/Eff_Prefab/Eff_Avatar/Eff_Jingliu/Eff_Avatar_Jingliu_00_PassiveSkill_ZiDan.prefab"
      ],
      "AssetList": [
        "Camera/TimeLine/Avatar/Character_Jingliu_00_PassiveSkill_TimeLine.playable"
      ]
    },
    "Normal": {
      "EffectTypes": [
        "Skill01"
      ],
      "EffectInstanceList": [
        "Effects/Eff_Prefab/Eff_Avatar/Eff_Jingliu/Eff_Avatar_Jingliu_00_Skill01.prefab",
        "Effects/Eff_Prefab/Eff_Avatar/Eff_Jingliu/Eff_Avatar_Jingliu_00_Skill01_01.prefab",
        "Effects/Eff_Prefab/Eff_Avatar/Eff_Jingliu/Eff_Avatar_Jingliu_00_Skill01_02.prefab",
        "Effects/Eff_Prefab/Eff_Avatar/Eff_Jingliu/Eff_Avatar_Jingliu_00_Skill01_DG_01.prefab",
        "Effects/Eff_Prefab/Eff_Avatar/Eff_Jingliu/Eff_Avatar_Jingliu_00_Skill01_DG_02.prefab",
        "Effects/Eff_Prefab/Eff_Avatar/Eff_Jingliu/Eff_Avatar_Jingliu_00_Skill01_Hit_01.prefab",
        "Effects/Eff_Prefab/Eff_Avatar/Eff_Jingliu/Eff_Avatar_Jingliu_00_Skill01_Hit_02.prefab"
      ]
    }
  }
}