{
  "EffectAssetList": [],
  "EffectInstanceMap": {
    "Common": {
      "EffectTypes": [
        "Common"
      ],
      "EffectInstanceList": [
        "Effects/Eff_Prefab/Eff_Avatar/Eff_Ren/Eff_Avatar_Ren_00_Common_WeaponEnd.prefab",
        "Effects/Eff_Prefab/Eff_Avatar/Eff_Ren/Eff_Avatar_Ren_00_Common_WeaponStart .prefab"
      ]
    },
    "MazeAttack": {
      "EffectTypes": [
        "MazeAttack"
      ],
      "EffectInstanceList": [
        "Effects/Eff_Prefab/Eff_Avatar/Eff_Ren/Eff_Avatar_Ren_00_MazeAttack_01.prefab"
      ]
    },
    "MazeSkill": {
      "EffectTypes": [
        "MazeSkill"
      ],
      "EffectInstanceList": [
        "Effects/Eff_Prefab/Eff_Avatar/Eff_Ren/Eff_Avatar_Ren_00_MazeSkill01.prefab",
        "Effects/Eff_Prefab/Eff_Avatar/Eff_Ren/Eff_Avatar_Ren_00_MazeSkill01_Appear_01.prefab",
        "Effects/Eff_Prefab/Eff_Avatar/Eff_Ren/Eff_Avatar_Ren_00_MazeSkill01_Appear_02.prefab",
        "Effects/Eff_Prefab/Eff_Avatar/Eff_Ren/Eff_Avatar_Ren_00_MazeSkill01_Hit.prefab",
        "Effects/Eff_Prefab/Eff_Avatar/Eff_Ren/Eff_Avatar_Ren_00_MazeSkill02.prefab"
      ]
    },
    "Ultra": {
      "EffectTypes": [
        "Skill03"
      ],
      "EffectInstanceList": [
        "Effects/Eff_Prefab/Eff_Avatar/Eff_Ren/Eff_Avatar_Ren_00_Skill03_Ready.prefab",
        "Effects/Eff_Prefab/Eff_Avatar/Eff_Ren/Eff_Avatar_Ren_00_Skill03_01.prefab",
        "Effects/Eff_Prefab/Eff_Avatar/Eff_Ren/Eff_Avatar_Ren_00_Skill03_02.prefab",
        "Effects/Eff_Prefab/Eff_Avatar/Eff_Ren/Eff_Avatar_Ren_00_Skill03_03.prefab",
        "Effects/Eff_Prefab/Eff_Avatar/Eff_Ren/Eff_Avatar_Ren_00_Skill03_04.prefab",
        "Effects/Eff_Prefab/Eff_Avatar/Eff_Ren/Eff_Avatar_Ren_00_Skill03_05.prefab",
        "Effects/Eff_Prefab/Eff_Avatar/Eff_Ren/Eff_Avatar_Ren_00_Skill03_EffectModel.prefab",
        "Effects/Eff_Prefab/Eff_Avatar/Eff_Ren/Eff_Avatar_Ren_00_Skill03_EffectModel_01.prefab",
        "Effects/Eff_Prefab/Eff_Avatar/Eff_Ren/Eff_Avatar_Ren_00_Skill03_Scense_01.prefab",
        "Effects/Eff_Prefab/Eff_Avatar/Eff_Ren/Eff_Avatar_Ren_00_Skill03_Scense_A.prefab",
        "Effects/Eff_Prefab/Eff_Avatar/Eff_Ren/Eff_Avatar_Ren_00_Skill03_Scense_A_cloud.prefab",
        "Effects/Eff_Prefab/Eff_Avatar/Eff_Ren/Eff_Avatar_Ren_00_Skill03_Scense_B.prefab",
        "Effects/Eff_Prefab/Eff_Avatar/Eff_Ren/Eff_Avatar_Ren_00_Skill03_Weapon_01.prefab",
        "Effects/Eff_Prefab/Eff_Avatar/Eff_Ren/Eff_Avatar_Ren_00_Skill03_Weapon_02.prefab"
      ],
      "AssetList": [
        "Camera/TimeLine/Avatar/Character_Ren_00_Skill03_TimeLine.playable"
      ]
    },
    "Skill": {
      "EffectTypes": [
        "Skill02"
      ],
      "EffectInstanceList": [
        "Effects/Eff_Prefab/Eff_Avatar/Eff_Ren/Eff_Avatar_Ren_00_Skill02_01.prefab",
        "Effects/Eff_Prefab/Eff_Avatar/Eff_Ren/Eff_Avatar_Ren_00_Skill02_02 .prefab",
        "Effects/Eff_Prefab/Eff_Avatar/Eff_Ren/Eff_Avatar_Ren_00_Skill02_03.prefab",
        "Effects/Eff_Prefab/Eff_Avatar/Eff_Ren/Eff_Avatar_Ren_00_Skill02_03_Appear_01.prefab",
        "Effects/Eff_Prefab/Eff_Avatar/Eff_Ren/Eff_Avatar_Ren_00_Skill02_Buff_01.prefab",
        "Effects/Eff_Prefab/Eff_Avatar/Eff_Ren/Eff_Avatar_Ren_00_Skill02_Weapon_01.prefab",
        "Effects/Eff_Prefab/Eff_Avatar/Eff_Ren/Eff_Avatar_Ren_00_Skill02_Weapon_JNT.prefab",
        "Effects/Eff_Prefab/Eff_Avatar/Eff_Ren/Eff_Avatar_Ren_00_Skill02_Weapon_Ready.prefab"
      ]
    },
    "Passive": {
      "EffectTypes": [
        "Passive"
      ],
      "EffectInstanceList": [
        "Effects/Eff_Prefab/Eff_Avatar/Eff_Ren/Eff_Avatar_Ren_00_PassiveSkill_03.prefab",
        "Effects/Eff_Prefab/Eff_Avatar/Eff_Ren/Eff_Avatar_Ren_00_PassiveSkill_Buff_01.prefab",
        "Effects/Eff_Prefab/Eff_Avatar/Eff_Ren/Eff_Avatar_Ren_00_PassiveSkill_Buff_02.prefab",
        "Effects/Eff_Prefab/Eff_Avatar/Eff_Ren/Eff_Avatar_Ren_00_PassiveSkill_Buff_03.prefab",
        "Effects/Eff_Prefab/Eff_Avatar/Eff_Ren/Eff_Avatar_Ren_00_PassiveSkill_Start01.prefab"
      ],
      "AssetList": [
        "Camera/TimeLine/Avatar/Character_Ren_00_PassiveSkill_TimeLine.playable"
      ]
    },
    "Normal": {
      "EffectTypes": [
        "Skill01"
      ],
      "EffectInstanceList": [
        "Effects/Eff_Prefab/Eff_Avatar/Eff_Ren/Eff_Avatar_Ren_00_Skill01_01.prefab",
        "Effects/Eff_Prefab/Eff_Avatar/Eff_Ren/Eff_Avatar_Ren_00_Skill01_02.prefab",
        "Effects/Eff_Prefab/Eff_Avatar/Eff_Ren/Eff_Avatar_Ren_00_Skill01_Hit_01.prefab",
        "Effects/Eff_Prefab/Eff_Avatar/Eff_Ren/Eff_Avatar_Ren_00_Skill01_Hit_02.prefab",
        "Effects/Eff_Prefab/Eff_Avatar/Eff_Ren/Eff_Avatar_Ren_00_Skill01_Hit_03.prefab"
      ]
    }
  }
}