{
  "EffectAssetList": [],
  "EffectInstanceMap": {
    "Common": {
      "EffectTypes": [
        "Common"
      ],
      "EffectInstanceList": [
        "Effects/Eff_Prefab/Eff_Avatar/Eff_Bronya/Eff_Avatar_Bronya_00_Common_WeaponEnd.prefab",
        "Effects/Eff_Prefab/Eff_Avatar/Eff_Bronya/Eff_Avatar_Bronya_00_Common_WeaponEnd_Manikin.prefab",
        "Effects/Eff_Prefab/Eff_Avatar/Eff_Bronya/Eff_Avatar_Bronya_00_Common_WeaponStart.prefab",
        "Effects/Eff_Prefab/Eff_Avatar/Eff_Bronya/Eff_Avatar_Bronya_00_Common_WeaponStart_Manikin.prefab"
      ]
    },
    "MazeAttack": {
      "EffectTypes": [
        "MazeAttack"
      ],
      "EffectInstanceList": [
        "Effects/Eff_Prefab/Eff_Avatar/Eff_Bronya/Eff_Avatar_Bronya_00_MazeAttack_Hit01.prefab",
        "Effects/Eff_Prefab/Eff_Avatar/Eff_Bronya/Eff_Avatar_Bronya_00_MazeAttack_Start01.prefab",
        "Effects/Eff_Prefab/Eff_Avatar/Eff_Bronya/Eff_Avatar_Bronya_00_MazeAttack_Start02.prefab",
        "Effects/Eff_Prefab/Eff_Avatar/Eff_Bronya/Eff_Avatar_Bronya_00_MazeAttack_Trail01.prefab"
      ]
    },
    "MazeSkill": {
      "EffectTypes": [
        "MazeSkill"
      ],
      "EffectInstanceList": [
        "Effects/Eff_Prefab/Eff_Avatar/Eff_Bronya/Eff_Avatar_Bronya_00_MazeSkill_Buff.prefab",
        "Effects/Eff_Prefab/Eff_Avatar/Eff_Bronya/Eff_Avatar_Bronya_00_MazeSkill_Start01.prefab",
        "Effects/Eff_Prefab/Eff_Avatar/Eff_Bronya/Eff_Avatar_Bronya_00_MazeSkill_Start02.prefab"
      ]
    },
    "Ultra": {
      "EffectTypes": [
        "Skill03"
      ],
      "EffectInstanceList": [
        "Effects/Eff_Prefab/Eff_Avatar/Eff_Bronya/Eff_Avatar_Bronya_00_Skill03_Ready.prefab",
        "Effects/Eff_Prefab/Eff_Avatar/Eff_Bronya/Eff_Avatar_Bronya_00_Skill03_Buff.prefab",
        "Effects/Eff_Prefab/Eff_Avatar/Eff_Bronya/Eff_Avatar_Bronya_00_Skill03_Buff_Self.prefab",
        "Effects/Eff_Prefab/Eff_Avatar/Eff_Bronya/Eff_Avatar_Bronya_00_Skill03_Monster.prefab",
        "Effects/Eff_Prefab/Eff_Avatar/Eff_Bronya/Eff_Avatar_Bronya_00_Skill03_Scene.prefab",
        "Effects/Eff_Prefab/Eff_Avatar/Eff_Bronya/Eff_Avatar_Bronya_00_Skill03_Start01.prefab",
        "Effects/Eff_Prefab/Eff_Avatar/Eff_Bronya/Eff_Avatar_Bronya_00_Skill03_Start02.prefab",
        "Effects/Eff_Prefab/Eff_Avatar/Eff_Bronya/Eff_Avatar_Bronya_00_Skill03_Start03.prefab",
        "Effects/Eff_Prefab/Eff_Avatar/Eff_Bronya/Eff_Avatar_Bronya_00_Skill03_Start04.prefab",
        "Effects/Eff_Prefab/Eff_Avatar/Eff_Bronya/Eff_Avatar_Bronya_00_Skill03_Start05.prefab",
        "Effects/Eff_Prefab/Eff_Avatar/Eff_Bronya/Eff_Avatar_Bronya_00_Skill03_Start06.prefab",
        "Effects/Eff_Prefab/Eff_Avatar/Eff_Bronya/Eff_Avatar_Bronya_00_Skill03_Start07.prefab",
        "Effects/Eff_Prefab/Eff_Avatar/Eff_Bronya/Eff_Avatar_Bronya_00_Skill03_Start08.prefab",
        "Effects/Eff_Prefab/Eff_Avatar/Eff_Bronya/Eff_Avatar_Bronya_00_Skill03_Start09.prefab",
        "Effects/Eff_Prefab/Eff_Avatar/Eff_Bronya/Eff_Avatar_Bronya_00_Skill03_Start10.prefab",
        "Effects/Eff_Prefab/Eff_Avatar/Eff_Bronya/Eff_Avatar_Bronya_00_Skill03_Start11.prefab",
        "Effects/Eff_Prefab/Eff_Avatar/Eff_Bronya/Eff_Avatar_Bronya_00_Skill03_Start12.prefab",
        "Effects/Eff_Prefab/Eff_Avatar/Eff_Bronya/Eff_Avatar_Bronya_00_Skill03_Start13.prefab",
        "Effects/Eff_Prefab/Eff_Avatar/Eff_Bronya/Eff_Avatar_Bronya_00_Skill03_Start14.prefab"
      ],
      "AssetList": [
        "Camera/TimeLine/Avatar/Character_Bronya_00_Skill03_TimeLine.playable"
      ]
    },
    "Skill": {
      "EffectTypes": [
        "Skill02"
      ],
      "EffectInstanceList": [
        "Effects/Eff_Prefab/Eff_Avatar/Eff_Bronya/Eff_Avatar_Bronya_00_Skill02_Buff.prefab",
        "Effects/Eff_Prefab/Eff_Avatar/Eff_Bronya/Eff_Avatar_Bronya_00_Skill02_Buff_Self.prefab",
        "Effects/Eff_Prefab/Eff_Avatar/Eff_Bronya/Eff_Avatar_Bronya_00_Skill02_Ready.prefab",
        "Effects/Eff_Prefab/Eff_Avatar/Eff_Bronya/Eff_Avatar_Bronya_00_Skill02_ReadyOut.prefab",
        "Effects/Eff_Prefab/Eff_Avatar/Eff_Bronya/Eff_Avatar_Bronya_00_Skill02_Start01.prefab"
      ]
    },
    "Passive": {
      "EffectTypes": [
        "Passive"
      ],
      "EffectInstanceList": []
    },
    "Normal": {
      "EffectTypes": [
        "Skill01"
      ],
      "EffectInstanceList": [
        "Effects/Eff_Prefab/Eff_Avatar/Eff_Bronya/Eff_Avatar_Bronya_00_Skill01_Camera01.prefab",
        "Effects/Eff_Prefab/Eff_Avatar/Eff_Bronya/Eff_Avatar_Bronya_00_Skill01_Hit01.prefab",
        "Effects/Eff_Prefab/Eff_Avatar/Eff_Bronya/Eff_Avatar_Bronya_00_Skill01_Start01.prefab",
        "Effects/Eff_Prefab/Eff_Avatar/Eff_Bronya/Eff_Avatar_Bronya_00_Skill01_Start01_01.prefab",
        "Effects/Eff_Prefab/Eff_Avatar/Eff_Bronya/Eff_Avatar_Bronya_00_Skill01_Start01_Boss.prefab",
        "Effects/Eff_Prefab/Eff_Avatar/Eff_Bronya/Eff_Avatar_Bronya_00_Skill01_Start01_Bullet.prefab",
        "Effects/Eff_Prefab/Eff_Avatar/Eff_Bronya/Eff_Avatar_Bronya_00_Skill01_Weapon.prefab"
      ]
    }
  }
}