{
  "EffectAssetList": [],
  "EffectInstanceMap": {
    "Common": {
      "EffectTypes": [
        "Common"
      ],
      "EffectInstanceList": [
        "Effects/Eff_Prefab/Eff_Avatar/Eff_Hook/Eff_Avatar_Hook_00_Common_WeaponEnd.prefab",
        "Effects/Eff_Prefab/Eff_Avatar/Eff_Hook/Eff_Avatar_Hook_00_Common_WeaponStart.prefab"
      ]
    },
    "MazeAttack": {
      "EffectTypes": [
        "MazeAttack"
      ],
      "EffectInstanceList": [
        "Effects/Eff_Prefab/Eff_Avatar/Eff_Hook/Eff_Avatar_Hook_00_MazeAttack.prefab",
        "Effects/Eff_Prefab/Eff_Avatar/Eff_Hook/Eff_Avatar_Hook_00_MazeAttack_Hit.prefab"
      ]
    },
    "MazeSkill": {
      "EffectTypes": [
        "MazeSkill"
      ],
      "EffectInstanceList": [
        "Effects/Eff_Prefab/Eff_Avatar/Eff_Hook/Eff_Avatar_Hook_00_MazeSkill_Bomb.prefab",
        "Effects/Eff_Prefab/Eff_Avatar/Eff_Hook/Eff_Avatar_Hook_00_MazeSkill_Bomb01.prefab",
        "Effects/Eff_Prefab/Eff_Avatar/Eff_Hook/Eff_Avatar_Hook_00_MazeSkill_Start01.prefab",
        "Effects/Eff_Prefab/Eff_Avatar/Eff_Hook/Eff_Avatar_Hook_00_MazeSkill_Start02.prefab"
      ]
    },
    "Ultra": {
      "EffectTypes": [
        "Skill03"
      ],
      "EffectInstanceList": [
        "Effects/Eff_Prefab/Eff_Avatar/Eff_Hook/Eff_Avatar_Hook_00_Skill03_Ready01.prefab",
        "Effects/Eff_Prefab/Eff_Avatar/Eff_Hook/Eff_Avatar_Hook_00_Skill03_Projection.prefab",
        "Effects/Eff_Prefab/Eff_Avatar/Eff_Hook/Eff_Avatar_Hook_00_Skill03_Start01.prefab",
        "Effects/Eff_Prefab/Eff_Avatar/Eff_Hook/Eff_Avatar_Hook_00_Skill03_Start02.prefab",
        "Effects/Eff_Prefab/Eff_Avatar/Eff_Hook/Eff_Avatar_Hook_00_Skill03_Start03.prefab",
        "Effects/Eff_Prefab/Eff_Avatar/Eff_Hook/Eff_Avatar_Hook_00_Skill03_Start04.prefab",
        "Effects/Eff_Prefab/Eff_Avatar/Eff_Hook/Eff_Avatar_Hook_00_Skill03_Start06.prefab",
        "Effects/Eff_Prefab/Eff_Avatar/Eff_Hook/Eff_Avatar_Hook_00_Skill03_Start07.prefab",
        "Effects/Eff_Prefab/Eff_Avatar/Eff_Hook/Eff_Avatar_Hook_00_Skill03_Start08.prefab",
        "Effects/Eff_Prefab/Eff_Avatar/Eff_Hook/Eff_Avatar_Hook_00_Skill03_Start10.prefab"
      ],
      "AssetList": [
        "Camera/TimeLine/Avatar/Character_Hook_00_Skill03_TimeLine.playable"
      ]
    },
    "Skill": {
      "EffectTypes": [
        "Skill02"
      ],
      "EffectInstanceList": [
        "Effects/Eff_Prefab/Eff_Avatar/Eff_Hook/Eff_Avatar_Hook_00_Skill02_Down01.prefab",
        "Effects/Eff_Prefab/Eff_Avatar/Eff_Hook/Eff_Avatar_Hook_00_Skill02_Hit.prefab",
        "Effects/Eff_Prefab/Eff_Avatar/Eff_Hook/Eff_Avatar_Hook_00_Skill02_Ready01.prefab",
        "Effects/Eff_Prefab/Eff_Avatar/Eff_Hook/Eff_Avatar_Hook_00_Skill02_Ready01_V2.prefab",
        "Effects/Eff_Prefab/Eff_Avatar/Eff_Hook/Eff_Avatar_Hook_00_Skill02_Start01.prefab",
        "Effects/Eff_Prefab/Eff_Avatar/Eff_Hook/Eff_Avatar_Hook_00_Skill02_Trail01.prefab",
        "Effects/Eff_Prefab/Eff_Avatar/Eff_Hook/Eff_Avatar_Hook_00_Skill02_Up01.prefab",
        "Effects/Eff_Prefab/Eff_Avatar/Eff_Hook/Eff_Avatar_Hook_00_Skill02_Up01_V2.prefab",
        "Effects/Eff_Prefab/Eff_Avatar/Eff_Hook/Eff_Avatar_Hook_00_Skill02_Up01_V2_Camera.prefab"
      ]
    },
    "Passive": {
      "EffectTypes": [
        "Passive"
      ],
      "EffectInstanceList": []
    },
    "Normal": {
      "EffectTypes": [
        "Skill01"
      ],
      "EffectInstanceList": [
        "Effects/Eff_Prefab/Eff_Avatar/Eff_Hook/Eff_Avatar_Hook_00_Skill01_Start01.prefab",
        "Effects/Eff_Prefab/Eff_Avatar/Eff_Hook/Eff_Avatar_Hook_00_Skill01_Start02.prefab",
        "Effects/Eff_Prefab/Eff_Avatar/Eff_Hook/Eff_Avatar_Hook_00_Skill01_Start03.prefab"
      ]
    }
  }
}