{
  "EffectAssetList": [
    "Effects/Eff_Prefab/Eff_Avatar/Eff_Luocha/Eff_Avatar_Luocha_00_IdleShow_01_End.prefab",
    "Effects/Eff_Prefab/Eff_Avatar/Eff_Luocha/Eff_Avatar_Luocha_00_IdleShow_01_Start.prefab",
    "Effects/Eff_Prefab/Eff_Avatar/Eff_Luocha/Eff_Avatar_Luocha_00_IdleShow_02.prefab",
    "Effects/Eff_Prefab/Eff_Avatar/Eff_Luocha/Eff_Avatar_Luocha_00_IdleShow_02_End.prefab",
    "Effects/Eff_Prefab/Eff_Avatar/Eff_Luocha/Eff_Avatar_Luocha_00_IdleShow_02_Start.prefab"
  ],
  "EffectInstanceMap": {
    "Common": {
      "EffectTypes": [
        "Common"
      ],
      "EffectInstanceList": [
        "Effects/Eff_Prefab/Eff_Avatar/Eff_Luocha/Eff_Avatar_Luocha_00_Common_Halo_Trigger.prefab",
        "Effects/Eff_Prefab/Eff_Avatar/Eff_Luocha/Eff_Avatar_Luocha_00_Common_PendantEnd.prefab",
        "Effects/Eff_Prefab/Eff_Avatar/Eff_Luocha/Eff_Avatar_Luocha_00_Common_PendantStart.prefab",
        "Effects/Eff_Prefab/Eff_Avatar/Eff_Luocha/Eff_Avatar_Luocha_00_Common_WeaponEnd.prefab",
        "Effects/Eff_Prefab/Eff_Avatar/Eff_Luocha/Eff_Avatar_Luocha_00_Common_WeaponStart.prefab"
      ]
    },
    "MazeAttack": {
      "EffectTypes": [
        "MazeAttack"
      ],
      "EffectInstanceList": [
        "Effects/Eff_Prefab/Eff_Avatar/Eff_Luocha/Eff_Avatar_Luocha_00_MazeAttack_1.prefab",
        "Effects/Eff_Prefab/Eff_Avatar/Eff_Luocha/Eff_Avatar_Luocha_00_MazeAttack_1_Hit.prefab"
      ]
    },
    "MazeSkill": {
      "EffectTypes": [
        "MazeSkill"
      ],
      "EffectInstanceList": [
        "Effects/Eff_Prefab/Eff_Avatar/Eff_Luocha/Eff_Avatar_Luocha_00_MazeSkill01.prefab",
        "Effects/Eff_Prefab/Eff_Avatar/Eff_Luocha/Eff_Avatar_Luocha_00_MazeSkill01_02.prefab",
        "Effects/Eff_Prefab/Eff_Avatar/Eff_Luocha/Eff_Avatar_Luocha_00_MazeSkill02.prefab",
        "Effects/Eff_Prefab/Eff_Avatar/Eff_Luocha/Eff_Avatar_Luocha_00_MazeSkill02_Flower.prefab",
        "Effects/Eff_Prefab/Eff_Avatar/Eff_Luocha/Eff_Avatar_Luocha_00_MazeSkill04.prefab"
      ]
    },
    "Ultra": {
      "EffectTypes": [
        "Skill03"
      ],
      "EffectInstanceList": [
        "Effects/Eff_Prefab/Eff_Avatar/Eff_Luocha/Eff_Avatar_Luocha_00_Skill03_Ready.prefab",
        "Effects/Eff_Prefab/Eff_Avatar/Eff_Luocha/Eff_Avatar_Luocha_00_Skill03_Ready_01.prefab",
        "Effects/Eff_Prefab/Eff_Avatar/Eff_Luocha/Eff_Avatar_Luocha_00_Skill03_01.prefab",
        "Effects/Eff_Prefab/Eff_Avatar/Eff_Luocha/Eff_Avatar_Luocha_00_Skill03_01_hand.prefab",
        "Effects/Eff_Prefab/Eff_Avatar/Eff_Luocha/Eff_Avatar_Luocha_00_Skill03_02.prefab",
        "Effects/Eff_Prefab/Eff_Avatar/Eff_Luocha/Eff_Avatar_Luocha_00_Skill03_03_01.prefab",
        "Effects/Eff_Prefab/Eff_Avatar/Eff_Luocha/Eff_Avatar_Luocha_00_Skill03_03_02.prefab",
        "Effects/Eff_Prefab/Eff_Avatar/Eff_Luocha/Eff_Avatar_Luocha_00_Skill03_03_04_hit.prefab",
        "Effects/Eff_Prefab/Eff_Avatar/Eff_Luocha/Eff_Avatar_Luocha_00_Skill03_04.prefab",
        "Effects/Eff_Prefab/Eff_Avatar/Eff_Luocha/Eff_Avatar_Luocha_00_Skill03_05.prefab",
        "Effects/Eff_Prefab/Eff_Avatar/Eff_Luocha/Eff_Avatar_Luocha_00_Skill03_06.prefab",
        "Effects/Eff_Prefab/Eff_Avatar/Eff_Luocha/Eff_Avatar_Luocha_00_Skill03_Effect.prefab",
        "Effects/Eff_Prefab/Eff_Avatar/Eff_Luocha/Eff_Avatar_Luocha_00_Skill03_Effect_02.prefab",
        "Effects/Eff_Prefab/Eff_Avatar/Eff_Luocha/Eff_Avatar_Luocha_00_Skill03_Hit.prefab",
        "Effects/Eff_Prefab/Eff_Avatar/Eff_Luocha/Eff_Avatar_Luocha_00_Skill03_Hit_02.prefab",
        "Effects/Eff_Prefab/Eff_Avatar/Eff_Luocha/Eff_Avatar_Luocha_00_Skill03_Hit_03.prefab"
      ],
      "AssetList": [
        "Camera/TimeLine/Avatar/Character_Luocha_00_Skill03_TimeLine.playable"
      ]
    },
    "Skill": {
      "EffectTypes": [
        "Skill02"
      ],
      "EffectInstanceList": [
        "Effects/Eff_Prefab/Eff_Avatar/Eff_Luocha/Eff_Avatar_Luocha_00_Skill02_01.prefab",
        "Effects/Eff_Prefab/Eff_Avatar/Eff_Luocha/Eff_Avatar_Luocha_00_Skill02_02.prefab",
        "Effects/Eff_Prefab/Eff_Avatar/Eff_Luocha/Eff_Avatar_Luocha_00_Skill02_03.prefab",
        "Effects/Eff_Prefab/Eff_Avatar/Eff_Luocha/Eff_Avatar_Luocha_00_Skill02_Buff.prefab",
        "Effects/Eff_Prefab/Eff_Avatar/Eff_Luocha/Eff_Avatar_Luocha_00_Skill02_Ready_Loop.prefab"
      ]
    },
    "Passive": {
      "EffectTypes": [
        "Passive"
      ],
      "EffectInstanceList": [
        "Effects/Eff_Prefab/Eff_Avatar/Eff_Luocha/Eff_Avatar_Luocha_00_PassiveSkill.prefab",
        "Effects/Eff_Prefab/Eff_Avatar/Eff_Luocha/Eff_Avatar_Luocha_00_PassiveSkill_disappear.prefab",
        "Effects/Eff_Prefab/Eff_Avatar/Eff_Luocha/Eff_Avatar_Luocha_00_PassiveSkill_loop.prefab",
        "Effects/Eff_Prefab/Eff_Avatar/Eff_Luocha/Eff_Avatar_Luocha_00_PassiveSkill_Weapon.prefab"
      ],
      "AssetList": [
        "Camera/TimeLine/Avatar/Character_Luocha_00_PassiveSkill_TimeLine.playable"
      ]
    },
    "Normal": {
      "EffectTypes": [
        "Skill01"
      ],
      "EffectInstanceList": [
        "Effects/Eff_Prefab/Eff_Avatar/Eff_Luocha/Eff_Avatar_Luocha_00_Skill01.prefab",
        "Effects/Eff_Prefab/Eff_Avatar/Eff_Luocha/Eff_Avatar_Luocha_00_Skill01_Hit01.prefab",
        "Effects/Eff_Prefab/Eff_Avatar/Eff_Luocha/Eff_Avatar_Luocha_00_Skill01_Hit02.prefab",
        "Effects/Eff_Prefab/Eff_Avatar/Eff_Luocha/Eff_Avatar_Luocha_00_Skill01_Hit03.prefab"
      ]
    }
  }
}