{
  "EffectAssetList": [
    "Effects/Eff_Prefab/Eff_Avatar/Eff_Pela/Eff_Avatar_Pela_00_IdleShow_01.prefab"
  ],
  "EffectInstanceMap": {
    "Common": {
      "EffectTypes": [
        "Common"
      ],
      "EffectInstanceList": [
        "Effects/Eff_Prefab/Eff_Avatar/Eff_Pela/Eff_Avatar_Pela_00_Common_WeaponEnd.prefab",
        "Effects/Eff_Prefab/Eff_Avatar/Eff_Pela/Eff_Avatar_Pela_00_Common_WeaponStart.prefab",
        "Effects/Eff_Prefab/Eff_Avatar/Eff_Pela/Eff_Avatar_Pela_00_Common_weapon_End.prefab"
      ]
    },
    "MazeAttack": {
      "EffectTypes": [
        "MazeAttack"
      ],
      "EffectInstanceList": [
        "Effects/Eff_Prefab/Eff_Avatar/Eff_Pela/Eff_Avatar_Pela_00_MazeAttack_Fire.prefab",
        "Effects/Eff_Prefab/Eff_Avatar/Eff_Pela/Eff_Avatar_Pela_00_MazeAttack_Hit.prefab",
        "Effects/Eff_Prefab/Eff_Avatar/Eff_Pela/Eff_Avatar_Pela_00_MazeAttack_Start.prefab"
      ]
    },
    "MazeSkill": {
      "EffectTypes": [
        "MazeSkill"
      ],
      "EffectInstanceList": [
        "Effects/Eff_Prefab/Eff_Avatar/Eff_Pela/Eff_Avatar_Pela_00_MazeSkill_Start01.prefab",
        "Effects/Eff_Prefab/Eff_Avatar/Eff_Pela/Eff_Avatar_Pela_00_MazeSkill_Start01_Hit01.prefab"
      ]
    },
    "Ultra": {
      "EffectTypes": [
        "Skill03"
      ],
      "EffectInstanceList": [
        "Effects/Eff_Prefab/Eff_Avatar/Eff_Pela/Eff_Avatar_Pela_00_Skill03_Ready.prefab",
        "Effects/Eff_Prefab/Eff_Avatar/Eff_Pela/Eff_Avatar_Pela_00_Skill03_Background01.prefab",
        "Effects/Eff_Prefab/Eff_Avatar/Eff_Pela/Eff_Avatar_Pela_00_Skill03_Bomb01.prefab",
        "Effects/Eff_Prefab/Eff_Avatar/Eff_Pela/Eff_Avatar_Pela_00_Skill03_Projection.prefab",
        "Effects/Eff_Prefab/Eff_Avatar/Eff_Pela/Eff_Avatar_Pela_00_Skill03_Start01.prefab",
        "Effects/Eff_Prefab/Eff_Avatar/Eff_Pela/Eff_Avatar_Pela_00_Skill03_Start02A.prefab",
        "Effects/Eff_Prefab/Eff_Avatar/Eff_Pela/Eff_Avatar_Pela_00_Skill03_Start02B.prefab",
        "Effects/Eff_Prefab/Eff_Avatar/Eff_Pela/Eff_Avatar_Pela_00_Skill03_Start02C.prefab",
        "Effects/Eff_Prefab/Eff_Avatar/Eff_Pela/Eff_Avatar_Pela_00_Skill03_Start02D.prefab",
        "Effects/Eff_Prefab/Eff_Avatar/Eff_Pela/Eff_Avatar_Pela_00_Skill03_Start03.prefab",
        "Effects/Eff_Prefab/Eff_Avatar/Eff_Pela/Eff_Avatar_Pela_00_Skill03_Start04.prefab",
        "Effects/Eff_Prefab/Eff_Avatar/Eff_Pela/Eff_Avatar_Pela_00_Skill03_Start05.prefab"
      ],
      "AssetList": [
        "Camera/TimeLine/Avatar/Character_Pela_00_Skill03_TimeLine.playable"
      ]
    },
    "Skill": {
      "EffectTypes": [
        "Skill02"
      ],
      "EffectInstanceList": [
        "Effects/Eff_Prefab/Eff_Avatar/Eff_Pela/Eff_Avatar_Pela_00_Skill02_Hit01.prefab",
        "Effects/Eff_Prefab/Eff_Avatar/Eff_Pela/Eff_Avatar_Pela_00_Skill02_Hit02.prefab",
        "Effects/Eff_Prefab/Eff_Avatar/Eff_Pela/Eff_Avatar_Pela_00_Skill02_Ready01.prefab",
        "Effects/Eff_Prefab/Eff_Avatar/Eff_Pela/Eff_Avatar_Pela_00_Skill02_Ready02.prefab",
        "Effects/Eff_Prefab/Eff_Avatar/Eff_Pela/Eff_Avatar_Pela_00_Skill02_Start01.prefab"
      ]
    },
    "Passive": {
      "EffectTypes": [
        "Passive"
      ],
      "EffectInstanceList": []
    },
    "Normal": {
      "EffectTypes": [
        "Skill01"
      ],
      "EffectInstanceList": [
        "Effects/Eff_Prefab/Eff_Avatar/Eff_Pela/Eff_Avatar_Pela_00_Skill01_Fire01.prefab",
        "Effects/Eff_Prefab/Eff_Avatar/Eff_Pela/Eff_Avatar_Pela_00_Skill01_Hit01.prefab",
        "Effects/Eff_Prefab/Eff_Avatar/Eff_Pela/Eff_Avatar_Pela_00_Skill01_Start01.prefab",
        "Effects/Eff_Prefab/Eff_Avatar/Eff_Pela/Eff_Avatar_Pela_00_Skill01_Start02.prefab"
      ]
    }
  }
}