{
  "EffectAssetList": [
    "Effects/Eff_Prefab/Eff_Avatar/Eff_Topaz/Eff_Avatar_Topaz_00_BE_Buff.prefab",
    "Effects/Eff_Prefab/Eff_Avatar/Eff_Topaz/Eff_Avatar_Topaz_00_BE_End.prefab",
    "Effects/Eff_Prefab/Eff_Avatar/Eff_Topaz/Eff_Avatar_Topaz_00_BE_End_02.prefab",
    "Effects/Eff_Prefab/Eff_Avatar/Eff_Topaz/Eff_Avatar_Topaz_00_Buff_02.prefab",
    "Effects/Eff_Prefab/Eff_Avatar/Eff_Topaz/Eff_Avatar_Topaz_00_IdleShow_01.prefab",
    "Effects/Eff_Prefab/Eff_Avatar/Eff_Topaz/Eff_Avatar_Topaz_00_IdleShow_01_Appear.prefab",
    "Effects/Eff_Prefab/Eff_Avatar/Eff_Topaz/Eff_Avatar_Topaz_00_IdleShow_01_Appear_01.prefab",
    "Effects/Eff_Prefab/Eff_Avatar/Eff_Topaz/Eff_Avatar_Topaz_00_IdleShow_01_pigstart.prefab",
    "Effects/Eff_Prefab/Eff_Avatar/Eff_Topaz/Eff_Avatar_Topaz_00_IdleShow_02.prefab",
    "Effects/Eff_Prefab/Eff_Avatar/Eff_Topaz/Eff_Avatar_Topaz_00_IdleShow_02_Phone.prefab",
    "Effects/Eff_Prefab/Eff_Avatar/Eff_Topaz/Eff_Avatar_Topaz_00_IdleShow_02_Tel.prefab",
    "Effects/Eff_Prefab/Eff_Avatar/Eff_Topaz/Eff_Avatar_Topaz_00_Zhangzhang_Happy.prefab",
    "Effects/Eff_Prefab/Eff_Avatar/Eff_Topaz/Eff_Avatar_Topaz_00_Zhangzhang_Idle_Show_01.prefab",
    "Effects/Eff_Prefab/Eff_Avatar/Eff_Topaz/Eff_Avatar_Topaz_00_Zhangzhang_Idle_Show_01AS.prefab",
    "Effects/Eff_Prefab/Eff_Avatar/Eff_Topaz/Eff_Avatar_Topaz_00_Zhangzhang_Idle_Show_01BS.prefab",
    "Effects/Eff_Prefab/Eff_Avatar/Eff_Topaz/Eff_Avatar_Topaz_00_Zhangzhang_Idle_Show_02.prefab",
    "Effects/Eff_Prefab/Eff_Avatar/Eff_Topaz/Eff_Avatar_Topaz_00_Zhangzhang_Idle_Show_02AS.prefab",
    "Effects/Eff_Prefab/Eff_Avatar/Eff_Topaz/Eff_Avatar_Topaz_00_Zhangzhang_Idle_Show_02BS.prefab",
    "Effects/Eff_Prefab/Eff_Avatar/Eff_Topaz/Eff_Avatar_Topaz_00_Zhangzhang_Like.prefab",
    "Effects/Eff_Prefab/Eff_Avatar/Eff_Topaz/Eff_Avatar_Topaz_00_Zhangzhang_Puzzle.prefab",
    "Effects/Eff_Prefab/Eff_Avatar/Eff_Topaz/Eff_Avatar_Topaz_00_Zhangzhang_StandBy.prefab",
    "Effects/Eff_Prefab/Eff_Avatar/Eff_Topaz/Eff_Avatar_Topaz_00_Zhangzhang_TeamStandBy.prefab"
  ],
  "EffectInstanceMap": {
    "Common": {
      "EffectTypes": [
        "Common"
      ],
      "EffectInstanceList": [
        "Effects/Eff_Prefab/Eff_Avatar/Eff_Topaz/Eff_Avatar_Topaz_00_BE_Common_Appear.prefab",
        "Effects/Eff_Prefab/Eff_Avatar/Eff_Topaz/Eff_Avatar_Topaz_00_BE_Common_Appear_01.prefab",
        "Effects/Eff_Prefab/Eff_Avatar/Eff_Topaz/Eff_Avatar_Topaz_00_BE_Common_End.prefab",
        "Effects/Eff_Prefab/Eff_Avatar/Eff_Topaz/Eff_Avatar_Topaz_00_Common_Pig_Buff.prefab",
        "Effects/Eff_Prefab/Eff_Avatar/Eff_Topaz/Eff_Avatar_Topaz_00_Common_WeaponA_Start.prefab"
      ]
    },
    "MazeAttack": {
      "EffectTypes": [
        "MazeAttack"
      ],
      "EffectInstanceList": [
        "Effects/Eff_Prefab/Eff_Avatar/Eff_Topaz/Eff_Avatar_Topaz_00_MazeAttack01.prefab",
        "Effects/Eff_Prefab/Eff_Avatar/Eff_Topaz/Eff_Avatar_Topaz_00_MazeAttack01_02.prefab",
        "Effects/Eff_Prefab/Eff_Avatar/Eff_Topaz/Eff_Avatar_Topaz_00_MazeAttack01_03.prefab",
        "Effects/Eff_Prefab/Eff_Avatar/Eff_Topaz/Eff_Avatar_Topaz_00_MazeAttack01_04.prefab",
        "Effects/Eff_Prefab/Eff_Avatar/Eff_Topaz/Eff_Avatar_Topaz_00_MazeAttack01_05.prefab",
        "Effects/Eff_Prefab/Eff_Avatar/Eff_Topaz/Eff_Avatar_Topaz_00_MazeAttack01_bullet.prefab",
        "Effects/Eff_Prefab/Eff_Avatar/Eff_Topaz/Eff_Avatar_Topaz_00_MazeAttack01_Effect02.prefab",
        "Effects/Eff_Prefab/Eff_Avatar/Eff_Topaz/Eff_Avatar_Topaz_00_MazeAttack01_Hit.prefab",
        "Effects/Eff_Prefab/Eff_Avatar/Eff_Topaz/Eff_Avatar_Topaz_00_MazeAttack_WeaponAEnd.prefab"
      ]
    },
    "MazeSkill": {
      "EffectTypes": [
        "MazeSkill"
      ],
      "EffectInstanceList": [
        "Effects/Eff_Prefab/Eff_Avatar/Eff_Topaz/Eff_Avatar_Topaz_00_BE_Ani_MazeSkill01.prefab",
        "Effects/Eff_Prefab/Eff_Avatar/Eff_Topaz/Eff_Avatar_Topaz_00_BE_Ani_MazeSkill_02.prefab",
        "Effects/Eff_Prefab/Eff_Avatar/Eff_Topaz/Eff_Avatar_Topaz_00_BE_Ani_MazeSkill_End03.prefab"
      ]
    },
    "Ultra": {
      "EffectTypes": [
        "Skill03"
      ],
      "EffectInstanceList": [
        "Effects/Eff_Prefab/Eff_Avatar/Eff_Topaz/Eff_Avatar_Topaz_00_Skill03_Ready.prefab",
        "Effects/Eff_Prefab/Eff_Avatar/Eff_Topaz/Eff_Avatar_Topaz_00_Skill03_01_Eye.prefab",
        "Effects/Eff_Prefab/Eff_Avatar/Eff_Topaz/Eff_Avatar_Topaz_00_Skill03_Coin_Hit01.prefab",
        "Effects/Eff_Prefab/Eff_Avatar/Eff_Topaz/Eff_Avatar_Topaz_00_Skill03_Coin_Hit02_Cam01.prefab",
        "Effects/Eff_Prefab/Eff_Avatar/Eff_Topaz/Eff_Avatar_Topaz_00_Skill03_Coin_Hit03.prefab",
        "Effects/Eff_Prefab/Eff_Avatar/Eff_Topaz/Eff_Avatar_Topaz_00_Skill03_Pig.prefab",
        "Effects/Eff_Prefab/Eff_Avatar/Eff_Topaz/Eff_Avatar_Topaz_00_Skill03_Pig_SpeedLine.prefab",
        "Effects/Eff_Prefab/Eff_Avatar/Eff_Topaz/Eff_Avatar_Topaz_00_Skill03_Pig_Trail01.prefab",
        "Effects/Eff_Prefab/Eff_Avatar/Eff_Topaz/Eff_Avatar_Topaz_00_Skill03_Scene01.prefab",
        "Effects/Eff_Prefab/Eff_Avatar/Eff_Topaz/Eff_Avatar_Topaz_00_Skill03_Scene03.prefab",
        "Effects/Eff_Prefab/Eff_Avatar/Eff_Topaz/Eff_Avatar_Topaz_00_Skill03_Scene04.prefab",
        "Effects/Eff_Prefab/Eff_Avatar/Eff_Topaz/Eff_Avatar_Topaz_00_Skill03_Scene05.prefab",
        "Effects/Eff_Prefab/Eff_Avatar/Eff_Topaz/Eff_Avatar_Topaz_00_Skill03_Scene06.prefab",
        "Effects/Eff_Prefab/Eff_Avatar/Eff_Topaz/Eff_Avatar_Topaz_00_Skill03_Scene06_Cam.prefab",
        "Effects/Eff_Prefab/Eff_Avatar/Eff_Topaz/Eff_Avatar_Topaz_00_Skill03_Screen.prefab"
      ],
      "AssetList": [
        "Camera/TimeLine/Avatar/Character_Topaz_00_Skill03_TimeLine.playable"
      ]
    },
    "Skill": {
      "EffectTypes": [
        "Skill02"
      ],
      "EffectInstanceList": [
        "Effects/Eff_Prefab/Eff_Avatar/Eff_Topaz/Eff_Avatar_Topaz_00_BE_Skill02.prefab",
        "Effects/Eff_Prefab/Eff_Avatar/Eff_Topaz/Eff_Avatar_Topaz_00_BE_Skill02_01.prefab",
        "Effects/Eff_Prefab/Eff_Avatar/Eff_Topaz/Eff_Avatar_Topaz_00_BE_Skill02_01_01.prefab",
        "Effects/Eff_Prefab/Eff_Avatar/Eff_Topaz/Eff_Avatar_Topaz_00_BE_Skill02_02.prefab",
        "Effects/Eff_Prefab/Eff_Avatar/Eff_Topaz/Eff_Avatar_Topaz_00_BE_Skill02_02_01.prefab",
        "Effects/Eff_Prefab/Eff_Avatar/Eff_Topaz/Eff_Avatar_Topaz_00_BE_Skill02_Camera.prefab",
        "Effects/Eff_Prefab/Eff_Avatar/Eff_Topaz/Eff_Avatar_Topaz_00_BE_Skill02_Camera_01.prefab",
        "Effects/Eff_Prefab/Eff_Avatar/Eff_Topaz/Eff_Avatar_Topaz_00_BE_Skill02_Enhance_01.prefab",
        "Effects/Eff_Prefab/Eff_Avatar/Eff_Topaz/Eff_Avatar_Topaz_00_BE_Skill02_Enhance_01_01.prefab",
        "Effects/Eff_Prefab/Eff_Avatar/Eff_Topaz/Eff_Avatar_Topaz_00_BE_Skill02_Enhance_02.prefab",
        "Effects/Eff_Prefab/Eff_Avatar/Eff_Topaz/Eff_Avatar_Topaz_00_BE_Skill02_Enhance_02_01.prefab",
        "Effects/Eff_Prefab/Eff_Avatar/Eff_Topaz/Eff_Avatar_Topaz_00_BE_Skill02_Enhance_03.prefab",
        "Effects/Eff_Prefab/Eff_Avatar/Eff_Topaz/Eff_Avatar_Topaz_00_BE_Skill02_Enhance_04.prefab",
        "Effects/Eff_Prefab/Eff_Avatar/Eff_Topaz/Eff_Avatar_Topaz_00_BE_Skill02_Enhance_05.prefab",
        "Effects/Eff_Prefab/Eff_Avatar/Eff_Topaz/Eff_Avatar_Topaz_00_BE_Skill02_Enhance_Camera.prefab",
        "Effects/Eff_Prefab/Eff_Avatar/Eff_Topaz/Eff_Avatar_Topaz_00_BE_Skill02_Enhance_Hit.prefab",
        "Effects/Eff_Prefab/Eff_Avatar/Eff_Topaz/Eff_Avatar_Topaz_00_BE_Skill02_Hit.prefab",
        "Effects/Eff_Prefab/Eff_Avatar/Eff_Topaz/Eff_Avatar_Topaz_00_Skill02_CameraVFX.prefab",
        "Effects/Eff_Prefab/Eff_Avatar/Eff_Topaz/Eff_Avatar_Topaz_00_Skill02_CameraVFX_02.prefab"
      ],
      "AssetList": [
        "Camera/TimeLine/Avatar/Character_Topaz_00_BE_Skill02_Enhance_TimeLine.playable",
        "Camera/TimeLine/Avatar/Character_Topaz_00_BE_Skill02_TimeLine.playable",
        "Camera/TimeLine/Avatar/Character_Topaz_00_Skill02_TimeLine.playable"
      ]
    },
    "Passive": {
      "EffectTypes": [
        "Passive"
      ],
      "EffectInstanceList": []
    },
    "Normal": {
      "EffectTypes": [
        "Skill01"
      ],
      "EffectInstanceList": [
        "Effects/Eff_Prefab/Eff_Avatar/Eff_Topaz/Eff_Avatar_Topaz_00_Skill01.prefab",
        "Effects/Eff_Prefab/Eff_Avatar/Eff_Topaz/Eff_Avatar_Topaz_00_Skill01_02.prefab",
        "Effects/Eff_Prefab/Eff_Avatar/Eff_Topaz/Eff_Avatar_Topaz_00_Skill01_bullet.prefab",
        "Effects/Eff_Prefab/Eff_Avatar/Eff_Topaz/Eff_Avatar_Topaz_00_Skill01_Hit.prefab",
        "Effects/Eff_Prefab/Eff_Avatar/Eff_Topaz/Eff_Avatar_Topaz_00_Skill01_WeaponStart.prefab",
        "Effects/Eff_Prefab/Eff_Avatar/Eff_Topaz/Eff_Avatar_Topaz_00_Skill01_WinCoin.prefab"
      ]
    }
  }
}