{
  "EffectAssetList": [
    "Effects/Eff_Prefab/Eff_Avatar/Eff_PlayerGirl_10/Eff_Avatar_PlayerGirl_10_PerformM33Call_Start01.prefab"
  ],
  "EffectInstanceMap": {
    "Common": {
      "EffectTypes": [
        "Common"
      ],
      "EffectInstanceList": []
    },
    "MazeAttack": {
      "EffectTypes": [
        "MazeAttack"
      ],
      "EffectInstanceList": [
        "Effects/Eff_Prefab/Eff_Avatar/Eff_PlayerGirl_10/Eff_Avatar_PlayerGirl_10_MazeAttack.prefab"
      ]
    },
    "MazeSkill": {
      "EffectTypes": [
        "MazeSkill"
      ],
      "EffectInstanceList": []
    },
    "Ultra": {
      "EffectTypes": [
        "Skill03"
      ],
      "EffectInstanceList": [
        "Effects/Eff_Prefab/Eff_Avatar/Eff_PlayerGirl_10/Eff_Avatar_PlayerGirl_10_Skill03_Ready.prefab",
        "Effects/Eff_Prefab/Eff_Avatar/Eff_PlayerGirl_10/Eff_Avatar_PlayerGirl_10_Skill03_Start01.prefab",
        "Effects/Eff_Prefab/Eff_Avatar/Eff_PlayerGirl_10/Eff_Avatar_PlayerGirl_10_Skill03_Start01_Scene01.prefab",
        "Effects/Eff_Prefab/Eff_Avatar/Eff_PlayerGirl_10/Eff_Avatar_PlayerGirl_10_Skill03_Start02.prefab",
        "Effects/Eff_Prefab/Eff_Avatar/Eff_PlayerGirl_10/Eff_Avatar_PlayerGirl_10_Skill03_Start02_Camera.prefab",
        "Effects/Eff_Prefab/Eff_Avatar/Eff_PlayerGirl_10/Eff_Avatar_PlayerGirl_10_Skill03_Start03.prefab",
        "Effects/Eff_Prefab/Eff_Avatar/Eff_PlayerGirl_10/Eff_Avatar_PlayerGirl_10_Skill03_Start03_Scene.prefab",
        "Effects/Eff_Prefab/Eff_Avatar/Eff_PlayerGirl_10/Eff_Avatar_PlayerGirl_10_Skill03_Start04.prefab",
        "Effects/Eff_Prefab/Eff_Avatar/Eff_PlayerGirl_10/Eff_Avatar_PlayerGirl_10_Skill03_Start04_Camera.prefab",
        "Effects/Eff_Prefab/Eff_Avatar/Eff_PlayerGirl_10/Eff_Avatar_PlayerGirl_10_Skill03_Start05.prefab",
        "Effects/Eff_Prefab/Eff_Avatar/Eff_PlayerGirl_10/Eff_Avatar_PlayerGirl_10_Skill03_Start05_Scene.prefab",
        "Effects/Eff_Prefab/Eff_Avatar/Eff_PlayerGirl_10/Eff_Avatar_PlayerGirl_10_Skill03_Start06.prefab",
        "Effects/Eff_Prefab/Eff_Avatar/Eff_PlayerGirl_10/Eff_Avatar_PlayerGirl_10_Skill03_WeaponStart01.prefab",
        "Effects/Eff_Prefab/Eff_Avatar/Eff_PlayerGirl_10/Eff_Avatar_PlayerGirl_10_Skill03_WeaponStart02.prefab",
        "Effects/Eff_Prefab/Eff_Avatar/Eff_PlayerGirl_10/Eff_Avatar_PlayerGirl_10_Skill03_WeaponStart03.prefab",
        "Effects/Eff_Prefab/Eff_Avatar/Eff_PlayerGirl_10/Eff_Avatar_PlayerGirl_10_Skill03_WeaponStart04.prefab",
        "Effects/Eff_Prefab/Eff_Avatar/Eff_PlayerGirl_10/Eff_Avatar_PlayerGirl_10_Skill03_WeaponStart05.prefab",
        "Effects/Eff_Prefab/Eff_Avatar/Eff_PlayerGirl_10/Eff_Avatar_PlayerGirl_10_Skill03_WeaponStart06.prefab"
      ],
      "AssetList": [
        "Camera/TimeLine/Avatar/Character_PlayerGirl_10_Skill03_TimeLine.playable"
      ]
    },
    "Skill": {
      "EffectTypes": [
        "Skill02"
      ],
      "EffectInstanceList": [
        "Effects/Eff_Prefab/Eff_Avatar/Eff_PlayerGirl_10/Eff_Avatar_PlayerGirl_10_Skill02_03.prefab",
        "Effects/Eff_Prefab/Eff_Avatar/Eff_PlayerGirl_10/Eff_Avatar_PlayerGirl_10_Skill02_03_1.prefab",
        "Effects/Eff_Prefab/Eff_Avatar/Eff_PlayerGirl_10/Eff_Avatar_PlayerGirl_10_Skill02_Camera.prefab",
        "Effects/Eff_Prefab/Eff_Avatar/Eff_PlayerGirl_10/Eff_Avatar_PlayerGirl_10_Skill02_Camera_02.prefab"
      ]
    },
    "Passive": {
      "EffectTypes": [
        "Passive"
      ],
      "EffectInstanceList": []
    },
    "Normal": {
      "EffectTypes": [
        "Skill01"
      ],
      "EffectInstanceList": [
        "Effects/Eff_Prefab/Eff_Avatar/Eff_PlayerGirl_10/Eff_Avatar_PlayerGirl_10_Skill01_BodySmoke_02.prefab",
        "Effects/Eff_Prefab/Eff_Avatar/Eff_PlayerGirl_10/Eff_Avatar_PlayerGirl_10_Skill01_BodySmoke_03.prefab",
        "Effects/Eff_Prefab/Eff_Avatar/Eff_PlayerGirl_10/Eff_Avatar_PlayerGirl_10_Skill01_v2_DownLine.prefab",
        "Effects/Eff_Prefab/Eff_Avatar/Eff_PlayerGirl_10/Eff_Avatar_PlayerGirl_10_Skill01_v2_Hit.prefab",
        "Effects/Eff_Prefab/Eff_Avatar/Eff_PlayerGirl_10/Eff_Avatar_PlayerGirl_10_Skill01_v2_Hit_02.prefab"
      ]
    }
  }
}