{
  "EffectAssetList": [
    "Effects/Eff_Prefab/Eff_Avatar/Eff_Lynx/Eff_Avatar_Lynx_00_IdleShow_01_cup_01_JNT.prefab",
    "Effects/Eff_Prefab/Eff_Avatar/Eff_Lynx/Eff_Avatar_Lynx_00_IdleShow_02_01.prefab",
    "Effects/Eff_Prefab/Eff_Avatar/Eff_Lynx/Eff_Avatar_Lynx_00_IdleShow_02_grilledFish_01_JNT.prefab"
  ],
  "EffectInstanceMap": {
    "Common": {
      "EffectTypes": [
        "Common"
      ],
      "EffectInstanceList": [
        "Effects/Eff_Prefab/Eff_Avatar/Eff_Lynx/Eff_Avatar_Lynx_00_Common_WeaponEnd_Effect_Chocolate.prefab",
        "Effects/Eff_Prefab/Eff_Avatar/Eff_Lynx/Eff_Avatar_Lynx_00_Common_WeaponEnd_Effect_Fish.prefab",
        "Effects/Eff_Prefab/Eff_Avatar/Eff_Lynx/Eff_Avatar_Lynx_00_Common_WeaponEnd_Effect_Weapon.prefab",
        "Effects/Eff_Prefab/Eff_Avatar/Eff_Lynx/Eff_Avatar_Lynx_00_Common_WeaponStart_Chocolate.prefab",
        "Effects/Eff_Prefab/Eff_Avatar/Eff_Lynx/Eff_Avatar_Lynx_00_Common_WeaponStart_Fish.prefab",
        "Effects/Eff_Prefab/Eff_Avatar/Eff_Lynx/Eff_Avatar_Lynx_00_Common_WeaponStart_Weapon.prefab"
      ]
    },
    "MazeAttack": {
      "EffectTypes": [
        "MazeAttack"
      ],
      "EffectInstanceList": [
        "Effects/Eff_Prefab/Eff_Avatar/Eff_Lynx/Eff_Avatar_Lynx_00_MazeAttack_01.prefab",
        "Effects/Eff_Prefab/Eff_Avatar/Eff_Lynx/Eff_Avatar_Lynx_00_MazeAttack_02.prefab",
        "Effects/Eff_Prefab/Eff_Avatar/Eff_Lynx/Eff_Avatar_Lynx_00_MazeAttack_Hit.prefab"
      ]
    },
    "MazeSkill": {
      "EffectTypes": [
        "MazeSkill"
      ],
      "EffectInstanceList": [
        "Effects/Eff_Prefab/Eff_Avatar/Eff_Lynx/Eff_Avatar_Lynx_00_MazeSkill01_Start01.prefab",
        "Effects/Eff_Prefab/Eff_Avatar/Eff_Lynx/Eff_Avatar_Lynx_00_MazeSkill_01.prefab",
        "Effects/Eff_Prefab/Eff_Avatar/Eff_Lynx/Eff_Avatar_Lynx_00_MazeSkill_Ground.prefab"
      ]
    },
    "Ultra": {
      "EffectTypes": [
        "Skill03"
      ],
      "EffectInstanceList": [
        "Effects/Eff_Prefab/Eff_Avatar/Eff_Lynx/Eff_Avatar_Lynx_00_Skill03_Ready.prefab",
        "Effects/Eff_Prefab/Eff_Avatar/Eff_Lynx/Eff_Avatar_Lynx_00_Skill03_BagGlow.prefab",
        "Effects/Eff_Prefab/Eff_Avatar/Eff_Lynx/Eff_Avatar_Lynx_00_Skill03_Buff.prefab",
        "Effects/Eff_Prefab/Eff_Avatar/Eff_Lynx/Eff_Avatar_Lynx_00_Skill03_Camera01.prefab",
        "Effects/Eff_Prefab/Eff_Avatar/Eff_Lynx/Eff_Avatar_Lynx_00_Skill03_Capsule.prefab",
        "Effects/Eff_Prefab/Eff_Avatar/Eff_Lynx/Eff_Avatar_Lynx_00_Skill03_Capsule02.prefab",
        "Effects/Eff_Prefab/Eff_Avatar/Eff_Lynx/Eff_Avatar_Lynx_00_Skill03_Smoke01.prefab",
        "Effects/Eff_Prefab/Eff_Avatar/Eff_Lynx/Eff_Avatar_Lynx_00_Skill03_Start01.prefab",
        "Effects/Eff_Prefab/Eff_Avatar/Eff_Lynx/Eff_Avatar_Lynx_00_Skill03_Start02.prefab",
        "Effects/Eff_Prefab/Eff_Avatar/Eff_Lynx/Eff_Avatar_Lynx_00_Skill03_Start03.prefab",
        "Effects/Eff_Prefab/Eff_Avatar/Eff_Lynx/Eff_Avatar_Lynx_00_Skill03_Start04.prefab",
        "Effects/Eff_Prefab/Eff_Avatar/Eff_Lynx/Eff_Avatar_Lynx_00_Skill03_Start05.prefab",
        "Effects/Eff_Prefab/Eff_Avatar/Eff_Lynx/Eff_Avatar_Lynx_00_Skill03_Start06.prefab"
      ],
      "AssetList": [
        "Camera/TimeLine/Avatar/Character_Lynx_00_Skill03_TimeLine.playable"
      ]
    },
    "Skill": {
      "EffectTypes": [
        "Skill02"
      ],
      "EffectInstanceList": [
        "Effects/Eff_Prefab/Eff_Avatar/Eff_Lynx/Eff_Avatar_Lynx_00_Skill02_Buff.prefab",
        "Effects/Eff_Prefab/Eff_Avatar/Eff_Lynx/Eff_Avatar_Lynx_00_Skill02_Camera.prefab",
        "Effects/Eff_Prefab/Eff_Avatar/Eff_Lynx/Eff_Avatar_Lynx_00_Skill02_Can.prefab",
        "Effects/Eff_Prefab/Eff_Avatar/Eff_Lynx/Eff_Avatar_Lynx_00_Skill02_Smoke01.prefab",
        "Effects/Eff_Prefab/Eff_Avatar/Eff_Lynx/Eff_Avatar_Lynx_00_Skill02_Start01.prefab",
        "Effects/Eff_Prefab/Eff_Avatar/Eff_Lynx/Eff_Avatar_Lynx_00_Skill02_Start02.prefab"
      ]
    },
    "Passive": {
      "EffectTypes": [
        "Passive"
      ],
      "EffectInstanceList": []
    },
    "Normal": {
      "EffectTypes": [
        "Skill01"
      ],
      "EffectInstanceList": [
        "Effects/Eff_Prefab/Eff_Avatar/Eff_Lynx/Eff_Avatar_Lynx_00_Skill01_01.prefab",
        "Effects/Eff_Prefab/Eff_Avatar/Eff_Lynx/Eff_Avatar_Lynx_00_Skill01_Hit.prefab"
      ]
    }
  }
}