{
  "EffectAssetList": [
    "Effects/Eff_Prefab/Eff_Avatar/Eff_Welt/Eff_Avatar_Welt_00_IdleShow_01.prefab"
  ],
  "EffectInstanceMap": {
    "Common": {
      "EffectTypes": [
        "Common"
      ],
      "EffectInstanceList": [
        "Effects/Eff_Prefab/Eff_Avatar/Eff_Welt/Eff_Avatar_Welt_00_Common_WeaponEnd.prefab",
        "Effects/Eff_Prefab/Eff_Avatar/Eff_Welt/Eff_Avatar_Welt_00_Common_WeaponEnd_Manikin.prefab",
        "Effects/Eff_Prefab/Eff_Avatar/Eff_Welt/Eff_Avatar_Welt_00_Common_WeaponStart.prefab",
        "Effects/Eff_Prefab/Eff_Avatar/Eff_Welt/Eff_Avatar_Welt_00_Common_WeaponStart_Manikin.prefab",
        "Effects/Eff_Prefab/Eff_Avatar/Eff_Welt/Eff_Avatar_Welt_00_Skill02_Common_AddDamage.prefab"
      ]
    },
    "MazeAttack": {
      "EffectTypes": [
        "MazeAttack"
      ],
      "EffectInstanceList": [
        "Effects/Eff_Prefab/Eff_Avatar/Eff_Welt/Eff_Avatar_Welt_00_MazeAttack_Appear.prefab",
        "Effects/Eff_Prefab/Eff_Avatar/Eff_Welt/Eff_Avatar_Welt_00_MazeAttack_Disappear.prefab",
        "Effects/Eff_Prefab/Eff_Avatar/Eff_Welt/Eff_Avatar_Welt_00_MazeAttack_Hit.prefab",
        "Effects/Eff_Prefab/Eff_Avatar/Eff_Welt/Eff_Avatar_Welt_00_MazeAttack_Start01.prefab"
      ]
    },
    "MazeSkill": {
      "EffectTypes": [
        "MazeSkill"
      ],
      "EffectInstanceList": [
        "Effects/Eff_Prefab/Eff_Avatar/Eff_Welt/Eff_Avatar_Welt_00_MazeSkill_Appear.prefab"
      ]
    },
    "Ultra": {
      "EffectTypes": [
        "Skill03"
      ],
      "EffectInstanceList": [
        "Effects/Eff_Prefab/Eff_Avatar/Eff_Welt/Eff_Avatar_Welt_00_Skill03_Ready.prefab",
        "Effects/Eff_Prefab/Eff_Avatar/Eff_Welt/Eff_Avatar_Welt_00_Skill03_Start01.prefab",
        "Effects/Eff_Prefab/Eff_Avatar/Eff_Welt/Eff_Avatar_Welt_00_Skill03_Start02.prefab",
        "Effects/Eff_Prefab/Eff_Avatar/Eff_Welt/Eff_Avatar_Welt_00_Skill03_Start03.prefab",
        "Effects/Eff_Prefab/Eff_Avatar/Eff_Welt/Eff_Avatar_Welt_00_Skill03_Start04.prefab",
        "Effects/Eff_Prefab/Eff_Avatar/Eff_Welt/Eff_Avatar_Welt_00_Skill03_Start05.prefab",
        "Effects/Eff_Prefab/Eff_Avatar/Eff_Welt/Eff_Avatar_Welt_00_Skill03_Start06.prefab",
        "Effects/Eff_Prefab/Eff_Avatar/Eff_Welt/Eff_Avatar_Welt_00_Skill03_Start07.prefab",
        "Effects/Eff_Prefab/Eff_Avatar/Eff_Welt/Eff_Avatar_Welt_00_Skill03_Start08.prefab",
        "Effects/Eff_Prefab/Eff_Avatar/Eff_Welt/Eff_Avatar_Welt_00_Skill03_Start09.prefab",
        "Effects/Eff_Prefab/Eff_Avatar/Eff_Welt/Eff_Avatar_Welt_00_Skill03_Start10.prefab",
        "Effects/Eff_Prefab/Eff_Avatar/Eff_Welt/Eff_Avatar_Welt_00_Skill03_Start11.prefab",
        "Effects/Eff_Prefab/Eff_Avatar/Eff_Welt/Eff_Avatar_Welt_00_Skill03_Start12.prefab",
        "Effects/Eff_Prefab/Eff_Avatar/Eff_Welt/Eff_Avatar_Welt_00_Skill03_Start13.prefab",
        "Effects/Eff_Prefab/Eff_Avatar/Eff_Welt/Eff_Avatar_Welt_00_Skill03_Start14.prefab",
        "Effects/Eff_Prefab/Eff_Avatar/Eff_Welt/Eff_Avatar_Welt_00_Skill03_Start15.prefab",
        "Effects/Eff_Prefab/Eff_Avatar/Eff_Welt/Eff_Avatar_Welt_00_Skill03_Start16.prefab"
      ],
      "AssetList": [
        "Camera/TimeLine/Avatar/Character_Welt_00_Skill03_TimeLine.playable"
      ]
    },
    "Skill": {
      "EffectTypes": [
        "Skill02"
      ],
      "EffectInstanceList": [
        "Effects/Eff_Prefab/Eff_Avatar/Eff_Welt/Eff_Avatar_Welt_00_Skill02_Hit01.prefab",
        "Effects/Eff_Prefab/Eff_Avatar/Eff_Welt/Eff_Avatar_Welt_00_Skill02_Hit02.prefab",
        "Effects/Eff_Prefab/Eff_Avatar/Eff_Welt/Eff_Avatar_Welt_00_Skill02_Hit03.prefab",
        "Effects/Eff_Prefab/Eff_Avatar/Eff_Welt/Eff_Avatar_Welt_00_Skill02_Ready.prefab",
        "Effects/Eff_Prefab/Eff_Avatar/Eff_Welt/Eff_Avatar_Welt_00_Skill02_Start01.prefab",
        "Effects/Eff_Prefab/Eff_Avatar/Eff_Welt/Eff_Avatar_Welt_00_Skill02_Start02.prefab"
      ]
    },
    "Passive": {
      "EffectTypes": [
        "Passive"
      ],
      "EffectInstanceList": []
    },
    "Normal": {
      "EffectTypes": [
        "Skill01"
      ],
      "EffectInstanceList": [
        "Effects/Eff_Prefab/Eff_Avatar/Eff_Welt/Eff_Avatar_Welt_00_Skill01_Hit.prefab",
        "Effects/Eff_Prefab/Eff_Avatar/Eff_Welt/Eff_Avatar_Welt_00_Skill01_Start01.prefab",
        "Effects/Eff_Prefab/Eff_Avatar/Eff_Welt/Eff_Avatar_Welt_00_Skill01_Start02.prefab",
        "Effects/Eff_Prefab/Eff_Avatar/Eff_Welt/Eff_Avatar_Welt_00_Skill01_Start_Hit.prefab"
      ]
    }
  }
}