{
  "SaveFile": "CEQuickSave_LSZ-02",
  "Name": "LSZ-02",
  "StageID": 2083,
  "SkillTreePreset": "None",
  "LineupConfigList": [
    {
      "AvatarId": 1102,
      "Level": 80,
      "Promotion": 6,
      "SkillTreePointList": [
        {
          "Id": 1102001,
          "Level": 6
        },
        {
          "Id": 1102002,
          "Level": 10
        },
        {
          "Id": 1102003,
          "Level": 10
        },
        {
          "Id": 1102004,
          "Level": 10
        },
        {
          "Id": 1102007,
          "Level": 1
        },
        {
          "Id": 1102101,
          "Level": 1
        },
        {
          "Id": 1102102,
          "Level": 1
        },
        {
          "Id": 1102103,
          "Level": 1
        },
        {
          "Id": 1102201,
          "Level": 1
        },
        {
          "Id": 1102202,
          "Level": 1
        },
        {
          "Id": 1102203,
          "Level": 1
        },
        {
          "Id": 1102204,
          "Level": 1
        },
        {
          "Id": 1102205,
          "Level": 1
        },
        {
          "Id": 1102206,
          "Level": 1
        },
        {
          "Id": 1102207,
          "Level": 1
        },
        {
          "Id": 1102208,
          "Level": 1
        },
        {
          "Id": 1102209,
          "Level": 1
        },
        {
          "Id": 1102210,
          "Level": 1
        }
      ],
      "EquipmentConfigList": [
        {
          "Id": 23001,
          "Level": 80,
          "Rank": 1
        }
      ],
      "RelicPropertyTypeList": [
        610815,
        630115
      ],
      "RelicMainValue": 4494515,
      "RelicSubValue": 515
    },
    {
      "AvatarId": 1006,
      "Level": 80,
      "Promotion": 6,
      "SkillTreePointList": [
        {
          "Id": 1006001,
          "Level": 6
        },
        {
          "Id": 1006002,
          "Level": 10
        },
        {
          "Id": 1006003,
          "Level": 10
        },
        {
          "Id": 1006004,
          "Level": 10
        },
        {
          "Id": 1006007,
          "Level": 1
        },
        {
          "Id": 1006201,
          "Level": 1
        },
        {
          "Id": 1006202,
          "Level": 1
        },
        {
          "Id": 1006203,
          "Level": 1
        },
        {
          "Id": 1006204,
          "Level": 1
        },
        {
          "Id": 1006205,
          "Level": 1
        },
        {
          "Id": 1006206,
          "Level": 1
        },
        {
          "Id": 1006207,
          "Level": 1
        },
        {
          "Id": 1006208,
          "Level": 1
        },
        {
          "Id": 1006209,
          "Level": 1
        },
        {
          "Id": 1006210,
          "Level": 1
        },
        {
          "Id": 1006101,
          "Level": 1
        },
        {
          "Id": 1006102,
          "Level": 1
        },
        {
          "Id": 1006103,
          "Level": 1
        }
      ],
      "EquipmentConfigList": [
        {
          "Id": 23007,
          "Level": 80,
          "Rank": 1
        }
      ],
      "RelicPropertyTypeList": [
        610815,
        630315
      ],
      "RelicMainValue": 7492515,
      "RelicSubValue": 515
    },
    {
      "AvatarId": 1205,
      "Level": 80,
      "Promotion": 6,
      "SkillTreePointList": [
        {
          "Id": 1205001,
          "Level": 6
        },
        {
          "Id": 1205002,
          "Level": 10
        },
        {
          "Id": 1205003,
          "Level": 10
        },
        {
          "Id": 1205004,
          "Level": 10
        },
        {
          "Id": 1205007,
          "Level": 1
        },
        {
          "Id": 1205101,
          "Level": 1
        },
        {
          "Id": 1205102,
          "Level": 1
        },
        {
          "Id": 1205103,
          "Level": 1
        },
        {
          "Id": 1205201,
          "Level": 1
        },
        {
          "Id": 1205202,
          "Level": 1
        },
        {
          "Id": 1205203,
          "Level": 1
        },
        {
          "Id": 1205204,
          "Level": 1
        },
        {
          "Id": 1205205,
          "Level": 1
        },
        {
          "Id": 1205206,
          "Level": 1
        },
        {
          "Id": 1205207,
          "Level": 1
        },
        {
          "Id": 1205208,
          "Level": 1
        },
        {
          "Id": 1205209,
          "Level": 1
        },
        {
          "Id": 1205210,
          "Level": 1
        }
      ],
      "EquipmentConfigList": [
        {
          "Id": 23009,
          "Level": 80,
          "Rank": 1
        }
      ],
      "RelicPropertyTypeList": [
        611315,
        630615
      ],
      "RelicMainValue": 5483515,
      "RelicSubValue": 515
    },
    {
      "AvatarId": 1304,
      "Level": 80,
      "Promotion": 6,
      "SkillTreePointList": [
        {
          "Id": 1304001,
          "Level": 6
        },
        {
          "Id": 1304002,
          "Level": 10
        },
        {
          "Id": 1304003,
          "Level": 10
        },
        {
          "Id": 1304004,
          "Level": 10
        },
        {
          "Id": 1304007,
          "Level": 1
        },
        {
          "Id": 1304101,
          "Level": 1
        },
        {
          "Id": 1304102,
          "Level": 1
        },
        {
          "Id": 1304103,
          "Level": 1
        },
        {
          "Id": 1304201,
          "Level": 1
        },
        {
          "Id": 1304202,
          "Level": 1
        },
        {
          "Id": 1304203,
          "Level": 1
        },
        {
          "Id": 1304204,
          "Level": 1
        },
        {
          "Id": 1304205,
          "Level": 1
        },
        {
          "Id": 1304206,
          "Level": 1
        },
        {
          "Id": 1304207,
          "Level": 1
        },
        {
          "Id": 1304208,
          "Level": 1
        },
        {
          "Id": 1304209,
          "Level": 1
        },
        {
          "Id": 1304210,
          "Level": 1
        }
      ],
      "EquipmentConfigList": [
        {
          "Id": 23005,
          "Level": 80,
          "Rank": 1
        }
      ],
      "RelicPropertyTypeList": [
        610315,
        630615
      ],
      "RelicMainValue": 3435515,
      "RelicSubValue": 515
    }
  ],
  "MazeBuffDataList": [],
  "BattleArea": {
    "PlaneId": 20001,
    "FloorId": 20001001,
    "GroupId": 2,
    "BattleAreaId": 1
  }
}