{
  "SaveFile": "CEQuickSave_CE601",
  "Name": "CE601",
  "StageID": 601,
  "SkillTreePreset": "None",
  "SPPreset": "Half",
  "LineupConfigList": [
    {
      "AvatarId": 1003,
      "Level": 15,
      "Promotion": 0,
      "EquipmentConfigList": [
        {
          "Id": 20006,
          "Level": 1,
          "Rank": 1
        }
      ]
    },
    {
      "AvatarId": 1209,
      "Level": 15,
      "Promotion": 0,
      "EquipmentConfigList": [
        {
          "Id": 20000,
          "Level": 1,
          "Rank": 1
        }
      ]
    },
    {
      "AvatarId": 1001,
      "Level": 15,
      "Promotion": 0,
      "EquipmentConfigList": [
        {
          "Id": 20003,
          "Level": 1,
          "Rank": 1
        }
      ]
    },
    {
      "AvatarId": 8001,
      "Level": 15,
      "Promotion": 0,
      "EquipmentConfigList": [
        {
          "Id": 20002,
          "Level": 1,
          "Rank": 1
        }
      ]
    }
  ],
  "MazeBuffDataList": []
}