{
  "SaveFile": "CEQuickSave_CE607",
  "Name": "CE607",
  "StageID": 607,
  "SkillTreePreset": "None",
  "LineupConfigList": [
    {
      "AvatarId": 1102,
      "Level": 15,
      "Promotion": 0,
      "EquipmentConfigList": [
        {
          "Id": 20000,
          "Level": 1,
          "Rank": 1
        }
      ]
    },
    {
      "AvatarId": 1201,
      "Level": 15,
      "Promotion": 0,
      "EquipmentConfigList": [
        {
          "Id": 20006,
          "Level": 1,
          "Rank": 1
        }
      ]
    },
    {
      "AvatarId": 1101,
      "Level": 15,
      "Promotion": 0,
      "EquipmentConfigList": [
        {
          "Id": 20005,
          "Level": 1,
          "Rank": 1
        }
      ]
    },
    {
      "AvatarId": 1105,
      "Level": 15,
      "Promotion": 0,
      "EquipmentConfigList": [
        {
          "Id": 20001,
          "Level": 1,
          "Rank": 1
        }
      ]
    }
  ],
  "MazeBuffDataList": []
}