{
  "SaveFile": "CEQuickSave_ShenYuan12",
  "Name": "ShenYuan12",
  "StageID": 30002012,
  "SkillTreePreset": "None",
  "SPPreset": "Half",
  "LineupConfigList": [
    {
      "AvatarId": 1205,
      "Level": 50,
      "Promotion": 3,
      "SkillTreePointList": [
        {
          "Id": 1205001,
          "Level": 2
        },
        {
          "Id": 1205002,
          "Level": 3
        },
        {
          "Id": 1205003,
          "Level": 3
        },
        {
          "Id": 1205004,
          "Level": 3
        },
        {
          "Id": 1205007,
          "Level": 1
        },
        {
          "Id": 1205101,
          "Level": 1
        },
        {
          "Id": 1205201,
          "Level": 1
        },
        {
          "Id": 1205202,
          "Level": 1
        }
      ],
      "EquipmentConfigList": [
        {
          "Id": 21005,
          "Level": 50,
          "Rank": 1
        }
      ],
      "RelicPropertyTypeList": [
        511306,
        530606
      ],
      "RelicMainValue": 5483406,
      "RelicSubValue": 406
    },
    {
      "AvatarId": 1003,
      "Level": 50,
      "Promotion": 3,
      "SkillTreePointList": [
        {
          "Id": 1003001,
          "Level": 2
        },
        {
          "Id": 1003002,
          "Level": 3
        },
        {
          "Id": 1003003,
          "Level": 3
        },
        {
          "Id": 1003004,
          "Level": 3
        },
        {
          "Id": 1003007,
          "Level": 1
        },
        {
          "Id": 1003101,
          "Level": 1
        },
        {
          "Id": 1003201,
          "Level": 1
        },
        {
          "Id": 1003202,
          "Level": 1
        }
      ],
      "EquipmentConfigList": [
        {
          "Id": 21013,
          "Level": 50,
          "Rank": 1
        }
      ],
      "RelicPropertyTypeList": [
        510706,
        530606
      ],
      "RelicMainValue": 4454406,
      "RelicSubValue": 406
    },
    {
      "AvatarId": 1203,
      "Level": 50,
      "Promotion": 3,
      "SkillTreePointList": [
        {
          "Id": 1203001,
          "Level": 2
        },
        {
          "Id": 1203002,
          "Level": 3
        },
        {
          "Id": 1203003,
          "Level": 3
        },
        {
          "Id": 1203004,
          "Level": 3
        },
        {
          "Id": 1203007,
          "Level": 1
        },
        {
          "Id": 1203101,
          "Level": 1
        },
        {
          "Id": 1203201,
          "Level": 1
        },
        {
          "Id": 1203202,
          "Level": 1
        }
      ],
      "EquipmentConfigList": [
        {
          "Id": 21007,
          "Level": 50,
          "Rank": 1
        }
      ],
      "RelicPropertyTypeList": [
        511406,
        530106
      ],
      "RelicMainValue": 6422406,
      "RelicSubValue": 406
    },
    {
      "AvatarId": 1009,
      "Level": 50,
      "Promotion": 3,
      "Rank": 1,
      "SkillTreePointList": [
        {
          "Id": 1009001,
          "Level": 2
        },
        {
          "Id": 1009002,
          "Level": 3
        },
        {
          "Id": 1009003,
          "Level": 3
        },
        {
          "Id": 1009004,
          "Level": 3
        },
        {
          "Id": 1009007,
          "Level": 1
        },
        {
          "Id": 1009101,
          "Level": 1
        },
        {
          "Id": 1009201,
          "Level": 1
        },
        {
          "Id": 1009202,
          "Level": 1
        }
      ],
      "EquipmentConfigList": [
        {
          "Id": 21011,
          "Level": 50,
          "Rank": 1
        }
      ],
      "RelicPropertyTypeList": [
        511406,
        530706
      ],
      "RelicMainValue": 4452406,
      "RelicSubValue": 406
    }
  ],
  "MazeBuffDataList": [],
  "BattleArea": {
    "PlaneId": 20001,
    "FloorId": 20001001,
    "GroupId": 2,
    "BattleAreaId": 1
  }
}