{
  "SaveFile": "CEQuickSave_UICE-3",
  "Name": "UICE-3",
  "StageID": 828,
  "SkillTreePreset": "MaxWithInLevel",
  "LineupConfigList": [
    {
      "AvatarId": 1107,
      "Level": 79,
      "Promotion": 6,
      "SkillTreePointList": [
        {
          "Id": 1107001,
          "Level": 5
        },
        {
          "Id": 1107002,
          "Level": 8
        },
        {
          "Id": 1107003,
          "Level": 8
        },
        {
          "Id": 1107004,
          "Level": 8
        },
        {
          "Id": 1107007,
          "Level": 1
        },
        {
          "Id": 1107101,
          "Level": 1
        },
        {
          "Id": 1107102,
          "Level": 1
        },
        {
          "Id": 1107103,
          "Level": 1
        },
        {
          "Id": 1107201,
          "Level": 1
        },
        {
          "Id": 1107202,
          "Level": 1
        },
        {
          "Id": 1107203,
          "Level": 1
        },
        {
          "Id": 1107204,
          "Level": 1
        },
        {
          "Id": 1107205,
          "Level": 1
        },
        {
          "Id": 1107206,
          "Level": 1
        },
        {
          "Id": 1107207,
          "Level": 1
        },
        {
          "Id": 1107208,
          "Level": 1
        }
      ],
      "EquipmentConfigList": [
        {
          "Id": 21005,
          "Level": 79,
          "Rank": 3
        }
      ],
      "RelicPropertyTypeList": [
        61050112,
        63069112
      ]
    },
    {
      "AvatarId": 1101,
      "Level": 79,
      "Promotion": 6,
      "SkillTreePointList": [
        {
          "Id": 1101001,
          "Level": 5
        },
        {
          "Id": 1101002,
          "Level": 8
        },
        {
          "Id": 1101003,
          "Level": 8
        },
        {
          "Id": 1101004,
          "Level": 8
        },
        {
          "Id": 1101007,
          "Level": 1
        },
        {
          "Id": 1101101,
          "Level": 1
        },
        {
          "Id": 1101102,
          "Level": 1
        },
        {
          "Id": 1101103,
          "Level": 1
        },
        {
          "Id": 1101201,
          "Level": 1
        },
        {
          "Id": 1101202,
          "Level": 1
        },
        {
          "Id": 1101203,
          "Level": 1
        },
        {
          "Id": 1101204,
          "Level": 1
        },
        {
          "Id": 1101205,
          "Level": 1
        },
        {
          "Id": 1101206,
          "Level": 1
        },
        {
          "Id": 1101207,
          "Level": 1
        },
        {
          "Id": 1101208,
          "Level": 1
        }
      ],
      "EquipmentConfigList": [
        {
          "Id": 21018,
          "Level": 79,
          "Rank": 3
        }
      ],
      "RelicPropertyTypeList": [
        61020812,
        63029412
      ]
    },
    {
      "AvatarId": 1002,
      "Level": 79,
      "Promotion": 6,
      "Rank": 4,
      "SkillTreePointList": [
        {
          "Id": 1002001,
          "Level": 5
        },
        {
          "Id": 1002002,
          "Level": 8
        },
        {
          "Id": 1002003,
          "Level": 8
        },
        {
          "Id": 1002004,
          "Level": 8
        },
        {
          "Id": 1002007,
          "Level": 1
        },
        {
          "Id": 1002101,
          "Level": 1
        },
        {
          "Id": 1002102,
          "Level": 1
        },
        {
          "Id": 1002103,
          "Level": 1
        },
        {
          "Id": 1002201,
          "Level": 1
        },
        {
          "Id": 1002202,
          "Level": 1
        },
        {
          "Id": 1002203,
          "Level": 1
        },
        {
          "Id": 1002204,
          "Level": 1
        },
        {
          "Id": 1002205,
          "Level": 1
        },
        {
          "Id": 1002206,
          "Level": 1
        },
        {
          "Id": 1002207,
          "Level": 1
        },
        {
          "Id": 1002208,
          "Level": 1
        }
      ],
      "EquipmentConfigList": [
        {
          "Id": 21003,
          "Level": 79,
          "Rank": 3
        }
      ],
      "RelicPropertyTypeList": [
        61100112,
        63019412
      ]
    },
    {
      "AvatarId": 1211,
      "Level": 79,
      "Promotion": 6,
      "SkillTreePointList": [
        {
          "Id": 1211001,
          "Level": 5
        },
        {
          "Id": 1211002,
          "Level": 8
        },
        {
          "Id": 1211003,
          "Level": 8
        },
        {
          "Id": 1211004,
          "Level": 8
        },
        {
          "Id": 1211007,
          "Level": 1
        },
        {
          "Id": 1211101,
          "Level": 1
        },
        {
          "Id": 1211102,
          "Level": 1
        },
        {
          "Id": 1211103,
          "Level": 1
        },
        {
          "Id": 1211201,
          "Level": 1
        },
        {
          "Id": 1211202,
          "Level": 1
        },
        {
          "Id": 1211203,
          "Level": 1
        },
        {
          "Id": 1211204,
          "Level": 1
        },
        {
          "Id": 1211205,
          "Level": 1
        },
        {
          "Id": 1211206,
          "Level": 1
        },
        {
          "Id": 1211207,
          "Level": 1
        },
        {
          "Id": 1211208,
          "Level": 1
        }
      ],
      "EquipmentConfigList": [
        {
          "Id": 21000,
          "Level": 79,
          "Rank": 3
        }
      ],
      "RelicPropertyTypeList": [
        61010312,
        63029912
      ]
    }
  ],
  "MazeBuffDataList": []
}