{
  "SaveFile": "CEQuickSave_ChongqunCE-Fanyu",
  "Name": "ChongqunCE-Fanyu",
  "StageID": 581,
  "SkillTreePreset": "None",
  "LineupConfigList": [
    {
      "AvatarId": 1213,
      "Level": 80,
      "Promotion": 6,
      "SkillTreePointList": [
        {
          "Id": 1213001,
          "Level": 6
        },
        {
          "Id": 1213002,
          "Level": 10
        },
        {
          "Id": 1213003,
          "Level": 10
        },
        {
          "Id": 1213004,
          "Level": 10
        },
        {
          "Id": 1213007,
          "Level": 1
        },
        {
          "Id": 1213101,
          "Level": 1
        },
        {
          "Id": 1213102,
          "Level": 1
        },
        {
          "Id": 1213103,
          "Level": 1
        },
        {
          "Id": 1213201,
          "Level": 1
        },
        {
          "Id": 1213202,
          "Level": 1
        },
        {
          "Id": 1213203,
          "Level": 1
        },
        {
          "Id": 1213204,
          "Level": 1
        },
        {
          "Id": 1213205,
          "Level": 1
        },
        {
          "Id": 1213206,
          "Level": 1
        },
        {
          "Id": 1213207,
          "Level": 1
        },
        {
          "Id": 1213208,
          "Level": 1
        },
        {
          "Id": 1213209,
          "Level": 1
        },
        {
          "Id": 1213210,
          "Level": 1
        }
      ],
      "EquipmentConfigList": [
        {
          "Id": 23015,
          "Level": 80,
          "Rank": 1
        }
      ],
      "RelicPropertyTypeList": [
        610215,
        630915
      ],
      "RelicMainValue": 4404515,
      "RelicSubValue": 515
    },
    {
      "AvatarId": 1106,
      "Level": 80,
      "Promotion": 6,
      "Rank": 6,
      "SkillTreePointList": [
        {
          "Id": 1106001,
          "Level": 6
        },
        {
          "Id": 1106002,
          "Level": 10
        },
        {
          "Id": 1106003,
          "Level": 10
        },
        {
          "Id": 1106004,
          "Level": 10
        },
        {
          "Id": 1106007,
          "Level": 1
        },
        {
          "Id": 1106101,
          "Level": 1
        },
        {
          "Id": 1106102,
          "Level": 1
        },
        {
          "Id": 1106103,
          "Level": 1
        },
        {
          "Id": 1106201,
          "Level": 1
        },
        {
          "Id": 1106202,
          "Level": 1
        },
        {
          "Id": 1106203,
          "Level": 1
        },
        {
          "Id": 1106204,
          "Level": 1
        },
        {
          "Id": 1106205,
          "Level": 1
        },
        {
          "Id": 1106206,
          "Level": 1
        },
        {
          "Id": 1106207,
          "Level": 1
        },
        {
          "Id": 1106208,
          "Level": 1
        },
        {
          "Id": 1106209,
          "Level": 1
        },
        {
          "Id": 1106210,
          "Level": 1
        }
      ],
      "EquipmentConfigList": [
        {
          "Id": 21001,
          "Level": 80,
          "Rank": 5
        }
      ],
      "RelicPropertyTypeList": [
        610415,
        630915
      ],
      "RelicMainValue": 4464515,
      "RelicSubValue": 515
    },
    {
      "AvatarId": 1009,
      "Level": 80,
      "Promotion": 6,
      "Rank": 6,
      "SkillTreePointList": [
        {
          "Id": 1009001,
          "Level": 6
        },
        {
          "Id": 1009002,
          "Level": 10
        },
        {
          "Id": 1009003,
          "Level": 10
        },
        {
          "Id": 1009004,
          "Level": 10
        },
        {
          "Id": 1009007,
          "Level": 1
        },
        {
          "Id": 1009101,
          "Level": 1
        },
        {
          "Id": 1009102,
          "Level": 1
        },
        {
          "Id": 1009103,
          "Level": 1
        },
        {
          "Id": 1009201,
          "Level": 1
        },
        {
          "Id": 1009202,
          "Level": 1
        },
        {
          "Id": 1009203,
          "Level": 1
        },
        {
          "Id": 1009204,
          "Level": 1
        },
        {
          "Id": 1009205,
          "Level": 1
        },
        {
          "Id": 1009206,
          "Level": 1
        },
        {
          "Id": 1009207,
          "Level": 1
        },
        {
          "Id": 1009208,
          "Level": 1
        },
        {
          "Id": 1009209,
          "Level": 1
        },
        {
          "Id": 1009210,
          "Level": 1
        }
      ],
      "EquipmentConfigList": [
        {
          "Id": 21011,
          "Level": 80,
          "Rank": 5
        }
      ],
      "RelicPropertyTypeList": [
        611415,
        630715
      ],
      "RelicMainValue": 4452515,
      "RelicSubValue": 515
    },
    {
      "AvatarId": 1105,
      "Level": 80,
      "Promotion": 6,
      "Rank": 6,
      "SkillTreePointList": [
        {
          "Id": 1105001,
          "Level": 6
        },
        {
          "Id": 1105002,
          "Level": 10
        },
        {
          "Id": 1105003,
          "Level": 10
        },
        {
          "Id": 1105004,
          "Level": 10
        },
        {
          "Id": 1105007,
          "Level": 1
        },
        {
          "Id": 1105101,
          "Level": 1
        },
        {
          "Id": 1105102,
          "Level": 1
        },
        {
          "Id": 1105103,
          "Level": 1
        },
        {
          "Id": 1105201,
          "Level": 1
        },
        {
          "Id": 1105202,
          "Level": 1
        },
        {
          "Id": 1105203,
          "Level": 1
        },
        {
          "Id": 1105204,
          "Level": 1
        },
        {
          "Id": 1105205,
          "Level": 1
        },
        {
          "Id": 1105206,
          "Level": 1
        },
        {
          "Id": 1105207,
          "Level": 1
        },
        {
          "Id": 1105208,
          "Level": 1
        },
        {
          "Id": 1105209,
          "Level": 1
        },
        {
          "Id": 1105210,
          "Level": 1
        }
      ],
      "EquipmentConfigList": [
        {
          "Id": 21000,
          "Level": 80,
          "Rank": 5
        }
      ],
      "RelicPropertyTypeList": [
        610115,
        630215
      ],
      "RelicMainValue": 1412515,
      "RelicSubValue": 515
    }
  ],
  "MazeBuffDataList": [
    {
      "OwnerCharacterIndex": 4,
      "ID": 609101,
      "Level": 1
    },
    {
      "OwnerCharacterIndex": 4,
      "ID": 609102,
      "Level": 1
    },
    {
      "OwnerCharacterIndex": 4,
      "ID": 609103,
      "Level": 1
    },
    {
      "OwnerCharacterIndex": 4,
      "ID": 609105,
      "Level": 1
    },
    {
      "OwnerCharacterIndex": 4,
      "ID": 609106,
      "Level": 1
    },
    {
      "OwnerCharacterIndex": 4,
      "ID": 609107,
      "Level": 1
    },
    {
      "OwnerCharacterIndex": 4,
      "ID": 609108,
      "Level": 1
    },
    {
      "OwnerCharacterIndex": 4,
      "ID": 609109,
      "Level": 1
    },
    {
      "OwnerCharacterIndex": 4,
      "ID": 609110,
      "Level": 1
    },
    {
      "OwnerCharacterIndex": 4,
      "ID": 609111,
      "Level": 1
    },
    {
      "OwnerCharacterIndex": 4,
      "ID": 609112,
      "Level": 1
    },
    {
      "OwnerCharacterIndex": 4,
      "ID": 609113,
      "Level": 1
    },
    {
      "OwnerCharacterIndex": 4,
      "ID": 609114,
      "Level": 1
    },
    {
      "OwnerCharacterIndex": 4,
      "ID": 609115,
      "Level": 1
    },
    {
      "OwnerCharacterIndex": 4,
      "ID": 609116,
      "Level": 1
    },
    {
      "OwnerCharacterIndex": 4,
      "ID": 609117,
      "Level": 1
    },
    {
      "OwnerCharacterIndex": 4,
      "ID": 609118,
      "Level": 1
    },
    {
      "OwnerCharacterIndex": 4,
      "ID": 609119,
      "Level": 1
    },
    {
      "OwnerCharacterIndex": 4,
      "ID": 609120,
      "Level": 1
    },
    {
      "OwnerCharacterIndex": 4,
      "ID": 609121,
      "Level": 1
    },
    {
      "OwnerCharacterIndex": 4,
      "ID": 609122,
      "Level": 1
    },
    {
      "OwnerCharacterIndex": 4,
      "ID": 609123,
      "Level": 1
    },
    {
      "OwnerCharacterIndex": 4,
      "ID": 609124,
      "Level": 1
    },
    {
      "OwnerCharacterIndex": 4,
      "ID": 609125,
      "Level": 1
    },
    {
      "OwnerCharacterIndex": 4,
      "ID": 609126,
      "Level": 1
    },
    {
      "OwnerCharacterIndex": 4,
      "ID": 609127,
      "Level": 1
    },
    {
      "OwnerCharacterIndex": 4,
      "ID": 609128,
      "Level": 1
    },
    {
      "OwnerCharacterIndex": 4,
      "ID": 609129,
      "Level": 1
    },
    {
      "OwnerCharacterIndex": 4,
      "ID": 609130,
      "Level": 1
    },
    {
      "OwnerCharacterIndex": 4,
      "ID": 609131,
      "Level": 1
    },
    {
      "OwnerCharacterIndex": 4,
      "ID": 609201,
      "Level": 1
    },
    {
      "OwnerCharacterIndex": 4,
      "ID": 609202,
      "Level": 1
    },
    {
      "OwnerCharacterIndex": 4,
      "ID": 609203,
      "Level": 1
    },
    {
      "OwnerCharacterIndex": 4,
      "ID": 609204,
      "Level": 1
    },
    {
      "OwnerCharacterIndex": 4,
      "ID": 609205,
      "Level": 1
    },
    {
      "OwnerCharacterIndex": 4,
      "ID": 609303,
      "Level": 1
    },
    {
      "OwnerCharacterIndex": 4,
      "ID": 612720,
      "Level": 1
    },
    {
      "OwnerCharacterIndex": 4,
      "ID": 612721,
      "Level": 1
    },
    {
      "OwnerCharacterIndex": 4,
      "ID": 612722,
      "Level": 1
    },
    {
      "OwnerCharacterIndex": 4,
      "ID": 612723,
      "Level": 1
    },
    {
      "OwnerCharacterIndex": 4,
      "ID": 612730,
      "Level": 2
    },
    {
      "OwnerCharacterIndex": 4,
      "ID": 612731,
      "Level": 2
    },
    {
      "OwnerCharacterIndex": 4,
      "ID": 612732,
      "Level": 1
    },
    {
      "OwnerCharacterIndex": 4,
      "ID": 612740,
      "Level": 2
    },
    {
      "OwnerCharacterIndex": 4,
      "ID": 612741,
      "Level": 2
    },
    {
      "OwnerCharacterIndex": 4,
      "ID": 612743,
      "Level": 1
    },
    {
      "OwnerCharacterIndex": 4,
      "ID": 612744,
      "Level": 1
    },
    {
      "OwnerCharacterIndex": 4,
      "ID": 612745,
      "Level": 1
    },
    {
      "OwnerCharacterIndex": 4,
      "ID": 612750,
      "Level": 1
    },
    {
      "OwnerCharacterIndex": 4,
      "ID": 612751,
      "Level": 1
    },
    {
      "OwnerCharacterIndex": 4,
      "ID": 612752,
      "Level": 1
    },
    {
      "OwnerCharacterIndex": 4,
      "ID": 612753,
      "Level": 1
    },
    {
      "OwnerCharacterIndex": 4,
      "ID": 612754,
      "Level": 1
    },
    {
      "OwnerCharacterIndex": 4,
      "ID": 612755,
      "Level": 1
    },
    {
      "OwnerCharacterIndex": 4,
      "ID": 612532,
      "Level": 1
    },
    {
      "OwnerCharacterIndex": 4,
      "ID": 612344,
      "Level": 1
    },
    {
      "OwnerCharacterIndex": 4,
      "ID": 612044,
      "Level": 1
    },
    {
      "OwnerCharacterIndex": 4,
      "ID": 612354,
      "Level": 1
    },
    {
      "OwnerCharacterIndex": 4,
      "ID": 612151,
      "Level": 1
    },
    {
      "OwnerCharacterIndex": 4,
      "ID": 612556,
      "Level": 1
    }
  ],
  "BattleArea": {
    "PlaneId": 20002,
    "FloorId": 20002001,
    "GroupId": 1,
    "BattleAreaId": 1
  }
}