{
  "SaveFile": "CEQuickSave_Lingke_1_3",
  "Name": "Lingke_1_3",
  "StageID": 1122,
  "SkillTreePreset": "None",
  "LineupConfigList": [
    {
      "AvatarId": 1110,
      "Level": 80,
      "Promotion": 6,
      "SkillTreePointList": [
        {
          "Id": 1110001,
          "Level": 6
        },
        {
          "Id": 1110002,
          "Level": 10
        },
        {
          "Id": 1110003,
          "Level": 10
        },
        {
          "Id": 1110004,
          "Level": 10
        },
        {
          "Id": 1110007,
          "Level": 1
        },
        {
          "Id": 1110101,
          "Level": 1
        },
        {
          "Id": 1110102,
          "Level": 1
        },
        {
          "Id": 1110103,
          "Level": 1
        },
        {
          "Id": 1110201,
          "Level": 1
        },
        {
          "Id": 1110202,
          "Level": 1
        },
        {
          "Id": 1110203,
          "Level": 1
        },
        {
          "Id": 1110204,
          "Level": 1
        },
        {
          "Id": 1110205,
          "Level": 1
        },
        {
          "Id": 1110206,
          "Level": 1
        },
        {
          "Id": 1110207,
          "Level": 1
        },
        {
          "Id": 1110208,
          "Level": 1
        },
        {
          "Id": 1110209,
          "Level": 1
        },
        {
          "Id": 1110210,
          "Level": 1
        }
      ],
      "EquipmentConfigList": [
        {
          "Id": 21000,
          "Level": 80,
          "Rank": 5
        }
      ],
      "RelicPropertyTypeList": [
        610115,
        630215
      ],
      "RelicMainValue": 6413515,
      "RelicSubValue": 515
    },
    {
      "AvatarId": 1205,
      "Level": 80,
      "Promotion": 6,
      "SkillTreePointList": [
        {
          "Id": 1205001,
          "Level": 6
        },
        {
          "Id": 1205002,
          "Level": 10
        },
        {
          "Id": 1205003,
          "Level": 10
        },
        {
          "Id": 1205004,
          "Level": 10
        },
        {
          "Id": 1205007,
          "Level": 1
        },
        {
          "Id": 1205101,
          "Level": 1
        },
        {
          "Id": 1205102,
          "Level": 1
        },
        {
          "Id": 1205103,
          "Level": 1
        },
        {
          "Id": 1205201,
          "Level": 1
        },
        {
          "Id": 1205202,
          "Level": 1
        },
        {
          "Id": 1205203,
          "Level": 1
        },
        {
          "Id": 1205204,
          "Level": 1
        },
        {
          "Id": 1205205,
          "Level": 1
        },
        {
          "Id": 1205206,
          "Level": 1
        },
        {
          "Id": 1205207,
          "Level": 1
        },
        {
          "Id": 1205208,
          "Level": 1
        },
        {
          "Id": 1205209,
          "Level": 1
        },
        {
          "Id": 1205210,
          "Level": 1
        }
      ],
      "EquipmentConfigList": [
        {
          "Id": 23009,
          "Level": 80,
          "Rank": 1
        }
      ],
      "RelicPropertyTypeList": [
        611315,
        630615
      ],
      "RelicMainValue": 5483515,
      "RelicSubValue": 515
    },
    {
      "AvatarId": 1106,
      "Level": 80,
      "Promotion": 6,
      "Rank": 6,
      "SkillTreePointList": [
        {
          "Id": 1106001,
          "Level": 6
        },
        {
          "Id": 1106002,
          "Level": 10
        },
        {
          "Id": 1106003,
          "Level": 10
        },
        {
          "Id": 1106004,
          "Level": 10
        },
        {
          "Id": 1106007,
          "Level": 1
        },
        {
          "Id": 1106101,
          "Level": 1
        },
        {
          "Id": 1106102,
          "Level": 1
        },
        {
          "Id": 1106103,
          "Level": 1
        },
        {
          "Id": 1106201,
          "Level": 1
        },
        {
          "Id": 1106202,
          "Level": 1
        },
        {
          "Id": 1106203,
          "Level": 1
        },
        {
          "Id": 1106204,
          "Level": 1
        },
        {
          "Id": 1106205,
          "Level": 1
        },
        {
          "Id": 1106206,
          "Level": 1
        },
        {
          "Id": 1106207,
          "Level": 1
        },
        {
          "Id": 1106208,
          "Level": 1
        },
        {
          "Id": 1106209,
          "Level": 1
        },
        {
          "Id": 1106210,
          "Level": 1
        }
      ],
      "EquipmentConfigList": [
        {
          "Id": 21001,
          "Level": 80,
          "Rank": 5
        }
      ],
      "RelicPropertyTypeList": [
        610415,
        630915
      ],
      "RelicMainValue": 4464515,
      "RelicSubValue": 515
    },
    {
      "AvatarId": 1101,
      "Level": 80,
      "Promotion": 6,
      "SkillTreePointList": [
        {
          "Id": 1101001,
          "Level": 6
        },
        {
          "Id": 1101002,
          "Level": 10
        },
        {
          "Id": 1101003,
          "Level": 10
        },
        {
          "Id": 1101004,
          "Level": 10
        },
        {
          "Id": 1101007,
          "Level": 1
        },
        {
          "Id": 1101101,
          "Level": 1
        },
        {
          "Id": 1101102,
          "Level": 1
        },
        {
          "Id": 1101103,
          "Level": 1
        },
        {
          "Id": 1101201,
          "Level": 1
        },
        {
          "Id": 1101202,
          "Level": 1
        },
        {
          "Id": 1101203,
          "Level": 1
        },
        {
          "Id": 1101204,
          "Level": 1
        },
        {
          "Id": 1101205,
          "Level": 1
        },
        {
          "Id": 1101206,
          "Level": 1
        },
        {
          "Id": 1101207,
          "Level": 1
        },
        {
          "Id": 1101208,
          "Level": 1
        },
        {
          "Id": 1101209,
          "Level": 1
        },
        {
          "Id": 1101210,
          "Level": 1
        }
      ],
      "EquipmentConfigList": [
        {
          "Id": 23003,
          "Level": 80,
          "Rank": 1
        }
      ],
      "RelicPropertyTypeList": [
        611415,
        630515
      ],
      "RelicMainValue": 5412515,
      "RelicSubValue": 515
    }
  ],
  "MazeBuffDataList": [],
  "BattleArea": {
    "PlaneId": 20001,
    "FloorId": 20001001,
    "GroupId": 2,
    "BattleAreaId": 1
  }
}