{
  "SaveFile": "CEQuickSave_0",
  "Name": "测试001",
  "StageID": 1,
  "SkillTreePreset": "MaxWithInLevel",
  "LineupConfigList": [
    {
      "AvatarId": 1105,
      "Level": 40,
      "Promotion": 2,
      "SkillTreePointList": [
        {
          "Id": 1105001,
          "Level": 2
        },
        {
          "Id": 1105002,
          "Level": 2
        },
        {
          "Id": 1105003,
          "Level": 2
        },
        {
          "Id": 1105004,
          "Level": 2
        },
        {
          "Id": 1105007,
          "Level": 1
        },
        {
          "Id": 1105101,
          "Level": 1
        },
        {
          "Id": 1105201,
          "Level": 1
        }
      ],
      "EquipmentConfigList": [
        {
          "Id": 21000,
          "Level": 40,
          "Rank": 1
        }
      ],
      "RelicPropertyTypeList": [
        4101303
      ]
    },
    {
      "AvatarId": 1206,
      "Level": 40,
      "Promotion": 2,
      "SkillTreePointList": [
        {
          "Id": 1206001,
          "Level": 2
        },
        {
          "Id": 1206002,
          "Level": 2
        },
        {
          "Id": 1206003,
          "Level": 2
        },
        {
          "Id": 1206004,
          "Level": 2
        },
        {
          "Id": 1206007,
          "Level": 1
        },
        {
          "Id": 1206101,
          "Level": 1
        },
        {
          "Id": 1206201,
          "Level": 1
        }
      ],
      "EquipmentConfigList": [
        {
          "Id": 21010,
          "Level": 40,
          "Rank": 1
        }
      ],
      "RelicPropertyTypeList": [
        4111103
      ]
    },
    {
      "AvatarId": 1009,
      "Level": 40,
      "Promotion": 2,
      "SkillTreePointList": [
        {
          "Id": 1009001,
          "Level": 2
        },
        {
          "Id": 1009002,
          "Level": 2
        },
        {
          "Id": 1009003,
          "Level": 2
        },
        {
          "Id": 1009004,
          "Level": 2
        },
        {
          "Id": 1009007,
          "Level": 1
        },
        {
          "Id": 1009101,
          "Level": 1
        },
        {
          "Id": 1009201,
          "Level": 1
        }
      ],
      "EquipmentConfigList": [
        {
          "Id": 21011,
          "Level": 40,
          "Rank": 1
        }
      ],
      "RelicPropertyTypeList": [
        4107503
      ]
    },
    {
      "AvatarId": 1109,
      "Level": 40,
      "Promotion": 2,
      "SkillTreePointList": [
        {
          "Id": 1109001,
          "Level": 2
        },
        {
          "Id": 1109002,
          "Level": 2
        },
        {
          "Id": 1109003,
          "Level": 2
        },
        {
          "Id": 1109004,
          "Level": 2
        },
        {
          "Id": 1109007,
          "Level": 1
        },
        {
          "Id": 1109101,
          "Level": 1
        },
        {
          "Id": 1109201,
          "Level": 1
        }
      ],
      "EquipmentConfigList": [
        {
          "Id": 21005,
          "Level": 40,
          "Rank": 1
        }
      ],
      "RelicPropertyTypeList": [
        4107403
      ]
    }
  ]
}