{
  "SaveFile": "CEQuickSave_LSZ-03",
  "Name": "LSZ-03",
  "StageID": 2083,
  "SkillTreePreset": "None",
  "LineupConfigList": [
    {
      "AvatarId": 1112,
      "Level": 80,
      "Promotion": 6,
      "SkillTreePointList": [
        {
          "Id": 1112001,
          "Level": 6
        },
        {
          "Id": 1112002,
          "Level": 10
        },
        {
          "Id": 1112003,
          "Level": 10
        },
        {
          "Id": 1112004,
          "Level": 10
        },
        {
          "Id": 1112007,
          "Level": 1
        },
        {
          "Id": 1112101,
          "Level": 1
        },
        {
          "Id": 1112102,
          "Level": 1
        },
        {
          "Id": 1112103,
          "Level": 1
        },
        {
          "Id": 1112201,
          "Level": 1
        },
        {
          "Id": 1112202,
          "Level": 1
        },
        {
          "Id": 1112203,
          "Level": 1
        },
        {
          "Id": 1112204,
          "Level": 1
        },
        {
          "Id": 1112205,
          "Level": 1
        },
        {
          "Id": 1112206,
          "Level": 1
        },
        {
          "Id": 1112207,
          "Level": 1
        },
        {
          "Id": 1112208,
          "Level": 1
        },
        {
          "Id": 1112209,
          "Level": 1
        },
        {
          "Id": 1112210,
          "Level": 1
        }
      ],
      "EquipmentConfigList": [
        {
          "Id": 23001,
          "Level": 80,
          "Rank": 1
        }
      ],
      "RelicPropertyTypeList": [
        610715,
        630615
      ],
      "RelicMainValue": 5454515,
      "RelicSubValue": 515
    },
    {
      "AvatarId": 1306,
      "Level": 80,
      "Promotion": 6,
      "SkillTreePointList": [
        {
          "Id": 1306001,
          "Level": 6
        },
        {
          "Id": 1306002,
          "Level": 10
        },
        {
          "Id": 1306003,
          "Level": 10
        },
        {
          "Id": 1306004,
          "Level": 10
        },
        {
          "Id": 1306007,
          "Level": 1
        },
        {
          "Id": 1306101,
          "Level": 1
        },
        {
          "Id": 1306102,
          "Level": 1
        },
        {
          "Id": 1306103,
          "Level": 1
        },
        {
          "Id": 1306201,
          "Level": 1
        },
        {
          "Id": 1306202,
          "Level": 1
        },
        {
          "Id": 1306203,
          "Level": 1
        },
        {
          "Id": 1306204,
          "Level": 1
        },
        {
          "Id": 1306205,
          "Level": 1
        },
        {
          "Id": 1306206,
          "Level": 1
        },
        {
          "Id": 1306207,
          "Level": 1
        },
        {
          "Id": 1306208,
          "Level": 1
        },
        {
          "Id": 1306209,
          "Level": 1
        },
        {
          "Id": 1306210,
          "Level": 1
        }
      ],
      "EquipmentConfigList": [
        {
          "Id": 23021,
          "Level": 80,
          "Rank": 1
        }
      ],
      "RelicPropertyTypeList": [
        611415,
        630215
      ],
      "RelicMainValue": 1412515,
      "RelicSubValue": 515
    },
    {
      "AvatarId": 1305,
      "Level": 80,
      "Promotion": 6,
      "SkillTreePointList": [
        {
          "Id": 1305001,
          "Level": 6
        },
        {
          "Id": 1305002,
          "Level": 10
        },
        {
          "Id": 1305003,
          "Level": 10
        },
        {
          "Id": 1305004,
          "Level": 10
        },
        {
          "Id": 1305007,
          "Level": 1
        },
        {
          "Id": 1305101,
          "Level": 1
        },
        {
          "Id": 1305102,
          "Level": 1
        },
        {
          "Id": 1305103,
          "Level": 1
        },
        {
          "Id": 1305201,
          "Level": 1
        },
        {
          "Id": 1305202,
          "Level": 1
        },
        {
          "Id": 1305203,
          "Level": 1
        },
        {
          "Id": 1305204,
          "Level": 1
        },
        {
          "Id": 1305205,
          "Level": 1
        },
        {
          "Id": 1305206,
          "Level": 1
        },
        {
          "Id": 1305207,
          "Level": 1
        },
        {
          "Id": 1305208,
          "Level": 1
        },
        {
          "Id": 1305209,
          "Level": 1
        },
        {
          "Id": 1305210,
          "Level": 1
        }
      ],
      "EquipmentConfigList": [
        {
          "Id": 23016,
          "Level": 80,
          "Rank": 1
        }
      ],
      "RelicPropertyTypeList": [
        611215,
        630615
      ],
      "RelicMainValue": 4404515,
      "RelicSubValue": 515
    },
    {
      "AvatarId": 1105,
      "Level": 80,
      "Promotion": 6,
      "Rank": 6,
      "SkillTreePointList": [
        {
          "Id": 1105001,
          "Level": 6
        },
        {
          "Id": 1105002,
          "Level": 10
        },
        {
          "Id": 1105003,
          "Level": 10
        },
        {
          "Id": 1105004,
          "Level": 10
        },
        {
          "Id": 1105007,
          "Level": 1
        },
        {
          "Id": 1105101,
          "Level": 1
        },
        {
          "Id": 1105102,
          "Level": 1
        },
        {
          "Id": 1105103,
          "Level": 1
        },
        {
          "Id": 1105201,
          "Level": 1
        },
        {
          "Id": 1105202,
          "Level": 1
        },
        {
          "Id": 1105203,
          "Level": 1
        },
        {
          "Id": 1105204,
          "Level": 1
        },
        {
          "Id": 1105205,
          "Level": 1
        },
        {
          "Id": 1105206,
          "Level": 1
        },
        {
          "Id": 1105207,
          "Level": 1
        },
        {
          "Id": 1105208,
          "Level": 1
        },
        {
          "Id": 1105209,
          "Level": 1
        },
        {
          "Id": 1105210,
          "Level": 1
        }
      ],
      "EquipmentConfigList": [
        {
          "Id": 21000,
          "Level": 80,
          "Rank": 5
        }
      ],
      "RelicPropertyTypeList": [
        610115,
        630215
      ],
      "RelicMainValue": 1412515,
      "RelicSubValue": 515
    }
  ],
  "MazeBuffDataList": [],
  "BattleArea": {
    "PlaneId": 20001,
    "FloorId": 20001001,
    "GroupId": 2,
    "BattleAreaId": 1
  }
}