{
  "SaveFile": "CEQuickSave_LukaCE-04",
  "Name": "LukaCE-04",
  "StageID": 839,
  "SkillTreePreset": "None",
  "LineupConfigList": [
    {
      "AvatarId": 1108,
      "Level": 79,
      "Promotion": 6,
      "Rank": 6,
      "SkillTreePointList": [
        {
          "Id": 1108001,
          "Level": 5
        },
        {
          "Id": 1108002,
          "Level": 8
        },
        {
          "Id": 1108003,
          "Level": 8
        },
        {
          "Id": 1108004,
          "Level": 8
        },
        {
          "Id": 1108007,
          "Level": 1
        },
        {
          "Id": 1108102,
          "Level": 1
        },
        {
          "Id": 1108103,
          "Level": 1
        },
        {
          "Id": 1108201,
          "Level": 1
        },
        {
          "Id": 1108202,
          "Level": 1
        },
        {
          "Id": 1108203,
          "Level": 1
        },
        {
          "Id": 1108204,
          "Level": 1
        },
        {
          "Id": 1108205,
          "Level": 1
        },
        {
          "Id": 1108206,
          "Level": 1
        },
        {
          "Id": 1108207,
          "Level": 1
        },
        {
          "Id": 1108208,
          "Level": 1
        },
        {
          "Id": 1108101,
          "Level": 1
        }
      ],
      "EquipmentConfigList": [
        {
          "Id": 21008,
          "Level": 79,
          "Rank": 3
        }
      ],
      "RelicPropertyTypeList": [
        611013,
        630113
      ],
      "RelicMainValue": 2484513,
      "RelicSubValue": 513
    },
    {
      "AvatarId": 1005,
      "Level": 79,
      "Promotion": 6,
      "SkillTreePointList": [
        {
          "Id": 1005001,
          "Level": 5
        },
        {
          "Id": 1005002,
          "Level": 8
        },
        {
          "Id": 1005003,
          "Level": 8
        },
        {
          "Id": 1005004,
          "Level": 8
        },
        {
          "Id": 1005007,
          "Level": 1
        },
        {
          "Id": 1005101,
          "Level": 1
        },
        {
          "Id": 1005102,
          "Level": 1
        },
        {
          "Id": 1005103,
          "Level": 1
        },
        {
          "Id": 1005201,
          "Level": 1
        },
        {
          "Id": 1005202,
          "Level": 1
        },
        {
          "Id": 1005203,
          "Level": 1
        },
        {
          "Id": 1005204,
          "Level": 1
        },
        {
          "Id": 1005205,
          "Level": 1
        },
        {
          "Id": 1005206,
          "Level": 1
        },
        {
          "Id": 1005207,
          "Level": 1
        },
        {
          "Id": 1005208,
          "Level": 1
        }
      ],
      "EquipmentConfigList": [
        {
          "Id": 21008,
          "Level": 79,
          "Rank": 3
        }
      ],
      "RelicPropertyTypeList": [
        610913,
        630113
      ],
      "RelicMainValue": 2471513,
      "RelicSubValue": 513
    },
    {
      "AvatarId": 1009,
      "Level": 79,
      "Promotion": 6,
      "Rank": 4,
      "SkillTreePointList": [
        {
          "Id": 1009001,
          "Level": 5
        },
        {
          "Id": 1009002,
          "Level": 8
        },
        {
          "Id": 1009003,
          "Level": 8
        },
        {
          "Id": 1009004,
          "Level": 8
        },
        {
          "Id": 1009007,
          "Level": 1
        },
        {
          "Id": 1009101,
          "Level": 1
        },
        {
          "Id": 1009102,
          "Level": 1
        },
        {
          "Id": 1009103,
          "Level": 1
        },
        {
          "Id": 1009201,
          "Level": 1
        },
        {
          "Id": 1009202,
          "Level": 1
        },
        {
          "Id": 1009203,
          "Level": 1
        },
        {
          "Id": 1009204,
          "Level": 1
        },
        {
          "Id": 1009205,
          "Level": 1
        },
        {
          "Id": 1009206,
          "Level": 1
        },
        {
          "Id": 1009207,
          "Level": 1
        },
        {
          "Id": 1009208,
          "Level": 1
        }
      ],
      "EquipmentConfigList": [
        {
          "Id": 21011,
          "Level": 79,
          "Rank": 3
        }
      ],
      "RelicPropertyTypeList": [
        611413,
        630713
      ],
      "RelicMainValue": 4452513,
      "RelicSubValue": 513
    },
    {
      "AvatarId": 1105,
      "Level": 79,
      "Promotion": 6,
      "Rank": 4,
      "SkillTreePointList": [
        {
          "Id": 1105001,
          "Level": 5
        },
        {
          "Id": 1105002,
          "Level": 8
        },
        {
          "Id": 1105003,
          "Level": 8
        },
        {
          "Id": 1105004,
          "Level": 8
        },
        {
          "Id": 1105007,
          "Level": 1
        },
        {
          "Id": 1105101,
          "Level": 1
        },
        {
          "Id": 1105102,
          "Level": 1
        },
        {
          "Id": 1105103,
          "Level": 1
        },
        {
          "Id": 1105201,
          "Level": 1
        },
        {
          "Id": 1105202,
          "Level": 1
        },
        {
          "Id": 1105203,
          "Level": 1
        },
        {
          "Id": 1105204,
          "Level": 1
        },
        {
          "Id": 1105205,
          "Level": 1
        },
        {
          "Id": 1105206,
          "Level": 1
        },
        {
          "Id": 1105207,
          "Level": 1
        },
        {
          "Id": 1105208,
          "Level": 1
        }
      ],
      "EquipmentConfigList": [
        {
          "Id": 21000,
          "Level": 79,
          "Rank": 3
        }
      ],
      "RelicPropertyTypeList": [
        610113,
        630213
      ],
      "RelicMainValue": 1412513,
      "RelicSubValue": 513
    }
  ],
  "MazeBuffDataList": []
}