{
  "SaveFile": "CEQuickSave_ShenYuan41",
  "Name": "ShenYuan41",
  "StageID": 30002041,
  "SkillTreePreset": "None",
  "SPPreset": "Half",
  "LineupConfigList": [
    {
      "AvatarId": 1204,
      "Level": 70,
      "Promotion": 5,
      "SkillTreePointList": [
        {
          "Id": 1204001,
          "Level": 4
        },
        {
          "Id": 1204002,
          "Level": 6
        },
        {
          "Id": 1204003,
          "Level": 6
        },
        {
          "Id": 1204004,
          "Level": 6
        },
        {
          "Id": 1204007,
          "Level": 1
        },
        {
          "Id": 1204201,
          "Level": 1
        },
        {
          "Id": 1204202,
          "Level": 1
        },
        {
          "Id": 1204203,
          "Level": 1
        },
        {
          "Id": 1204204,
          "Level": 1
        },
        {
          "Id": 1204205,
          "Level": 1
        },
        {
          "Id": 1204206,
          "Level": 1
        },
        {
          "Id": 1204101,
          "Level": 1
        },
        {
          "Id": 1204102,
          "Level": 1
        }
      ],
      "EquipmentConfigList": [
        {
          "Id": 21013,
          "Level": 70,
          "Rank": 2
        }
      ],
      "RelicPropertyTypeList": [
        610910,
        630610
      ],
      "RelicMainValue": 4474510,
      "RelicSubValue": 510
    },
    {
      "AvatarId": 1102,
      "Level": 70,
      "Promotion": 5,
      "SkillTreePointList": [
        {
          "Id": 1102001,
          "Level": 4
        },
        {
          "Id": 1102002,
          "Level": 6
        },
        {
          "Id": 1102003,
          "Level": 6
        },
        {
          "Id": 1102004,
          "Level": 6
        },
        {
          "Id": 1102007,
          "Level": 1
        },
        {
          "Id": 1102101,
          "Level": 1
        },
        {
          "Id": 1102102,
          "Level": 1
        },
        {
          "Id": 1102201,
          "Level": 1
        },
        {
          "Id": 1102202,
          "Level": 1
        },
        {
          "Id": 1102203,
          "Level": 1
        },
        {
          "Id": 1102204,
          "Level": 1
        },
        {
          "Id": 1102205,
          "Level": 1
        },
        {
          "Id": 1102206,
          "Level": 1
        }
      ],
      "EquipmentConfigList": [
        {
          "Id": 21003,
          "Level": 70,
          "Rank": 2
        }
      ],
      "RelicPropertyTypeList": [
        610810,
        630110
      ],
      "RelicMainValue": 4494510,
      "RelicSubValue": 510
    },
    {
      "AvatarId": 1101,
      "Level": 70,
      "Promotion": 5,
      "SkillTreePointList": [
        {
          "Id": 1101001,
          "Level": 4
        },
        {
          "Id": 1101002,
          "Level": 6
        },
        {
          "Id": 1101003,
          "Level": 6
        },
        {
          "Id": 1101004,
          "Level": 6
        },
        {
          "Id": 1101007,
          "Level": 1
        },
        {
          "Id": 1101101,
          "Level": 1
        },
        {
          "Id": 1101102,
          "Level": 1
        },
        {
          "Id": 1101201,
          "Level": 1
        },
        {
          "Id": 1101202,
          "Level": 1
        },
        {
          "Id": 1101203,
          "Level": 1
        },
        {
          "Id": 1101204,
          "Level": 1
        },
        {
          "Id": 1101205,
          "Level": 1
        },
        {
          "Id": 1101206,
          "Level": 1
        }
      ],
      "EquipmentConfigList": [
        {
          "Id": 21018,
          "Level": 70,
          "Rank": 2
        }
      ],
      "RelicPropertyTypeList": [
        611410,
        630510
      ],
      "RelicMainValue": 5412510,
      "RelicSubValue": 510
    },
    {
      "AvatarId": 1105,
      "Level": 70,
      "Promotion": 5,
      "Rank": 3,
      "SkillTreePointList": [
        {
          "Id": 1105001,
          "Level": 4
        },
        {
          "Id": 1105002,
          "Level": 6
        },
        {
          "Id": 1105003,
          "Level": 6
        },
        {
          "Id": 1105004,
          "Level": 6
        },
        {
          "Id": 1105007,
          "Level": 1
        },
        {
          "Id": 1105101,
          "Level": 1
        },
        {
          "Id": 1105102,
          "Level": 1
        },
        {
          "Id": 1105201,
          "Level": 1
        },
        {
          "Id": 1105202,
          "Level": 1
        },
        {
          "Id": 1105203,
          "Level": 1
        },
        {
          "Id": 1105204,
          "Level": 1
        },
        {
          "Id": 1105205,
          "Level": 1
        },
        {
          "Id": 1105206,
          "Level": 1
        }
      ],
      "EquipmentConfigList": [
        {
          "Id": 21000,
          "Level": 70,
          "Rank": 2
        }
      ],
      "RelicPropertyTypeList": [
        610110,
        630210
      ],
      "RelicMainValue": 1412510,
      "RelicSubValue": 510
    }
  ],
  "MazeBuffDataList": [],
  "BattleArea": {
    "PlaneId": 20001,
    "FloorId": 20001001,
    "GroupId": 2,
    "BattleAreaId": 1
  }
}