{
  "SaveFile": "CEQuickSave_Lv5CQ-5",
  "Name": "Lv5CQ-5",
  "StageID": 589,
  "SkillTreePreset": "None",
  "LineupConfigList": [
    {
      "AvatarId": 1212,
      "Level": 80,
      "Promotion": 6,
      "SkillTreePointList": [
        {
          "Id": 1212001,
          "Level": 6
        },
        {
          "Id": 1212002,
          "Level": 10
        },
        {
          "Id": 1212003,
          "Level": 10
        },
        {
          "Id": 1212004,
          "Level": 10
        },
        {
          "Id": 1212007,
          "Level": 1
        },
        {
          "Id": 1212101,
          "Level": 1
        },
        {
          "Id": 1212102,
          "Level": 1
        },
        {
          "Id": 1212103,
          "Level": 1
        },
        {
          "Id": 1212201,
          "Level": 1
        },
        {
          "Id": 1212202,
          "Level": 1
        },
        {
          "Id": 1212203,
          "Level": 1
        },
        {
          "Id": 1212204,
          "Level": 1
        },
        {
          "Id": 1212205,
          "Level": 1
        },
        {
          "Id": 1212206,
          "Level": 1
        },
        {
          "Id": 1212207,
          "Level": 1
        },
        {
          "Id": 1212208,
          "Level": 1
        },
        {
          "Id": 1212209,
          "Level": 1
        },
        {
          "Id": 1212210,
          "Level": 1
        }
      ],
      "EquipmentConfigList": [
        {
          "Id": 23014,
          "Level": 80,
          "Rank": 1
        }
      ],
      "RelicPropertyTypeList": [
        610415,
        630915
      ],
      "RelicMainValue": 4462515,
      "RelicSubValue": 515
    },
    {
      "AvatarId": 1003,
      "Level": 80,
      "Promotion": 6,
      "Rank": 1,
      "SkillTreePointList": [
        {
          "Id": 1003001,
          "Level": 6
        },
        {
          "Id": 1003002,
          "Level": 10
        },
        {
          "Id": 1003003,
          "Level": 10
        },
        {
          "Id": 1003004,
          "Level": 10
        },
        {
          "Id": 1003007,
          "Level": 1
        },
        {
          "Id": 1003101,
          "Level": 1
        },
        {
          "Id": 1003102,
          "Level": 1
        },
        {
          "Id": 1003103,
          "Level": 1
        },
        {
          "Id": 1003201,
          "Level": 1
        },
        {
          "Id": 1003202,
          "Level": 1
        },
        {
          "Id": 1003203,
          "Level": 1
        },
        {
          "Id": 1003204,
          "Level": 1
        },
        {
          "Id": 1003205,
          "Level": 1
        },
        {
          "Id": 1003206,
          "Level": 1
        },
        {
          "Id": 1003207,
          "Level": 1
        },
        {
          "Id": 1003208,
          "Level": 1
        },
        {
          "Id": 1003209,
          "Level": 1
        },
        {
          "Id": 1003210,
          "Level": 1
        }
      ],
      "EquipmentConfigList": [
        {
          "Id": 23000,
          "Level": 80,
          "Rank": 1
        }
      ],
      "RelicPropertyTypeList": [
        610715,
        630615
      ],
      "RelicMainValue": 4454515,
      "RelicSubValue": 515
    },
    {
      "AvatarId": 1009,
      "Level": 80,
      "Promotion": 6,
      "Rank": 6,
      "SkillTreePointList": [
        {
          "Id": 1009001,
          "Level": 6
        },
        {
          "Id": 1009002,
          "Level": 10
        },
        {
          "Id": 1009003,
          "Level": 10
        },
        {
          "Id": 1009004,
          "Level": 10
        },
        {
          "Id": 1009007,
          "Level": 1
        },
        {
          "Id": 1009101,
          "Level": 1
        },
        {
          "Id": 1009102,
          "Level": 1
        },
        {
          "Id": 1009103,
          "Level": 1
        },
        {
          "Id": 1009201,
          "Level": 1
        },
        {
          "Id": 1009202,
          "Level": 1
        },
        {
          "Id": 1009203,
          "Level": 1
        },
        {
          "Id": 1009204,
          "Level": 1
        },
        {
          "Id": 1009205,
          "Level": 1
        },
        {
          "Id": 1009206,
          "Level": 1
        },
        {
          "Id": 1009207,
          "Level": 1
        },
        {
          "Id": 1009208,
          "Level": 1
        },
        {
          "Id": 1009209,
          "Level": 1
        },
        {
          "Id": 1009210,
          "Level": 1
        }
      ],
      "EquipmentConfigList": [
        {
          "Id": 21011,
          "Level": 80,
          "Rank": 5
        }
      ],
      "RelicPropertyTypeList": [
        611415,
        630715
      ],
      "RelicMainValue": 4452515,
      "RelicSubValue": 515
    },
    {
      "AvatarId": 1203,
      "Level": 80,
      "Promotion": 6,
      "SkillTreePointList": [
        {
          "Id": 1203001,
          "Level": 6
        },
        {
          "Id": 1203002,
          "Level": 10
        },
        {
          "Id": 1203003,
          "Level": 10
        },
        {
          "Id": 1203004,
          "Level": 10
        },
        {
          "Id": 1203007,
          "Level": 1
        },
        {
          "Id": 1203101,
          "Level": 1
        },
        {
          "Id": 1203201,
          "Level": 1
        },
        {
          "Id": 1203202,
          "Level": 1
        },
        {
          "Id": 1203203,
          "Level": 1
        },
        {
          "Id": 1203204,
          "Level": 1
        },
        {
          "Id": 1203205,
          "Level": 1
        },
        {
          "Id": 1203206,
          "Level": 1
        },
        {
          "Id": 1203207,
          "Level": 1
        },
        {
          "Id": 1203208,
          "Level": 1
        },
        {
          "Id": 1203209,
          "Level": 1
        },
        {
          "Id": 1203210,
          "Level": 1
        },
        {
          "Id": 1203102,
          "Level": 1
        },
        {
          "Id": 1203103,
          "Level": 1
        }
      ],
      "EquipmentConfigList": [
        {
          "Id": 23008,
          "Level": 80,
          "Rank": 1
        }
      ],
      "RelicPropertyTypeList": [
        611415,
        630115
      ],
      "RelicMainValue": 6422515,
      "RelicSubValue": 515
    }
  ],
  "MazeBuffDataList": [],
  "BattleArea": {
    "PlaneId": 20001,
    "FloorId": 20001001,
    "GroupId": 2,
    "BattleAreaId": 1
  }
}