{
  "SaveFile": "CEQuickSave_XuanLuCE-05",
  "Name": "XuanLuCE-05",
  "StageID": 581,
  "SkillTreePreset": "None",
  "LineupConfigList": [
    {
      "AvatarId": 1005,
      "Level": 60,
      "Promotion": 4,
      "SkillTreePointList": [
        {
          "Id": 1005001,
          "Level": 3
        },
        {
          "Id": 1005002,
          "Level": 4
        },
        {
          "Id": 1005003,
          "Level": 4
        },
        {
          "Id": 1005004,
          "Level": 4
        },
        {
          "Id": 1005007,
          "Level": 1
        },
        {
          "Id": 1005101,
          "Level": 1
        },
        {
          "Id": 1005102,
          "Level": 1
        },
        {
          "Id": 1005201,
          "Level": 1
        },
        {
          "Id": 1005202,
          "Level": 1
        },
        {
          "Id": 1005203,
          "Level": 1
        },
        {
          "Id": 1005204,
          "Level": 1
        }
      ],
      "EquipmentConfigList": [
        {
          "Id": 21008,
          "Level": 60,
          "Rank": 1
        }
      ],
      "RelicPropertyTypeList": [
        510910,
        530110
      ],
      "RelicMainValue": 2471410,
      "RelicSubValue": 410
    },
    {
      "AvatarId": 1108,
      "Level": 60,
      "Promotion": 4,
      "Rank": 2,
      "SkillTreePointList": [
        {
          "Id": 1108001,
          "Level": 3
        },
        {
          "Id": 1108002,
          "Level": 4
        },
        {
          "Id": 1108003,
          "Level": 4
        },
        {
          "Id": 1108004,
          "Level": 4
        },
        {
          "Id": 1108007,
          "Level": 1
        },
        {
          "Id": 1108102,
          "Level": 1
        },
        {
          "Id": 1108201,
          "Level": 1
        },
        {
          "Id": 1108202,
          "Level": 1
        },
        {
          "Id": 1108203,
          "Level": 1
        },
        {
          "Id": 1108204,
          "Level": 1
        },
        {
          "Id": 1108101,
          "Level": 1
        }
      ],
      "EquipmentConfigList": [
        {
          "Id": 21008,
          "Level": 60,
          "Rank": 1
        }
      ],
      "RelicPropertyTypeList": [
        511010,
        530110
      ],
      "RelicMainValue": 2484410,
      "RelicSubValue": 410
    },
    {
      "AvatarId": 1111,
      "Level": 60,
      "Promotion": 4,
      "Rank": 2,
      "SkillTreePointList": [
        {
          "Id": 1111001,
          "Level": 3
        },
        {
          "Id": 1111002,
          "Level": 4
        },
        {
          "Id": 1111003,
          "Level": 4
        },
        {
          "Id": 1111004,
          "Level": 4
        },
        {
          "Id": 1111007,
          "Level": 1
        },
        {
          "Id": 1111101,
          "Level": 1
        },
        {
          "Id": 1111102,
          "Level": 1
        },
        {
          "Id": 1111201,
          "Level": 1
        },
        {
          "Id": 1111202,
          "Level": 1
        },
        {
          "Id": 1111203,
          "Level": 1
        },
        {
          "Id": 1111204,
          "Level": 1
        }
      ],
      "EquipmentConfigList": [
        {
          "Id": 21008,
          "Level": 60,
          "Rank": 1
        }
      ],
      "RelicPropertyTypeList": [
        510510,
        530110
      ],
      "RelicMainValue": 2444410,
      "RelicSubValue": 410
    },
    {
      "AvatarId": 1203,
      "Level": 60,
      "Promotion": 4,
      "SkillTreePointList": [
        {
          "Id": 1203001,
          "Level": 3
        },
        {
          "Id": 1203002,
          "Level": 4
        },
        {
          "Id": 1203003,
          "Level": 4
        },
        {
          "Id": 1203004,
          "Level": 4
        },
        {
          "Id": 1203007,
          "Level": 1
        },
        {
          "Id": 1203101,
          "Level": 1
        },
        {
          "Id": 1203201,
          "Level": 1
        },
        {
          "Id": 1203202,
          "Level": 1
        },
        {
          "Id": 1203203,
          "Level": 1
        },
        {
          "Id": 1203204,
          "Level": 1
        },
        {
          "Id": 1203102,
          "Level": 1
        }
      ],
      "EquipmentConfigList": [
        {
          "Id": 21007,
          "Level": 60,
          "Rank": 1
        }
      ],
      "RelicPropertyTypeList": [
        511410,
        530110
      ],
      "RelicMainValue": 6422410,
      "RelicSubValue": 410
    }
  ],
  "MazeBuffDataList": [
    {
      "OwnerCharacterIndex": 4,
      "ID": 609101,
      "Level": 1
    },
    {
      "OwnerCharacterIndex": 4,
      "ID": 609102,
      "Level": 1
    },
    {
      "OwnerCharacterIndex": 4,
      "ID": 609103,
      "Level": 1
    },
    {
      "OwnerCharacterIndex": 4,
      "ID": 609105,
      "Level": 1
    },
    {
      "OwnerCharacterIndex": 4,
      "ID": 609106,
      "Level": 1
    },
    {
      "OwnerCharacterIndex": 4,
      "ID": 609107,
      "Level": 1
    },
    {
      "OwnerCharacterIndex": 4,
      "ID": 609108,
      "Level": 1
    },
    {
      "OwnerCharacterIndex": 4,
      "ID": 609109,
      "Level": 1
    },
    {
      "OwnerCharacterIndex": 4,
      "ID": 609110,
      "Level": 1
    },
    {
      "OwnerCharacterIndex": 4,
      "ID": 609201,
      "Level": 1
    },
    {
      "OwnerCharacterIndex": 4,
      "ID": 609202,
      "Level": 1
    },
    {
      "OwnerCharacterIndex": 4,
      "ID": 609203,
      "Level": 1
    },
    {
      "OwnerCharacterIndex": 4,
      "ID": 612220,
      "Level": 1
    },
    {
      "OwnerCharacterIndex": 4,
      "ID": 612221,
      "Level": 1
    },
    {
      "OwnerCharacterIndex": 4,
      "ID": 612223,
      "Level": 1
    },
    {
      "OwnerCharacterIndex": 4,
      "ID": 612242,
      "Level": 2
    },
    {
      "OwnerCharacterIndex": 4,
      "ID": 612244,
      "Level": 1
    },
    {
      "OwnerCharacterIndex": 4,
      "ID": 612246,
      "Level": 1
    },
    {
      "OwnerCharacterIndex": 4,
      "ID": 612250,
      "Level": 1
    },
    {
      "OwnerCharacterIndex": 4,
      "ID": 612253,
      "Level": 1
    },
    {
      "OwnerCharacterIndex": 4,
      "ID": 612255,
      "Level": 1
    },
    {
      "OwnerCharacterIndex": 4,
      "ID": 612256,
      "Level": 1
    },
    {
      "OwnerCharacterIndex": 4,
      "ID": 612257,
      "Level": 1
    },
    {
      "OwnerCharacterIndex": 4,
      "ID": 612331,
      "Level": 1
    },
    {
      "OwnerCharacterIndex": 4,
      "ID": 612344,
      "Level": 1
    },
    {
      "OwnerCharacterIndex": 4,
      "ID": 612354,
      "Level": 1
    },
    {
      "OwnerCharacterIndex": 4,
      "ID": 612044,
      "Level": 1
    },
    {
      "OwnerCharacterIndex": 4,
      "ID": 612151,
      "Level": 1
    },
    {
      "OwnerCharacterIndex": 4,
      "ID": 612230,
      "Level": 2
    },
    {
      "OwnerCharacterIndex": 4,
      "ID": 612232,
      "Level": 1
    }
  ],
  "BattleArea": {
    "PlaneId": 20002,
    "FloorId": 20002001,
    "GroupId": 1,
    "BattleAreaId": 1
  }
}