{
  "SaveFile": "CEQuickSave_2083-4",
  "Name": "2083-4",
  "StageID": 2083,
  "SkillTreePreset": "None",
  "LineupConfigList": [
    {
      "AvatarId": 1306,
      "Level": 79,
      "Promotion": 6,
      "SkillTreePointList": [
        {
          "Id": 1306001,
          "Level": 5
        },
        {
          "Id": 1306002,
          "Level": 8
        },
        {
          "Id": 1306003,
          "Level": 8
        },
        {
          "Id": 1306004,
          "Level": 8
        },
        {
          "Id": 1306007,
          "Level": 1
        },
        {
          "Id": 1306101,
          "Level": 1
        },
        {
          "Id": 1306102,
          "Level": 1
        },
        {
          "Id": 1306103,
          "Level": 1
        },
        {
          "Id": 1306201,
          "Level": 1
        },
        {
          "Id": 1306202,
          "Level": 1
        },
        {
          "Id": 1306203,
          "Level": 1
        },
        {
          "Id": 1306204,
          "Level": 1
        },
        {
          "Id": 1306205,
          "Level": 1
        },
        {
          "Id": 1306206,
          "Level": 1
        },
        {
          "Id": 1306207,
          "Level": 1
        },
        {
          "Id": 1306208,
          "Level": 1
        }
      ],
      "EquipmentConfigList": [
        {
          "Id": 21025,
          "Level": 79,
          "Rank": 3
        }
      ],
      "RelicPropertyTypeList": [
        611413,
        630213
      ],
      "RelicMainValue": 1412513,
      "RelicSubValue": 513
    },
    {
      "AvatarId": 1003,
      "Level": 79,
      "Promotion": 6,
      "SkillTreePointList": [
        {
          "Id": 1003001,
          "Level": 5
        },
        {
          "Id": 1003002,
          "Level": 8
        },
        {
          "Id": 1003003,
          "Level": 8
        },
        {
          "Id": 1003004,
          "Level": 8
        },
        {
          "Id": 1003007,
          "Level": 1
        },
        {
          "Id": 1003101,
          "Level": 1
        },
        {
          "Id": 1003102,
          "Level": 1
        },
        {
          "Id": 1003103,
          "Level": 1
        },
        {
          "Id": 1003201,
          "Level": 1
        },
        {
          "Id": 1003202,
          "Level": 1
        },
        {
          "Id": 1003203,
          "Level": 1
        },
        {
          "Id": 1003204,
          "Level": 1
        },
        {
          "Id": 1003205,
          "Level": 1
        },
        {
          "Id": 1003206,
          "Level": 1
        },
        {
          "Id": 1003207,
          "Level": 1
        },
        {
          "Id": 1003208,
          "Level": 1
        }
      ],
      "EquipmentConfigList": [
        {
          "Id": 21013,
          "Level": 79,
          "Rank": 3
        }
      ],
      "RelicPropertyTypeList": [
        610713,
        630613
      ],
      "RelicMainValue": 4454513,
      "RelicSubValue": 513
    },
    {
      "AvatarId": 1205,
      "Level": 79,
      "Promotion": 6,
      "SkillTreePointList": [
        {
          "Id": 1205001,
          "Level": 5
        },
        {
          "Id": 1205002,
          "Level": 8
        },
        {
          "Id": 1205003,
          "Level": 8
        },
        {
          "Id": 1205004,
          "Level": 8
        },
        {
          "Id": 1205007,
          "Level": 1
        },
        {
          "Id": 1205101,
          "Level": 1
        },
        {
          "Id": 1205102,
          "Level": 1
        },
        {
          "Id": 1205103,
          "Level": 1
        },
        {
          "Id": 1205201,
          "Level": 1
        },
        {
          "Id": 1205202,
          "Level": 1
        },
        {
          "Id": 1205203,
          "Level": 1
        },
        {
          "Id": 1205204,
          "Level": 1
        },
        {
          "Id": 1205205,
          "Level": 1
        },
        {
          "Id": 1205206,
          "Level": 1
        },
        {
          "Id": 1205207,
          "Level": 1
        },
        {
          "Id": 1205208,
          "Level": 1
        }
      ],
      "EquipmentConfigList": [
        {
          "Id": 21005,
          "Level": 79,
          "Rank": 3
        }
      ],
      "RelicPropertyTypeList": [
        611313,
        630613
      ],
      "RelicMainValue": 5483513,
      "RelicSubValue": 513
    },
    {
      "AvatarId": 1304,
      "Level": 79,
      "Promotion": 6,
      "SkillTreePointList": [
        {
          "Id": 1304001,
          "Level": 5
        },
        {
          "Id": 1304002,
          "Level": 8
        },
        {
          "Id": 1304003,
          "Level": 8
        },
        {
          "Id": 1304004,
          "Level": 8
        },
        {
          "Id": 1304007,
          "Level": 1
        },
        {
          "Id": 1304101,
          "Level": 1
        },
        {
          "Id": 1304102,
          "Level": 1
        },
        {
          "Id": 1304103,
          "Level": 1
        },
        {
          "Id": 1304201,
          "Level": 1
        },
        {
          "Id": 1304202,
          "Level": 1
        },
        {
          "Id": 1304203,
          "Level": 1
        },
        {
          "Id": 1304204,
          "Level": 1
        },
        {
          "Id": 1304205,
          "Level": 1
        },
        {
          "Id": 1304206,
          "Level": 1
        },
        {
          "Id": 1304207,
          "Level": 1
        },
        {
          "Id": 1304208,
          "Level": 1
        }
      ],
      "EquipmentConfigList": [
        {
          "Id": 21002,
          "Level": 79,
          "Rank": 3
        }
      ],
      "RelicPropertyTypeList": [
        610313,
        630613
      ],
      "RelicMainValue": 3435513,
      "RelicSubValue": 513
    }
  ],
  "MazeBuffDataList": [],
  "BattleArea": {
    "PlaneId": 20111,
    "FloorId": 20111001,
    "GroupId": 2,
    "BattleAreaId": 1
  }
}