{
  "SaveFile": "CEQuickSave_UICE-Rogue-Fengrao",
  "Name": "UICE-Rogue-Fengrao",
  "StageID": 80149011,
  "SkillTreePreset": "MaxWithInLevel",
  "LineupConfigList": [
    {
      "AvatarId": 1105,
      "Level": 50,
      "Promotion": 3,
      "Rank": 1,
      "SkillTreePointList": [
        {
          "Id": 1105001,
          "Level": 2
        },
        {
          "Id": 1105002,
          "Level": 3
        },
        {
          "Id": 1105003,
          "Level": 3
        },
        {
          "Id": 1105004,
          "Level": 3
        },
        {
          "Id": 1105007,
          "Level": 1
        },
        {
          "Id": 1105101,
          "Level": 1
        },
        {
          "Id": 1105201,
          "Level": 1
        },
        {
          "Id": 1105202,
          "Level": 1
        }
      ],
      "EquipmentConfigList": [
        {
          "Id": 21000,
          "Level": 50,
          "Rank": 1
        }
      ],
      "RelicPropertyTypeList": [
        51010303,
        53029903
      ]
    },
    {
      "AvatarId": 1203,
      "Level": 50,
      "Promotion": 3,
      "SkillTreePointList": [
        {
          "Id": 1203001,
          "Level": 2
        },
        {
          "Id": 1203002,
          "Level": 3
        },
        {
          "Id": 1203003,
          "Level": 3
        },
        {
          "Id": 1203004,
          "Level": 3
        },
        {
          "Id": 1203007,
          "Level": 1
        },
        {
          "Id": 1203101,
          "Level": 1
        },
        {
          "Id": 1203201,
          "Level": 1
        },
        {
          "Id": 1203202,
          "Level": 1
        }
      ],
      "EquipmentConfigList": [
        {
          "Id": 21007,
          "Level": 50,
          "Rank": 1
        }
      ],
      "RelicPropertyTypeList": [
        51010703,
        53019903
      ]
    },
    {
      "AvatarId": 1211,
      "Level": 50,
      "Promotion": 3,
      "SkillTreePointList": [
        {
          "Id": 1211001,
          "Level": 2
        },
        {
          "Id": 1211002,
          "Level": 3
        },
        {
          "Id": 1211003,
          "Level": 3
        },
        {
          "Id": 1211004,
          "Level": 3
        },
        {
          "Id": 1211007,
          "Level": 1
        },
        {
          "Id": 1211101,
          "Level": 1
        },
        {
          "Id": 1211201,
          "Level": 1
        },
        {
          "Id": 1211202,
          "Level": 1
        }
      ],
      "EquipmentConfigList": [
        {
          "Id": 21000,
          "Level": 50,
          "Rank": 1
        }
      ],
      "RelicPropertyTypeList": [
        51010303,
        53029903
      ]
    },
    {
      "AvatarId": 1002,
      "Level": 50,
      "Promotion": 3,
      "Rank": 1,
      "SkillTreePointList": [
        {
          "Id": 1002001,
          "Level": 2
        },
        {
          "Id": 1002002,
          "Level": 3
        },
        {
          "Id": 1002003,
          "Level": 3
        },
        {
          "Id": 1002004,
          "Level": 3
        },
        {
          "Id": 1002007,
          "Level": 1
        },
        {
          "Id": 1002101,
          "Level": 1
        },
        {
          "Id": 1002201,
          "Level": 1
        },
        {
          "Id": 1002202,
          "Level": 1
        }
      ],
      "EquipmentConfigList": [
        {
          "Id": 21003,
          "Level": 50,
          "Rank": 1
        }
      ],
      "RelicPropertyTypeList": [
        51100103,
        53019403
      ]
    }
  ],
  "MazeBuffDataList": [
    {
      "OwnerCharacterIndex": 4,
      "ID": 612330,
      "Level": 1
    },
    {
      "OwnerCharacterIndex": 4,
      "ID": 612331,
      "Level": 1
    },
    {
      "OwnerCharacterIndex": 4,
      "ID": 612340,
      "Level": 1
    },
    {
      "OwnerCharacterIndex": 4,
      "ID": 612341,
      "Level": 1
    },
    {
      "OwnerCharacterIndex": 4,
      "ID": 612342,
      "Level": 1
    },
    {
      "OwnerCharacterIndex": 4,
      "ID": 612343,
      "Level": 1
    },
    {
      "OwnerCharacterIndex": 4,
      "ID": 612344,
      "Level": 1
    },
    {
      "OwnerCharacterIndex": 4,
      "ID": 612345,
      "Level": 1
    },
    {
      "OwnerCharacterIndex": 4,
      "ID": 612346,
      "Level": 1
    },
    {
      "OwnerCharacterIndex": 4,
      "ID": 612350,
      "Level": 1
    },
    {
      "OwnerCharacterIndex": 4,
      "ID": 612351,
      "Level": 1
    },
    {
      "OwnerCharacterIndex": 4,
      "ID": 612352,
      "Level": 1
    },
    {
      "OwnerCharacterIndex": 4,
      "ID": 612353,
      "Level": 1
    },
    {
      "OwnerCharacterIndex": 4,
      "ID": 612354,
      "Level": 1
    },
    {
      "OwnerCharacterIndex": 4,
      "ID": 612355,
      "Level": 1
    },
    {
      "OwnerCharacterIndex": 4,
      "ID": 612356,
      "Level": 1
    },
    {
      "OwnerCharacterIndex": 4,
      "ID": 612357,
      "Level": 1
    }
  ]
}