{
  "SaveFile": "CEQuickSave_coin03",
  "Name": "coin03",
  "StageID": 2079,
  "SkillTreePreset": "None",
  "LineupConfigList": [
    {
      "AvatarId": 1107,
      "Level": 40,
      "Promotion": 2,
      "SkillTreePointList": [
        {
          "Id": 1107001,
          "Level": 2
        },
        {
          "Id": 1107002,
          "Level": 2
        },
        {
          "Id": 1107003,
          "Level": 2
        },
        {
          "Id": 1107004,
          "Level": 2
        },
        {
          "Id": 1107007,
          "Level": 1
        },
        {
          "Id": 1107101,
          "Level": 1
        },
        {
          "Id": 1107201,
          "Level": 1
        }
      ],
      "EquipmentConfigList": [
        {
          "Id": 21005,
          "Level": 40,
          "Rank": 1
        }
      ],
      "RelicPropertyTypeList": [
        41050103
      ]
    },
    {
      "AvatarId": 1108,
      "Level": 40,
      "Promotion": 2,
      "SkillTreePointList": [
        {
          "Id": 1108001,
          "Level": 2
        },
        {
          "Id": 1108002,
          "Level": 2
        },
        {
          "Id": 1108003,
          "Level": 2
        },
        {
          "Id": 1108004,
          "Level": 2
        },
        {
          "Id": 1108007,
          "Level": 1
        },
        {
          "Id": 1108201,
          "Level": 1
        },
        {
          "Id": 1108101,
          "Level": 1
        }
      ],
      "EquipmentConfigList": [
        {
          "Id": 21008,
          "Level": 40,
          "Rank": 1
        }
      ],
      "RelicPropertyTypeList": [
        41100403
      ]
    },
    {
      "AvatarId": 1202,
      "Level": 40,
      "Promotion": 2,
      "SkillTreePointList": [
        {
          "Id": 1202001,
          "Level": 2
        },
        {
          "Id": 1202002,
          "Level": 2
        },
        {
          "Id": 1202003,
          "Level": 2
        },
        {
          "Id": 1202004,
          "Level": 2
        },
        {
          "Id": 1202007,
          "Level": 1
        },
        {
          "Id": 1202101,
          "Level": 1
        },
        {
          "Id": 1202201,
          "Level": 1
        }
      ],
      "EquipmentConfigList": [
        {
          "Id": 21011,
          "Level": 40,
          "Rank": 1
        }
      ],
      "RelicPropertyTypeList": [
        41020703
      ]
    },
    {
      "AvatarId": 1105,
      "Level": 40,
      "Promotion": 2,
      "SkillTreePointList": [
        {
          "Id": 1105001,
          "Level": 2
        },
        {
          "Id": 1105002,
          "Level": 2
        },
        {
          "Id": 1105003,
          "Level": 2
        },
        {
          "Id": 1105004,
          "Level": 2
        },
        {
          "Id": 1105007,
          "Level": 1
        },
        {
          "Id": 1105101,
          "Level": 1
        },
        {
          "Id": 1105201,
          "Level": 1
        }
      ],
      "EquipmentConfigList": [
        {
          "Id": 21000,
          "Level": 40,
          "Rank": 1
        }
      ],
      "RelicPropertyTypeList": [
        41010303
      ]
    }
  ],
  "MazeBuffDataList": []
}