{
  "SaveFile": "CEQuickSave_XuanLUCE-02",
  "Name": "XuanLUCE-02",
  "StageID": 581,
  "SkillTreePreset": "None",
  "LineupConfigList": [
    {
      "AvatarId": 1102,
      "Level": 60,
      "Promotion": 4,
      "SkillTreePointList": [
        {
          "Id": 1102001,
          "Level": 3
        },
        {
          "Id": 1102002,
          "Level": 4
        },
        {
          "Id": 1102003,
          "Level": 4
        },
        {
          "Id": 1102004,
          "Level": 4
        },
        {
          "Id": 1102007,
          "Level": 1
        },
        {
          "Id": 1102101,
          "Level": 1
        },
        {
          "Id": 1102102,
          "Level": 1
        },
        {
          "Id": 1102201,
          "Level": 1
        },
        {
          "Id": 1102202,
          "Level": 1
        },
        {
          "Id": 1102203,
          "Level": 1
        },
        {
          "Id": 1102204,
          "Level": 1
        }
      ],
      "EquipmentConfigList": [
        {
          "Id": 21003,
          "Level": 60,
          "Rank": 1
        }
      ],
      "RelicPropertyTypeList": [
        510810,
        530110
      ],
      "RelicMainValue": 4494410,
      "RelicSubValue": 410
    },
    {
      "AvatarId": 1202,
      "Level": 60,
      "Promotion": 4,
      "Rank": 2,
      "SkillTreePointList": [
        {
          "Id": 1202001,
          "Level": 3
        },
        {
          "Id": 1202002,
          "Level": 4
        },
        {
          "Id": 1202003,
          "Level": 4
        },
        {
          "Id": 1202004,
          "Level": 4
        },
        {
          "Id": 1202007,
          "Level": 1
        },
        {
          "Id": 1202101,
          "Level": 1
        },
        {
          "Id": 1202201,
          "Level": 1
        },
        {
          "Id": 1202202,
          "Level": 1
        },
        {
          "Id": 1202203,
          "Level": 1
        },
        {
          "Id": 1202204,
          "Level": 1
        },
        {
          "Id": 1202102,
          "Level": 1
        }
      ],
      "EquipmentConfigList": [
        {
          "Id": 21011,
          "Level": 60,
          "Rank": 1
        }
      ],
      "RelicPropertyTypeList": [
        511410,
        530110
      ],
      "RelicMainValue": 1422410,
      "RelicSubValue": 410
    },
    {
      "AvatarId": 8003,
      "Level": 60,
      "Promotion": 4,
      "Rank": 2,
      "SkillTreePointList": [
        {
          "Id": 8003001,
          "Level": 3
        },
        {
          "Id": 8003002,
          "Level": 4
        },
        {
          "Id": 8003003,
          "Level": 4
        },
        {
          "Id": 8003004,
          "Level": 4
        },
        {
          "Id": 8003007,
          "Level": 1
        },
        {
          "Id": 8003101,
          "Level": 1
        },
        {
          "Id": 8003102,
          "Level": 1
        },
        {
          "Id": 8003201,
          "Level": 1
        },
        {
          "Id": 8003202,
          "Level": 1
        },
        {
          "Id": 8003203,
          "Level": 1
        },
        {
          "Id": 8003204,
          "Level": 1
        }
      ],
      "EquipmentConfigList": [
        {
          "Id": 21002,
          "Level": 60,
          "Rank": 1
        }
      ],
      "RelicPropertyTypeList": [
        510610,
        530410
      ],
      "RelicMainValue": 3355410,
      "RelicSubValue": 410
    },
    {
      "AvatarId": 1203,
      "Level": 60,
      "Promotion": 4,
      "SkillTreePointList": [
        {
          "Id": 1203001,
          "Level": 3
        },
        {
          "Id": 1203002,
          "Level": 4
        },
        {
          "Id": 1203003,
          "Level": 4
        },
        {
          "Id": 1203004,
          "Level": 4
        },
        {
          "Id": 1203007,
          "Level": 1
        },
        {
          "Id": 1203101,
          "Level": 1
        },
        {
          "Id": 1203201,
          "Level": 1
        },
        {
          "Id": 1203202,
          "Level": 1
        },
        {
          "Id": 1203203,
          "Level": 1
        },
        {
          "Id": 1203204,
          "Level": 1
        },
        {
          "Id": 1203102,
          "Level": 1
        }
      ],
      "EquipmentConfigList": [
        {
          "Id": 21007,
          "Level": 60,
          "Rank": 1
        }
      ],
      "RelicPropertyTypeList": [
        511410,
        530110
      ],
      "RelicMainValue": 6422410,
      "RelicSubValue": 410
    }
  ],
  "MazeBuffDataList": [
    {
      "OwnerCharacterIndex": 4,
      "ID": 609101,
      "Level": 1
    },
    {
      "OwnerCharacterIndex": 4,
      "ID": 609102,
      "Level": 1
    },
    {
      "OwnerCharacterIndex": 4,
      "ID": 609103,
      "Level": 1
    },
    {
      "OwnerCharacterIndex": 4,
      "ID": 609105,
      "Level": 1
    },
    {
      "OwnerCharacterIndex": 4,
      "ID": 609106,
      "Level": 1
    },
    {
      "OwnerCharacterIndex": 4,
      "ID": 609107,
      "Level": 1
    },
    {
      "OwnerCharacterIndex": 4,
      "ID": 609108,
      "Level": 1
    },
    {
      "OwnerCharacterIndex": 4,
      "ID": 609109,
      "Level": 1
    },
    {
      "OwnerCharacterIndex": 4,
      "ID": 609110,
      "Level": 1
    },
    {
      "OwnerCharacterIndex": 4,
      "ID": 609201,
      "Level": 1
    },
    {
      "OwnerCharacterIndex": 4,
      "ID": 609202,
      "Level": 1
    },
    {
      "OwnerCharacterIndex": 4,
      "ID": 612420,
      "Level": 1
    },
    {
      "OwnerCharacterIndex": 4,
      "ID": 612422,
      "Level": 1
    },
    {
      "OwnerCharacterIndex": 4,
      "ID": 612423,
      "Level": 1
    },
    {
      "OwnerCharacterIndex": 4,
      "ID": 612430,
      "Level": 2
    },
    {
      "OwnerCharacterIndex": 4,
      "ID": 612432,
      "Level": 1
    },
    {
      "OwnerCharacterIndex": 4,
      "ID": 612442,
      "Level": 1
    },
    {
      "OwnerCharacterIndex": 4,
      "ID": 612443,
      "Level": 2
    },
    {
      "OwnerCharacterIndex": 4,
      "ID": 612445,
      "Level": 1
    },
    {
      "OwnerCharacterIndex": 4,
      "ID": 612450,
      "Level": 1
    },
    {
      "OwnerCharacterIndex": 4,
      "ID": 612451,
      "Level": 1
    },
    {
      "OwnerCharacterIndex": 4,
      "ID": 612452,
      "Level": 1
    },
    {
      "OwnerCharacterIndex": 4,
      "ID": 612453,
      "Level": 1
    },
    {
      "OwnerCharacterIndex": 4,
      "ID": 612456,
      "Level": 1
    },
    {
      "OwnerCharacterIndex": 4,
      "ID": 612331,
      "Level": 1
    },
    {
      "OwnerCharacterIndex": 4,
      "ID": 612344,
      "Level": 1
    },
    {
      "OwnerCharacterIndex": 4,
      "ID": 612044,
      "Level": 1
    },
    {
      "OwnerCharacterIndex": 4,
      "ID": 612354,
      "Level": 1
    },
    {
      "OwnerCharacterIndex": 4,
      "ID": 612151,
      "Level": 1
    },
    {
      "OwnerCharacterIndex": 4,
      "ID": 609203,
      "Level": 1
    }
  ],
  "BattleArea": {
    "PlaneId": 20002,
    "FloorId": 20002001,
    "GroupId": 1,
    "BattleAreaId": 1
  }
}