{
  "SaveFile": "CEQuickSave_UICE-Rogue-Huanyu",
  "Name": "UICE-Rogue-Huanyu",
  "StageID": 80149011,
  "SkillTreePreset": "MaxWithInLevel",
  "LineupConfigList": [
    {
      "AvatarId": 1001,
      "Level": 50,
      "Promotion": 3,
      "Rank": 1,
      "SkillTreePointList": [
        {
          "Id": 1001001,
          "Level": 2
        },
        {
          "Id": 1001002,
          "Level": 3
        },
        {
          "Id": 1001003,
          "Level": 3
        },
        {
          "Id": 1001004,
          "Level": 3
        },
        {
          "Id": 1001007,
          "Level": 1
        },
        {
          "Id": 1001101,
          "Level": 1
        },
        {
          "Id": 1001201,
          "Level": 1
        },
        {
          "Id": 1001202,
          "Level": 1
        }
      ],
      "EquipmentConfigList": [
        {
          "Id": 21002,
          "Level": 50,
          "Rank": 1
        }
      ],
      "RelicPropertyTypeList": [
        51060203,
        53049303
      ]
    },
    {
      "AvatarId": 1204,
      "Level": 50,
      "Promotion": 3,
      "SkillTreePointList": [
        {
          "Id": 1204001,
          "Level": 2
        },
        {
          "Id": 1204002,
          "Level": 3
        },
        {
          "Id": 1204003,
          "Level": 3
        },
        {
          "Id": 1204004,
          "Level": 3
        },
        {
          "Id": 1204007,
          "Level": 1
        },
        {
          "Id": 1204201,
          "Level": 1
        },
        {
          "Id": 1204202,
          "Level": 1
        },
        {
          "Id": 1204101,
          "Level": 1
        }
      ],
      "EquipmentConfigList": [
        {
          "Id": 21013,
          "Level": 50,
          "Rank": 1
        }
      ],
      "RelicPropertyTypeList": [
        51090103,
        53069503
      ]
    },
    {
      "AvatarId": 1105,
      "Level": 50,
      "Promotion": 3,
      "Rank": 1,
      "SkillTreePointList": [
        {
          "Id": 1105001,
          "Level": 2
        },
        {
          "Id": 1105002,
          "Level": 3
        },
        {
          "Id": 1105003,
          "Level": 3
        },
        {
          "Id": 1105004,
          "Level": 3
        },
        {
          "Id": 1105007,
          "Level": 1
        },
        {
          "Id": 1105101,
          "Level": 1
        },
        {
          "Id": 1105201,
          "Level": 1
        },
        {
          "Id": 1105202,
          "Level": 1
        }
      ],
      "EquipmentConfigList": [
        {
          "Id": 21000,
          "Level": 50,
          "Rank": 1
        }
      ],
      "RelicPropertyTypeList": [
        51010303,
        53029903
      ]
    },
    {
      "AvatarId": 1013,
      "Level": 50,
      "Promotion": 3,
      "Rank": 1,
      "SkillTreePointList": [
        {
          "Id": 1013001,
          "Level": 2
        },
        {
          "Id": 1013002,
          "Level": 3
        },
        {
          "Id": 1013003,
          "Level": 3
        },
        {
          "Id": 1013004,
          "Level": 3
        },
        {
          "Id": 1013007,
          "Level": 1
        },
        {
          "Id": 1013101,
          "Level": 1
        },
        {
          "Id": 1013201,
          "Level": 1
        },
        {
          "Id": 1013202,
          "Level": 1
        }
      ],
      "EquipmentConfigList": [
        {
          "Id": 21006,
          "Level": 50,
          "Rank": 1
        }
      ],
      "RelicPropertyTypeList": [
        51040103,
        53069303
      ]
    }
  ],
  "MazeBuffDataList": [
    {
      "OwnerCharacterIndex": 4,
      "ID": 612630,
      "Level": 1
    },
    {
      "OwnerCharacterIndex": 4,
      "ID": 612631,
      "Level": 1
    },
    {
      "OwnerCharacterIndex": 4,
      "ID": 612632,
      "Level": 1
    },
    {
      "OwnerCharacterIndex": 4,
      "ID": 612640,
      "Level": 1
    },
    {
      "OwnerCharacterIndex": 4,
      "ID": 612641,
      "Level": 1
    },
    {
      "OwnerCharacterIndex": 4,
      "ID": 612642,
      "Level": 1
    },
    {
      "OwnerCharacterIndex": 4,
      "ID": 612650,
      "Level": 1
    },
    {
      "OwnerCharacterIndex": 4,
      "ID": 612651,
      "Level": 1
    },
    {
      "OwnerCharacterIndex": 4,
      "ID": 612652,
      "Level": 1
    },
    {
      "OwnerCharacterIndex": 4,
      "ID": 612653,
      "Level": 1
    },
    {
      "OwnerCharacterIndex": 4,
      "ID": 612654,
      "Level": 1
    },
    {
      "OwnerCharacterIndex": 4,
      "ID": 612655,
      "Level": 1
    },
    {
      "OwnerCharacterIndex": 4,
      "ID": 612656,
      "Level": 1
    },
    {
      "OwnerCharacterIndex": 4,
      "ID": 612657,
      "Level": 1
    }
  ]
}