{
  "SaveFile": "CEQuickSave_ShenYuan22",
  "Name": "ShenYuan22",
  "StageID": 30002022,
  "SkillTreePreset": "None",
  "SPPreset": "Half",
  "LineupConfigList": [
    {
      "AvatarId": 1005,
      "Level": 60,
      "Promotion": 4,
      "SkillTreePointList": [
        {
          "Id": 1005001,
          "Level": 3
        },
        {
          "Id": 1005002,
          "Level": 4
        },
        {
          "Id": 1005003,
          "Level": 4
        },
        {
          "Id": 1005004,
          "Level": 4
        },
        {
          "Id": 1005007,
          "Level": 1
        },
        {
          "Id": 1005101,
          "Level": 1
        },
        {
          "Id": 1005102,
          "Level": 1
        },
        {
          "Id": 1005201,
          "Level": 1
        },
        {
          "Id": 1005202,
          "Level": 1
        },
        {
          "Id": 1005203,
          "Level": 1
        },
        {
          "Id": 1005204,
          "Level": 1
        }
      ],
      "EquipmentConfigList": [
        {
          "Id": 21008,
          "Level": 60,
          "Rank": 1
        }
      ],
      "RelicPropertyTypeList": [
        510910,
        530110
      ],
      "RelicMainValue": 2471410,
      "RelicSubValue": 410
    },
    {
      "AvatarId": 1108,
      "Level": 60,
      "Promotion": 4,
      "Rank": 2,
      "SkillTreePointList": [
        {
          "Id": 1108001,
          "Level": 3
        },
        {
          "Id": 1108002,
          "Level": 4
        },
        {
          "Id": 1108003,
          "Level": 4
        },
        {
          "Id": 1108004,
          "Level": 4
        },
        {
          "Id": 1108007,
          "Level": 1
        },
        {
          "Id": 1108102,
          "Level": 1
        },
        {
          "Id": 1108201,
          "Level": 1
        },
        {
          "Id": 1108202,
          "Level": 1
        },
        {
          "Id": 1108203,
          "Level": 1
        },
        {
          "Id": 1108204,
          "Level": 1
        },
        {
          "Id": 1108101,
          "Level": 1
        }
      ],
      "EquipmentConfigList": [
        {
          "Id": 21008,
          "Level": 60,
          "Rank": 1
        }
      ],
      "RelicPropertyTypeList": [
        511010,
        530110
      ],
      "RelicMainValue": 2484410,
      "RelicSubValue": 410
    },
    {
      "AvatarId": 1203,
      "Level": 60,
      "Promotion": 4,
      "SkillTreePointList": [
        {
          "Id": 1203001,
          "Level": 3
        },
        {
          "Id": 1203002,
          "Level": 4
        },
        {
          "Id": 1203003,
          "Level": 4
        },
        {
          "Id": 1203004,
          "Level": 4
        },
        {
          "Id": 1203007,
          "Level": 1
        },
        {
          "Id": 1203101,
          "Level": 1
        },
        {
          "Id": 1203201,
          "Level": 1
        },
        {
          "Id": 1203202,
          "Level": 1
        },
        {
          "Id": 1203203,
          "Level": 1
        },
        {
          "Id": 1203204,
          "Level": 1
        },
        {
          "Id": 1203102,
          "Level": 1
        }
      ],
      "EquipmentConfigList": [
        {
          "Id": 21007,
          "Level": 60,
          "Rank": 1
        }
      ],
      "RelicPropertyTypeList": [
        511410,
        530110
      ],
      "RelicMainValue": 6422410,
      "RelicSubValue": 410
    },
    {
      "AvatarId": 1009,
      "Level": 60,
      "Promotion": 4,
      "Rank": 2,
      "SkillTreePointList": [
        {
          "Id": 1009001,
          "Level": 3
        },
        {
          "Id": 1009002,
          "Level": 4
        },
        {
          "Id": 1009003,
          "Level": 4
        },
        {
          "Id": 1009004,
          "Level": 4
        },
        {
          "Id": 1009007,
          "Level": 1
        },
        {
          "Id": 1009101,
          "Level": 1
        },
        {
          "Id": 1009102,
          "Level": 1
        },
        {
          "Id": 1009201,
          "Level": 1
        },
        {
          "Id": 1009202,
          "Level": 1
        },
        {
          "Id": 1009203,
          "Level": 1
        },
        {
          "Id": 1009204,
          "Level": 1
        }
      ],
      "EquipmentConfigList": [
        {
          "Id": 21011,
          "Level": 60,
          "Rank": 1
        }
      ],
      "RelicPropertyTypeList": [
        511410,
        530710
      ],
      "RelicMainValue": 4452410,
      "RelicSubValue": 410
    }
  ],
  "MazeBuffDataList": [],
  "BattleArea": {
    "PlaneId": 20001,
    "FloorId": 20001001,
    "GroupId": 2,
    "BattleAreaId": 1
  }
}