{
  "SaveFile": "CEQuickSave_ShenYuan51",
  "Name": "ShenYuan51",
  "StageID": 30002051,
  "SkillTreePreset": "None",
  "SPPreset": "Half",
  "LineupConfigList": [
    {
      "AvatarId": 1102,
      "Level": 79,
      "Promotion": 6,
      "SkillTreePointList": [
        {
          "Id": 1102001,
          "Level": 5
        },
        {
          "Id": 1102002,
          "Level": 8
        },
        {
          "Id": 1102003,
          "Level": 8
        },
        {
          "Id": 1102004,
          "Level": 8
        },
        {
          "Id": 1102007,
          "Level": 1
        },
        {
          "Id": 1102101,
          "Level": 1
        },
        {
          "Id": 1102102,
          "Level": 1
        },
        {
          "Id": 1102103,
          "Level": 1
        },
        {
          "Id": 1102201,
          "Level": 1
        },
        {
          "Id": 1102202,
          "Level": 1
        },
        {
          "Id": 1102203,
          "Level": 1
        },
        {
          "Id": 1102204,
          "Level": 1
        },
        {
          "Id": 1102205,
          "Level": 1
        },
        {
          "Id": 1102206,
          "Level": 1
        },
        {
          "Id": 1102207,
          "Level": 1
        },
        {
          "Id": 1102208,
          "Level": 1
        }
      ],
      "EquipmentConfigList": [
        {
          "Id": 21003,
          "Level": 79,
          "Rank": 3
        }
      ],
      "RelicPropertyTypeList": [
        610813,
        630113
      ],
      "RelicMainValue": 4494513,
      "RelicSubValue": 513
    },
    {
      "AvatarId": 1205,
      "Level": 79,
      "Promotion": 6,
      "SkillTreePointList": [
        {
          "Id": 1205001,
          "Level": 5
        },
        {
          "Id": 1205002,
          "Level": 8
        },
        {
          "Id": 1205003,
          "Level": 8
        },
        {
          "Id": 1205004,
          "Level": 8
        },
        {
          "Id": 1205007,
          "Level": 1
        },
        {
          "Id": 1205101,
          "Level": 1
        },
        {
          "Id": 1205102,
          "Level": 1
        },
        {
          "Id": 1205103,
          "Level": 1
        },
        {
          "Id": 1205201,
          "Level": 1
        },
        {
          "Id": 1205202,
          "Level": 1
        },
        {
          "Id": 1205203,
          "Level": 1
        },
        {
          "Id": 1205204,
          "Level": 1
        },
        {
          "Id": 1205205,
          "Level": 1
        },
        {
          "Id": 1205206,
          "Level": 1
        },
        {
          "Id": 1205207,
          "Level": 1
        },
        {
          "Id": 1205208,
          "Level": 1
        }
      ],
      "EquipmentConfigList": [
        {
          "Id": 21005,
          "Level": 79,
          "Rank": 3
        }
      ],
      "RelicPropertyTypeList": [
        611313,
        630613
      ],
      "RelicMainValue": 5483513,
      "RelicSubValue": 513
    },
    {
      "AvatarId": 1106,
      "Level": 79,
      "Promotion": 6,
      "Rank": 4,
      "SkillTreePointList": [
        {
          "Id": 1106001,
          "Level": 5
        },
        {
          "Id": 1106002,
          "Level": 8
        },
        {
          "Id": 1106003,
          "Level": 8
        },
        {
          "Id": 1106004,
          "Level": 8
        },
        {
          "Id": 1106007,
          "Level": 1
        },
        {
          "Id": 1106101,
          "Level": 1
        },
        {
          "Id": 1106102,
          "Level": 1
        },
        {
          "Id": 1106103,
          "Level": 1
        },
        {
          "Id": 1106201,
          "Level": 1
        },
        {
          "Id": 1106202,
          "Level": 1
        },
        {
          "Id": 1106203,
          "Level": 1
        },
        {
          "Id": 1106204,
          "Level": 1
        },
        {
          "Id": 1106205,
          "Level": 1
        },
        {
          "Id": 1106206,
          "Level": 1
        },
        {
          "Id": 1106207,
          "Level": 1
        },
        {
          "Id": 1106208,
          "Level": 1
        }
      ],
      "EquipmentConfigList": [
        {
          "Id": 21001,
          "Level": 79,
          "Rank": 3
        }
      ],
      "RelicPropertyTypeList": [
        610413,
        630913
      ],
      "RelicMainValue": 4464513,
      "RelicSubValue": 513
    },
    {
      "AvatarId": 1105,
      "Level": 79,
      "Promotion": 6,
      "Rank": 4,
      "SkillTreePointList": [
        {
          "Id": 1105001,
          "Level": 5
        },
        {
          "Id": 1105002,
          "Level": 8
        },
        {
          "Id": 1105003,
          "Level": 8
        },
        {
          "Id": 1105004,
          "Level": 8
        },
        {
          "Id": 1105007,
          "Level": 1
        },
        {
          "Id": 1105101,
          "Level": 1
        },
        {
          "Id": 1105102,
          "Level": 1
        },
        {
          "Id": 1105103,
          "Level": 1
        },
        {
          "Id": 1105201,
          "Level": 1
        },
        {
          "Id": 1105202,
          "Level": 1
        },
        {
          "Id": 1105203,
          "Level": 1
        },
        {
          "Id": 1105204,
          "Level": 1
        },
        {
          "Id": 1105205,
          "Level": 1
        },
        {
          "Id": 1105206,
          "Level": 1
        },
        {
          "Id": 1105207,
          "Level": 1
        },
        {
          "Id": 1105208,
          "Level": 1
        }
      ],
      "EquipmentConfigList": [
        {
          "Id": 21000,
          "Level": 79,
          "Rank": 3
        }
      ],
      "RelicPropertyTypeList": [
        610113,
        630213
      ],
      "RelicMainValue": 1412513,
      "RelicSubValue": 513
    }
  ],
  "MazeBuffDataList": [],
  "BattleArea": {
    "PlaneId": 20001,
    "FloorId": 20001001,
    "GroupId": 2,
    "BattleAreaId": 1
  }
}