{
  "SaveFile": "CEQuickSave_YZBoss-Team004",
  "Name": "YZBoss-Team004",
  "StageID": 588,
  "SkillTreePreset": "W5_Standard_70-80",
  "LineupConfigList": [
    {
      "AvatarId": 1204,
      "Level": 80,
      "Promotion": 6,
      "SkillTreePointList": [
        {
          "Id": 1204001,
          "Level": 6
        },
        {
          "Id": 1204002,
          "Level": 10
        },
        {
          "Id": 1204003,
          "Level": 10
        },
        {
          "Id": 1204004,
          "Level": 10
        },
        {
          "Id": 1204007,
          "Level": 1
        },
        {
          "Id": 1204201,
          "Level": 1
        },
        {
          "Id": 1204202,
          "Level": 1
        },
        {
          "Id": 1204203,
          "Level": 1
        },
        {
          "Id": 1204204,
          "Level": 1
        },
        {
          "Id": 1204205,
          "Level": 1
        },
        {
          "Id": 1204206,
          "Level": 1
        },
        {
          "Id": 1204207,
          "Level": 1
        },
        {
          "Id": 1204208,
          "Level": 1
        },
        {
          "Id": 1204209,
          "Level": 1
        },
        {
          "Id": 1204210,
          "Level": 1
        },
        {
          "Id": 1204101,
          "Level": 1
        },
        {
          "Id": 1204102,
          "Level": 1
        },
        {
          "Id": 1204103,
          "Level": 1
        }
      ],
      "EquipmentConfigList": [
        {
          "Id": 23010,
          "Level": 80,
          "Rank": 1
        }
      ],
      "RelicPropertyTypeList": [
        610915,
        630615
      ],
      "RelicMainValue": 4474515,
      "RelicSubValue": 515
    },
    {
      "AvatarId": 1006,
      "Level": 80,
      "Promotion": 6,
      "SkillTreePointList": [
        {
          "Id": 1006001,
          "Level": 6
        },
        {
          "Id": 1006002,
          "Level": 10
        },
        {
          "Id": 1006003,
          "Level": 10
        },
        {
          "Id": 1006004,
          "Level": 10
        },
        {
          "Id": 1006007,
          "Level": 1
        },
        {
          "Id": 1006201,
          "Level": 1
        },
        {
          "Id": 1006202,
          "Level": 1
        },
        {
          "Id": 1006203,
          "Level": 1
        },
        {
          "Id": 1006204,
          "Level": 1
        },
        {
          "Id": 1006205,
          "Level": 1
        },
        {
          "Id": 1006206,
          "Level": 1
        },
        {
          "Id": 1006207,
          "Level": 1
        },
        {
          "Id": 1006208,
          "Level": 1
        },
        {
          "Id": 1006209,
          "Level": 1
        },
        {
          "Id": 1006210,
          "Level": 1
        },
        {
          "Id": 1006101,
          "Level": 1
        },
        {
          "Id": 1006102,
          "Level": 1
        },
        {
          "Id": 1006103,
          "Level": 1
        }
      ],
      "EquipmentConfigList": [
        {
          "Id": 23007,
          "Level": 80,
          "Rank": 1
        }
      ],
      "RelicPropertyTypeList": [
        611115,
        630315
      ],
      "RelicMainValue": 7494515,
      "RelicSubValue": 515
    },
    {
      "AvatarId": 1202,
      "Level": 80,
      "Promotion": 6,
      "Rank": 6,
      "SkillTreePointList": [
        {
          "Id": 1202001,
          "Level": 6
        },
        {
          "Id": 1202002,
          "Level": 10
        },
        {
          "Id": 1202003,
          "Level": 10
        },
        {
          "Id": 1202004,
          "Level": 10
        },
        {
          "Id": 1202007,
          "Level": 1
        },
        {
          "Id": 1202101,
          "Level": 1
        },
        {
          "Id": 1202103,
          "Level": 1
        },
        {
          "Id": 1202201,
          "Level": 1
        },
        {
          "Id": 1202202,
          "Level": 1
        },
        {
          "Id": 1202203,
          "Level": 1
        },
        {
          "Id": 1202204,
          "Level": 1
        },
        {
          "Id": 1202205,
          "Level": 1
        },
        {
          "Id": 1202206,
          "Level": 1
        },
        {
          "Id": 1202207,
          "Level": 1
        },
        {
          "Id": 1202208,
          "Level": 1
        },
        {
          "Id": 1202209,
          "Level": 1
        },
        {
          "Id": 1202210,
          "Level": 1
        },
        {
          "Id": 1202102,
          "Level": 1
        }
      ],
      "EquipmentConfigList": [
        {
          "Id": 21011,
          "Level": 80,
          "Rank": 5
        }
      ],
      "RelicPropertyTypeList": [
        611415,
        630115
      ],
      "RelicMainValue": 1422515,
      "RelicSubValue": 515
    },
    {
      "AvatarId": 1211,
      "Level": 80,
      "Promotion": 6,
      "SkillTreePointList": [
        {
          "Id": 1211001,
          "Level": 6
        },
        {
          "Id": 1211002,
          "Level": 10
        },
        {
          "Id": 1211003,
          "Level": 10
        },
        {
          "Id": 1211004,
          "Level": 10
        },
        {
          "Id": 1211007,
          "Level": 1
        },
        {
          "Id": 1211101,
          "Level": 1
        },
        {
          "Id": 1211102,
          "Level": 1
        },
        {
          "Id": 1211103,
          "Level": 1
        },
        {
          "Id": 1211201,
          "Level": 1
        },
        {
          "Id": 1211202,
          "Level": 1
        },
        {
          "Id": 1211203,
          "Level": 1
        },
        {
          "Id": 1211204,
          "Level": 1
        },
        {
          "Id": 1211205,
          "Level": 1
        },
        {
          "Id": 1211206,
          "Level": 1
        },
        {
          "Id": 1211207,
          "Level": 1
        },
        {
          "Id": 1211208,
          "Level": 1
        },
        {
          "Id": 1211209,
          "Level": 1
        },
        {
          "Id": 1211210,
          "Level": 1
        }
      ],
      "EquipmentConfigList": [
        {
          "Id": 21000,
          "Level": 80,
          "Rank": 5
        }
      ],
      "RelicPropertyTypeList": [
        610115,
        630215
      ],
      "RelicMainValue": 6413515,
      "RelicSubValue": 515
    }
  ],
  "MazeBuffDataList": []
}