{
  "SaveFile": "CEQuickSave_coin04",
  "Name": "coin04",
  "StageID": 2079,
  "SkillTreePreset": "None",
  "LineupConfigList": [
    {
      "AvatarId": 1204,
      "Level": 40,
      "Promotion": 2,
      "SkillTreePointList": [
        {
          "Id": 1204001,
          "Level": 2
        },
        {
          "Id": 1204002,
          "Level": 2
        },
        {
          "Id": 1204003,
          "Level": 2
        },
        {
          "Id": 1204004,
          "Level": 2
        },
        {
          "Id": 1204007,
          "Level": 1
        },
        {
          "Id": 1204201,
          "Level": 1
        },
        {
          "Id": 1204101,
          "Level": 1
        }
      ],
      "EquipmentConfigList": [
        {
          "Id": 21013,
          "Level": 40,
          "Rank": 1
        }
      ],
      "RelicPropertyTypeList": [
        41090103
      ]
    },
    {
      "AvatarId": 1003,
      "Level": 40,
      "Promotion": 2,
      "SkillTreePointList": [
        {
          "Id": 1003001,
          "Level": 2
        },
        {
          "Id": 1003002,
          "Level": 2
        },
        {
          "Id": 1003003,
          "Level": 2
        },
        {
          "Id": 1003004,
          "Level": 2
        },
        {
          "Id": 1003007,
          "Level": 1
        },
        {
          "Id": 1003101,
          "Level": 1
        },
        {
          "Id": 1003201,
          "Level": 1
        }
      ],
      "EquipmentConfigList": [
        {
          "Id": 21013,
          "Level": 40,
          "Rank": 1
        }
      ],
      "RelicPropertyTypeList": [
        41070103
      ]
    },
    {
      "AvatarId": 1009,
      "Level": 40,
      "Promotion": 2,
      "SkillTreePointList": [
        {
          "Id": 1009001,
          "Level": 2
        },
        {
          "Id": 1009002,
          "Level": 2
        },
        {
          "Id": 1009003,
          "Level": 2
        },
        {
          "Id": 1009004,
          "Level": 2
        },
        {
          "Id": 1009007,
          "Level": 1
        },
        {
          "Id": 1009101,
          "Level": 1
        },
        {
          "Id": 1009201,
          "Level": 1
        }
      ],
      "EquipmentConfigList": [
        {
          "Id": 21011,
          "Level": 40,
          "Rank": 1
        }
      ],
      "RelicPropertyTypeList": [
        41070403
      ]
    },
    {
      "AvatarId": 1105,
      "Level": 40,
      "Promotion": 2,
      "SkillTreePointList": [
        {
          "Id": 1105001,
          "Level": 2
        },
        {
          "Id": 1105002,
          "Level": 2
        },
        {
          "Id": 1105003,
          "Level": 2
        },
        {
          "Id": 1105004,
          "Level": 2
        },
        {
          "Id": 1105007,
          "Level": 1
        },
        {
          "Id": 1105101,
          "Level": 1
        },
        {
          "Id": 1105201,
          "Level": 1
        }
      ],
      "EquipmentConfigList": [
        {
          "Id": 21000,
          "Level": 40,
          "Rank": 1
        }
      ],
      "RelicPropertyTypeList": [
        41010303
      ]
    }
  ],
  "MazeBuffDataList": []
}