{
  "SaveFile": "CEQuickSave_UICE-1",
  "Name": "UICE-1",
  "StageID": 826,
  "SkillTreePreset": "MaxWithInLevel",
  "LineupConfigList": [
    {
      "AvatarId": 1204,
      "Level": 79,
      "Promotion": 6,
      "SkillTreePointList": [
        {
          "Id": 1204001,
          "Level": 5
        },
        {
          "Id": 1204002,
          "Level": 8
        },
        {
          "Id": 1204003,
          "Level": 8
        },
        {
          "Id": 1204004,
          "Level": 8
        },
        {
          "Id": 1204007,
          "Level": 1
        },
        {
          "Id": 1204201,
          "Level": 1
        },
        {
          "Id": 1204202,
          "Level": 1
        },
        {
          "Id": 1204203,
          "Level": 1
        },
        {
          "Id": 1204204,
          "Level": 1
        },
        {
          "Id": 1204205,
          "Level": 1
        },
        {
          "Id": 1204206,
          "Level": 1
        },
        {
          "Id": 1204207,
          "Level": 1
        },
        {
          "Id": 1204208,
          "Level": 1
        },
        {
          "Id": 1204101,
          "Level": 1
        },
        {
          "Id": 1204102,
          "Level": 1
        },
        {
          "Id": 1204103,
          "Level": 1
        }
      ],
      "EquipmentConfigList": [
        {
          "Id": 21013,
          "Level": 79,
          "Rank": 3
        }
      ],
      "RelicPropertyTypeList": [
        61090112,
        63069512
      ]
    },
    {
      "AvatarId": 1109,
      "Level": 79,
      "Promotion": 6,
      "Rank": 4,
      "SkillTreePointList": [
        {
          "Id": 1109001,
          "Level": 5
        },
        {
          "Id": 1109002,
          "Level": 8
        },
        {
          "Id": 1109003,
          "Level": 8
        },
        {
          "Id": 1109004,
          "Level": 8
        },
        {
          "Id": 1109007,
          "Level": 1
        },
        {
          "Id": 1109101,
          "Level": 1
        },
        {
          "Id": 1109102,
          "Level": 1
        },
        {
          "Id": 1109103,
          "Level": 1
        },
        {
          "Id": 1109201,
          "Level": 1
        },
        {
          "Id": 1109202,
          "Level": 1
        },
        {
          "Id": 1109203,
          "Level": 1
        },
        {
          "Id": 1109204,
          "Level": 1
        },
        {
          "Id": 1109205,
          "Level": 1
        },
        {
          "Id": 1109206,
          "Level": 1
        },
        {
          "Id": 1109207,
          "Level": 1
        },
        {
          "Id": 1109208,
          "Level": 1
        }
      ],
      "EquipmentConfigList": [
        {
          "Id": 21005,
          "Level": 79,
          "Rank": 3
        }
      ],
      "RelicPropertyTypeList": [
        61070112,
        63069212
      ]
    },
    {
      "AvatarId": 1108,
      "Level": 79,
      "Promotion": 6,
      "Rank": 4,
      "SkillTreePointList": [
        {
          "Id": 1108001,
          "Level": 5
        },
        {
          "Id": 1108002,
          "Level": 8
        },
        {
          "Id": 1108003,
          "Level": 8
        },
        {
          "Id": 1108004,
          "Level": 8
        },
        {
          "Id": 1108007,
          "Level": 1
        },
        {
          "Id": 1108102,
          "Level": 1
        },
        {
          "Id": 1108103,
          "Level": 1
        },
        {
          "Id": 1108201,
          "Level": 1
        },
        {
          "Id": 1108202,
          "Level": 1
        },
        {
          "Id": 1108203,
          "Level": 1
        },
        {
          "Id": 1108204,
          "Level": 1
        },
        {
          "Id": 1108205,
          "Level": 1
        },
        {
          "Id": 1108206,
          "Level": 1
        },
        {
          "Id": 1108207,
          "Level": 1
        },
        {
          "Id": 1108208,
          "Level": 1
        },
        {
          "Id": 1108101,
          "Level": 1
        }
      ],
      "EquipmentConfigList": [
        {
          "Id": 21008,
          "Level": 79,
          "Rank": 3
        }
      ],
      "RelicPropertyTypeList": [
        61100412,
        63079412
      ]
    },
    {
      "AvatarId": 9094,
      "Level": 80,
      "Promotion": 6,
      "SkillTreePointList": [
        {
          "Id": 9094101,
          "Level": 1
        },
        {
          "Id": 9094102,
          "Level": 1
        },
        {
          "Id": 9094103,
          "Level": 1
        },
        {
          "Id": 9094201,
          "Level": 1
        },
        {
          "Id": 9094202,
          "Level": 1
        },
        {
          "Id": 9094203,
          "Level": 1
        },
        {
          "Id": 9094204,
          "Level": 1
        },
        {
          "Id": 9094205,
          "Level": 1
        },
        {
          "Id": 9094206,
          "Level": 1
        },
        {
          "Id": 9094207,
          "Level": 1
        },
        {
          "Id": 9094208,
          "Level": 1
        },
        {
          "Id": 9094209,
          "Level": 1
        },
        {
          "Id": 9094210,
          "Level": 1
        },
        {
          "Id": 9094001,
          "Level": 6
        },
        {
          "Id": 9094002,
          "Level": 10
        },
        {
          "Id": 9094003,
          "Level": 10
        },
        {
          "Id": 9094004,
          "Level": 10
        },
        {
          "Id": 9094007,
          "Level": 1
        }
      ],
      "EquipmentConfigList": [
        {
          "Id": 29000,
          "Level": 80,
          "Rank": 1
        }
      ],
      "RelicPropertyTypeList": [
        61020515,
        63019115
      ]
    }
  ],
  "MazeBuffDataList": []
}