{
  "SaveFile": "CEQuickSave_2083-2",
  "Name": "2083-2",
  "StageID": 2083,
  "SkillTreePreset": "None",
  "LineupConfigList": [
    {
      "AvatarId": 9121,
      "Level": 79,
      "Promotion": 6,
      "SkillTreePointList": [
        {
          "Id": 9121001,
          "Level": 5
        },
        {
          "Id": 9121002,
          "Level": 8
        },
        {
          "Id": 9121003,
          "Level": 8
        },
        {
          "Id": 9121004,
          "Level": 8
        },
        {
          "Id": 9121007,
          "Level": 1
        },
        {
          "Id": 9121101,
          "Level": 1
        },
        {
          "Id": 9121102,
          "Level": 1
        },
        {
          "Id": 9121103,
          "Level": 1
        },
        {
          "Id": 9121201,
          "Level": 1
        },
        {
          "Id": 9121202,
          "Level": 1
        },
        {
          "Id": 9121203,
          "Level": 1
        },
        {
          "Id": 9121204,
          "Level": 1
        },
        {
          "Id": 9121205,
          "Level": 1
        },
        {
          "Id": 9121206,
          "Level": 1
        },
        {
          "Id": 9121207,
          "Level": 1
        },
        {
          "Id": 9121208,
          "Level": 1
        }
      ],
      "EquipmentConfigList": [
        {
          "Id": 21008,
          "Level": 79,
          "Rank": 3
        }
      ],
      "RelicPropertyTypeList": [
        611013,
        630313
      ],
      "RelicMainValue": 2484513,
      "RelicSubValue": 513
    },
    {
      "AvatarId": 1210,
      "Level": 79,
      "Promotion": 6,
      "Rank": 1,
      "SkillTreePointList": [
        {
          "Id": 1210001,
          "Level": 5
        },
        {
          "Id": 1210002,
          "Level": 8
        },
        {
          "Id": 1210003,
          "Level": 8
        },
        {
          "Id": 1210004,
          "Level": 8
        },
        {
          "Id": 1210007,
          "Level": 1
        },
        {
          "Id": 1210101,
          "Level": 1
        },
        {
          "Id": 1210102,
          "Level": 1
        },
        {
          "Id": 1210103,
          "Level": 1
        },
        {
          "Id": 1210201,
          "Level": 1
        },
        {
          "Id": 1210202,
          "Level": 1
        },
        {
          "Id": 1210203,
          "Level": 1
        },
        {
          "Id": 1210204,
          "Level": 1
        },
        {
          "Id": 1210205,
          "Level": 1
        },
        {
          "Id": 1210206,
          "Level": 1
        },
        {
          "Id": 1210207,
          "Level": 1
        },
        {
          "Id": 1210208,
          "Level": 1
        }
      ],
      "EquipmentConfigList": [
        {
          "Id": 21008,
          "Level": 79,
          "Rank": 3
        }
      ],
      "RelicPropertyTypeList": [
        610715,
        630115
      ],
      "RelicMainValue": 2454515,
      "RelicSubValue": 515
    },
    {
      "AvatarId": 1108,
      "Level": 79,
      "Promotion": 6,
      "Rank": 4,
      "SkillTreePointList": [
        {
          "Id": 1108001,
          "Level": 5
        },
        {
          "Id": 1108002,
          "Level": 8
        },
        {
          "Id": 1108003,
          "Level": 8
        },
        {
          "Id": 1108004,
          "Level": 8
        },
        {
          "Id": 1108007,
          "Level": 1
        },
        {
          "Id": 1108102,
          "Level": 1
        },
        {
          "Id": 1108103,
          "Level": 1
        },
        {
          "Id": 1108201,
          "Level": 1
        },
        {
          "Id": 1108202,
          "Level": 1
        },
        {
          "Id": 1108203,
          "Level": 1
        },
        {
          "Id": 1108204,
          "Level": 1
        },
        {
          "Id": 1108205,
          "Level": 1
        },
        {
          "Id": 1108206,
          "Level": 1
        },
        {
          "Id": 1108207,
          "Level": 1
        },
        {
          "Id": 1108208,
          "Level": 1
        },
        {
          "Id": 1108101,
          "Level": 1
        }
      ],
      "EquipmentConfigList": [
        {
          "Id": 21008,
          "Level": 79,
          "Rank": 3
        }
      ],
      "RelicPropertyTypeList": [
        611013,
        630113
      ],
      "RelicMainValue": 2484513,
      "RelicSubValue": 513
    },
    {
      "AvatarId": 1203,
      "Level": 79,
      "Promotion": 6,
      "SkillTreePointList": [
        {
          "Id": 1203001,
          "Level": 5
        },
        {
          "Id": 1203002,
          "Level": 8
        },
        {
          "Id": 1203003,
          "Level": 8
        },
        {
          "Id": 1203004,
          "Level": 8
        },
        {
          "Id": 1203007,
          "Level": 1
        },
        {
          "Id": 1203101,
          "Level": 1
        },
        {
          "Id": 1203201,
          "Level": 1
        },
        {
          "Id": 1203202,
          "Level": 1
        },
        {
          "Id": 1203203,
          "Level": 1
        },
        {
          "Id": 1203204,
          "Level": 1
        },
        {
          "Id": 1203205,
          "Level": 1
        },
        {
          "Id": 1203206,
          "Level": 1
        },
        {
          "Id": 1203207,
          "Level": 1
        },
        {
          "Id": 1203208,
          "Level": 1
        },
        {
          "Id": 1203102,
          "Level": 1
        },
        {
          "Id": 1203103,
          "Level": 1
        }
      ],
      "EquipmentConfigList": [
        {
          "Id": 21007,
          "Level": 79,
          "Rank": 3
        }
      ],
      "RelicPropertyTypeList": [
        611413,
        630113
      ],
      "RelicMainValue": 6422513,
      "RelicSubValue": 513
    }
  ],
  "MazeBuffDataList": [],
  "BattleArea": {
    "PlaneId": 20111,
    "FloorId": 20111001,
    "GroupId": 2,
    "BattleAreaId": 1
  }
}