{
  "SaveFile": "CEQuickSave_CaiqiuCE-03",
  "Name": "CaiqiuCE-03",
  "StageID": 823,
  "SkillTreePreset": "None",
  "LineupConfigList": [
    {
      "AvatarId": 1204,
      "Level": 80,
      "Promotion": 6,
      "SkillTreePointList": [
        {
          "Id": 1204001,
          "Level": 6
        },
        {
          "Id": 1204002,
          "Level": 10
        },
        {
          "Id": 1204003,
          "Level": 10
        },
        {
          "Id": 1204004,
          "Level": 10
        },
        {
          "Id": 1204007,
          "Level": 1
        },
        {
          "Id": 1204201,
          "Level": 1
        },
        {
          "Id": 1204202,
          "Level": 1
        },
        {
          "Id": 1204203,
          "Level": 1
        },
        {
          "Id": 1204204,
          "Level": 1
        },
        {
          "Id": 1204205,
          "Level": 1
        },
        {
          "Id": 1204206,
          "Level": 1
        },
        {
          "Id": 1204207,
          "Level": 1
        },
        {
          "Id": 1204208,
          "Level": 1
        },
        {
          "Id": 1204209,
          "Level": 1
        },
        {
          "Id": 1204210,
          "Level": 1
        },
        {
          "Id": 1204101,
          "Level": 1
        },
        {
          "Id": 1204102,
          "Level": 1
        },
        {
          "Id": 1204103,
          "Level": 1
        }
      ],
      "EquipmentConfigList": [
        {
          "Id": 23010,
          "Level": 80,
          "Rank": 1
        }
      ],
      "RelicPropertyTypeList": [
        610915,
        630615
      ],
      "RelicMainValue": 4474515,
      "RelicSubValue": 515
    },
    {
      "AvatarId": 1202,
      "Level": 80,
      "Promotion": 6,
      "Rank": 6,
      "SkillTreePointList": [
        {
          "Id": 1202001,
          "Level": 6
        },
        {
          "Id": 1202002,
          "Level": 10
        },
        {
          "Id": 1202003,
          "Level": 10
        },
        {
          "Id": 1202004,
          "Level": 10
        },
        {
          "Id": 1202007,
          "Level": 1
        },
        {
          "Id": 1202101,
          "Level": 1
        },
        {
          "Id": 1202103,
          "Level": 1
        },
        {
          "Id": 1202201,
          "Level": 1
        },
        {
          "Id": 1202202,
          "Level": 1
        },
        {
          "Id": 1202203,
          "Level": 1
        },
        {
          "Id": 1202204,
          "Level": 1
        },
        {
          "Id": 1202205,
          "Level": 1
        },
        {
          "Id": 1202206,
          "Level": 1
        },
        {
          "Id": 1202207,
          "Level": 1
        },
        {
          "Id": 1202208,
          "Level": 1
        },
        {
          "Id": 1202209,
          "Level": 1
        },
        {
          "Id": 1202210,
          "Level": 1
        },
        {
          "Id": 1202102,
          "Level": 1
        }
      ],
      "EquipmentConfigList": [
        {
          "Id": 21011,
          "Level": 80,
          "Rank": 5
        }
      ],
      "RelicPropertyTypeList": [
        611415,
        630115
      ],
      "RelicMainValue": 1422515,
      "RelicSubValue": 515
    },
    {
      "AvatarId": 1112,
      "Level": 80,
      "Promotion": 6,
      "SkillTreePointList": [
        {
          "Id": 1112001,
          "Level": 6
        },
        {
          "Id": 1112002,
          "Level": 10
        },
        {
          "Id": 1112003,
          "Level": 10
        },
        {
          "Id": 1112004,
          "Level": 10
        },
        {
          "Id": 1112007,
          "Level": 1
        },
        {
          "Id": 1112101,
          "Level": 1
        },
        {
          "Id": 1112102,
          "Level": 1
        },
        {
          "Id": 1112103,
          "Level": 1
        },
        {
          "Id": 1112201,
          "Level": 1
        },
        {
          "Id": 1112202,
          "Level": 1
        },
        {
          "Id": 1112203,
          "Level": 1
        },
        {
          "Id": 1112204,
          "Level": 1
        },
        {
          "Id": 1112205,
          "Level": 1
        },
        {
          "Id": 1112206,
          "Level": 1
        },
        {
          "Id": 1112207,
          "Level": 1
        },
        {
          "Id": 1112208,
          "Level": 1
        },
        {
          "Id": 1112209,
          "Level": 1
        },
        {
          "Id": 1112210,
          "Level": 1
        }
      ],
      "EquipmentConfigList": [
        {
          "Id": 23001,
          "Level": 80,
          "Rank": 1
        }
      ],
      "RelicPropertyTypeList": [
        610715,
        630615
      ],
      "RelicMainValue": 5454515,
      "RelicSubValue": 515
    },
    {
      "AvatarId": 1203,
      "Level": 80,
      "Promotion": 6,
      "SkillTreePointList": [
        {
          "Id": 1203001,
          "Level": 6
        },
        {
          "Id": 1203002,
          "Level": 10
        },
        {
          "Id": 1203003,
          "Level": 10
        },
        {
          "Id": 1203004,
          "Level": 10
        },
        {
          "Id": 1203007,
          "Level": 1
        },
        {
          "Id": 1203101,
          "Level": 1
        },
        {
          "Id": 1203201,
          "Level": 1
        },
        {
          "Id": 1203202,
          "Level": 1
        },
        {
          "Id": 1203203,
          "Level": 1
        },
        {
          "Id": 1203204,
          "Level": 1
        },
        {
          "Id": 1203205,
          "Level": 1
        },
        {
          "Id": 1203206,
          "Level": 1
        },
        {
          "Id": 1203207,
          "Level": 1
        },
        {
          "Id": 1203208,
          "Level": 1
        },
        {
          "Id": 1203209,
          "Level": 1
        },
        {
          "Id": 1203210,
          "Level": 1
        },
        {
          "Id": 1203102,
          "Level": 1
        },
        {
          "Id": 1203103,
          "Level": 1
        }
      ],
      "EquipmentConfigList": [
        {
          "Id": 23008,
          "Level": 80,
          "Rank": 1
        }
      ],
      "RelicPropertyTypeList": [
        611415,
        630115
      ],
      "RelicMainValue": 6422515,
      "RelicSubValue": 515
    }
  ],
  "MazeBuffDataList": [],
  "BattleArea": {
    "PlaneId": 20002,
    "FloorId": 20002001,
    "GroupId": 1,
    "BattleAreaId": 1
  }
}