{
  "SaveFile": "CEQuickSave_ShenYuan42",
  "Name": "ShenYuan42",
  "StageID": 30002042,
  "SkillTreePreset": "None",
  "SPPreset": "Half",
  "LineupConfigList": [
    {
      "AvatarId": 1003,
      "Level": 70,
      "Promotion": 5,
      "SkillTreePointList": [
        {
          "Id": 1003001,
          "Level": 4
        },
        {
          "Id": 1003002,
          "Level": 6
        },
        {
          "Id": 1003003,
          "Level": 6
        },
        {
          "Id": 1003004,
          "Level": 6
        },
        {
          "Id": 1003007,
          "Level": 1
        },
        {
          "Id": 1003101,
          "Level": 1
        },
        {
          "Id": 1003102,
          "Level": 1
        },
        {
          "Id": 1003201,
          "Level": 1
        },
        {
          "Id": 1003202,
          "Level": 1
        },
        {
          "Id": 1003203,
          "Level": 1
        },
        {
          "Id": 1003204,
          "Level": 1
        },
        {
          "Id": 1003205,
          "Level": 1
        },
        {
          "Id": 1003206,
          "Level": 1
        }
      ],
      "EquipmentConfigList": [
        {
          "Id": 21013,
          "Level": 70,
          "Rank": 2
        }
      ],
      "RelicPropertyTypeList": [
        610710,
        630610
      ],
      "RelicMainValue": 4454510,
      "RelicSubValue": 510
    },
    {
      "AvatarId": 1205,
      "Level": 70,
      "Promotion": 5,
      "SkillTreePointList": [
        {
          "Id": 1205001,
          "Level": 4
        },
        {
          "Id": 1205002,
          "Level": 6
        },
        {
          "Id": 1205003,
          "Level": 6
        },
        {
          "Id": 1205004,
          "Level": 6
        },
        {
          "Id": 1205007,
          "Level": 1
        },
        {
          "Id": 1205101,
          "Level": 1
        },
        {
          "Id": 1205102,
          "Level": 1
        },
        {
          "Id": 1205201,
          "Level": 1
        },
        {
          "Id": 1205202,
          "Level": 1
        },
        {
          "Id": 1205203,
          "Level": 1
        },
        {
          "Id": 1205204,
          "Level": 1
        },
        {
          "Id": 1205205,
          "Level": 1
        },
        {
          "Id": 1205206,
          "Level": 1
        }
      ],
      "EquipmentConfigList": [
        {
          "Id": 21005,
          "Level": 70,
          "Rank": 2
        }
      ],
      "RelicPropertyTypeList": [
        611310,
        630610
      ],
      "RelicMainValue": 5483510,
      "RelicSubValue": 510
    },
    {
      "AvatarId": 1203,
      "Level": 70,
      "Promotion": 5,
      "SkillTreePointList": [
        {
          "Id": 1203001,
          "Level": 4
        },
        {
          "Id": 1203002,
          "Level": 6
        },
        {
          "Id": 1203003,
          "Level": 6
        },
        {
          "Id": 1203004,
          "Level": 6
        },
        {
          "Id": 1203007,
          "Level": 1
        },
        {
          "Id": 1203101,
          "Level": 1
        },
        {
          "Id": 1203201,
          "Level": 1
        },
        {
          "Id": 1203202,
          "Level": 1
        },
        {
          "Id": 1203203,
          "Level": 1
        },
        {
          "Id": 1203204,
          "Level": 1
        },
        {
          "Id": 1203205,
          "Level": 1
        },
        {
          "Id": 1203206,
          "Level": 1
        },
        {
          "Id": 1203102,
          "Level": 1
        }
      ],
      "EquipmentConfigList": [
        {
          "Id": 21007,
          "Level": 70,
          "Rank": 2
        }
      ],
      "RelicPropertyTypeList": [
        611410,
        630110
      ],
      "RelicMainValue": 6422510,
      "RelicSubValue": 510
    },
    {
      "AvatarId": 1009,
      "Level": 70,
      "Promotion": 5,
      "Rank": 3,
      "SkillTreePointList": [
        {
          "Id": 1009001,
          "Level": 4
        },
        {
          "Id": 1009002,
          "Level": 6
        },
        {
          "Id": 1009003,
          "Level": 6
        },
        {
          "Id": 1009004,
          "Level": 6
        },
        {
          "Id": 1009007,
          "Level": 1
        },
        {
          "Id": 1009101,
          "Level": 1
        },
        {
          "Id": 1009102,
          "Level": 1
        },
        {
          "Id": 1009201,
          "Level": 1
        },
        {
          "Id": 1009202,
          "Level": 1
        },
        {
          "Id": 1009203,
          "Level": 1
        },
        {
          "Id": 1009204,
          "Level": 1
        },
        {
          "Id": 1009205,
          "Level": 1
        },
        {
          "Id": 1009206,
          "Level": 1
        }
      ],
      "EquipmentConfigList": [
        {
          "Id": 21011,
          "Level": 70,
          "Rank": 2
        }
      ],
      "RelicPropertyTypeList": [
        611410,
        630710
      ],
      "RelicMainValue": 4452510,
      "RelicSubValue": 510
    }
  ],
  "MazeBuffDataList": [],
  "BattleArea": {
    "PlaneId": 20001,
    "FloorId": 20001001,
    "GroupId": 2,
    "BattleAreaId": 1
  }
}