{
  "SaveFile": "CEQuickSave_2083-1",
  "Name": "2083-1",
  "StageID": 2083,
  "SkillTreePreset": "None",
  "LineupConfigList": [
    {
      "AvatarId": 1205,
      "Level": 79,
      "Promotion": 6,
      "SkillTreePointList": [
        {
          "Id": 1205001,
          "Level": 5
        },
        {
          "Id": 1205002,
          "Level": 8
        },
        {
          "Id": 1205003,
          "Level": 8
        },
        {
          "Id": 1205004,
          "Level": 8
        },
        {
          "Id": 1205007,
          "Level": 1
        },
        {
          "Id": 1205101,
          "Level": 1
        },
        {
          "Id": 1205102,
          "Level": 1
        },
        {
          "Id": 1205103,
          "Level": 1
        },
        {
          "Id": 1205201,
          "Level": 1
        },
        {
          "Id": 1205202,
          "Level": 1
        },
        {
          "Id": 1205203,
          "Level": 1
        },
        {
          "Id": 1205204,
          "Level": 1
        },
        {
          "Id": 1205205,
          "Level": 1
        },
        {
          "Id": 1205206,
          "Level": 1
        },
        {
          "Id": 1205207,
          "Level": 1
        },
        {
          "Id": 1205208,
          "Level": 1
        }
      ],
      "EquipmentConfigList": [
        {
          "Id": 21005,
          "Level": 79,
          "Rank": 3
        }
      ],
      "RelicPropertyTypeList": [
        611313,
        630613
      ],
      "RelicMainValue": 5483513,
      "RelicSubValue": 513
    },
    {
      "AvatarId": 1306,
      "Level": 79,
      "Promotion": 6,
      "SkillTreePointList": [
        {
          "Id": 1306001,
          "Level": 5
        },
        {
          "Id": 1306002,
          "Level": 8
        },
        {
          "Id": 1306003,
          "Level": 8
        },
        {
          "Id": 1306004,
          "Level": 8
        },
        {
          "Id": 1306007,
          "Level": 1
        },
        {
          "Id": 1306101,
          "Level": 1
        },
        {
          "Id": 1306102,
          "Level": 1
        },
        {
          "Id": 1306103,
          "Level": 1
        },
        {
          "Id": 1306201,
          "Level": 1
        },
        {
          "Id": 1306202,
          "Level": 1
        },
        {
          "Id": 1306203,
          "Level": 1
        },
        {
          "Id": 1306204,
          "Level": 1
        },
        {
          "Id": 1306205,
          "Level": 1
        },
        {
          "Id": 1306206,
          "Level": 1
        },
        {
          "Id": 1306207,
          "Level": 1
        },
        {
          "Id": 1306208,
          "Level": 1
        }
      ],
      "EquipmentConfigList": [
        {
          "Id": 21025,
          "Level": 79,
          "Rank": 3
        }
      ],
      "RelicPropertyTypeList": [
        611413,
        630213
      ],
      "RelicMainValue": 1412513,
      "RelicSubValue": 513
    },
    {
      "AvatarId": 1213,
      "Level": 79,
      "Promotion": 6,
      "SkillTreePointList": [
        {
          "Id": 1213001,
          "Level": 5
        },
        {
          "Id": 1213002,
          "Level": 8
        },
        {
          "Id": 1213003,
          "Level": 8
        },
        {
          "Id": 1213004,
          "Level": 8
        },
        {
          "Id": 1213007,
          "Level": 1
        },
        {
          "Id": 1213101,
          "Level": 1
        },
        {
          "Id": 1213102,
          "Level": 1
        },
        {
          "Id": 1213103,
          "Level": 1
        },
        {
          "Id": 1213201,
          "Level": 1
        },
        {
          "Id": 1213202,
          "Level": 1
        },
        {
          "Id": 1213203,
          "Level": 1
        },
        {
          "Id": 1213204,
          "Level": 1
        },
        {
          "Id": 1213205,
          "Level": 1
        },
        {
          "Id": 1213206,
          "Level": 1
        },
        {
          "Id": 1213207,
          "Level": 1
        },
        {
          "Id": 1213208,
          "Level": 1
        }
      ],
      "EquipmentConfigList": [
        {
          "Id": 21019,
          "Level": 79,
          "Rank": 3
        }
      ],
      "RelicPropertyTypeList": [
        610213,
        630913
      ],
      "RelicMainValue": 4404513,
      "RelicSubValue": 513
    },
    {
      "AvatarId": 1203,
      "Level": 79,
      "Promotion": 6,
      "SkillTreePointList": [
        {
          "Id": 1203001,
          "Level": 5
        },
        {
          "Id": 1203002,
          "Level": 8
        },
        {
          "Id": 1203003,
          "Level": 8
        },
        {
          "Id": 1203004,
          "Level": 8
        },
        {
          "Id": 1203007,
          "Level": 1
        },
        {
          "Id": 1203101,
          "Level": 1
        },
        {
          "Id": 1203201,
          "Level": 1
        },
        {
          "Id": 1203202,
          "Level": 1
        },
        {
          "Id": 1203203,
          "Level": 1
        },
        {
          "Id": 1203204,
          "Level": 1
        },
        {
          "Id": 1203205,
          "Level": 1
        },
        {
          "Id": 1203206,
          "Level": 1
        },
        {
          "Id": 1203207,
          "Level": 1
        },
        {
          "Id": 1203208,
          "Level": 1
        },
        {
          "Id": 1203102,
          "Level": 1
        },
        {
          "Id": 1203103,
          "Level": 1
        }
      ],
      "EquipmentConfigList": [
        {
          "Id": 21007,
          "Level": 79,
          "Rank": 3
        }
      ],
      "RelicPropertyTypeList": [
        611413,
        630113
      ],
      "RelicMainValue": 6422513,
      "RelicSubValue": 513
    }
  ],
  "MazeBuffDataList": [],
  "BattleArea": {
    "PlaneId": 20111,
    "FloorId": 20111001,
    "GroupId": 2,
    "BattleAreaId": 1
  }
}