{
  "SaveFile": "CEQuickSave_UICE-03",
  "Name": "UICE-03",
  "StageID": 829,
  "SkillTreePreset": "None",
  "LineupConfigList": [
    {
      "AvatarId": 1209,
      "Level": 79,
      "Promotion": 6,
      "SkillTreePointList": [
        {
          "Id": 1209001,
          "Level": 5
        },
        {
          "Id": 1209002,
          "Level": 8
        },
        {
          "Id": 1209003,
          "Level": 8
        },
        {
          "Id": 1209004,
          "Level": 8
        },
        {
          "Id": 1209007,
          "Level": 1
        },
        {
          "Id": 1209101,
          "Level": 1
        },
        {
          "Id": 1209102,
          "Level": 1
        },
        {
          "Id": 1209103,
          "Level": 1
        },
        {
          "Id": 1209201,
          "Level": 1
        },
        {
          "Id": 1209202,
          "Level": 1
        },
        {
          "Id": 1209203,
          "Level": 1
        },
        {
          "Id": 1209204,
          "Level": 1
        },
        {
          "Id": 1209205,
          "Level": 1
        },
        {
          "Id": 1209206,
          "Level": 1
        },
        {
          "Id": 1209207,
          "Level": 1
        },
        {
          "Id": 1209208,
          "Level": 1
        }
      ],
      "EquipmentConfigList": [
        {
          "Id": 21003,
          "Level": 79,
          "Rank": 3
        }
      ],
      "RelicPropertyTypeList": [
        610413,
        630113
      ],
      "RelicMainValue": 5464513,
      "RelicSubValue": 513
    },
    {
      "AvatarId": 1106,
      "Level": 79,
      "Promotion": 6,
      "Rank": 4,
      "SkillTreePointList": [
        {
          "Id": 1106001,
          "Level": 5
        },
        {
          "Id": 1106002,
          "Level": 8
        },
        {
          "Id": 1106003,
          "Level": 8
        },
        {
          "Id": 1106004,
          "Level": 8
        },
        {
          "Id": 1106007,
          "Level": 1
        },
        {
          "Id": 1106101,
          "Level": 1
        },
        {
          "Id": 1106102,
          "Level": 1
        },
        {
          "Id": 1106103,
          "Level": 1
        },
        {
          "Id": 1106201,
          "Level": 1
        },
        {
          "Id": 1106202,
          "Level": 1
        },
        {
          "Id": 1106203,
          "Level": 1
        },
        {
          "Id": 1106204,
          "Level": 1
        },
        {
          "Id": 1106205,
          "Level": 1
        },
        {
          "Id": 1106206,
          "Level": 1
        },
        {
          "Id": 1106207,
          "Level": 1
        },
        {
          "Id": 1106208,
          "Level": 1
        }
      ],
      "EquipmentConfigList": [
        {
          "Id": 21001,
          "Level": 79,
          "Rank": 3
        }
      ],
      "RelicPropertyTypeList": [
        610413,
        630913
      ],
      "RelicMainValue": 4464513,
      "RelicSubValue": 513
    },
    {
      "AvatarId": 1202,
      "Level": 79,
      "Promotion": 6,
      "Rank": 4,
      "SkillTreePointList": [
        {
          "Id": 1202001,
          "Level": 5
        },
        {
          "Id": 1202002,
          "Level": 8
        },
        {
          "Id": 1202003,
          "Level": 8
        },
        {
          "Id": 1202004,
          "Level": 8
        },
        {
          "Id": 1202007,
          "Level": 1
        },
        {
          "Id": 1202101,
          "Level": 1
        },
        {
          "Id": 1202103,
          "Level": 1
        },
        {
          "Id": 1202201,
          "Level": 1
        },
        {
          "Id": 1202202,
          "Level": 1
        },
        {
          "Id": 1202203,
          "Level": 1
        },
        {
          "Id": 1202204,
          "Level": 1
        },
        {
          "Id": 1202205,
          "Level": 1
        },
        {
          "Id": 1202206,
          "Level": 1
        },
        {
          "Id": 1202207,
          "Level": 1
        },
        {
          "Id": 1202208,
          "Level": 1
        },
        {
          "Id": 1202102,
          "Level": 1
        }
      ],
      "EquipmentConfigList": [
        {
          "Id": 21011,
          "Level": 79,
          "Rank": 3
        }
      ],
      "RelicPropertyTypeList": [
        611413,
        630113
      ],
      "RelicMainValue": 1422513,
      "RelicSubValue": 513
    },
    {
      "AvatarId": 1104,
      "Level": 79,
      "Promotion": 6,
      "SkillTreePointList": [
        {
          "Id": 1104001,
          "Level": 5
        },
        {
          "Id": 1104002,
          "Level": 8
        },
        {
          "Id": 1104003,
          "Level": 8
        },
        {
          "Id": 1104004,
          "Level": 8
        },
        {
          "Id": 1104007,
          "Level": 1
        },
        {
          "Id": 1104101,
          "Level": 1
        },
        {
          "Id": 1104102,
          "Level": 1
        },
        {
          "Id": 1104103,
          "Level": 1
        },
        {
          "Id": 1104201,
          "Level": 1
        },
        {
          "Id": 1104202,
          "Level": 1
        },
        {
          "Id": 1104203,
          "Level": 1
        },
        {
          "Id": 1104204,
          "Level": 1
        },
        {
          "Id": 1104205,
          "Level": 1
        },
        {
          "Id": 1104206,
          "Level": 1
        },
        {
          "Id": 1104207,
          "Level": 1
        },
        {
          "Id": 1104208,
          "Level": 1
        }
      ],
      "EquipmentConfigList": [
        {
          "Id": 21002,
          "Level": 79,
          "Rank": 3
        }
      ],
      "RelicPropertyTypeList": [
        610313,
        630413
      ],
      "RelicMainValue": 3435513,
      "RelicSubValue": 513
    }
  ],
  "MazeBuffDataList": []
}