{
  "SaveFile": "CEQuickSave_Furios-2",
  "Name": "Furios-2",
  "StageID": 9006010,
  "SkillTreePreset": "None",
  "LineupConfigList": [
    {
      "AvatarId": 1102,
      "Level": 40,
      "Promotion": 2,
      "SkillTreePointList": [
        {
          "Id": 1102001,
          "Level": 2
        },
        {
          "Id": 1102002,
          "Level": 2
        },
        {
          "Id": 1102003,
          "Level": 2
        },
        {
          "Id": 1102004,
          "Level": 2
        },
        {
          "Id": 1102007,
          "Level": 1
        },
        {
          "Id": 1102101,
          "Level": 1
        },
        {
          "Id": 1102201,
          "Level": 1
        }
      ],
      "EquipmentConfigList": [
        {
          "Id": 21003,
          "Level": 40,
          "Rank": 1
        }
      ],
      "RelicPropertyTypeList": [
        4108103
      ]
    },
    {
      "AvatarId": 1202,
      "Level": 40,
      "Promotion": 2,
      "SkillTreePointList": [
        {
          "Id": 1202001,
          "Level": 2
        },
        {
          "Id": 1202002,
          "Level": 2
        },
        {
          "Id": 1202003,
          "Level": 2
        },
        {
          "Id": 1202004,
          "Level": 2
        },
        {
          "Id": 1202007,
          "Level": 1
        },
        {
          "Id": 1202101,
          "Level": 1
        },
        {
          "Id": 1202201,
          "Level": 1
        }
      ],
      "EquipmentConfigList": [
        {
          "Id": 21011,
          "Level": 40,
          "Rank": 1
        }
      ],
      "RelicPropertyTypeList": [
        4102103
      ]
    },
    {
      "AvatarId": 8001,
      "Level": 40,
      "Promotion": 2,
      "SkillTreePointList": [
        {
          "Id": 8001001,
          "Level": 2
        },
        {
          "Id": 8001002,
          "Level": 2
        },
        {
          "Id": 8001003,
          "Level": 2
        },
        {
          "Id": 8001004,
          "Level": 2
        },
        {
          "Id": 8001007,
          "Level": 1
        },
        {
          "Id": 8001101,
          "Level": 1
        },
        {
          "Id": 8001201,
          "Level": 1
        }
      ],
      "EquipmentConfigList": [
        {
          "Id": 21005,
          "Level": 40,
          "Rank": 1
        }
      ],
      "RelicPropertyTypeList": [
        4105103
      ]
    },
    {
      "AvatarId": 1104,
      "Level": 40,
      "Promotion": 2,
      "SkillTreePointList": [
        {
          "Id": 1104001,
          "Level": 2
        },
        {
          "Id": 1104002,
          "Level": 2
        },
        {
          "Id": 1104003,
          "Level": 2
        },
        {
          "Id": 1104004,
          "Level": 2
        },
        {
          "Id": 1104007,
          "Level": 1
        },
        {
          "Id": 1104101,
          "Level": 1
        },
        {
          "Id": 1104201,
          "Level": 1
        }
      ],
      "EquipmentConfigList": [
        {
          "Id": 21002,
          "Level": 40,
          "Rank": 1
        }
      ],
      "RelicPropertyTypeList": [
        4106203
      ]
    }
  ],
  "MazeBuffDataList": []
}