{
  "SaveFile": "CEQuickSave_UICE-01",
  "Name": "UICE-01",
  "StageID": 827,
  "SkillTreePreset": "None",
  "LineupConfigList": [
    {
      "AvatarId": 1204,
      "Level": 79,
      "Promotion": 6,
      "SkillTreePointList": [
        {
          "Id": 1204001,
          "Level": 5
        },
        {
          "Id": 1204002,
          "Level": 8
        },
        {
          "Id": 1204003,
          "Level": 8
        },
        {
          "Id": 1204004,
          "Level": 8
        },
        {
          "Id": 1204007,
          "Level": 1
        },
        {
          "Id": 1204201,
          "Level": 1
        },
        {
          "Id": 1204202,
          "Level": 1
        },
        {
          "Id": 1204203,
          "Level": 1
        },
        {
          "Id": 1204204,
          "Level": 1
        },
        {
          "Id": 1204205,
          "Level": 1
        },
        {
          "Id": 1204206,
          "Level": 1
        },
        {
          "Id": 1204207,
          "Level": 1
        },
        {
          "Id": 1204208,
          "Level": 1
        },
        {
          "Id": 1204101,
          "Level": 1
        },
        {
          "Id": 1204102,
          "Level": 1
        },
        {
          "Id": 1204103,
          "Level": 1
        }
      ],
      "EquipmentConfigList": [
        {
          "Id": 21013,
          "Level": 79,
          "Rank": 3
        }
      ],
      "RelicPropertyTypeList": [
        610913,
        630613
      ],
      "RelicMainValue": 4474513,
      "RelicSubValue": 513
    },
    {
      "AvatarId": 1109,
      "Level": 79,
      "Promotion": 6,
      "Rank": 4,
      "SkillTreePointList": [
        {
          "Id": 1109001,
          "Level": 5
        },
        {
          "Id": 1109002,
          "Level": 8
        },
        {
          "Id": 1109003,
          "Level": 8
        },
        {
          "Id": 1109004,
          "Level": 8
        },
        {
          "Id": 1109007,
          "Level": 1
        },
        {
          "Id": 1109101,
          "Level": 1
        },
        {
          "Id": 1109102,
          "Level": 1
        },
        {
          "Id": 1109103,
          "Level": 1
        },
        {
          "Id": 1109201,
          "Level": 1
        },
        {
          "Id": 1109202,
          "Level": 1
        },
        {
          "Id": 1109203,
          "Level": 1
        },
        {
          "Id": 1109204,
          "Level": 1
        },
        {
          "Id": 1109205,
          "Level": 1
        },
        {
          "Id": 1109206,
          "Level": 1
        },
        {
          "Id": 1109207,
          "Level": 1
        },
        {
          "Id": 1109208,
          "Level": 1
        }
      ],
      "EquipmentConfigList": [
        {
          "Id": 21005,
          "Level": 79,
          "Rank": 3
        }
      ],
      "RelicPropertyTypeList": [
        610713,
        630113
      ],
      "RelicMainValue": 4454513,
      "RelicSubValue": 513
    },
    {
      "AvatarId": 1108,
      "Level": 79,
      "Promotion": 6,
      "Rank": 4,
      "SkillTreePointList": [
        {
          "Id": 1108001,
          "Level": 5
        },
        {
          "Id": 1108002,
          "Level": 8
        },
        {
          "Id": 1108003,
          "Level": 8
        },
        {
          "Id": 1108004,
          "Level": 8
        },
        {
          "Id": 1108007,
          "Level": 1
        },
        {
          "Id": 1108102,
          "Level": 1
        },
        {
          "Id": 1108103,
          "Level": 1
        },
        {
          "Id": 1108201,
          "Level": 1
        },
        {
          "Id": 1108202,
          "Level": 1
        },
        {
          "Id": 1108203,
          "Level": 1
        },
        {
          "Id": 1108204,
          "Level": 1
        },
        {
          "Id": 1108205,
          "Level": 1
        },
        {
          "Id": 1108206,
          "Level": 1
        },
        {
          "Id": 1108207,
          "Level": 1
        },
        {
          "Id": 1108208,
          "Level": 1
        },
        {
          "Id": 1108101,
          "Level": 1
        }
      ],
      "EquipmentConfigList": [
        {
          "Id": 21008,
          "Level": 79,
          "Rank": 3
        }
      ],
      "RelicPropertyTypeList": [
        611013,
        630113
      ],
      "RelicMainValue": 2484513,
      "RelicSubValue": 513
    },
    {
      "AvatarId": 1217,
      "Level": 79,
      "Promotion": 6,
      "SkillTreePointList": [
        {
          "Id": 1217001,
          "Level": 5
        },
        {
          "Id": 1217002,
          "Level": 8
        },
        {
          "Id": 1217003,
          "Level": 8
        },
        {
          "Id": 1217004,
          "Level": 8
        },
        {
          "Id": 1217007,
          "Level": 1
        },
        {
          "Id": 1217101,
          "Level": 1
        },
        {
          "Id": 1217102,
          "Level": 1
        },
        {
          "Id": 1217103,
          "Level": 1
        },
        {
          "Id": 1217201,
          "Level": 1
        },
        {
          "Id": 1217202,
          "Level": 1
        },
        {
          "Id": 1217203,
          "Level": 1
        },
        {
          "Id": 1217204,
          "Level": 1
        },
        {
          "Id": 1217205,
          "Level": 1
        },
        {
          "Id": 1217206,
          "Level": 1
        },
        {
          "Id": 1217207,
          "Level": 1
        },
        {
          "Id": 1217208,
          "Level": 1
        }
      ],
      "EquipmentConfigList": [
        {
          "Id": 21000,
          "Level": 79,
          "Rank": 3
        }
      ],
      "RelicPropertyTypeList": [
        611413,
        630213
      ],
      "RelicMainValue": 2422513,
      "RelicSubValue": 513
    }
  ],
  "MazeBuffDataList": []
}