{
  "SaveFile": "CEQuickSave_1",
  "Name": "BuffTest",
  "StageID": 2,
  "SkillTreePreset": "None",
  "LineupConfigList": [
    {
      "AvatarId": 8001,
      "Level": 1
    },
    {
      "AvatarId": 1001,
      "Level": 1
    },
    {
      "AvatarId": 1002,
      "Level": 1
    },
    {
      "AvatarId": 1101,
      "Level": 1
    }
  ],
  "MazeBuffDataList": [
    {
      "OwnerCharacterIndex": 4,
      "ID": 612001,
      "Level": 1
    },
    {
      "OwnerCharacterIndex": 4,
      "ID": 612002,
      "Level": 1
    },
    {
      "OwnerCharacterIndex": 4,
      "ID": 612003,
      "Level": 1
    },
    {
      "OwnerCharacterIndex": 4,
      "ID": 612004,
      "Level": 1
    },
    {
      "OwnerCharacterIndex": 4,
      "ID": 612005,
      "Level": 1
    },
    {
      "OwnerCharacterIndex": 4,
      "ID": 612006,
      "Level": 1
    },
    {
      "OwnerCharacterIndex": 4,
      "ID": 612007,
      "Level": 1
    },
    {
      "OwnerCharacterIndex": 4,
      "ID": 612008,
      "Level": 1
    },
    {
      "OwnerCharacterIndex": 4,
      "ID": 612009,
      "Level": 1
    },
    {
      "OwnerCharacterIndex": 4,
      "ID": 612010,
      "Level": 1
    },
    {
      "OwnerCharacterIndex": 4,
      "ID": 612011,
      "Level": 1
    },
    {
      "OwnerCharacterIndex": 4,
      "ID": 612012,
      "Level": 1
    },
    {
      "OwnerCharacterIndex": 4,
      "ID": 612013,
      "Level": 1
    },
    {
      "OwnerCharacterIndex": 4,
      "ID": 612014,
      "Level": 1
    },
    {
      "OwnerCharacterIndex": 4,
      "ID": 612015,
      "Level": 1
    },
    {
      "OwnerCharacterIndex": 4,
      "ID": 612020,
      "Level": 1
    },
    {
      "OwnerCharacterIndex": 4,
      "ID": 612023,
      "Level": 1
    },
    {
      "OwnerCharacterIndex": 4,
      "ID": 612404,
      "Level": 1
    }
  ]
}