{
  "SaveFile": "CEQuickSave_ShenYuan11",
  "Name": "ShenYuan11",
  "StageID": 30002011,
  "SkillTreePreset": "None",
  "SPPreset": "Half",
  "LineupConfigList": [
    {
      "AvatarId": 1204,
      "Level": 50,
      "Promotion": 3,
      "SkillTreePointList": [
        {
          "Id": 1204001,
          "Level": 2
        },
        {
          "Id": 1204002,
          "Level": 3
        },
        {
          "Id": 1204003,
          "Level": 3
        },
        {
          "Id": 1204004,
          "Level": 3
        },
        {
          "Id": 1204007,
          "Level": 1
        },
        {
          "Id": 1204201,
          "Level": 1
        },
        {
          "Id": 1204202,
          "Level": 1
        },
        {
          "Id": 1204101,
          "Level": 1
        }
      ],
      "EquipmentConfigList": [
        {
          "Id": 21013,
          "Level": 50,
          "Rank": 1
        }
      ],
      "RelicPropertyTypeList": [
        510906,
        530606
      ],
      "RelicMainValue": 4474406,
      "RelicSubValue": 406
    },
    {
      "AvatarId": 8001,
      "Level": 50,
      "Promotion": 3,
      "Rank": 1,
      "SkillTreePointList": [
        {
          "Id": 8001001,
          "Level": 2
        },
        {
          "Id": 8001002,
          "Level": 3
        },
        {
          "Id": 8001003,
          "Level": 3
        },
        {
          "Id": 8001004,
          "Level": 3
        },
        {
          "Id": 8001007,
          "Level": 1
        },
        {
          "Id": 8001101,
          "Level": 1
        },
        {
          "Id": 8001201,
          "Level": 1
        },
        {
          "Id": 8001202,
          "Level": 1
        }
      ],
      "EquipmentConfigList": [
        {
          "Id": 21005,
          "Level": 50,
          "Rank": 1
        }
      ],
      "RelicPropertyTypeList": [
        510506,
        530106
      ],
      "RelicMainValue": 4442406,
      "RelicSubValue": 406
    },
    {
      "AvatarId": 1105,
      "Level": 50,
      "Promotion": 3,
      "Rank": 1,
      "SkillTreePointList": [
        {
          "Id": 1105001,
          "Level": 2
        },
        {
          "Id": 1105002,
          "Level": 3
        },
        {
          "Id": 1105003,
          "Level": 3
        },
        {
          "Id": 1105004,
          "Level": 3
        },
        {
          "Id": 1105007,
          "Level": 1
        },
        {
          "Id": 1105101,
          "Level": 1
        },
        {
          "Id": 1105201,
          "Level": 1
        },
        {
          "Id": 1105202,
          "Level": 1
        }
      ],
      "EquipmentConfigList": [
        {
          "Id": 21000,
          "Level": 50,
          "Rank": 1
        }
      ],
      "RelicPropertyTypeList": [
        510106,
        530206
      ],
      "RelicMainValue": 1412406,
      "RelicSubValue": 406
    },
    {
      "AvatarId": 1202,
      "Level": 50,
      "Promotion": 3,
      "Rank": 1,
      "SkillTreePointList": [
        {
          "Id": 1202001,
          "Level": 2
        },
        {
          "Id": 1202002,
          "Level": 3
        },
        {
          "Id": 1202003,
          "Level": 3
        },
        {
          "Id": 1202004,
          "Level": 3
        },
        {
          "Id": 1202007,
          "Level": 1
        },
        {
          "Id": 1202101,
          "Level": 1
        },
        {
          "Id": 1202201,
          "Level": 1
        },
        {
          "Id": 1202202,
          "Level": 1
        }
      ],
      "EquipmentConfigList": [
        {
          "Id": 21011,
          "Level": 50,
          "Rank": 1
        }
      ],
      "RelicPropertyTypeList": [
        511406,
        530106
      ],
      "RelicMainValue": 1422406,
      "RelicSubValue": 406
    }
  ],
  "MazeBuffDataList": [],
  "BattleArea": {
    "PlaneId": 20001,
    "FloorId": 20001001,
    "GroupId": 2,
    "BattleAreaId": 1
  }
}