{
  "SaveFile": "CEQuickSave_ShenYuan61",
  "Name": "ShenYuan61",
  "StageID": 30002061,
  "SkillTreePreset": "None",
  "SPPreset": "Half",
  "LineupConfigList": [
    {
      "AvatarId": 1005,
      "Level": 80,
      "Promotion": 6,
      "SkillTreePointList": [
        {
          "Id": 1005001,
          "Level": 6
        },
        {
          "Id": 1005002,
          "Level": 10
        },
        {
          "Id": 1005003,
          "Level": 10
        },
        {
          "Id": 1005004,
          "Level": 10
        },
        {
          "Id": 1005007,
          "Level": 1
        },
        {
          "Id": 1005101,
          "Level": 1
        },
        {
          "Id": 1005102,
          "Level": 1
        },
        {
          "Id": 1005103,
          "Level": 1
        },
        {
          "Id": 1005201,
          "Level": 1
        },
        {
          "Id": 1005202,
          "Level": 1
        },
        {
          "Id": 1005203,
          "Level": 1
        },
        {
          "Id": 1005204,
          "Level": 1
        },
        {
          "Id": 1005205,
          "Level": 1
        },
        {
          "Id": 1005206,
          "Level": 1
        },
        {
          "Id": 1005207,
          "Level": 1
        },
        {
          "Id": 1005208,
          "Level": 1
        },
        {
          "Id": 1005209,
          "Level": 1
        },
        {
          "Id": 1005210,
          "Level": 1
        }
      ],
      "EquipmentConfigList": [
        {
          "Id": 23006,
          "Level": 80,
          "Rank": 1
        }
      ],
      "RelicPropertyTypeList": [
        610915,
        630115
      ],
      "RelicMainValue": 2471515,
      "RelicSubValue": 515
    },
    {
      "AvatarId": 1111,
      "Level": 80,
      "Promotion": 6,
      "Rank": 6,
      "SkillTreePointList": [
        {
          "Id": 1111001,
          "Level": 6
        },
        {
          "Id": 1111002,
          "Level": 10
        },
        {
          "Id": 1111003,
          "Level": 10
        },
        {
          "Id": 1111004,
          "Level": 10
        },
        {
          "Id": 1111007,
          "Level": 1
        },
        {
          "Id": 1111101,
          "Level": 1
        },
        {
          "Id": 1111102,
          "Level": 1
        },
        {
          "Id": 1111103,
          "Level": 1
        },
        {
          "Id": 1111201,
          "Level": 1
        },
        {
          "Id": 1111202,
          "Level": 1
        },
        {
          "Id": 1111203,
          "Level": 1
        },
        {
          "Id": 1111204,
          "Level": 1
        },
        {
          "Id": 1111205,
          "Level": 1
        },
        {
          "Id": 1111206,
          "Level": 1
        },
        {
          "Id": 1111207,
          "Level": 1
        },
        {
          "Id": 1111208,
          "Level": 1
        },
        {
          "Id": 1111209,
          "Level": 1
        },
        {
          "Id": 1111210,
          "Level": 1
        }
      ],
      "EquipmentConfigList": [
        {
          "Id": 21008,
          "Level": 80,
          "Rank": 5
        }
      ],
      "RelicPropertyTypeList": [
        610515,
        630115
      ],
      "RelicMainValue": 2444515,
      "RelicSubValue": 515
    },
    {
      "AvatarId": 1105,
      "Level": 80,
      "Promotion": 6,
      "Rank": 6,
      "SkillTreePointList": [
        {
          "Id": 1105001,
          "Level": 6
        },
        {
          "Id": 1105002,
          "Level": 10
        },
        {
          "Id": 1105003,
          "Level": 10
        },
        {
          "Id": 1105004,
          "Level": 10
        },
        {
          "Id": 1105007,
          "Level": 1
        },
        {
          "Id": 1105101,
          "Level": 1
        },
        {
          "Id": 1105102,
          "Level": 1
        },
        {
          "Id": 1105103,
          "Level": 1
        },
        {
          "Id": 1105201,
          "Level": 1
        },
        {
          "Id": 1105202,
          "Level": 1
        },
        {
          "Id": 1105203,
          "Level": 1
        },
        {
          "Id": 1105204,
          "Level": 1
        },
        {
          "Id": 1105205,
          "Level": 1
        },
        {
          "Id": 1105206,
          "Level": 1
        },
        {
          "Id": 1105207,
          "Level": 1
        },
        {
          "Id": 1105208,
          "Level": 1
        },
        {
          "Id": 1105209,
          "Level": 1
        },
        {
          "Id": 1105210,
          "Level": 1
        }
      ],
      "EquipmentConfigList": [
        {
          "Id": 21000,
          "Level": 80,
          "Rank": 5
        }
      ],
      "RelicPropertyTypeList": [
        610115,
        630215
      ],
      "RelicMainValue": 1412515,
      "RelicSubValue": 515
    },
    {
      "AvatarId": 1202,
      "Level": 80,
      "Promotion": 6,
      "Rank": 6,
      "SkillTreePointList": [
        {
          "Id": 1202001,
          "Level": 6
        },
        {
          "Id": 1202002,
          "Level": 10
        },
        {
          "Id": 1202003,
          "Level": 10
        },
        {
          "Id": 1202004,
          "Level": 10
        },
        {
          "Id": 1202007,
          "Level": 1
        },
        {
          "Id": 1202101,
          "Level": 1
        },
        {
          "Id": 1202103,
          "Level": 1
        },
        {
          "Id": 1202201,
          "Level": 1
        },
        {
          "Id": 1202202,
          "Level": 1
        },
        {
          "Id": 1202203,
          "Level": 1
        },
        {
          "Id": 1202204,
          "Level": 1
        },
        {
          "Id": 1202205,
          "Level": 1
        },
        {
          "Id": 1202206,
          "Level": 1
        },
        {
          "Id": 1202207,
          "Level": 1
        },
        {
          "Id": 1202208,
          "Level": 1
        },
        {
          "Id": 1202209,
          "Level": 1
        },
        {
          "Id": 1202210,
          "Level": 1
        },
        {
          "Id": 1202102,
          "Level": 1
        }
      ],
      "EquipmentConfigList": [
        {
          "Id": 21011,
          "Level": 80,
          "Rank": 5
        }
      ],
      "RelicPropertyTypeList": [
        611415,
        630115
      ],
      "RelicMainValue": 1422515,
      "RelicSubValue": 515
    }
  ],
  "MazeBuffDataList": [],
  "BattleArea": {
    "PlaneId": 20001,
    "FloorId": 20001001,
    "GroupId": 2,
    "BattleAreaId": 1
  }
}