{
  "SaveFile": "CEQuickSave_CaiqiuCE-01",
  "Name": "CaiqiuCE-01",
  "StageID": 823,
  "SkillTreePreset": "None",
  "LineupConfigList": [
    {
      "AvatarId": 1102,
      "Level": 80,
      "Promotion": 6,
      "SkillTreePointList": [
        {
          "Id": 1102001,
          "Level": 6
        },
        {
          "Id": 1102002,
          "Level": 10
        },
        {
          "Id": 1102003,
          "Level": 10
        },
        {
          "Id": 1102004,
          "Level": 10
        },
        {
          "Id": 1102007,
          "Level": 1
        },
        {
          "Id": 1102101,
          "Level": 1
        },
        {
          "Id": 1102102,
          "Level": 1
        },
        {
          "Id": 1102103,
          "Level": 1
        },
        {
          "Id": 1102201,
          "Level": 1
        },
        {
          "Id": 1102202,
          "Level": 1
        },
        {
          "Id": 1102203,
          "Level": 1
        },
        {
          "Id": 1102204,
          "Level": 1
        },
        {
          "Id": 1102205,
          "Level": 1
        },
        {
          "Id": 1102206,
          "Level": 1
        },
        {
          "Id": 1102207,
          "Level": 1
        },
        {
          "Id": 1102208,
          "Level": 1
        },
        {
          "Id": 1102209,
          "Level": 1
        },
        {
          "Id": 1102210,
          "Level": 1
        }
      ],
      "EquipmentConfigList": [
        {
          "Id": 23001,
          "Level": 80,
          "Rank": 1
        }
      ],
      "RelicPropertyTypeList": [
        610815,
        630115
      ],
      "RelicMainValue": 4494515,
      "RelicSubValue": 515
    },
    {
      "AvatarId": 1202,
      "Level": 80,
      "Promotion": 6,
      "Rank": 6,
      "SkillTreePointList": [
        {
          "Id": 1202001,
          "Level": 6
        },
        {
          "Id": 1202002,
          "Level": 10
        },
        {
          "Id": 1202003,
          "Level": 10
        },
        {
          "Id": 1202004,
          "Level": 10
        },
        {
          "Id": 1202007,
          "Level": 1
        },
        {
          "Id": 1202101,
          "Level": 1
        },
        {
          "Id": 1202103,
          "Level": 1
        },
        {
          "Id": 1202201,
          "Level": 1
        },
        {
          "Id": 1202202,
          "Level": 1
        },
        {
          "Id": 1202203,
          "Level": 1
        },
        {
          "Id": 1202204,
          "Level": 1
        },
        {
          "Id": 1202205,
          "Level": 1
        },
        {
          "Id": 1202206,
          "Level": 1
        },
        {
          "Id": 1202207,
          "Level": 1
        },
        {
          "Id": 1202208,
          "Level": 1
        },
        {
          "Id": 1202209,
          "Level": 1
        },
        {
          "Id": 1202210,
          "Level": 1
        },
        {
          "Id": 1202102,
          "Level": 1
        }
      ],
      "EquipmentConfigList": [
        {
          "Id": 21011,
          "Level": 80,
          "Rank": 5
        }
      ],
      "RelicPropertyTypeList": [
        611415,
        630115
      ],
      "RelicMainValue": 1422515,
      "RelicSubValue": 515
    },
    {
      "AvatarId": 1106,
      "Level": 80,
      "Promotion": 6,
      "Rank": 6,
      "SkillTreePointList": [
        {
          "Id": 1106001,
          "Level": 6
        },
        {
          "Id": 1106002,
          "Level": 10
        },
        {
          "Id": 1106003,
          "Level": 10
        },
        {
          "Id": 1106004,
          "Level": 10
        },
        {
          "Id": 1106007,
          "Level": 1
        },
        {
          "Id": 1106101,
          "Level": 1
        },
        {
          "Id": 1106102,
          "Level": 1
        },
        {
          "Id": 1106103,
          "Level": 1
        },
        {
          "Id": 1106201,
          "Level": 1
        },
        {
          "Id": 1106202,
          "Level": 1
        },
        {
          "Id": 1106203,
          "Level": 1
        },
        {
          "Id": 1106204,
          "Level": 1
        },
        {
          "Id": 1106205,
          "Level": 1
        },
        {
          "Id": 1106206,
          "Level": 1
        },
        {
          "Id": 1106207,
          "Level": 1
        },
        {
          "Id": 1106208,
          "Level": 1
        },
        {
          "Id": 1106209,
          "Level": 1
        },
        {
          "Id": 1106210,
          "Level": 1
        }
      ],
      "EquipmentConfigList": [
        {
          "Id": 21001,
          "Level": 80,
          "Rank": 5
        }
      ],
      "RelicPropertyTypeList": [
        610415,
        630915
      ],
      "RelicMainValue": 4464515,
      "RelicSubValue": 515
    },
    {
      "AvatarId": 1203,
      "Level": 80,
      "Promotion": 6,
      "SkillTreePointList": [
        {
          "Id": 1203001,
          "Level": 6
        },
        {
          "Id": 1203002,
          "Level": 10
        },
        {
          "Id": 1203003,
          "Level": 10
        },
        {
          "Id": 1203004,
          "Level": 10
        },
        {
          "Id": 1203007,
          "Level": 1
        },
        {
          "Id": 1203101,
          "Level": 1
        },
        {
          "Id": 1203201,
          "Level": 1
        },
        {
          "Id": 1203202,
          "Level": 1
        },
        {
          "Id": 1203203,
          "Level": 1
        },
        {
          "Id": 1203204,
          "Level": 1
        },
        {
          "Id": 1203205,
          "Level": 1
        },
        {
          "Id": 1203206,
          "Level": 1
        },
        {
          "Id": 1203207,
          "Level": 1
        },
        {
          "Id": 1203208,
          "Level": 1
        },
        {
          "Id": 1203209,
          "Level": 1
        },
        {
          "Id": 1203210,
          "Level": 1
        },
        {
          "Id": 1203102,
          "Level": 1
        },
        {
          "Id": 1203103,
          "Level": 1
        }
      ],
      "EquipmentConfigList": [
        {
          "Id": 23008,
          "Level": 80,
          "Rank": 1
        }
      ],
      "RelicPropertyTypeList": [
        611415,
        630115
      ],
      "RelicMainValue": 6422515,
      "RelicSubValue": 515
    }
  ],
  "MazeBuffDataList": [],
  "BattleArea": {
    "PlaneId": 20002,
    "FloorId": 20002001,
    "GroupId": 1,
    "BattleAreaId": 1
  }
}