{
  "SaveFile": "CEQuickSave_UICE-Rogue-Chunhu",
  "Name": "UICE-Rogue-Chunhu",
  "StageID": 80149011,
  "SkillTreePreset": "MaxWithInLevel",
  "LineupConfigList": [
    {
      "AvatarId": 1001,
      "Level": 50,
      "Promotion": 3,
      "Rank": 1,
      "SkillTreePointList": [
        {
          "Id": 1001001,
          "Level": 2
        },
        {
          "Id": 1001002,
          "Level": 3
        },
        {
          "Id": 1001003,
          "Level": 3
        },
        {
          "Id": 1001004,
          "Level": 3
        },
        {
          "Id": 1001007,
          "Level": 1
        },
        {
          "Id": 1001101,
          "Level": 1
        },
        {
          "Id": 1001201,
          "Level": 1
        },
        {
          "Id": 1001202,
          "Level": 1
        }
      ],
      "EquipmentConfigList": [
        {
          "Id": 21002,
          "Level": 50,
          "Rank": 1
        }
      ],
      "RelicPropertyTypeList": [
        51060203,
        53049303
      ]
    },
    {
      "AvatarId": 1104,
      "Level": 50,
      "Promotion": 3,
      "SkillTreePointList": [
        {
          "Id": 1104001,
          "Level": 2
        },
        {
          "Id": 1104002,
          "Level": 3
        },
        {
          "Id": 1104003,
          "Level": 3
        },
        {
          "Id": 1104004,
          "Level": 3
        },
        {
          "Id": 1104007,
          "Level": 1
        },
        {
          "Id": 1104101,
          "Level": 1
        },
        {
          "Id": 1104201,
          "Level": 1
        },
        {
          "Id": 1104202,
          "Level": 1
        }
      ],
      "EquipmentConfigList": [
        {
          "Id": 21002,
          "Level": 50,
          "Rank": 1
        }
      ],
      "RelicPropertyTypeList": [
        51060203,
        53029303
      ]
    },
    {
      "AvatarId": 1105,
      "Level": 50,
      "Promotion": 3,
      "Rank": 1,
      "SkillTreePointList": [
        {
          "Id": 1105001,
          "Level": 2
        },
        {
          "Id": 1105002,
          "Level": 3
        },
        {
          "Id": 1105003,
          "Level": 3
        },
        {
          "Id": 1105004,
          "Level": 3
        },
        {
          "Id": 1105007,
          "Level": 1
        },
        {
          "Id": 1105101,
          "Level": 1
        },
        {
          "Id": 1105201,
          "Level": 1
        },
        {
          "Id": 1105202,
          "Level": 1
        }
      ],
      "EquipmentConfigList": [
        {
          "Id": 21000,
          "Level": 50,
          "Rank": 1
        }
      ],
      "RelicPropertyTypeList": [
        51010303,
        53029903
      ]
    },
    {
      "AvatarId": 1002,
      "Level": 50,
      "Promotion": 3,
      "Rank": 1,
      "SkillTreePointList": [
        {
          "Id": 1002001,
          "Level": 2
        },
        {
          "Id": 1002002,
          "Level": 3
        },
        {
          "Id": 1002003,
          "Level": 3
        },
        {
          "Id": 1002004,
          "Level": 3
        },
        {
          "Id": 1002007,
          "Level": 1
        },
        {
          "Id": 1002101,
          "Level": 1
        },
        {
          "Id": 1002201,
          "Level": 1
        },
        {
          "Id": 1002202,
          "Level": 1
        }
      ],
      "EquipmentConfigList": [
        {
          "Id": 21003,
          "Level": 50,
          "Rank": 1
        }
      ],
      "RelicPropertyTypeList": [
        51100103,
        53019403
      ]
    }
  ],
  "MazeBuffDataList": [
    {
      "OwnerCharacterIndex": 4,
      "ID": 612030,
      "Level": 1
    },
    {
      "OwnerCharacterIndex": 4,
      "ID": 612031,
      "Level": 1
    },
    {
      "OwnerCharacterIndex": 4,
      "ID": 612040,
      "Level": 1
    },
    {
      "OwnerCharacterIndex": 4,
      "ID": 612041,
      "Level": 1
    },
    {
      "OwnerCharacterIndex": 4,
      "ID": 612042,
      "Level": 1
    },
    {
      "OwnerCharacterIndex": 4,
      "ID": 612043,
      "Level": 1
    },
    {
      "OwnerCharacterIndex": 4,
      "ID": 612044,
      "Level": 1
    },
    {
      "OwnerCharacterIndex": 4,
      "ID": 612045,
      "Level": 1
    },
    {
      "OwnerCharacterIndex": 4,
      "ID": 612046,
      "Level": 1
    },
    {
      "OwnerCharacterIndex": 4,
      "ID": 612050,
      "Level": 1
    },
    {
      "OwnerCharacterIndex": 4,
      "ID": 612051,
      "Level": 1
    },
    {
      "OwnerCharacterIndex": 4,
      "ID": 612052,
      "Level": 1
    },
    {
      "OwnerCharacterIndex": 4,
      "ID": 612053,
      "Level": 1
    },
    {
      "OwnerCharacterIndex": 4,
      "ID": 612054,
      "Level": 1
    },
    {
      "OwnerCharacterIndex": 4,
      "ID": 612055,
      "Level": 1
    },
    {
      "OwnerCharacterIndex": 4,
      "ID": 612056,
      "Level": 1
    },
    {
      "OwnerCharacterIndex": 4,
      "ID": 612057,
      "Level": 1
    }
  ]
}