{
  "SaveFile": "CEQuickSave_ShaJinCE-4",
  "Name": "ShaJinCE-4",
  "StageID": 585,
  "SkillTreePreset": "W5_Standard_70-80",
  "LineupConfigList": [
    {
      "AvatarId": 9096,
      "Level": 79,
      "Promotion": 6,
      "SkillTreePointList": [
        {
          "Id": 9096001,
          "Level": 5
        },
        {
          "Id": 9096002,
          "Level": 8
        },
        {
          "Id": 9096003,
          "Level": 8
        },
        {
          "Id": 9096004,
          "Level": 8
        },
        {
          "Id": 9096007,
          "Level": 1
        },
        {
          "Id": 9096101,
          "Level": 1
        },
        {
          "Id": 9096102,
          "Level": 1
        },
        {
          "Id": 9096103,
          "Level": 1
        },
        {
          "Id": 9096201,
          "Level": 1
        },
        {
          "Id": 9096202,
          "Level": 1
        },
        {
          "Id": 9096203,
          "Level": 1
        },
        {
          "Id": 9096204,
          "Level": 1
        },
        {
          "Id": 9096205,
          "Level": 1
        },
        {
          "Id": 9096206,
          "Level": 1
        },
        {
          "Id": 9096207,
          "Level": 1
        },
        {
          "Id": 9096208,
          "Level": 1
        }
      ],
      "EquipmentConfigList": [
        {
          "Id": 21002,
          "Level": 79,
          "Rank": 3
        }
      ],
      "RelicPropertyTypeList": [
        61030212,
        63049712
      ]
    },
    {
      "AvatarId": 1209,
      "Level": 79,
      "Promotion": 6,
      "SkillTreePointList": [
        {
          "Id": 1209001,
          "Level": 5
        },
        {
          "Id": 1209002,
          "Level": 8
        },
        {
          "Id": 1209003,
          "Level": 8
        },
        {
          "Id": 1209004,
          "Level": 8
        },
        {
          "Id": 1209007,
          "Level": 1
        },
        {
          "Id": 1209101,
          "Level": 1
        },
        {
          "Id": 1209102,
          "Level": 1
        },
        {
          "Id": 1209103,
          "Level": 1
        },
        {
          "Id": 1209201,
          "Level": 1
        },
        {
          "Id": 1209202,
          "Level": 1
        },
        {
          "Id": 1209203,
          "Level": 1
        },
        {
          "Id": 1209204,
          "Level": 1
        },
        {
          "Id": 1209205,
          "Level": 1
        },
        {
          "Id": 1209206,
          "Level": 1
        },
        {
          "Id": 1209207,
          "Level": 1
        },
        {
          "Id": 1209208,
          "Level": 1
        }
      ],
      "EquipmentConfigList": [
        {
          "Id": 21003,
          "Level": 79,
          "Rank": 3
        }
      ],
      "RelicPropertyTypeList": [
        61040112,
        63019312
      ]
    },
    {
      "AvatarId": 8001,
      "Level": 79,
      "Promotion": 6,
      "Rank": 4,
      "SkillTreePointList": [
        {
          "Id": 8001001,
          "Level": 5
        },
        {
          "Id": 8001002,
          "Level": 8
        },
        {
          "Id": 8001003,
          "Level": 8
        },
        {
          "Id": 8001004,
          "Level": 8
        },
        {
          "Id": 8001007,
          "Level": 1
        },
        {
          "Id": 8001101,
          "Level": 1
        },
        {
          "Id": 8001102,
          "Level": 1
        },
        {
          "Id": 8001103,
          "Level": 1
        },
        {
          "Id": 8001201,
          "Level": 1
        },
        {
          "Id": 8001202,
          "Level": 1
        },
        {
          "Id": 8001203,
          "Level": 1
        },
        {
          "Id": 8001204,
          "Level": 1
        },
        {
          "Id": 8001205,
          "Level": 1
        },
        {
          "Id": 8001206,
          "Level": 1
        },
        {
          "Id": 8001207,
          "Level": 1
        },
        {
          "Id": 8001208,
          "Level": 1
        }
      ],
      "EquipmentConfigList": [
        {
          "Id": 21005,
          "Level": 79,
          "Rank": 3
        }
      ],
      "RelicPropertyTypeList": [
        61050112,
        63059112
      ]
    },
    {
      "AvatarId": 1202,
      "Level": 79,
      "Promotion": 6,
      "Rank": 4,
      "SkillTreePointList": [
        {
          "Id": 1202001,
          "Level": 5
        },
        {
          "Id": 1202002,
          "Level": 8
        },
        {
          "Id": 1202003,
          "Level": 8
        },
        {
          "Id": 1202004,
          "Level": 8
        },
        {
          "Id": 1202007,
          "Level": 1
        },
        {
          "Id": 1202101,
          "Level": 1
        },
        {
          "Id": 1202103,
          "Level": 1
        },
        {
          "Id": 1202201,
          "Level": 1
        },
        {
          "Id": 1202202,
          "Level": 1
        },
        {
          "Id": 1202203,
          "Level": 1
        },
        {
          "Id": 1202204,
          "Level": 1
        },
        {
          "Id": 1202205,
          "Level": 1
        },
        {
          "Id": 1202206,
          "Level": 1
        },
        {
          "Id": 1202207,
          "Level": 1
        },
        {
          "Id": 1202208,
          "Level": 1
        },
        {
          "Id": 1202102,
          "Level": 1
        }
      ],
      "EquipmentConfigList": [
        {
          "Id": 21011,
          "Level": 79,
          "Rank": 3
        }
      ],
      "RelicPropertyTypeList": [
        61020712,
        63079912
      ]
    }
  ],
  "MazeBuffDataList": []
}