{
  "SaveFile": "CEQuickSave_XDT_4",
  "Name": "XDT_4",
  "StageID": 900086,
  "SkillTreePreset": "None",
  "LineupConfigList": [
    {
      "AvatarId": 1103,
      "Level": 15,
      "Promotion": 0,
      "EquipmentConfigList": [
        {
          "Id": 20006,
          "Level": 20,
          "Rank": 1
        }
      ],
      "RelicPropertyTypeList": [
        310900
      ],
      "RelicMainValue": 4474200,
      "RelicSubValue": 200
    },
    {
      "AvatarId": 1109,
      "Level": 15,
      "Promotion": 0,
      "EquipmentConfigList": [
        {
          "Id": 20002,
          "Level": 20,
          "Rank": 1
        }
      ],
      "RelicPropertyTypeList": [
        310700
      ],
      "RelicMainValue": 4454200,
      "RelicSubValue": 200
    },
    {
      "AvatarId": 1202,
      "Level": 15,
      "Promotion": 0,
      "EquipmentConfigList": [
        {
          "Id": 20005,
          "Level": 20,
          "Rank": 1
        }
      ],
      "RelicPropertyTypeList": [
        311400
      ],
      "RelicMainValue": 1422200,
      "RelicSubValue": 200
    },
    {
      "AvatarId": 1105,
      "Level": 15,
      "Promotion": 0,
      "EquipmentConfigList": [
        {
          "Id": 20001,
          "Level": 20,
          "Rank": 1
        }
      ],
      "RelicPropertyTypeList": [
        310100
      ],
      "RelicMainValue": 1412200,
      "RelicSubValue": 200
    }
  ],
  "MazeBuffDataList": [],
  "BattleArea": {
    "PlaneId": 20121,
    "FloorId": 20121001,
    "GroupId": 2,
    "BattleAreaId": 1
  }
}