{
  "SaveFile": "CEQuickSave_Lv5CQ-2",
  "Name": "Lv5CQ-2",
  "StageID": 589,
  "SkillTreePreset": "None",
  "LineupConfigList": [
    {
      "AvatarId": 1209,
      "Level": 80,
      "Promotion": 6,
      "Rank": 1,
      "SkillTreePointList": [
        {
          "Id": 1209001,
          "Level": 6
        },
        {
          "Id": 1209002,
          "Level": 10
        },
        {
          "Id": 1209003,
          "Level": 10
        },
        {
          "Id": 1209004,
          "Level": 10
        },
        {
          "Id": 1209007,
          "Level": 1
        },
        {
          "Id": 1209101,
          "Level": 1
        },
        {
          "Id": 1209102,
          "Level": 1
        },
        {
          "Id": 1209103,
          "Level": 1
        },
        {
          "Id": 1209201,
          "Level": 1
        },
        {
          "Id": 1209202,
          "Level": 1
        },
        {
          "Id": 1209203,
          "Level": 1
        },
        {
          "Id": 1209204,
          "Level": 1
        },
        {
          "Id": 1209205,
          "Level": 1
        },
        {
          "Id": 1209206,
          "Level": 1
        },
        {
          "Id": 1209207,
          "Level": 1
        },
        {
          "Id": 1209208,
          "Level": 1
        },
        {
          "Id": 1209209,
          "Level": 1
        },
        {
          "Id": 1209210,
          "Level": 1
        }
      ],
      "EquipmentConfigList": [
        {
          "Id": 23001,
          "Level": 80,
          "Rank": 1
        }
      ],
      "RelicPropertyTypeList": [
        610415,
        630115
      ],
      "RelicMainValue": 5464515,
      "RelicSubValue": 515
    },
    {
      "AvatarId": 1003,
      "Level": 80,
      "Promotion": 6,
      "Rank": 1,
      "SkillTreePointList": [
        {
          "Id": 1003001,
          "Level": 6
        },
        {
          "Id": 1003002,
          "Level": 10
        },
        {
          "Id": 1003003,
          "Level": 10
        },
        {
          "Id": 1003004,
          "Level": 10
        },
        {
          "Id": 1003007,
          "Level": 1
        },
        {
          "Id": 1003101,
          "Level": 1
        },
        {
          "Id": 1003102,
          "Level": 1
        },
        {
          "Id": 1003103,
          "Level": 1
        },
        {
          "Id": 1003201,
          "Level": 1
        },
        {
          "Id": 1003202,
          "Level": 1
        },
        {
          "Id": 1003203,
          "Level": 1
        },
        {
          "Id": 1003204,
          "Level": 1
        },
        {
          "Id": 1003205,
          "Level": 1
        },
        {
          "Id": 1003206,
          "Level": 1
        },
        {
          "Id": 1003207,
          "Level": 1
        },
        {
          "Id": 1003208,
          "Level": 1
        },
        {
          "Id": 1003209,
          "Level": 1
        },
        {
          "Id": 1003210,
          "Level": 1
        }
      ],
      "EquipmentConfigList": [
        {
          "Id": 23000,
          "Level": 80,
          "Rank": 1
        }
      ],
      "RelicPropertyTypeList": [
        610715,
        630615
      ],
      "RelicMainValue": 4454515,
      "RelicSubValue": 515
    },
    {
      "AvatarId": 1303,
      "Level": 80,
      "Promotion": 6,
      "SkillTreePointList": [
        {
          "Id": 1303001,
          "Level": 6
        },
        {
          "Id": 1303002,
          "Level": 10
        },
        {
          "Id": 1303003,
          "Level": 10
        },
        {
          "Id": 1303004,
          "Level": 10
        },
        {
          "Id": 1303007,
          "Level": 1
        },
        {
          "Id": 1303101,
          "Level": 1
        },
        {
          "Id": 1303102,
          "Level": 1
        },
        {
          "Id": 1303103,
          "Level": 1
        },
        {
          "Id": 1303201,
          "Level": 1
        },
        {
          "Id": 1303202,
          "Level": 1
        },
        {
          "Id": 1303203,
          "Level": 1
        },
        {
          "Id": 1303204,
          "Level": 1
        },
        {
          "Id": 1303205,
          "Level": 1
        },
        {
          "Id": 1303206,
          "Level": 1
        },
        {
          "Id": 1303207,
          "Level": 1
        },
        {
          "Id": 1303208,
          "Level": 1
        },
        {
          "Id": 1303209,
          "Level": 1
        },
        {
          "Id": 1303210,
          "Level": 1
        }
      ],
      "EquipmentConfigList": [
        {
          "Id": 23019,
          "Level": 80,
          "Rank": 1
        }
      ],
      "RelicPropertyTypeList": [
        611415,
        630115
      ],
      "RelicMainValue": 4464515,
      "RelicSubValue": 515
    },
    {
      "AvatarId": 1203,
      "Level": 80,
      "Promotion": 6,
      "SkillTreePointList": [
        {
          "Id": 1203001,
          "Level": 6
        },
        {
          "Id": 1203002,
          "Level": 10
        },
        {
          "Id": 1203003,
          "Level": 10
        },
        {
          "Id": 1203004,
          "Level": 10
        },
        {
          "Id": 1203007,
          "Level": 1
        },
        {
          "Id": 1203101,
          "Level": 1
        },
        {
          "Id": 1203201,
          "Level": 1
        },
        {
          "Id": 1203202,
          "Level": 1
        },
        {
          "Id": 1203203,
          "Level": 1
        },
        {
          "Id": 1203204,
          "Level": 1
        },
        {
          "Id": 1203205,
          "Level": 1
        },
        {
          "Id": 1203206,
          "Level": 1
        },
        {
          "Id": 1203207,
          "Level": 1
        },
        {
          "Id": 1203208,
          "Level": 1
        },
        {
          "Id": 1203209,
          "Level": 1
        },
        {
          "Id": 1203210,
          "Level": 1
        },
        {
          "Id": 1203102,
          "Level": 1
        },
        {
          "Id": 1203103,
          "Level": 1
        }
      ],
      "EquipmentConfigList": [
        {
          "Id": 23008,
          "Level": 80,
          "Rank": 1
        }
      ],
      "RelicPropertyTypeList": [
        611415,
        630115
      ],
      "RelicMainValue": 6422515,
      "RelicSubValue": 515
    }
  ],
  "MazeBuffDataList": [],
  "BattleArea": {
    "PlaneId": 20001,
    "FloorId": 20001001,
    "GroupId": 2,
    "BattleAreaId": 1
  }
}