{
  "SaveFile": "CEQuickSave_coin01",
  "Name": "coin01",
  "StageID": 2079,
  "SkillTreePreset": "None",
  "LineupConfigList": [
    {
      "AvatarId": 1102,
      "Level": 40,
      "Promotion": 2,
      "SkillTreePointList": [
        {
          "Id": 1102001,
          "Level": 2
        },
        {
          "Id": 1102002,
          "Level": 2
        },
        {
          "Id": 1102003,
          "Level": 2
        },
        {
          "Id": 1102004,
          "Level": 2
        },
        {
          "Id": 1102007,
          "Level": 1
        },
        {
          "Id": 1102101,
          "Level": 1
        },
        {
          "Id": 1102201,
          "Level": 1
        }
      ],
      "EquipmentConfigList": [
        {
          "Id": 21003,
          "Level": 40,
          "Rank": 1
        }
      ],
      "RelicPropertyTypeList": [
        41080103
      ]
    },
    {
      "AvatarId": 1206,
      "Level": 40,
      "Promotion": 2,
      "SkillTreePointList": [
        {
          "Id": 1206001,
          "Level": 2
        },
        {
          "Id": 1206002,
          "Level": 2
        },
        {
          "Id": 1206003,
          "Level": 2
        },
        {
          "Id": 1206004,
          "Level": 2
        },
        {
          "Id": 1206007,
          "Level": 1
        },
        {
          "Id": 1206101,
          "Level": 1
        },
        {
          "Id": 1206201,
          "Level": 1
        }
      ],
      "EquipmentConfigList": [
        {
          "Id": 21010,
          "Level": 40,
          "Rank": 1
        }
      ],
      "RelicPropertyTypeList": [
        41110103
      ]
    },
    {
      "AvatarId": 1202,
      "Level": 40,
      "Promotion": 2,
      "SkillTreePointList": [
        {
          "Id": 1202001,
          "Level": 2
        },
        {
          "Id": 1202002,
          "Level": 2
        },
        {
          "Id": 1202003,
          "Level": 2
        },
        {
          "Id": 1202004,
          "Level": 2
        },
        {
          "Id": 1202007,
          "Level": 1
        },
        {
          "Id": 1202101,
          "Level": 1
        },
        {
          "Id": 1202201,
          "Level": 1
        }
      ],
      "EquipmentConfigList": [
        {
          "Id": 21011,
          "Level": 40,
          "Rank": 1
        }
      ],
      "RelicPropertyTypeList": [
        41020703
      ]
    },
    {
      "AvatarId": 1105,
      "Level": 40,
      "Promotion": 2,
      "SkillTreePointList": [
        {
          "Id": 1105001,
          "Level": 2
        },
        {
          "Id": 1105002,
          "Level": 2
        },
        {
          "Id": 1105003,
          "Level": 2
        },
        {
          "Id": 1105004,
          "Level": 2
        },
        {
          "Id": 1105007,
          "Level": 1
        },
        {
          "Id": 1105101,
          "Level": 1
        },
        {
          "Id": 1105201,
          "Level": 1
        }
      ],
      "EquipmentConfigList": [
        {
          "Id": 21000,
          "Level": 40,
          "Rank": 1
        }
      ],
      "RelicPropertyTypeList": [
        41010303
      ]
    }
  ],
  "MazeBuffDataList": []
}