{
  "GroupGUID": "56ea2b73-88f0-44e0-89ea-53c1920ce719",
  "GroupName": "Activity_SilverWolf04",
  "AreaAnchorName": "LevelArea_P10001_F10001001_G72",
  "SaveType": "Reset",
  "LoadCondition": {
    "Conditions": [
      {
        "ID": 8000134
      }
    ]
  },
  "UnloadCondition": {
    "Conditions": [
      {
        "Phase": "Finish",
        "ID": 8000134
      }
    ]
  },
  "ConflictIDList": [],
  "AnchorList": [],
  "MonsterList": [],
  "PropList": [
    {
      "ID": 300001,
      "PosX": -23.478,
      "PosY": 4.2533,
      "PosZ": -37.559,
      "Name": "Prop1",
      "PropID": 121,
      "IsOverrideInitLevelGraph": true,
      "Trigger": {
        "Radius": 2.59,
        "DimX": 1.0,
        "DimY": 1.0,
        "DimZ": 1.0,
        "PointList": []
      },
      "CampID": 4,
      "MapLayerID": 1,
      "CustomTriggerMap": {},
      "BridgeStateRotations": [],
      "DialogueGroups": [],
      "TalkDialogGroupIDList": [],
      "ServerInteractVerificationIDList": [],
      "Dialog": {
        "LevelGraph": "Config/Level/PropDialogue/P20001/F20001001_G102/DialogueMain_F20001001_G102_P300002.json",
        "PackList": []
      },
      "InteractIconType": "CheckIcon",
      "InteractTitle": {
        "Hash": 157286622
      }
    },
    {
      "ID": 300002,
      "PosX": -12.384,
      "PosY": 6.007999,
      "PosZ": -62.939,
      "Name": "Prop2",
      "PropID": 121,
      "IsOverrideInitLevelGraph": true,
      "Trigger": {
        "Radius": 2.59,
        "DimX": 1.0,
        "DimY": 1.0,
        "DimZ": 1.0,
        "PointList": []
      },
      "CampID": 4,
      "MapLayerID": 1,
      "CustomTriggerMap": {},
      "BridgeStateRotations": [],
      "DialogueGroups": [],
      "TalkDialogGroupIDList": [],
      "ServerInteractVerificationIDList": [],
      "Dialog": {
        "LevelGraph": "Config/Level/PropDialogue/P20001/F20001001_G102/DialogueMain_F20001001_G102_P300002.json",
        "PackList": []
      },
      "InteractIconType": "CheckIcon",
      "InteractTitle": {
        "Hash": 157286622
      }
    },
    {
      "ID": 300003,
      "PosX": 23.436,
      "PosY": 4.2533,
      "PosZ": -37.535,
      "Name": "Prop3",
      "PropID": 121,
      "IsOverrideInitLevelGraph": true,
      "Trigger": {
        "Radius": 2.59,
        "DimX": 1.0,
        "DimY": 1.0,
        "DimZ": 1.0,
        "PointList": []
      },
      "CampID": 4,
      "MapLayerID": 1,
      "CustomTriggerMap": {},
      "BridgeStateRotations": [],
      "DialogueGroups": [],
      "TalkDialogGroupIDList": [],
      "ServerInteractVerificationIDList": [],
      "Dialog": {
        "LevelGraph": "Config/Level/PropDialogue/P20001/F20001001_G102/DialogueMain_F20001001_G102_P300002.json",
        "PackList": []
      },
      "InteractIconType": "CheckIcon",
      "InteractTitle": {
        "Hash": 157286622
      }
    },
    {
      "ID": 300004,
      "PosX": 26.683,
      "PosY": 4.2533,
      "PosZ": -34.366,
      "Name": "Prop4",
      "PropID": 121,
      "IsOverrideInitLevelGraph": true,
      "Trigger": {
        "Radius": 2.59,
        "DimX": 1.0,
        "DimY": 1.0,
        "DimZ": 1.0,
        "PointList": []
      },
      "CampID": 4,
      "MapLayerID": 1,
      "CustomTriggerMap": {},
      "BridgeStateRotations": [],
      "DialogueGroups": [],
      "TalkDialogGroupIDList": [],
      "ServerInteractVerificationIDList": [],
      "Dialog": {
        "LevelGraph": "Config/Level/PropDialogue/P20001/F20001001_G102/DialogueMain_F20001001_G102_P300002.json",
        "PackList": []
      },
      "InteractIconType": "CheckIcon",
      "InteractTitle": {
        "Hash": 157286622
      }
    },
    {
      "ID": 300005,
      "PosX": 12.229,
      "PosY": 6.09,
      "PosZ": -63.032,
      "Name": "Prop5",
      "PropID": 121,
      "IsOverrideInitLevelGraph": true,
      "Trigger": {
        "Radius": 2.59,
        "DimX": 1.0,
        "DimY": 1.0,
        "DimZ": 1.0,
        "PointList": []
      },
      "CampID": 4,
      "MapLayerID": 1,
      "CustomTriggerMap": {},
      "BridgeStateRotations": [],
      "DialogueGroups": [],
      "TalkDialogGroupIDList": [],
      "ServerInteractVerificationIDList": [],
      "Dialog": {
        "LevelGraph": "Config/Level/PropDialogue/P20001/F20001001_G102/DialogueMain_F20001001_G102_P300002.json",
        "PackList": []
      },
      "InteractIconType": "CheckIcon",
      "InteractTitle": {
        "Hash": 157286622
      }
    },
    {
      "ID": 300006,
      "PosX": -26.597,
      "PosY": 4.2533,
      "PosZ": -34.498,
      "Name": "Prop6",
      "PropID": 121,
      "IsOverrideInitLevelGraph": true,
      "Trigger": {
        "Radius": 2.59,
        "DimX": 1.0,
        "DimY": 1.0,
        "DimZ": 1.0,
        "PointList": []
      },
      "CampID": 4,
      "MapLayerID": 1,
      "CustomTriggerMap": {},
      "BridgeStateRotations": [],
      "DialogueGroups": [],
      "TalkDialogGroupIDList": [],
      "ServerInteractVerificationIDList": [],
      "Dialog": {
        "LevelGraph": "Config/Level/PropDialogue/P20001/F20001001_G102/DialogueMain_F20001001_G102_P300002.json",
        "PackList": []
      },
      "InteractIconType": "CheckIcon",
      "InteractTitle": {
        "Hash": 157286622
      }
    }
  ],
  "NPCList": []
}