{
  "GroupGUID": "92ed55a4-3f38-468b-b011-f327b6f512b7",
  "GroupName": "NPC_FinishMain",
  "AreaAnchorName": "LevelArea_P10001_F10001001_G28",
  "SaveType": "Reset",
  "LoadCondition": {
    "Conditions": [
      {
        "Phase": "Finish",
        "ID": 1000401
      }
    ]
  },
  "ConflictIDList": [],
  "AnchorList": [],
  "MonsterList": [],
  "PropList": [],
  "NPCList": [
    {
      "ID": 400001,
      "PosX": 9.31,
      "PosY": -0.893603,
      "PosZ": 21.92,
      "Name": "NPC1",
      "RotY": 68.58533,
      "NPCID": 10203,
      "DialogueGroups": [
        500000502,
        500000503,
        404001403
      ],
      "ServerInteractVerificationIDList": [],
      "DefaultIdleStateName": "HoldArm01Loop",
      "DefaultLookAtMode": "Closed",
      "MapLayerID": 1,
      "BoardShowList": [
        1,
        4,
        8,
        64
      ],
      "FirstDialogueGroupID": 500000501,
      "TalkDialogGroupIDList": [
        500000500
      ],
      "DefaultIdleFreeStyleMotionID": 100020231,
      "InitialHiddenNodeList": [],
      "Dialog": {
        "LevelGraph": "Config/Level/NPCDialogue/P10001/F10001001_G28/DialogueMain_F10001001_G28_N400001.json",
        "PackList": [
          {
            "Name": "4050032",
            "LevelGraph": "Config/Level/NPCDialogue/P10001/F10001001_G28/DialoguePack_4050031_F10001001_G28_N400001.json"
          },
          {
            "Name": "Transferred",
            "LevelGraph": "Config/Level/NPCDialogue/P10001/F10001001_G28/DialoguePack_Transferred_F10001001_G28_N400001.json"
          }
        ]
      },
      "ConnectWithSubMissionIDList": [
        405003202,
        404001403
      ]
    },
    {
      "ID": 400002,
      "PosX": -9.52,
      "PosY": -0.8936,
      "PosZ": 24.22,
      "Name": "NPC2",
      "RotY": 115.5845,
      "NPCID": 10105,
      "DialogueGroups": [
        500001102,
        500001103
      ],
      "ServerInteractVerificationIDList": [],
      "DefaultIdleStateName": "Sell01Loop",
      "DefaultLookAtMode": "Closed",
      "MapLayerID": 1,
      "BoardShowList": [
        1,
        4,
        8,
        64
      ],
      "FirstDialogueGroupID": 500001101,
      "TalkDialogGroupIDList": [
        500001100
      ],
      "DefaultIdleFreeStyleMotionID": 100010294,
      "InitialHiddenNodeList": [],
      "Dialog": {
        "LevelGraph": "Config/Level/NPCDialogue/P10001/F10001001_G28/DialogueMain_F10001001_G28_N400002.json",
        "PackList": [
          {
            "Name": "Transferred",
            "LevelGraph": "Config/Level/NPCDialogue/P10001/F10001001_G28/DialoguePack_Transferred_F10001001_G28_N400002.json"
          }
        ]
      }
    }
  ]
}