{
  "GroupGUID": "9c907f87-5067-47e2-8bbf-8e74dd364d20",
  "GroupName": "NPC",
  "AreaAnchorName": "LevelArea_P10001_F10001001_G4",
  "SaveType": "Reset",
  "LoadOnInitial": true,
  "ConflictIDList": [],
  "AnchorList": [
    {
      "ID": 1,
      "PosX": 2.25,
      "PosY": 0.175017,
      "PosZ": -5.86,
      "Name": "Anchor1",
      "RotY": -9.1E-5,
      "MapLayerID": 1
    },
    {
      "ID": 2,
      "PosX": -1.139,
      "PosY": 0.474,
      "PosZ": -1.025,
      "Name": "Anchor2",
      "MapLayerID": 1
    }
  ],
  "MonsterList": [],
  "PropList": [],
  "NPCList": [
    {
      "ID": 400001,
      "PosX": -0.09,
      "PosY": 0.40598,
      "PosZ": 0.58,
      "Name": "NPC1",
      "RotY": 5.159172,
      "NPCID": 1009,
      "DialogueGroups": [
        100030114,
        100050103,
        200010801,
        200010823,
        200030101,
        200030108,
        200030405,
        200010824,
        200020113,
        800010402,
        200021102,
        200021113,
        202030302,
        202030304,
        202030305,
        202030323,
        202030325,
        202030326,
        202030348,
        202030350,
        202030358
      ],
      "ServerInteractVerificationIDList": [],
      "MapLayerID": 1,
      "BoardShowList": [
        4
      ],
      "TalkDialogGroupIDList": [
        500002200
      ],
      "DefaultIdleFreeStyleMotionID": 310090000,
      "InitialHiddenNodeList": [],
      "Dialog": {
        "LevelGraph": "Config/Level/NPCDialogue/P10001/F10001001_G4/DialogueMain_F10001001_G4_N400001.json",
        "PackList": [
          {
            "Name": "2000108",
            "LevelGraph": "Config/Level/NPCDialogue/P10001/F10001001_G4/DialoguePack_2000108_F10001001_G4_N400001.json"
          },
          {
            "Name": "2000301",
            "LevelGraph": "Config/Level/NPCDialogue/P10001/F10001001_G4/DialoguePack_2000301_F10001001_G4_N400001.json"
          },
          {
            "Name": "8000104",
            "LevelGraph": "Config/Level/NPCDialogue/P10001/F10001001_G4/DialoguePack_8000104_F10001001_G4_N400001.json"
          },
          {
            "Name": "2000211",
            "LevelGraph": "Config/Level/NPCDialogue/P10001/F10001001_G4/DialoguePack_2000211_F10001001_G4_N400001.json"
          },
          {
            "Name": "2011501",
            "LevelGraph": "Config/Level/NPCDialogue/P10001/F10001001_G4/DialoguePack_2011501_F10001001_G4_N400001.json"
          },
          {
            "Name": "5000022",
            "LevelGraph": "Config/Level/NPCDialogue/P10001/F10001001_G4/DialoguePack_5000022_F10001001_G4_N400001.json"
          },
          {
            "Name": "2020303",
            "LevelGraph": "Config/Level/NPCDialogue/P10001/F10001001_G4/DialoguePack_2020303_F10001001_G4_N400001.json"
          },
          {
            "Name": "4050028",
            "LevelGraph": "Config/Level/NPCDialogue/P10001/F10001001_G4/DialoguePack_4050028_F10001001_G4_N400001.json"
          },
          {
            "Name": "Common",
            "LevelGraph": "Config/Level/NPCDialogue/P10001/F10001001_G4/DialoguePack_Common_F10001001_G4_N400001.json"
          }
        ]
      },
      "ConnectWithSubMissionIDList": [
        200010801,
        200030101,
        200030108,
        200030405,
        800010402,
        200021102,
        200021113,
        201150112,
        200030501,
        200031303,
        202030302,
        202030323,
        202030325,
        202030326,
        202030348,
        202030350,
        202030362,
        405002802
      ],
      "SpawnConfig": {
        "EntitySpawnConfig": {},
        "CaptureDistanceTolerance": 10.0
      }
    }
  ]
}