{
  "GroupGUID": "2f5f6dc4-e618-4888-96ef-29730ebb32e0",
  "GroupName": "Activity_SilverWolf06",
  "AreaAnchorName": "LevelArea_P10001_F10001001_G74",
  "SaveType": "Reset",
  "LoadCondition": {
    "Conditions": [
      {
        "ID": 8000136
      }
    ]
  },
  "UnloadCondition": {
    "Conditions": [
      {
        "Phase": "Finish",
        "ID": 8000136
      }
    ]
  },
  "ConflictIDList": [],
  "AnchorList": [],
  "MonsterList": [],
  "PropList": [
    {
      "ID": 300001,
      "PosY": 1.229,
      "PosZ": 46.986,
      "Name": "Prop1",
      "RotY": 77.40633,
      "PropID": 121,
      "IsOverrideInitLevelGraph": true,
      "Trigger": {
        "Radius": 2.59,
        "DimX": 1.0,
        "DimY": 1.0,
        "DimZ": 1.0,
        "PointList": []
      },
      "CampID": 4,
      "MapLayerID": 1,
      "CustomTriggerMap": {},
      "BridgeStateRotations": [],
      "DialogueGroups": [],
      "TalkDialogGroupIDList": [],
      "ServerInteractVerificationIDList": [],
      "Dialog": {
        "LevelGraph": "Config/Level/PropDialogue/P20001/F20001001_G102/DialogueMain_F20001001_G102_P300002.json",
        "PackList": []
      },
      "InteractIconType": "CheckIcon",
      "InteractTitle": {
        "Hash": 157286622
      }
    },
    {
      "ID": 300002,
      "PosX": -8.854,
      "PosY": 0.074,
      "PosZ": 4.865,
      "IsDelete": true,
      "Name": "Prop2",
      "RotY": 77.40633,
      "PropID": 121,
      "IsOverrideInitLevelGraph": true,
      "Trigger": {
        "Radius": 2.59,
        "DimX": 1.0,
        "DimY": 1.0,
        "DimZ": 1.0,
        "PointList": []
      },
      "CampID": 4,
      "MapLayerID": 1,
      "OverrideHintRange": 10.0,
      "CustomTriggerMap": {},
      "BridgeStateRotations": [],
      "DialogueGroups": [],
      "TalkDialogGroupIDList": [],
      "ServerInteractVerificationIDList": [],
      "Dialog": {
        "LevelGraph": "Config/Level/PropDialogue/P20001/F20001001_G102/DialogueMain_F20001001_G102_P300002.json",
        "PackList": []
      },
      "InteractIconType": "CheckIcon",
      "InteractTitle": {
        "Hash": 157286622
      }
    }
  ],
  "NPCList": []
}