{
  "GroupGUID": "592d4e79-efa4-4be2-b3fd-fd298c65e6cd",
  "GroupName": "MainMission2020303_",
  "Category": "Mission",
  "AreaAnchorName": "LevelArea_P10001_F10001001_G55",
  "SaveType": "Reset",
  "LoadCondition": {
    "Conditions": [
      {
        "Type": "SubMission",
        "ID": 202030332
      },
      {
        "Type": "SubMission",
        "ID": 202030347
      }
    ],
    "Operation": "Or"
  },
  "UnloadCondition": {
    "Conditions": [
      {
        "Type": "SubMission",
        "Phase": "Finish",
        "ID": 202030349
      }
    ]
  },
  "OwnerMainMissionID": 2020303,
  "ConflictIDList": [],
  "AnchorList": [],
  "MonsterList": [],
  "PropList": [
    {
      "ID": 300001,
      "PosX": -0.47,
      "PosY": 1.342,
      "PosZ": 0.854,
      "Name": "Prop1",
      "PropID": 100,
      "IsOverrideInitLevelGraph": true,
      "Trigger": {
        "Radius": 2.0,
        "DimX": 1.0,
        "DimY": 1.0,
        "DimZ": 1.0,
        "PointList": []
      },
      "CampID": 4,
      "MapLayerID": 1,
      "CustomTriggerMap": {},
      "BridgeStateRotations": [],
      "DialogueGroups": [
        202030332,
        202030347
      ],
      "TalkDialogGroupIDList": [],
      "ServerInteractVerificationIDList": []
    }
  ],
  "NPCList": [
    {
      "ID": 400001,
      "PosX": -0.8,
      "PosY": 0.456065,
      "PosZ": 1.4,
      "Name": "NPC1",
      "RotY": 136.9608,
      "NPCID": 10113,
      "DialogueGroups": [],
      "ServerInteractVerificationIDList": [],
      "DefaultLookAtMode": "Closed",
      "MapLayerID": 1,
      "BoardShowList": [
        1,
        64
      ],
      "OverrideNPCName": {
        "Hash": 170316962
      },
      "OverrideNPCTitle": {
        "Hash": -32583733
      },
      "TalkDialogGroupIDList": [],
      "DefaultIdleFreeStyleMotionID": 100010000,
      "OverrideSeriesID": 1011301,
      "InitialHiddenNodeList": []
    }
  ]
}