{
  "GroupGUID": "39d38610-657a-45d9-a2f5-efcebc1932e2",
  "GroupName": "SubStar",
  "AreaAnchorName": "LevelArea_P10001_F10001001_G18",
  "LoadCondition": {
    "Conditions": [
      {
        "ID": 2000110
      },
      {
        "ID": 2000111
      }
    ],
    "Operation": "Or"
  },
  "UnloadCondition": {
    "Conditions": [
      {
        "Phase": "Finish",
        "ID": 2000111
      }
    ]
  },
  "AnchorList": [],
  "MonsterList": [],
  "PropList": [],
  "NPCList": [
    {
      "ID": 400002,
      "PosX": -44.95961,
      "PosY": 4.057872,
      "PosZ": -50.33654,
      "Name": "NPC2",
      "RotY": 262.1821,
      "NPCID": 10403,
      "DialogueGroups": [
        500001802,
        500001803
      ],
      "ServerInteractVerificationIDList": [],
      "DefaultLookAtMode": "Closed",
      "DefaultLookAtTargetInfo": {},
      "MapLayerID": 1,
      "BoardShowList": [
        1,
        4,
        8,
        64
      ],
      "FirstDialogueGroupID": 500001801,
      "TalkDialogGroupIDList": [
        500001800
      ],
      "DefaultIdleFreeStyleMotionID": 100030000,
      "Dialog": {
        "LevelGraph": "Config/Level/NPCDialogue/P10001/F10001001_G18/DialogueMain_F10001001_G18_N400002.json",
        "PackList": [
          {
            "Name": "Transferred",
            "LevelGraph": "Config/Level/NPCDialogue/P10001/F10001001_G18/DialoguePack_Transferred_F10001001_G18_N400002.json"
          }
        ]
      }
    },
    {
      "ID": 400001,
      "PosX": -46.775,
      "PosY": 4.057872,
      "PosZ": -50.745,
      "Name": "NPC1",
      "RotY": 340.8417,
      "NPCID": 10106,
      "DialogueGroups": [
        200011001,
        200011009
      ],
      "ServerInteractVerificationIDList": [],
      "DefaultIdleStateName": "Think01Loop",
      "DefaultLookAtMode": "Closed",
      "DefaultLookAtTargetInfo": {},
      "MapLayerID": 1,
      "BoardShowList": [
        1,
        4,
        8,
        64
      ],
      "TalkDialogGroupIDList": [],
      "DefaultIdleFreeStyleMotionID": 100010222,
      "Dialog": {
        "LevelGraph": "Config/Level/NPCDialogue/P10001/F10001001_G18/DialogueMain_F10001001_G18_N400001.json",
        "PackList": [
          {
            "Name": "Transferred",
            "LevelGraph": "Config/Level/NPCDialogue/P10001/F10001001_G18/DialoguePack_Transferred_F10001001_G18_N400001.json"
          }
        ],
        "EnableCondition": {
          "Conditions": [
            {
              "Type": "SubMission",
              "ID": 200011001
            },
            {
              "Type": "SubMission",
              "ID": 200011009
            }
          ],
          "Operation": "Or"
        }
      },
      "ConnectWithSubMissionIDList": [
        200011001,
        200011009
      ]
    }
  ]
}