{
  "GroupGUID": "649bc18e-f6ea-4487-b4d7-52b9125edd73",
  "GroupName": "MainMission0_",
  "AreaAnchorName": "LevelArea_P10001_F10001001_G99",
  "SaveType": "Reset",
  "LoadCondition": {
    "Conditions": [
      {
        "ID": 8000178
      }
    ]
  },
  "ForceUnloadCondition": {
    "Conditions": [
      {
        "Phase": "Cancel",
        "ID": 8000178
      }
    ]
  },
  "ConflictIDList": [],
  "AnchorList": [
    {
      "ID": 1,
      "PosX": -0.844,
      "PosY": -0.347876,
      "PosZ": -19.612,
      "Name": "Anchor1",
      "RotY": 83.2153,
      "MapLayerID": 1
    }
  ],
  "MonsterList": [],
  "PropList": [
    {
      "ID": 300001,
      "PosX": 1.272,
      "PosY": -0.261426,
      "PosZ": -18.71,
      "Name": "Prop1",
      "RotY": 263.2153,
      "PropID": 110,
      "IsOverrideInitLevelGraph": true,
      "CampID": 4,
      "State": "CheckPointEnable",
      "MapLayerID": 1,
      "CustomTriggerMap": {},
      "BridgeStateRotations": [],
      "AnchorGroupID": 99,
      "AnchorID": 1,
      "MappingInfoID": 5002,
      "DialogueGroups": [],
      "TalkDialogGroupIDList": [],
      "ServerInteractVerificationIDList": [],
      "OverrideMapIconType": 118
    }
  ],
  "NPCList": []
}