{
  "GroupGUID": "a26dce3f-fd47-476b-9333-5488715396b2",
  "GroupName": "MainMission4040018_",
  "Category": "Mission",
  "AreaAnchorName": "LevelArea_P10001_F10001001_G89",
  "SaveType": "Reset",
  "LoadCondition": {
    "Conditions": [
      {
        "Type": "SubMission",
        "ID": 404001803
      }
    ]
  },
  "UnloadCondition": {
    "Conditions": [
      {
        "Type": "SubMission",
        "Phase": "Finish",
        "ID": 404001803
      }
    ],
    "DelayToLevelReload": true
  },
  "OwnerMainMissionID": 4040018,
  "ConflictIDList": [],
  "AnchorList": [
    {
      "ID": 1,
      "PosX": 33.468,
      "PosY": 4.047879,
      "PosZ": -50.406,
      "Name": "Anchor1",
      "RotY": 174.86,
      "MapLayerID": 1
    },
    {
      "ID": 2,
      "PosX": 31.871,
      "PosY": 4.047872,
      "PosZ": -48.125,
      "Name": "Anchor2",
      "RotY": 138.2,
      "MapLayerID": 1
    },
    {
      "ID": 3,
      "PosX": 30.101,
      "PosY": 6.23,
      "PosZ": -51.682,
      "Name": "Anchor3",
      "RotY": 66.35,
      "RotX": 15.70002,
      "RotZ": 3.0E-6,
      "MapLayerID": 1,
      "Usage": "Camera"
    }
  ],
  "MonsterList": [],
  "PropList": [
    {
      "ID": 300001,
      "PosX": 33.44,
      "PosY": 4.047872,
      "PosZ": -49.859,
      "Name": "Prop1",
      "RotY": 180.0,
      "Scale": {
        "x": 1.4,
        "y": 1.4,
        "z": 1.4
      },
      "PropID": 100047,
      "IsOverrideInitLevelGraph": true,
      "CampID": 4,
      "MapLayerID": 1,
      "CustomTriggerMap": {},
      "BridgeStateRotations": [],
      "DialogueGroups": [],
      "TalkDialogGroupIDList": [],
      "ServerInteractVerificationIDList": []
    }
  ],
  "NPCList": [
    {
      "ID": 400002,
      "PosX": 33.468,
      "PosY": 4.047881,
      "PosZ": -50.406,
      "Name": "NPC2",
      "RotY": 174.86,
      "NPCID": 1992,
      "DialogueGroups": [],
      "ServerInteractVerificationIDList": [],
      "MapLayerID": 1,
      "BoardShowList": [],
      "TalkDialogGroupIDList": [],
      "DefaultIdleFreeStyleMotionID": 380020900,
      "InitialHiddenNodeList": []
    }
  ]
}