{
  "GroupGUID": "e738b5d9-62d3-44c1-807a-7ff09c1d418f",
  "GroupName": "Activity_SilverWolf01",
  "AreaAnchorName": "LevelArea_P10001_F10001001_G52",
  "SaveType": "Reset",
  "LoadCondition": {
    "Conditions": [
      {
        "ID": 8000131
      }
    ]
  },
  "UnloadCondition": {
    "Conditions": [
      {
        "Phase": "Finish",
        "ID": 8000131
      }
    ]
  },
  "ConflictIDList": [],
  "AnchorList": [],
  "MonsterList": [],
  "PropList": [
    {
      "ID": 300001,
      "PosX": 32.307,
      "PosY": 4.633,
      "PosZ": -28.834,
      "Name": "Prop1",
      "RotY": 315.4974,
      "PropID": 121,
      "IsOverrideInitLevelGraph": true,
      "Trigger": {
        "Radius": 1.91,
        "DimX": 1.0,
        "DimY": 1.0,
        "DimZ": 1.0,
        "PointList": []
      },
      "CampID": 4,
      "MapLayerID": 1,
      "CustomTriggerMap": {},
      "BridgeStateRotations": [],
      "DialogueGroups": [],
      "TalkDialogGroupIDList": [],
      "ServerInteractVerificationIDList": [],
      "Dialog": {
        "LevelGraph": "Config/Level/PropDialogue/P20001/F20001001_G102/DialogueMain_F20001001_G102_P300002.json",
        "PackList": []
      },
      "InteractIconType": "CheckIcon",
      "InteractTitle": {
        "Hash": 157286622
      }
    },
    {
      "ID": 300002,
      "PosX": -43.748,
      "PosY": 4.94,
      "PosZ": -51.901,
      "Name": "Prop2",
      "RotY": 324.8759,
      "PropID": 121,
      "IsOverrideInitLevelGraph": true,
      "Trigger": {
        "Radius": 1.91,
        "DimX": 1.0,
        "DimY": 1.0,
        "DimZ": 1.0,
        "PointList": []
      },
      "CampID": 4,
      "MapLayerID": 1,
      "CustomTriggerMap": {},
      "BridgeStateRotations": [],
      "DialogueGroups": [],
      "TalkDialogGroupIDList": [],
      "ServerInteractVerificationIDList": [],
      "Dialog": {
        "LevelGraph": "Config/Level/PropDialogue/P20001/F20001001_G102/DialogueMain_F20001001_G102_P300002.json",
        "PackList": []
      },
      "InteractIconType": "CheckIcon",
      "InteractTitle": {
        "Hash": 157286622
      }
    },
    {
      "ID": 300003,
      "PosX": 7.004001,
      "PosY": -2.375,
      "PosZ": -14.782,
      "Name": "Prop3",
      "RotY": 80.2397,
      "PropID": 121,
      "IsOverrideInitLevelGraph": true,
      "Trigger": {
        "Radius": 1.91,
        "DimX": 1.0,
        "DimY": 1.0,
        "DimZ": 1.0,
        "PointList": []
      },
      "CampID": 4,
      "MapLayerID": 1,
      "CustomTriggerMap": {},
      "BridgeStateRotations": [],
      "DialogueGroups": [],
      "TalkDialogGroupIDList": [],
      "ServerInteractVerificationIDList": [],
      "Dialog": {
        "LevelGraph": "Config/Level/PropDialogue/P20001/F20001001_G102/DialogueMain_F20001001_G102_P300002.json",
        "PackList": []
      },
      "InteractIconType": "CheckIcon",
      "InteractTitle": {
        "Hash": 157286622
      }
    },
    {
      "ID": 300004,
      "PosX": -6.664,
      "PosY": -2.356,
      "PosZ": -13.657,
      "Name": "Prop4",
      "RotY": 279.4862,
      "PropID": 121,
      "IsOverrideInitLevelGraph": true,
      "Trigger": {
        "Radius": 1.91,
        "DimX": 1.0,
        "DimY": 1.0,
        "DimZ": 1.0,
        "PointList": []
      },
      "CampID": 4,
      "MapLayerID": 1,
      "CustomTriggerMap": {},
      "BridgeStateRotations": [],
      "DialogueGroups": [],
      "TalkDialogGroupIDList": [],
      "ServerInteractVerificationIDList": [],
      "Dialog": {
        "LevelGraph": "Config/Level/PropDialogue/P20001/F20001001_G102/DialogueMain_F20001001_G102_P300002.json",
        "PackList": []
      },
      "InteractIconType": "CheckIcon",
      "InteractTitle": {
        "Hash": 157286622
      }
    },
    {
      "ID": 300005,
      "PosX": -19.543,
      "PosY": 3.636,
      "PosZ": -34.337,
      "Name": "Prop5",
      "RotY": 223.6572,
      "PropID": 121,
      "IsOverrideInitLevelGraph": true,
      "Trigger": {
        "Radius": 1.91,
        "DimX": 1.0,
        "DimY": 1.0,
        "DimZ": 1.0,
        "PointList": []
      },
      "CampID": 4,
      "MapLayerID": 1,
      "CustomTriggerMap": {},
      "BridgeStateRotations": [],
      "DialogueGroups": [],
      "TalkDialogGroupIDList": [],
      "ServerInteractVerificationIDList": [],
      "Dialog": {
        "LevelGraph": "Config/Level/PropDialogue/P20001/F20001001_G102/DialogueMain_F20001001_G102_P300002.json",
        "PackList": []
      },
      "InteractIconType": "CheckIcon",
      "InteractTitle": {
        "Hash": 157286622
      }
    },
    {
      "ID": 300006,
      "PosX": -7.308,
      "PosY": -2.38,
      "PosZ": -17.509,
      "Name": "Prop6",
      "RotY": 279.4862,
      "PropID": 121,
      "IsOverrideInitLevelGraph": true,
      "Trigger": {
        "Radius": 1.91,
        "DimX": 1.0,
        "DimY": 1.0,
        "DimZ": 1.0,
        "PointList": []
      },
      "CampID": 4,
      "MapLayerID": 1,
      "CustomTriggerMap": {},
      "BridgeStateRotations": [],
      "DialogueGroups": [],
      "TalkDialogGroupIDList": [],
      "ServerInteractVerificationIDList": [],
      "Dialog": {
        "LevelGraph": "Config/Level/PropDialogue/P20001/F20001001_G102/DialogueMain_F20001001_G102_P300002.json",
        "PackList": []
      },
      "InteractIconType": "CheckIcon",
      "InteractTitle": {
        "Hash": 157286622
      }
    },
    {
      "ID": 300007,
      "PosX": -32.215,
      "PosY": 4.595,
      "PosZ": -28.915,
      "Name": "Prop7",
      "RotY": 45.05767,
      "PropID": 121,
      "IsOverrideInitLevelGraph": true,
      "Trigger": {
        "Radius": 1.91,
        "DimX": 1.0,
        "DimY": 1.0,
        "DimZ": 1.0,
        "PointList": []
      },
      "CampID": 4,
      "MapLayerID": 1,
      "CustomTriggerMap": {},
      "BridgeStateRotations": [],
      "DialogueGroups": [],
      "TalkDialogGroupIDList": [],
      "ServerInteractVerificationIDList": [],
      "Dialog": {
        "LevelGraph": "Config/Level/PropDialogue/P20001/F20001001_G102/DialogueMain_F20001001_G102_P300002.json",
        "PackList": []
      },
      "InteractIconType": "CheckIcon",
      "InteractTitle": {
        "Hash": 157286622
      }
    }
  ],
  "NPCList": []
}