{
  "GroupGUID": "df252bb8-b969-4f1d-9eb9-19da5952df7f",
  "GroupName": "MainMission8002101_",
  "Category": "Mission",
  "LevelGraph": "Config/Level/GroupGraph/F10001001/Group_F10001001_G119.json",
  "AreaAnchorName": "LevelArea_P10001_F10001001_G119",
  "SaveType": "Reset",
  "LoadCondition": {
    "Conditions": [
      {
        "ID": 8002101
      }
    ]
  },
  "UnloadCondition": {
    "Conditions": [
      {
        "Phase": "Finish",
        "ID": 8002101
      }
    ]
  },
  "OwnerMainMissionID": 8002101,
  "ValueSource": {},
  "ConflictIDList": [],
  "IsHoyoGroup": true,
  "SpatialInfo": {
    "GridList": [
      {
        "x": 5,
        "y": 2
      },
      {
        "x": 6,
        "y": 2
      },
      {
        "x": 7,
        "y": 2
      },
      {
        "x": 5,
        "y": 3
      },
      {
        "x": 6,
        "y": 3
      },
      {
        "x": 7,
        "y": 3
      },
      {
        "x": 5,
        "y": 4
      },
      {
        "x": 6,
        "y": 4
      }
    ],
    "LowerUpperBounds": {
      "x": 17,
      "y": 20
    }
  },
  "ConflictWhiteList": [],
  "AnchorList": [
    {
      "ID": 1,
      "PosX": 13.416,
      "PosY": -0.893596,
      "PosZ": 1.908,
      "Name": "Anchor1",
      "MapLayerID": 1
    },
    {
      "ID": 2,
      "PosX": 10.91,
      "PosY": -0.893058,
      "PosZ": 6.08,
      "Name": "Anchor2",
      "RotY": 94.86324,
      "MapLayerID": 1,
      "Usage": "Actor"
    },
    {
      "ID": 3,
      "PosX": 9.744,
      "PosY": 0.74,
      "PosZ": 4.949,
      "Name": "Anchor3",
      "RotY": 57.7,
      "RotX": 11.00001,
      "MapLayerID": 1,
      "Usage": "Camera",
      "CustomParameter": {
        "$type": "LevelAnchorCameraParameter",
        "fov": 35.0
      }
    }
  ],
  "MonsterList": [],
  "PropList": [
    {
      "ID": 300001,
      "PosX": 13.416,
      "PosY": -0.893596,
      "PosZ": 1.908,
      "Name": "Prop1",
      "PropID": 100,
      "IsOverrideInitLevelGraph": true,
      "InitLevelGraph": "Config/Level/LevelInstanceGraph/F10001001/LG_Prop_F10001001_G119_300001.json",
      "ValueSource": {},
      "Trigger": {
        "Radius": 20.0,
        "DimX": 1.0,
        "DimY": 1.0,
        "DimZ": 1.0,
        "PointList": []
      },
      "CampID": 4,
      "MapLayerID": 1,
      "CustomTriggerMap": {},
      "CustomTriggerMapV2": {},
      "BridgeStateRotations": [],
      "DialogueGroups": [],
      "TalkDialogGroupIDList": [],
      "ServerInteractVerificationIDList": []
    }
  ],
  "NPCList": [
    {
      "ID": 400001,
      "PosX": 12.502,
      "PosY": -0.893189,
      "PosZ": 6.881001,
      "Name": "NPC1",
      "RotY": 221.5367,
      "NPCID": 100,
      "ValueSource": {},
      "DialogueGroups": [],
      "ServerInteractVerificationIDList": [],
      "MapLayerID": 1,
      "BoardShowList": [],
      "TalkDialogGroupIDList": [],
      "OverrideSeriesID": 100801,
      "InitialHiddenNodeList": [],
      "SpawnConfig": {
        "EntitySpawnConfig": {}
      }
    },
    {
      "ID": 400002,
      "PosX": 12.96,
      "PosY": -0.893272,
      "PosZ": 5.89,
      "Name": "NPC2",
      "RotY": 275.077,
      "NPCID": 1008,
      "ValueSource": {},
      "DialogueGroups": [],
      "ServerInteractVerificationIDList": [],
      "DefaultLookAtMode": "Closed",
      "MapLayerID": 1,
      "BoardShowList": [
        4
      ],
      "TalkDialogGroupIDList": [],
      "DefaultIdleFreeStyleMotionID": 310080227,
      "OverrideSeriesID": 4294967295,
      "InitialHiddenNodeList": [],
      "SpawnConfig": {
        "EntitySpawnConfig": {}
      },
      "TriggerValidGuest": {}
    },
    {
      "ID": 400003,
      "PosX": 13.274,
      "PosY": -0.893066,
      "PosZ": 6.419,
      "Name": "NPC3",
      "RotY": 224.0283,
      "NPCID": 3015,
      "LevelGraph": "Config/Level/NPC/NPC_Peppy.json",
      "ValueSource": {},
      "DialogueGroups": [],
      "ServerInteractVerificationIDList": [],
      "MapLayerID": 1,
      "BoardShowList": [
        1,
        64
      ],
      "OverrideNPCName": {
        "Hash": -1256873881
      },
      "TalkDialogGroupIDList": [],
      "DefaultIdleFreeStyleMotionID": 900030000,
      "InitialHiddenNodeList": [],
      "SpawnConfig": {
        "EntitySpawnConfig": {}
      },
      "TriggerValidGuest": {}
    }
  ]
}