{
  "GroupGUID": "92573a36-7d21-49be-9f40-abce16f5c143",
  "GroupName": "SimpleMission",
  "AreaAnchorName": "LevelArea_P10001_F10001001_G45",
  "SaveType": "Reset",
  "LoadCondition": {
    "Conditions": [
      {
        "ID": 4040006
      },
      {
        "Phase": "Finish",
        "ID": 4040006
      }
    ],
    "Operation": "Or"
  },
  "ConflictIDList": [],
  "AnchorList": [],
  "MonsterList": [],
  "PropList": [],
  "NPCList": [
    {
      "ID": 400001,
      "PosX": 7.083379,
      "PosY": 0.259189,
      "PosZ": -33.60995,
      "Name": "NPC1",
      "RotY": 207.1263,
      "NPCID": 3002,
      "DialogueGroups": [
        404000601,
        404000602,
        404000603
      ],
      "ServerInteractVerificationIDList": [],
      "DefaultLookAtMode": "Closed",
      "MapLayerID": 1,
      "BoardShowList": [
        1,
        64
      ],
      "OverrideNPCName": {
        "Hash": -1386130852
      },
      "OverrideNPCTitle": {
        "Hash": -421529602
      },
      "TalkDialogGroupIDList": [],
      "DefaultIdleFreeStyleMotionID": 900020000,
      "BornType": "Permanent",
      "InitialHiddenNodeList": [],
      "Dialog": {
        "LevelGraph": "Config/Level/NPCDialogue/P10001/F10001001_G45/DialogueMain_F10001001_G45_N400001.json",
        "PackList": [
          {
            "Name": "Transferred",
            "LevelGraph": "Config/Level/NPCDialogue/P10001/F10001001_G45/DialoguePack_Transferred_F10001001_G45_N400001.json"
          }
        ]
      },
      "ConnectWithSubMissionIDList": [
        404000601,
        404000602,
        404000603
      ]
    }
  ]
}