{
  "GroupGUID": "688fc1c9-519f-4632-a597-89550a6326bb",
  "GroupName": "MainMission2000202_ASD",
  "Category": "Mission",
  "AreaAnchorName": "LevelArea_P10001_F10001001_G41",
  "SaveType": "Reset",
  "LoadCondition": {
    "Conditions": [
      {
        "Type": "SubMission",
        "ID": 200020113
      },
      {
        "Type": "SubMission",
        "Phase": "Finish",
        "ID": 200020122
      }
    ],
    "Operation": "Or"
  },
  "UnloadCondition": {
    "Conditions": [
      {
        "Type": "SubMission",
        "Phase": "Finish",
        "ID": 200020113
      }
    ]
  },
  "OwnerMainMissionID": 2000202,
  "ConflictIDList": [],
  "AnchorList": [
    {
      "ID": 1,
      "PosX": -0.817583,
      "PosY": 0.319456,
      "PosZ": -1.247531,
      "Name": "Anchor1",
      "RotY": 20.62214,
      "MapLayerID": 1
    }
  ],
  "MonsterList": [],
  "PropList": [
    {
      "ID": 300001,
      "PosX": -0.136038,
      "PosY": 0.518108,
      "PosZ": -8.14,
      "Name": "Prop1",
      "PropID": 100,
      "IsOverrideInitLevelGraph": true,
      "Trigger": {
        "Shape": "Box",
        "Radius": 1.0,
        "DimX": 11.0,
        "DimY": 2.0,
        "DimZ": 7.0,
        "PointList": []
      },
      "CampID": 4,
      "MapLayerID": 1,
      "CustomTriggerMap": {},
      "BridgeStateRotations": [],
      "DialogueGroups": [],
      "TalkDialogGroupIDList": [],
      "ServerInteractVerificationIDList": []
    }
  ],
  "NPCList": [
    {
      "ID": 400001,
      "PosX": 0.898,
      "PosY": 0.379939,
      "PosZ": 0.096,
      "Name": "NPC1",
      "RotY": 298.7516,
      "NPCID": 1008,
      "DialogueGroups": [],
      "ServerInteractVerificationIDList": [],
      "DefaultLookAtMode": "Closed",
      "MapLayerID": 1,
      "BoardShowList": [],
      "TalkDialogGroupIDList": [],
      "DefaultIdleFreeStyleMotionID": 310080000,
      "BornType": "Permanent",
      "InitialHiddenNodeList": []
    }
  ]
}