{
  "GroupGUID": "438c00eb-3e47-4304-9140-95d26bfe7d8e",
  "GroupName": "MainMission",
  "AreaAnchorName": "LevelArea_P10001_F10001001_G5",
  "SaveType": "Reset",
  "LoadCondition": {
    "Conditions": [
      {
        "Phase": "Finish",
        "ID": 1000300
      },
      {
        "ID": 1000300
      }
    ],
    "Operation": "Or"
  },
  "UnloadCondition": {
    "Conditions": [
      {
        "Phase": "Finish",
        "ID": 1000302
      }
    ]
  },
  "ConflictIDList": [],
  "AnchorList": [
    {
      "ID": 1,
      "PosX": -0.15,
      "PosY": 0.174728,
      "PosZ": -2.77,
      "Name": "Anchor1",
      "RotY": 180.0,
      "MapLayerID": 1
    },
    {
      "ID": 2,
      "PosX": -23.34,
      "PosY": -0.839033,
      "PosZ": -7.2,
      "Name": "Anchor2",
      "MapLayerID": 1
    },
    {
      "ID": 3,
      "PosX": 22.17,
      "PosY": -0.594316,
      "PosZ": -20.25,
      "Name": "Anchor3",
      "MapLayerID": 1
    },
    {
      "ID": 4,
      "PosX": -4.12,
      "PosY": 0.442226,
      "PosZ": 36.53,
      "Name": "Anchor4",
      "MapLayerID": 1
    },
    {
      "ID": 5,
      "PosX": 13.52,
      "PosY": 0.215278,
      "PosZ": -34.31,
      "Name": "Anchor5",
      "MapLayerID": 1
    },
    {
      "ID": 6,
      "PosX": -33.04,
      "PosY": 4.05787,
      "PosZ": -44.48,
      "Name": "Anchor6",
      "MapLayerID": 1
    }
  ],
  "MonsterList": [],
  "PropList": [
    {
      "ID": 300001,
      "PosX": 0.07,
      "PosY": 0.51768,
      "PosZ": -6.55,
      "Name": "Prop1",
      "PropID": 100,
      "IsOverrideInitLevelGraph": true,
      "Trigger": {
        "Shape": "Box",
        "Radius": 4.0,
        "DimX": 12.0,
        "DimY": 3.0,
        "DimZ": 4.0,
        "PointList": []
      },
      "CampID": 4,
      "MapLayerID": 1,
      "CustomTriggerMap": {},
      "BridgeStateRotations": [],
      "DialogueGroups": [],
      "TalkDialogGroupIDList": [],
      "ServerInteractVerificationIDList": []
    },
    {
      "ID": 300002,
      "PosX": 16.87,
      "PosY": -0.84953,
      "PosZ": 1.75,
      "Name": "Prop2",
      "PropID": 100,
      "IsOverrideInitLevelGraph": true,
      "Trigger": {
        "Radius": 5.0,
        "DimX": 1.0,
        "DimY": 1.0,
        "DimZ": 1.0,
        "PointList": []
      },
      "CampID": 4,
      "MapLayerID": 1,
      "CustomTriggerMap": {},
      "BridgeStateRotations": [],
      "DialogueGroups": [],
      "TalkDialogGroupIDList": [],
      "ServerInteractVerificationIDList": []
    },
    {
      "ID": 300003,
      "PosX": -16.54,
      "PosY": -0.863046,
      "PosZ": 2.9,
      "Name": "Prop3",
      "PropID": 100,
      "IsOverrideInitLevelGraph": true,
      "Trigger": {
        "Radius": 5.0,
        "DimX": 1.0,
        "DimY": 1.0,
        "DimZ": 1.0,
        "PointList": []
      },
      "CampID": 4,
      "MapLayerID": 1,
      "CustomTriggerMap": {},
      "BridgeStateRotations": [],
      "DialogueGroups": [],
      "TalkDialogGroupIDList": [],
      "ServerInteractVerificationIDList": []
    },
    {
      "ID": 300004,
      "PosX": 0.38,
      "PosY": 0.296464,
      "PosZ": -4.31,
      "Name": "Prop4",
      "RotY": 269.2208,
      "PropID": 100,
      "IsOverrideInitLevelGraph": true,
      "Trigger": {
        "Shape": "Box",
        "Radius": 5.0,
        "DimX": 3.0,
        "DimY": 3.0,
        "DimZ": 18.0,
        "PointList": []
      },
      "CampID": 4,
      "MapLayerID": 1,
      "CustomTriggerMap": {},
      "BridgeStateRotations": [],
      "DialogueGroups": [],
      "TalkDialogGroupIDList": [],
      "ServerInteractVerificationIDList": []
    },
    {
      "ID": 300005,
      "PosX": 0.04,
      "PosY": 0.471946,
      "PosZ": 1.66,
      "Name": "Prop5",
      "RotY": 1.128277,
      "PropID": 100,
      "IsOverrideInitLevelGraph": true,
      "Trigger": {
        "Radius": 4.2,
        "DimX": 4.0,
        "DimY": 1.0,
        "DimZ": 4.0,
        "PointList": []
      },
      "CampID": 4,
      "MapLayerID": 1,
      "CustomTriggerMap": {},
      "BridgeStateRotations": [],
      "DialogueGroups": [],
      "TalkDialogGroupIDList": [],
      "ServerInteractVerificationIDList": []
    },
    {
      "ID": 300006,
      "PosX": -26.955,
      "PosY": 5.908,
      "PosZ": -33.077,
      "Name": "Prop6",
      "PropID": 100,
      "IsOverrideInitLevelGraph": true,
      "CampID": 4,
      "MapLayerID": 1,
      "CustomTriggerMap": {},
      "BridgeStateRotations": [],
      "DialogueGroups": [],
      "TalkDialogGroupIDList": [],
      "ServerInteractVerificationIDList": []
    },
    {
      "ID": 300007,
      "PosX": -1.152,
      "PosY": 2.332,
      "PosZ": 45.144,
      "Name": "Prop7",
      "PropID": 100,
      "IsOverrideInitLevelGraph": true,
      "CampID": 4,
      "MapLayerID": 1,
      "CustomTriggerMap": {},
      "BridgeStateRotations": [],
      "DialogueGroups": [],
      "TalkDialogGroupIDList": [],
      "ServerInteractVerificationIDList": []
    },
    {
      "ID": 300008,
      "PosX": -8.32,
      "PosY": 1.756,
      "PosZ": 30.76,
      "Name": "Prop8",
      "PropID": 100,
      "IsOverrideInitLevelGraph": true,
      "CampID": 4,
      "MapLayerID": 1,
      "CustomTriggerMap": {},
      "BridgeStateRotations": [],
      "DialogueGroups": [],
      "TalkDialogGroupIDList": [],
      "ServerInteractVerificationIDList": []
    },
    {
      "ID": 300009,
      "PosX": -2.89,
      "PosY": 1.756,
      "PosZ": -39.26,
      "Name": "Prop9",
      "PropID": 100,
      "IsOverrideInitLevelGraph": true,
      "CampID": 4,
      "MapLayerID": 1,
      "CustomTriggerMap": {},
      "BridgeStateRotations": [],
      "DialogueGroups": [],
      "TalkDialogGroupIDList": [],
      "ServerInteractVerificationIDList": []
    },
    {
      "ID": 300010,
      "PosX": 10.064,
      "PosY": -0.612664,
      "PosZ": 22.143,
      "Name": "Prop10",
      "PropID": 100,
      "IsOverrideInitLevelGraph": true,
      "Trigger": {
        "Radius": 2.0,
        "DimX": 1.0,
        "DimY": 1.0,
        "DimZ": 1.0,
        "PointList": []
      },
      "CampID": 4,
      "MapLayerID": 1,
      "CustomTriggerMap": {},
      "BridgeStateRotations": [],
      "DialogueGroups": [],
      "TalkDialogGroupIDList": [],
      "ServerInteractVerificationIDList": []
    },
    {
      "ID": 300011,
      "PosX": 6.06,
      "PosY": -0.262337,
      "PosZ": 33.93,
      "Name": "Prop11",
      "PropID": 100,
      "IsOverrideInitLevelGraph": true,
      "Trigger": {
        "Radius": 2.0,
        "DimX": 1.0,
        "DimY": 1.0,
        "DimZ": 1.0,
        "PointList": []
      },
      "CampID": 4,
      "MapLayerID": 1,
      "CustomTriggerMap": {},
      "BridgeStateRotations": [],
      "DialogueGroups": [],
      "TalkDialogGroupIDList": [],
      "ServerInteractVerificationIDList": []
    },
    {
      "ID": 300012,
      "PosX": -18.2,
      "PosY": 5.476906,
      "PosZ": -51.05,
      "Name": "Prop12",
      "PropID": 100,
      "IsOverrideInitLevelGraph": true,
      "Trigger": {
        "Radius": 2.0,
        "DimX": 1.0,
        "DimY": 1.0,
        "DimZ": 1.0,
        "PointList": []
      },
      "CampID": 4,
      "MapLayerID": 1,
      "CustomTriggerMap": {},
      "BridgeStateRotations": [],
      "DialogueGroups": [],
      "TalkDialogGroupIDList": [],
      "ServerInteractVerificationIDList": []
    },
    {
      "ID": 300013,
      "PosX": -46.33,
      "PosY": 4.049475,
      "PosZ": -50.94,
      "Name": "Prop13",
      "PropID": 100,
      "IsOverrideInitLevelGraph": true,
      "Trigger": {
        "Radius": 2.0,
        "DimX": 1.0,
        "DimY": 1.0,
        "DimZ": 1.0,
        "PointList": []
      },
      "CampID": 4,
      "MapLayerID": 1,
      "CustomTriggerMap": {},
      "BridgeStateRotations": [],
      "DialogueGroups": [],
      "TalkDialogGroupIDList": [],
      "ServerInteractVerificationIDList": []
    },
    {
      "ID": 300014,
      "PosX": 1.781,
      "PosY": -0.271521,
      "PosZ": -17.834,
      "Name": "Prop14",
      "PropID": 100,
      "IsOverrideInitLevelGraph": true,
      "Trigger": {
        "Radius": 2.0,
        "DimX": 1.0,
        "DimY": 1.0,
        "DimZ": 1.0,
        "PointList": []
      },
      "CampID": 4,
      "MapLayerID": 1,
      "CustomTriggerMap": {},
      "BridgeStateRotations": [],
      "DialogueGroups": [],
      "TalkDialogGroupIDList": [],
      "ServerInteractVerificationIDList": []
    }
  ],
  "NPCList": [
    {
      "ID": 400006,
      "PosX": 12.953,
      "PosY": -0.893215,
      "PosZ": 7.614,
      "Name": "NPC6",
      "RotY": 237.9784,
      "NPCID": 1008,
      "DialogueGroups": [
        100030111
      ],
      "ServerInteractVerificationIDList": [],
      "DefaultLookAtMode": "Closed",
      "MapLayerID": 1,
      "BoardShowList": [
        4
      ],
      "TalkDialogGroupIDList": [],
      "DefaultIdleFreeStyleMotionID": 310080000,
      "BornType": "Permanent",
      "InitialHiddenNodeList": [],
      "Dialog": {
        "LevelGraph": "Config/Level/NPCDialogue/P10001/F10001001_G5/DialogueMain_F10001001_G5_N400006.json",
        "EnableCondition": {
          "Conditions": [
            {
              "Type": "SubMission",
              "ID": 100030111
            }
          ]
        }
      }
    },
    {
      "ID": 400016,
      "PosX": -27.154,
      "PosY": 3.754344,
      "PosZ": -33.174,
      "Name": "NPC16",
      "RotY": 64.02338,
      "NPCID": 10103,
      "DialogueGroups": [
        100030112
      ],
      "ServerInteractVerificationIDList": [],
      "DefaultIdleStateName": "Sit01",
      "DefaultLookAtMode": "Closed",
      "MapLayerID": 1,
      "BoardShowList": [
        1,
        4,
        8,
        64
      ],
      "TalkDialogGroupIDList": [],
      "DefaultIdleFreeStyleMotionID": 100010298,
      "BornType": "Permanent",
      "InitialHiddenNodeList": [],
      "Dialog": {
        "LevelGraph": "Config/Level/NPCDialogue/P10001/F10001001_G5/DialogueMain_F10001001_G5_N400016.json",
        "EnableCondition": {
          "Conditions": [
            {
              "Type": "SubMission",
              "ID": 100030112
            }
          ]
        }
      }
    },
    {
      "ID": 400017,
      "PosX": 46.07,
      "PosY": 4.92304,
      "PosZ": -44.75,
      "Name": "NPC17",
      "RotY": 53.44756,
      "NPCID": 10101,
      "DialogueGroups": [],
      "ServerInteractVerificationIDList": [],
      "DefaultIdleStateName": "Sit01",
      "DefaultLookAtMode": "Closed",
      "MapLayerID": 1,
      "BoardShowList": [
        1,
        4,
        8,
        64
      ],
      "TalkDialogGroupIDList": [],
      "DefaultIdleFreeStyleMotionID": 100010298,
      "BornType": "Permanent",
      "InitialHiddenNodeList": []
    },
    {
      "ID": 400018,
      "PosX": 29.07,
      "PosY": 4.923042,
      "PosZ": -40.45,
      "Name": "NPC18",
      "RotY": 150.7093,
      "NPCID": 10102,
      "DialogueGroups": [],
      "ServerInteractVerificationIDList": [],
      "DefaultIdleStateName": "Distress01Loop",
      "DefaultLookAtMode": "Closed",
      "MapLayerID": 1,
      "BoardShowList": [
        1,
        4,
        8,
        64
      ],
      "TalkDialogGroupIDList": [],
      "DefaultIdleFreeStyleMotionID": 100010291,
      "BornType": "Permanent",
      "InitialHiddenNodeList": []
    },
    {
      "ID": 400019,
      "PosX": -52.77,
      "PosY": 4.911827,
      "PosZ": -51.495,
      "Name": "NPC19",
      "RotY": 219.6546,
      "NPCID": 10204,
      "DialogueGroups": [],
      "ServerInteractVerificationIDList": [],
      "DefaultLookAtMode": "Closed",
      "MapLayerID": 1,
      "BoardShowList": [
        1,
        4,
        8,
        64
      ],
      "TalkDialogGroupIDList": [],
      "DefaultIdleFreeStyleMotionID": 100020000,
      "BornType": "Permanent",
      "InitialHiddenNodeList": []
    },
    {
      "ID": 400020,
      "PosX": 42.45,
      "PosY": 4.048069,
      "PosZ": -51.556,
      "Name": "NPC20",
      "RotY": 32.41837,
      "NPCID": 10205,
      "DialogueGroups": [],
      "ServerInteractVerificationIDList": [],
      "DefaultIdleStateName": "Praying01Loop",
      "DefaultLookAtMode": "Closed",
      "MapLayerID": 1,
      "BoardShowList": [
        1,
        4,
        8,
        64
      ],
      "TalkDialogGroupIDList": [],
      "DefaultIdleFreeStyleMotionID": 100020293,
      "BornType": "Permanent",
      "InitialHiddenNodeList": []
    },
    {
      "ID": 400021,
      "PosX": -1.152,
      "PosY": 0.477596,
      "PosZ": 45.144,
      "Name": "NPC21",
      "RotY": 30.88472,
      "NPCID": 10201,
      "DialogueGroups": [
        100030113
      ],
      "ServerInteractVerificationIDList": [],
      "DefaultIdleStateName": "Think01Loop",
      "DefaultLookAtMode": "Closed",
      "MapLayerID": 1,
      "BoardShowList": [
        1,
        4,
        8,
        64
      ],
      "TalkDialogGroupIDList": [],
      "DefaultIdleFreeStyleMotionID": 100020222,
      "BornType": "Permanent",
      "InitialHiddenNodeList": [],
      "Dialog": {
        "LevelGraph": "Config/Level/NPCDialogue/P10001/F10001001_G5/DialogueMain_F10001001_G5_N400021.json",
        "EnableCondition": {
          "Conditions": [
            {
              "Type": "SubMission",
              "ID": 100030113
            }
          ]
        }
      }
    },
    {
      "ID": 400022,
      "PosX": -2.89,
      "PosY": -0.256278,
      "PosZ": -39.26,
      "Name": "NPC22",
      "RotY": 152.9639,
      "NPCID": 10104,
      "DialogueGroups": [
        100030116
      ],
      "ServerInteractVerificationIDList": [],
      "DefaultIdleStateName": "Distress01Loop",
      "DefaultLookAtMode": "Closed",
      "MapLayerID": 1,
      "BoardShowList": [
        1,
        4,
        8,
        64
      ],
      "TalkDialogGroupIDList": [],
      "DefaultIdleFreeStyleMotionID": 100010291,
      "BornType": "Permanent",
      "InitialHiddenNodeList": [],
      "Dialog": {
        "LevelGraph": "Config/Level/NPCDialogue/P10001/F10001001_G5/DialogueMain_F10001001_G5_N400022.json"
      }
    },
    {
      "ID": 400023,
      "PosX": -18.37,
      "PosY": 5.506125,
      "PosZ": -50.97,
      "Name": "NPC23",
      "RotY": 98.90192,
      "NPCID": 10206,
      "DialogueGroups": [],
      "ServerInteractVerificationIDList": [],
      "DefaultIdleStateName": "Praying01Loop",
      "DefaultLookAtMode": "Closed",
      "MapLayerID": 1,
      "BoardShowList": [
        1,
        4,
        8,
        64
      ],
      "TalkDialogGroupIDList": [],
      "DefaultIdleFreeStyleMotionID": 100020293,
      "BornType": "Permanent",
      "InitialHiddenNodeList": []
    },
    {
      "ID": 400024,
      "PosX": -5.408,
      "PosY": 0.191968,
      "PosZ": -31.729,
      "Name": "NPC24",
      "RotY": 355.3643,
      "NPCID": 10107,
      "DialogueGroups": [],
      "ServerInteractVerificationIDList": [],
      "DefaultLookAtMode": "Closed",
      "MapLayerID": 1,
      "BoardShowList": [
        1,
        4,
        8,
        64
      ],
      "TalkDialogGroupIDList": [],
      "DefaultIdleFreeStyleMotionID": 100010221,
      "BornType": "Permanent",
      "InitialHiddenNodeList": []
    },
    {
      "ID": 400025,
      "PosX": -49.71,
      "PosY": 4.923045,
      "PosZ": -43.04,
      "Name": "NPC25",
      "RotY": 115.4652,
      "NPCID": 10207,
      "DialogueGroups": [],
      "ServerInteractVerificationIDList": [],
      "DefaultLookAtMode": "Closed",
      "MapLayerID": 1,
      "BoardShowList": [
        1,
        4,
        8,
        64
      ],
      "TalkDialogGroupIDList": [],
      "DefaultIdleFreeStyleMotionID": 100020000,
      "BornType": "Permanent",
      "InitialHiddenNodeList": []
    },
    {
      "ID": 400026,
      "PosX": -8.578598,
      "PosY": -3.264838,
      "PosZ": -14.96972,
      "Name": "NPC26",
      "RotY": 102.7776,
      "NPCID": 10402,
      "DialogueGroups": [],
      "ServerInteractVerificationIDList": [],
      "DefaultLookAtMode": "Closed",
      "MapLayerID": 1,
      "BoardShowList": [
        1,
        4,
        8,
        64
      ],
      "TalkDialogGroupIDList": [],
      "DefaultIdleFreeStyleMotionID": 100030000,
      "BornType": "Permanent",
      "InitialHiddenNodeList": []
    },
    {
      "ID": 400001,
      "PosX": 0.925,
      "PosY": -0.347876,
      "PosZ": -17.805,
      "Name": "NPC1",
      "RotY": 156.1925,
      "NPCID": 10301,
      "DialogueGroups": [],
      "ServerInteractVerificationIDList": [],
      "DefaultIdleStateName": "Akimbo01Loop",
      "DefaultLookAtMode": "Closed",
      "MapLayerID": 1,
      "BoardShowList": [
        1,
        4,
        8,
        64
      ],
      "TalkDialogGroupIDList": [],
      "DefaultIdleFreeStyleMotionID": 100040210,
      "BornType": "Permanent",
      "InitialHiddenNodeList": []
    },
    {
      "ID": 400002,
      "PosX": 5.77,
      "PosY": -0.258115,
      "PosZ": 34.205,
      "Name": "NPC2",
      "RotY": 170.2416,
      "NPCID": 10202,
      "DialogueGroups": [],
      "ServerInteractVerificationIDList": [],
      "DefaultIdleStateName": "Think01Loop",
      "DefaultLookAtMode": "Closed",
      "MapLayerID": 1,
      "BoardShowList": [
        1,
        4,
        8,
        64
      ],
      "TalkDialogGroupIDList": [],
      "DefaultIdleFreeStyleMotionID": 100020222,
      "BornType": "Permanent",
      "InitialHiddenNodeList": []
    },
    {
      "ID": 400003,
      "PosX": 6.286,
      "PosY": -0.258115,
      "PosZ": 33.246,
      "Name": "NPC3",
      "RotY": 349.0985,
      "NPCID": 10401,
      "DialogueGroups": [],
      "ServerInteractVerificationIDList": [],
      "DefaultLookAtMode": "Closed",
      "MapLayerID": 1,
      "BoardShowList": [
        1,
        4,
        8,
        64
      ],
      "TalkDialogGroupIDList": [],
      "DefaultIdleFreeStyleMotionID": 100030000,
      "BornType": "Permanent",
      "InitialHiddenNodeList": []
    },
    {
      "ID": 400004,
      "PosX": 9.31,
      "PosY": -0.893603,
      "PosZ": 21.92,
      "Name": "NPC4",
      "RotY": 68.58533,
      "NPCID": 10203,
      "DialogueGroups": [],
      "ServerInteractVerificationIDList": [],
      "DefaultIdleStateName": "HoldArm01Loop",
      "DefaultLookAtMode": "Closed",
      "MapLayerID": 1,
      "BoardShowList": [
        1,
        4,
        8,
        64
      ],
      "TalkDialogGroupIDList": [],
      "DefaultIdleFreeStyleMotionID": 100020231,
      "BornType": "Permanent",
      "InitialHiddenNodeList": []
    },
    {
      "ID": 400005,
      "PosX": 1.487,
      "PosY": -0.347876,
      "PosZ": -18.425,
      "Name": "NPC5",
      "RotY": 315.9415,
      "NPCID": 10302,
      "DialogueGroups": [],
      "ServerInteractVerificationIDList": [],
      "DefaultIdleStateName": "Sob01Loop",
      "DefaultLookAtMode": "Closed",
      "MapLayerID": 1,
      "BoardShowList": [
        1,
        4,
        8,
        64
      ],
      "TalkDialogGroupIDList": [],
      "DefaultIdleFreeStyleMotionID": 100040289,
      "BornType": "Permanent",
      "InitialHiddenNodeList": []
    },
    {
      "ID": 400007,
      "PosX": -46.755,
      "PosY": 4.049574,
      "PosZ": -50.789,
      "Name": "NPC7",
      "RotY": 340.8417,
      "NPCID": 10106,
      "DialogueGroups": [
        200011001,
        200011009
      ],
      "ServerInteractVerificationIDList": [],
      "DefaultIdleStateName": "Think01Loop",
      "DefaultLookAtMode": "Closed",
      "MapLayerID": 1,
      "BoardShowList": [
        1,
        4,
        8,
        64
      ],
      "TalkDialogGroupIDList": [],
      "DefaultIdleFreeStyleMotionID": 100010222,
      "BornType": "Permanent",
      "InitialHiddenNodeList": [],
      "Dialog": {
        "LevelGraph": "Config/Level/NPCDialogue/P10001/F10001001_G5/DialogueMain_F10001001_G5_N400007.json",
        "PackList": [
          {
            "Name": "Transferred",
            "LevelGraph": "Config/Level/NPCDialogue/P10001/F10001001_G5/DialoguePack_Transferred_F10001001_G5_N400007.json"
          }
        ],
        "EnableCondition": {
          "Conditions": [
            {
              "Type": "SubMission",
              "ID": 200011001
            },
            {
              "Type": "SubMission",
              "ID": 200011009
            }
          ],
          "Operation": "Or"
        }
      },
      "ConnectWithSubMissionIDList": [
        200011001,
        200011009
      ]
    },
    {
      "ID": 400008,
      "PosX": -44.95961,
      "PosY": 4.057872,
      "PosZ": -50.33654,
      "Name": "NPC8",
      "RotY": 262.1821,
      "NPCID": 10403,
      "DialogueGroups": [],
      "ServerInteractVerificationIDList": [],
      "DefaultLookAtMode": "Closed",
      "MapLayerID": 1,
      "BoardShowList": [
        1,
        4,
        8,
        64
      ],
      "TalkDialogGroupIDList": [],
      "DefaultIdleFreeStyleMotionID": 100030000,
      "BornType": "Permanent",
      "InitialHiddenNodeList": []
    },
    {
      "ID": 400009,
      "PosX": -9.52,
      "PosY": -0.8936,
      "PosZ": 24.22,
      "Name": "NPC9",
      "RotY": 115.5845,
      "NPCID": 10105,
      "DialogueGroups": [
        100030117
      ],
      "ServerInteractVerificationIDList": [],
      "DefaultIdleStateName": "Sell01Loop",
      "DefaultLookAtMode": "Closed",
      "MapLayerID": 1,
      "BoardShowList": [
        1,
        4,
        8,
        64
      ],
      "TalkDialogGroupIDList": [],
      "DefaultIdleFreeStyleMotionID": 100010294,
      "BornType": "Permanent",
      "InitialHiddenNodeList": [],
      "Dialog": {
        "LevelGraph": "Config/Level/NPCDialogue/P10001/F10001001_G5/DialogueMain_F10001001_G5_N400009.json"
      }
    }
  ]
}