{
  "GroupGUID": "b6ee7b63-d01c-4eb4-abec-abb03c963f63",
  "GroupName": "MainMission_0",
  "AreaAnchorName": "LevelArea_P10001_F10001001_G7",
  "SaveType": "Reset",
  "LoadCondition": {
    "Conditions": [
      {
        "ID": 2000100
      }
    ]
  },
  "UnloadCondition": {
    "Conditions": [
      {
        "ID": 2000116
      },
      {
        "ID": 2000211
      },
      {
        "Phase": "Finish",
        "ID": 2000211
      }
    ],
    "Operation": "Or",
    "DelayToLevelReload": true
  },
  "ConflictIDList": [],
  "AnchorList": [],
  "MonsterList": [],
  "PropList": [
    {
      "ID": 300001,
      "PosX": -0.04,
      "PosY": -0.460032,
      "PosZ": -38.4,
      "Name": "Prop1",
      "RotY": 269.7553,
      "PropID": 100,
      "IsOverrideInitLevelGraph": true,
      "Trigger": {
        "Shape": "Box",
        "Radius": 3.0,
        "DimX": 2.0,
        "DimY": 2.0,
        "DimZ": 12.0,
        "PointList": []
      },
      "CampID": 4,
      "MapLayerID": 1,
      "CustomTriggerMap": {},
      "BridgeStateRotations": [],
      "DialogueGroups": [],
      "TalkDialogGroupIDList": [],
      "ServerInteractVerificationIDList": []
    },
    {
      "ID": 300002,
      "PosX": -0.12,
      "PosY": -0.347877,
      "PosZ": 29.7,
      "Name": "Prop2",
      "RotY": 270.2602,
      "PropID": 100,
      "IsOverrideInitLevelGraph": true,
      "Trigger": {
        "Shape": "Box",
        "Radius": 3.0,
        "DimX": 2.0,
        "DimY": 2.0,
        "DimZ": 20.0,
        "PointList": []
      },
      "CampID": 4,
      "MapLayerID": 1,
      "CustomTriggerMap": {},
      "BridgeStateRotations": [],
      "DialogueGroups": [],
      "TalkDialogGroupIDList": [],
      "ServerInteractVerificationIDList": []
    }
  ],
  "NPCList": [
    {
      "ID": 400001,
      "PosX": 12.74,
      "PosY": -0.893038,
      "PosZ": 7.15,
      "Name": "NPC1",
      "RotY": 221.5367,
      "NPCID": 1008,
      "DialogueGroups": [
        200010001,
        500002001,
        500002002
      ],
      "ServerInteractVerificationIDList": [],
      "DefaultLookAtMode": "Closed",
      "MapLayerID": 1,
      "BoardShowList": [
        4
      ],
      "TalkDialogGroupIDList": [
        500002000
      ],
      "DefaultIdleFreeStyleMotionID": 310080221,
      "InitialHiddenNodeList": [],
      "Dialog": {
        "LevelGraph": "Config/Level/NPCDialogue/P10001/F10001001_G7/DialogueMain_F10001001_G7_N400001.json",
        "PackList": [
          {
            "Name": "Transferred",
            "LevelGraph": "Config/Level/NPCDialogue/P10001/F10001001_G7/DialoguePack_Transferred_F10001001_G7_N400001.json"
          }
        ]
      },
      "ConnectWithSubMissionIDList": [
        200010001
      ]
    }
  ]
}