{
  "GroupGUID": "c8276d8a-c849-439f-8a3c-95d5b6e5a3ab",
  "GroupName": "Default",
  "ConfigPrefabPath": "Level/Mission/1000101/MainMission_1000101.prefab",
  "AreaAnchorName": "LevelArea_P10001_F10001001_G2",
  "SaveType": "Reset",
  "LoadOnInitial": true,
  "ConflictIDList": [],
  "AnchorList": [
    {
      "ID": 1,
      "PosY": 0.367083,
      "PosZ": -45.508,
      "Name": "Anchor1",
      "MapLayerID": 1
    }
  ],
  "MonsterList": [],
  "PropList": [
    {
      "ID": 300001,
      "PosX": 8.076,
      "PosY": 0.374,
      "PosZ": -36.36,
      "Name": "Prop1",
      "RotY": 260.0,
      "Scale": {
        "x": 2.0,
        "y": 1.0,
        "z": 1.0
      },
      "PropID": 100006,
      "IsOverrideInitLevelGraph": true,
      "InitLevelGraph": "Config/Level/Props/Chap00/InitLevelGraph_Prop_Chap00_BlockLine_01.json",
      "CampID": 4,
      "MapLayerID": 1,
      "CustomTriggerMap": {},
      "BridgeStateRotations": [],
      "DialogueGroups": [],
      "TalkDialogGroupIDList": [],
      "ServerInteractVerificationIDList": []
    },
    {
      "ID": 300002,
      "PosX": -15.22,
      "PosY": -0.52,
      "PosZ": -30.04,
      "Name": "Prop2",
      "RotY": 135.0,
      "Scale": {
        "x": 1.3,
        "y": 1.0,
        "z": 1.0
      },
      "PropID": 100006,
      "IsOverrideInitLevelGraph": true,
      "InitLevelGraph": "Config/Level/Props/Chap00/InitLevelGraph_Prop_Chap00_BlockLine_01.json",
      "CampID": 4,
      "MapLayerID": 1,
      "CustomTriggerMap": {},
      "BridgeStateRotations": [],
      "DialogueGroups": [],
      "TalkDialogGroupIDList": [],
      "ServerInteractVerificationIDList": []
    },
    {
      "ID": 300003,
      "PosX": -15.45,
      "PosY": -0.695432,
      "PosZ": 0.01,
      "Name": "Prop3",
      "RotY": 225.0,
      "Scale": {
        "x": 1.5,
        "y": 1.0,
        "z": 1.0
      },
      "PropID": 100006,
      "IsOverrideInitLevelGraph": true,
      "InitLevelGraph": "Config/Level/Props/Chap00/InitLevelGraph_Prop_Chap00_BlockLine_01.json",
      "CampID": 4,
      "MapLayerID": 1,
      "CustomTriggerMap": {},
      "BridgeStateRotations": [],
      "DialogueGroups": [],
      "TalkDialogGroupIDList": [],
      "ServerInteractVerificationIDList": []
    },
    {
      "ID": 300004,
      "PosX": 15.4,
      "PosY": -0.695432,
      "PosZ": 0.05,
      "Name": "Prop4",
      "RotY": 135.0,
      "Scale": {
        "x": 1.5,
        "y": 1.0,
        "z": 1.0
      },
      "PropID": 100006,
      "IsOverrideInitLevelGraph": true,
      "InitLevelGraph": "Config/Level/Props/Chap00/InitLevelGraph_Prop_Chap00_BlockLine_01.json",
      "CampID": 4,
      "MapLayerID": 1,
      "CustomTriggerMap": {},
      "BridgeStateRotations": [],
      "DialogueGroups": [],
      "TalkDialogGroupIDList": [],
      "ServerInteractVerificationIDList": []
    },
    {
      "ID": 300005,
      "PosX": -53.227,
      "PosY": 4.923043,
      "PosZ": -58.342,
      "Name": "Prop5",
      "PropID": 100,
      "IsOverrideInitLevelGraph": true,
      "InitLevelGraph": "Config/Level/Maze/MazeRogue/Maze_Rogue_Prop_Door.json",
      "Trigger": {
        "Radius": 2.0,
        "DimX": 1.0,
        "DimY": 1.0,
        "DimZ": 1.0,
        "PointList": []
      },
      "CampID": 4,
      "MapLayerID": 1,
      "CustomTriggerMap": {},
      "BridgeStateRotations": [],
      "DialogueGroups": [],
      "TalkDialogGroupIDList": [],
      "ServerInteractVerificationIDList": []
    }
  ],
  "NPCList": []
}