{
  "GroupGUID": "9e34c652-d6cf-4876-87fa-b1acac0e94a9",
  "GroupName": "RogueRoomEntrance",
  "AreaAnchorName": "LevelArea_P10001_F10001001_G1",
  "LoadCondition": {
    "Conditions": [
      {
        "Type": "SubMission",
        "Phase": "Finish",
        "ID": 100040121
      }
    ]
  },
  "LoadSide": "Server",
  "ConflictIDList": [],
  "AnchorList": [
    {
      "ID": 1,
      "PosX": -53.121,
      "PosY": 4.91183,
      "PosZ": -58.063,
      "Name": "Anchor1",
      "RotY": 180.0,
      "MapLayerID": 1
    }
  ],
  "MonsterList": [],
  "PropList": [
    {
      "ID": 300002,
      "PosX": -53.11896,
      "PosY": 6.851239,
      "PosZ": -60.16603,
      "Name": "Prop2",
      "PropID": 905,
      "IsOverrideInitLevelGraph": true,
      "InitLevelGraph": "Config/Level/Maze/Chapter01/Town/Town_Chapter01_Entry.json",
      "ValueSource": {
        "Values": [
          {
            "$type": "SharedString",
            "Key": "ButtonTextFloorName",
            "Value": "FloorName_80112001"
          },
          {
            "$type": "SharedUint",
            "Key": "EnterMapEntranceID",
            "Value": 16022402
          }
        ]
      },
      "Trigger": {
        "Radius": 1.5,
        "DimX": 1.0,
        "DimY": 1.0,
        "DimZ": 1.0,
        "PointList": []
      },
      "CampID": 4,
      "State": "CheckPointEnable",
      "MapLayerID": 1,
      "CustomTriggerMap": {},
      "BridgeStateRotations": [],
      "AnchorGroupID": 1,
      "AnchorID": 1,
      "MappingInfoID": 2219,
      "DialogueGroups": [],
      "TalkDialogGroupIDList": [],
      "ServerInteractVerificationIDList": [],
      "OverrideMapIconType": 102
    }
  ],
  "NPCList": []
}