{
  "GroupGUID": "f3e4874e-6caa-4109-b257-7740278baae8",
  "GroupName": "SubReadingStar3",
  "AreaAnchorName": "LevelArea_P10001_F10001001_G14",
  "LoadCondition": {
    "Conditions": [
      {
        "Type": "SubMission",
        "Phase": "Finish",
        "ID": 200011032
      }
    ]
  },
  "LoadSide": "Server",
  "AnchorList": [],
  "MonsterList": [],
  "PropList": [
    {
      "ID": 300001,
      "PosX": -8.312,
      "PosY": -1.85,
      "PosZ": 30.91,
      "Name": "Prop1",
      "RotY": 21.8022,
      "PropID": 101030,
      "IsOverrideInitLevelGraph": true,
      "InitLevelGraph": "Config/Level/Props/Common/InitLevelGraph_Prop_Common_PickupReadings.json",
      "CampID": 4,
      "State": "EventClose",
      "EventID": 20001508,
      "MapLayerID": 1,
      "OverrideHintRange": 50.0,
      "BridgeStateRotations": [],
      "DialogueGroups": [],
      "ServerInteractVerificationIDList": []
    }
  ],
  "NPCList": []
}