{
  "GroupGUID": "640fb3c7-8da3-49fb-ab05-c5fb20e9164a",
  "GroupName": "NPCYST",
  "AreaAnchorName": "LevelArea_P10001_F10001001_G33",
  "SaveType": "Reset",
  "LoadCondition": {
    "Conditions": [
      {
        "Phase": "Finish",
        "ID": 1000401
      },
      {
        "Phase": "Finish",
        "ID": 2000113
      }
    ],
    "Operation": "Or",
    "DelayToLevelReload": true
  },
  "ConflictIDList": [],
  "AnchorList": [],
  "MonsterList": [],
  "PropList": [],
  "NPCList": [
    {
      "ID": 400001,
      "PosX": 30.425,
      "PosY": 3.759338,
      "PosZ": -24.987,
      "Name": "NPC1",
      "RotY": 329.2328,
      "NPCID": 10404,
      "DialogueGroups": [
        500001902,
        500001903,
        300030101,
        300030102,
        300030201,
        300030205,
        300030301,
        300030302
      ],
      "ServerInteractVerificationIDList": [],
      "DefaultLookAtMode": "Closed",
      "MapLayerID": 1,
      "BoardShowList": [
        1,
        4,
        8,
        64
      ],
      "FirstDialogueGroupID": 500001901,
      "TalkDialogGroupIDList": [
        500001900
      ],
      "DefaultIdleFreeStyleMotionID": 100030000,
      "InitialHiddenNodeList": [],
      "Dialog": {
        "LevelGraph": "Config/Level/NPCDialogue/P10001/F10001001_G33/DialogueMain_F10001001_G33_N400001.json",
        "PackList": [
          {
            "Name": "Transferred",
            "LevelGraph": "Config/Level/NPCDialogue/P10001/F10001001_G33/DialoguePack_Transferred_F10001001_G33_N400001.json"
          }
        ]
      },
      "ConnectWithSubMissionIDList": [
        300030101,
        300030105,
        300030201,
        300030205,
        300030301,
        300030305
      ]
    }
  ]
}