{
  "GroupGUID": "955ed8ba-141d-47b6-ba5a-aa58abacfe27",
  "GroupName": "NPC_WSL2",
  "AreaAnchorName": "LevelArea_P10001_F10001001_G30",
  "SaveType": "Reset",
  "ConflictIDList": [],
  "AnchorList": [],
  "MonsterList": [],
  "PropList": [],
  "NPCList": [
    {
      "ID": 400001,
      "PosX": 1.27,
      "PosY": -0.261426,
      "PosZ": -18.708,
      "Name": "NPC1",
      "RotY": 266.144,
      "NPCID": 10302,
      "DialogueGroups": [
        500001406,
        500001407
      ],
      "ServerInteractVerificationIDList": [],
      "DefaultIdleStateName": "Shy01Loop",
      "DefaultLookAtMode": "Closed",
      "MapLayerID": 1,
      "BoardShowList": [
        1,
        4,
        8,
        64
      ],
      "FirstDialogueGroupID": 500001405,
      "TalkDialogGroupIDList": [
        500001404
      ],
      "DefaultIdleFreeStyleMotionID": 100040327,
      "InitialHiddenNodeList": [],
      "Dialog": {
        "LevelGraph": "Config/Level/NPCDialogue/P10001/F10001001_G30/DialogueMain_F10001001_G30_N400001.json",
        "PackList": [
          {
            "Name": "Transferred",
            "LevelGraph": "Config/Level/NPCDialogue/P10001/F10001001_G30/DialoguePack_Transferred_F10001001_G30_N400001.json"
          }
        ]
      }
    }
  ]
}