{
  "GroupGUID": "e5888475-64b6-4cab-9c75-77dd12224ce6",
  "GroupName": "NPCYST",
  "AreaAnchorName": "LevelArea_P10001_F10001001_G32",
  "SaveType": "Reset",
  "ConflictIDList": [],
  "AnchorList": [],
  "MonsterList": [],
  "PropList": [],
  "NPCList": [
    {
      "ID": 400001,
      "PosX": 30.425,
      "PosY": 3.759338,
      "PosZ": -24.987,
      "Name": "NPC1",
      "RotY": 329.2328,
      "NPCID": 10404,
      "DialogueGroups": [
        200011201,
        200011225,
        200011226
      ],
      "ServerInteractVerificationIDList": [],
      "DefaultLookAtMode": "Closed",
      "MapLayerID": 1,
      "BoardShowList": [
        1,
        4,
        8,
        64
      ],
      "TalkDialogGroupIDList": [],
      "DefaultIdleFreeStyleMotionID": 100030000,
      "InitialHiddenNodeList": [],
      "Dialog": {
        "LevelGraph": "Config/Level/NPCDialogue/P10001/F10001001_G32/DialogueMain_F10001001_G32_N400001.json",
        "PackList": [
          {
            "Name": "Transferred",
            "LevelGraph": "Config/Level/NPCDialogue/P10001/F10001001_G32/DialoguePack_Transferred_F10001001_G32_N400001.json"
          }
        ],
        "EnableCondition": {
          "Conditions": [
            {
              "Type": "SubMission",
              "ID": 200011201
            },
            {
              "Type": "SubMission",
              "ID": 200011225
            },
            {
              "Type": "SubMission",
              "ID": 200011226
            }
          ],
          "Operation": "Or"
        }
      },
      "ConnectWithSubMissionIDList": [
        200011201,
        200011225,
        200011226
      ]
    }
  ]
}