{
  "GroupGUID": "d09ce033-a994-405a-995a-393f51007b49",
  "GroupName": "EnvNPCs",
  "AreaAnchorName": "LevelArea_P10001_F10001001_G67",
  "SaveType": "Reset",
  "LoadCondition": {
    "Conditions": [
      {
        "Phase": "Finish",
        "ID": 1000204
      }
    ]
  },
  "UnloadCondition": {
    "Conditions": [
      {
        "Phase": "Finish",
        "ID": 1000302
      }
    ]
  },
  "RandomInit": {
    "ControlList": [
      {
        "ControlID": 1,
        "Weight": 1.0,
        "NPCIDList": [
          400001,
          400002,
          400003,
          400004,
          400005,
          400006,
          400007,
          400008,
          400009,
          400011
        ],
        "PropIDList": [
          300001,
          300002,
          300003,
          300004,
          300005,
          300006
        ],
        "CrowdIDList": []
      }
    ]
  },
  "ConflictIDList": [],
  "AnchorList": [],
  "MonsterList": [],
  "PropList": [
    {
      "ID": 300001,
      "PosX": 4.097,
      "PosY": 0.191618,
      "PosZ": -31.856,
      "Name": "Prop1",
      "PropID": 100,
      "IsOverrideInitLevelGraph": true,
      "InitLevelGraph": "Config/Level/CrowdBubble/10001001/Crowd_10001001_11_1.json",
      "Trigger": {
        "Radius": 3.5,
        "DimX": 1.0,
        "DimY": 1.0,
        "DimZ": 1.0,
        "PointList": []
      },
      "CampID": 4,
      "MapLayerID": 1,
      "CustomTriggerMap": {},
      "BridgeStateRotations": [],
      "DialogueGroups": [],
      "TalkDialogGroupIDList": [],
      "ServerInteractVerificationIDList": []
    },
    {
      "ID": 300002,
      "PosX": 4.097,
      "PosY": 0.191618,
      "PosZ": -31.856,
      "Name": "Prop2",
      "PropID": 100,
      "IsOverrideInitLevelGraph": true,
      "InitLevelGraph": "Config/Level/CrowdBubble/10001001/Crowd_10001001_11_1_Stop.json",
      "Trigger": {
        "Radius": 3.5,
        "DimX": 1.0,
        "DimY": 1.0,
        "DimZ": 1.0,
        "PointList": []
      },
      "CampID": 4,
      "MapLayerID": 1,
      "CustomTriggerMap": {},
      "BridgeStateRotations": [],
      "DialogueGroups": [],
      "TalkDialogGroupIDList": [],
      "ServerInteractVerificationIDList": []
    },
    {
      "ID": 300003,
      "PosX": 4.097,
      "PosY": 0.191618,
      "PosZ": -31.856,
      "Name": "Prop3",
      "PropID": 100,
      "IsOverrideInitLevelGraph": true,
      "InitLevelGraph": "Config/Level/CrowdBubble/10001001/Crowd_10001001_11_1_Conversation.json",
      "Trigger": {
        "Radius": 2.0,
        "DimX": 1.0,
        "DimY": 1.0,
        "DimZ": 1.0,
        "PointList": []
      },
      "CampID": 4,
      "MapLayerID": 1,
      "CustomTriggerMap": {},
      "BridgeStateRotations": [],
      "DialogueGroups": [],
      "TalkDialogGroupIDList": [],
      "ServerInteractVerificationIDList": []
    },
    {
      "ID": 300004,
      "PosX": -3.849,
      "PosY": 0.350213,
      "PosZ": -12.889,
      "Name": "Prop4",
      "PropID": 100,
      "IsOverrideInitLevelGraph": true,
      "InitLevelGraph": "Config/Level/CrowdBubble/10001001/Crowd_10001001_12_1.json",
      "Trigger": {
        "Radius": 3.5,
        "DimX": 1.0,
        "DimY": 1.0,
        "DimZ": 1.0,
        "PointList": []
      },
      "CampID": 4,
      "MapLayerID": 1,
      "CustomTriggerMap": {},
      "BridgeStateRotations": [],
      "DialogueGroups": [],
      "TalkDialogGroupIDList": [],
      "ServerInteractVerificationIDList": []
    },
    {
      "ID": 300005,
      "PosX": -3.849,
      "PosY": 0.350213,
      "PosZ": -12.889,
      "Name": "Prop5",
      "PropID": 100,
      "IsOverrideInitLevelGraph": true,
      "InitLevelGraph": "Config/Level/CrowdBubble/10001001/Crowd_10001001_12_1_Stop.json",
      "Trigger": {
        "Radius": 3.5,
        "DimX": 1.0,
        "DimY": 1.0,
        "DimZ": 1.0,
        "PointList": []
      },
      "CampID": 4,
      "MapLayerID": 1,
      "CustomTriggerMap": {},
      "BridgeStateRotations": [],
      "DialogueGroups": [],
      "TalkDialogGroupIDList": [],
      "ServerInteractVerificationIDList": []
    },
    {
      "ID": 300006,
      "PosX": -3.849,
      "PosY": 0.350213,
      "PosZ": -12.889,
      "Name": "Prop6",
      "PropID": 100,
      "IsOverrideInitLevelGraph": true,
      "InitLevelGraph": "Config/Level/CrowdBubble/10001001/Crowd_10001001_12_1_Conversation.json",
      "Trigger": {
        "Radius": 2.0,
        "DimX": 1.0,
        "DimY": 1.0,
        "DimZ": 1.0,
        "PointList": []
      },
      "CampID": 4,
      "MapLayerID": 1,
      "CustomTriggerMap": {},
      "BridgeStateRotations": [],
      "DialogueGroups": [],
      "TalkDialogGroupIDList": [],
      "ServerInteractVerificationIDList": []
    }
  ],
  "NPCList": [
    {
      "ID": 400001,
      "PosX": 4.097,
      "PosY": 0.191618,
      "PosZ": -31.856,
      "Name": "NPC1",
      "RotY": 216.0947,
      "NPCID": 10211,
      "DialogueGroups": [],
      "ServerInteractVerificationIDList": [],
      "DefaultLookAtMode": "Closed",
      "MapLayerID": 1,
      "BoardShowList": [
        8
      ],
      "TalkDialogGroupIDList": [],
      "DefaultIdleFreeStyleMotionID": 100020291,
      "BornType": "Permanent",
      "InitialHiddenNodeList": []
    },
    {
      "ID": 400002,
      "PosX": -3.879,
      "PosY": 0.19353,
      "PosZ": -12.12,
      "Name": "NPC2",
      "RotY": 179.1401,
      "NPCID": 10209,
      "DialogueGroups": [],
      "ServerInteractVerificationIDList": [],
      "DefaultLookAtMode": "Closed",
      "MapLayerID": 1,
      "BoardShowList": [
        8
      ],
      "TalkDialogGroupIDList": [],
      "DefaultIdleFreeStyleMotionID": 100020231,
      "BornType": "Permanent",
      "InitialHiddenNodeList": []
    },
    {
      "ID": 400003,
      "PosX": -3.838,
      "PosY": 0.257717,
      "PosZ": -13.544,
      "Name": "NPC3",
      "RotY": 3.801219,
      "NPCID": 10111,
      "DialogueGroups": [],
      "ServerInteractVerificationIDList": [],
      "DefaultLookAtMode": "Closed",
      "MapLayerID": 1,
      "BoardShowList": [
        8
      ],
      "TalkDialogGroupIDList": [],
      "DefaultIdleFreeStyleMotionID": 100010222,
      "BornType": "Permanent",
      "InitialHiddenNodeList": []
    },
    {
      "ID": 400004,
      "PosX": 8.592001,
      "PosY": 0.35768,
      "PosZ": -37.867,
      "Name": "NPC4",
      "RotY": 228.852,
      "NPCID": 10113,
      "DialogueGroups": [],
      "ServerInteractVerificationIDList": [],
      "DefaultLookAtMode": "Closed",
      "MapLayerID": 1,
      "BoardShowList": [],
      "TalkDialogGroupIDList": [],
      "DefaultIdleFreeStyleMotionID": 100010333,
      "BornType": "Permanent",
      "InitialHiddenNodeList": []
    },
    {
      "ID": 400005,
      "PosX": -1.494,
      "PosY": 0.602006,
      "PosZ": -53.46,
      "Name": "NPC5",
      "RotY": 162.5017,
      "NPCID": 10112,
      "DialogueGroups": [],
      "ServerInteractVerificationIDList": [],
      "DefaultIdleStateName": "Sick01Loop",
      "DefaultLookAtMode": "Closed",
      "MapLayerID": 1,
      "BoardShowList": [],
      "TalkDialogGroupIDList": [],
      "DefaultIdleFreeStyleMotionID": 100010306,
      "BornType": "Permanent",
      "InitialHiddenNodeList": []
    },
    {
      "ID": 400006,
      "PosX": 6.701,
      "PosY": 0.190187,
      "PosZ": -39.241,
      "Name": "NPC6",
      "RotY": 226.4383,
      "NPCID": 10120,
      "DialogueGroups": [],
      "ServerInteractVerificationIDList": [],
      "DefaultIdleStateName": "HoldArm01Loop",
      "DefaultLookAtMode": "Closed",
      "MapLayerID": 1,
      "BoardShowList": [],
      "TalkDialogGroupIDList": [],
      "DefaultIdleFreeStyleMotionID": 100010231,
      "BornType": "Permanent",
      "InitialHiddenNodeList": []
    },
    {
      "ID": 400007,
      "PosX": -8.071,
      "PosY": 0.342676,
      "PosZ": -34.365,
      "Name": "NPC7",
      "RotY": 150.2391,
      "NPCID": 10121,
      "DialogueGroups": [],
      "ServerInteractVerificationIDList": [],
      "DefaultIdleStateName": "Akimbo02Loop",
      "DefaultLookAtMode": "Closed",
      "MapLayerID": 1,
      "BoardShowList": [],
      "TalkDialogGroupIDList": [],
      "DefaultIdleFreeStyleMotionID": 100010216,
      "BornType": "Permanent",
      "InitialHiddenNodeList": []
    },
    {
      "ID": 400008,
      "PosX": -11.863,
      "PosY": 0.176713,
      "PosZ": -30.008,
      "Name": "NPC8",
      "RotY": 111.293,
      "NPCID": 10207,
      "DialogueGroups": [],
      "ServerInteractVerificationIDList": [],
      "DefaultIdleStateName": "Distress01Loop",
      "DefaultLookAtMode": "Closed",
      "MapLayerID": 1,
      "BoardShowList": [],
      "TalkDialogGroupIDList": [],
      "DefaultIdleFreeStyleMotionID": 100020291,
      "OverrideSeriesID": 4294967295,
      "BornType": "Permanent",
      "InitialHiddenNodeList": []
    },
    {
      "ID": 400009,
      "PosX": -10.789,
      "PosY": 0.176713,
      "PosZ": -29.82,
      "Name": "NPC9",
      "RotY": 185.7078,
      "NPCID": 10110,
      "DialogueGroups": [],
      "ServerInteractVerificationIDList": [],
      "DefaultIdleStateName": "Sick01Loop",
      "DefaultLookAtMode": "Closed",
      "MapLayerID": 1,
      "BoardShowList": [],
      "TalkDialogGroupIDList": [],
      "DefaultIdleFreeStyleMotionID": 100010306,
      "BornType": "Permanent",
      "InitialHiddenNodeList": []
    },
    {
      "ID": 400010,
      "PosX": 12.443,
      "PosY": -0.892947,
      "PosZ": 8.446,
      "Name": "NPC10",
      "RotY": 210.7752,
      "NPCID": 10120,
      "DialogueGroups": [],
      "ServerInteractVerificationIDList": [],
      "DefaultIdleStateName": "HoldArm01Loop",
      "DefaultLookAtMode": "Closed",
      "MapLayerID": 1,
      "BoardShowList": [],
      "TalkDialogGroupIDList": [],
      "DefaultIdleFreeStyleMotionID": 100010231,
      "BornType": "Permanent",
      "InitialHiddenNodeList": []
    },
    {
      "ID": 400011,
      "PosX": 11.42,
      "PosY": -0.892972,
      "PosZ": 8.183,
      "Name": "NPC11",
      "RotY": 134.1114,
      "NPCID": 10121,
      "DialogueGroups": [],
      "ServerInteractVerificationIDList": [],
      "DefaultIdleStateName": "Think01Loop",
      "DefaultLookAtMode": "Closed",
      "MapLayerID": 1,
      "BoardShowList": [],
      "TalkDialogGroupIDList": [],
      "DefaultIdleFreeStyleMotionID": 100010222,
      "BornType": "Permanent",
      "InitialHiddenNodeList": []
    }
  ]
}