{
  "GroupGUID": "3750ec51-38a1-47d5-90ac-5fb6ff123d1e",
  "GroupName": "SubMission2000110",
  "AreaAnchorName": "LevelArea_P10001_F10001001_G16",
  "SaveType": "Reset",
  "LoadCondition": {
    "Conditions": [
      {
        "Type": "SubMission",
        "Phase": "Finish",
        "ID": 200011007
      }
    ]
  },
  "UnloadCondition": {
    "Conditions": [
      {
        "Phase": "Finish",
        "ID": 2000119
      }
    ],
    "DelayToLevelReload": true
  },
  "ConflictIDList": [],
  "AnchorList": [
    {
      "ID": 1,
      "PosX": -0.137632,
      "PosY": -0.263439,
      "PosZ": 34.53814,
      "Name": "Anchor1",
      "MapLayerID": 1
    }
  ],
  "MonsterList": [],
  "PropList": [
    {
      "ID": 300001,
      "PosX": -8.55,
      "PosY": -0.268284,
      "PosZ": 31.03,
      "Name": "Prop1",
      "PropID": 100,
      "IsOverrideInitLevelGraph": true,
      "Trigger": {
        "Radius": 1.5,
        "DimX": 1.0,
        "DimY": 1.0,
        "DimZ": 1.0,
        "PointList": []
      },
      "CampID": 4,
      "MapLayerID": 1,
      "CustomTriggerMap": {},
      "BridgeStateRotations": [],
      "DialogueGroups": [],
      "TalkDialogGroupIDList": [],
      "ServerInteractVerificationIDList": []
    }
  ],
  "NPCList": [
    {
      "ID": 400001,
      "PosX": -8.499,
      "PosY": -0.258115,
      "PosZ": 30.948,
      "Name": "NPC1",
      "RotY": 63.53872,
      "NPCID": 10403,
      "DialogueGroups": [
        200011031,
        200011032
      ],
      "ServerInteractVerificationIDList": [],
      "DefaultLookAtMode": "Closed",
      "MapLayerID": 1,
      "BoardShowList": [
        1,
        4,
        8,
        64
      ],
      "TalkDialogGroupIDList": [],
      "DefaultIdleFreeStyleMotionID": 100030000,
      "InitialHiddenNodeList": [],
      "Dialog": {
        "LevelGraph": "Config/Level/NPCDialogue/P10001/F10001001_G16/DialogueMain_F10001001_G16_N400001.json",
        "PackList": [
          {
            "Name": "Transferred",
            "LevelGraph": "Config/Level/NPCDialogue/P10001/F10001001_G16/DialoguePack_Transferred_F10001001_G16_N400001.json"
          }
        ],
        "EnableCondition": {
          "Conditions": [
            {
              "Type": "SubMission",
              "ID": 200011031
            },
            {
              "Type": "SubMission",
              "ID": 200011032
            }
          ],
          "Operation": "Or"
        }
      },
      "ConnectWithSubMissionIDList": [
        200011031,
        200011032
      ]
    }
  ]
}