{
  "GroupGUID": "edb98bb2-7280-4eaf-b63b-981c8493e1c4",
  "GroupName": "MainMission3000301_",
  "Category": "Mission",
  "AreaAnchorName": "LevelArea_P10001_F10001001_G103",
  "SaveType": "Reset",
  "LoadCondition": {
    "Conditions": [
      {
        "Type": "SubMission",
        "ID": 300030102
      }
    ]
  },
  "UnloadCondition": {
    "Conditions": [
      {
        "Type": "SubMission",
        "Phase": "Finish",
        "ID": 300030102
      }
    ]
  },
  "OwnerMainMissionID": 3000301,
  "ConflictIDList": [],
  "AnchorList": [],
  "MonsterList": [],
  "PropList": [
    {
      "ID": 300001,
      "PosX": -27.96,
      "PosY": -0.868884,
      "PosZ": -6.266,
      "Name": "Prop1",
      "PropID": 100,
      "IsOverrideInitLevelGraph": true,
      "InitLevelGraph": "Config/Level/Props/Common/InitLevelGraph_Prop_Common_Photo_FuncBtn.json ",
      "Trigger": {
        "Radius": 12.0,
        "DimX": 1.0,
        "DimY": 1.0,
        "DimZ": 1.0,
        "PointList": []
      },
      "CampID": 4,
      "MapLayerID": 1,
      "CustomTriggerMap": {},
      "BridgeStateRotations": [],
      "DialogueGroups": [],
      "TalkDialogGroupIDList": [],
      "ServerInteractVerificationIDList": []
    },
    {
      "ID": 300002,
      "PosX": -6.741,
      "PosY": -0.893598,
      "PosZ": 13.945,
      "IsDelete": true,
      "Name": "Prop2",
      "RotY": 5.662496,
      "PropID": 100,
      "IsOverrideInitLevelGraph": true,
      "InitLevelGraph": "Config/Level/Props/Common/InitLevelGraph_Prop_Common_Photo_FuncBtn.json ",
      "Trigger": {
        "Radius": 12.0,
        "DimX": 1.0,
        "DimY": 1.0,
        "DimZ": 1.0,
        "PointList": []
      },
      "CampID": 4,
      "MapLayerID": 1,
      "CustomTriggerMap": {},
      "BridgeStateRotations": [],
      "DialogueGroups": [],
      "TalkDialogGroupIDList": [],
      "ServerInteractVerificationIDList": []
    }
  ],
  "NPCList": []
}