{
  "GroupGUID": "ee507229-2625-430a-b2df-264bb7f68cc3",
  "GroupName": "Investigative",
  "AreaAnchorName": "LevelArea_P10001_F10001001_G20",
  "SaveType": "Reset",
  "LoadOnInitial": true,
  "ConflictIDList": [],
  "AnchorList": [],
  "MonsterList": [],
  "PropList": [
    {
      "ID": 300001,
      "PosX": -37.264,
      "PosY": 5.191,
      "PosZ": -45.559,
      "Name": "Prop1",
      "RotY": 90.0,
      "PropID": 120,
      "IsOverrideInitLevelGraph": true,
      "Trigger": {
        "Shape": "Box",
        "Radius": 1.0,
        "DimX": 1.0,
        "DimY": 1.0,
        "DimZ": 2.0,
        "Offset": {
          "x": 0.8
        },
        "PointList": []
      },
      "CampID": 4,
      "State": "Open",
      "MapLayerID": 1,
      "CustomTriggerMap": {},
      "BridgeStateRotations": [],
      "DialogueGroups": [],
      "TalkDialogGroupIDList": [
        500011301,
        500011302,
        500011303
      ],
      "TalkChosenType": "random",
      "ServerInteractVerificationIDList": []
    },
    {
      "ID": 300002,
      "PosX": -14.385,
      "PosY": 1.62,
      "PosZ": -45.374,
      "Name": "Prop2",
      "RotY": 310.8887,
      "PropID": 120,
      "IsOverrideInitLevelGraph": true,
      "Trigger": {
        "Shape": "Box",
        "Radius": 1.0,
        "DimX": 1.0,
        "DimY": 1.0,
        "DimZ": 2.0,
        "Offset": {
          "x": 0.76
        },
        "PointList": []
      },
      "CampID": 4,
      "State": "Open",
      "MapLayerID": 1,
      "CustomTriggerMap": {},
      "BridgeStateRotations": [],
      "DialogueGroups": [],
      "TalkDialogGroupIDList": [
        500011401,
        500011402
      ],
      "TalkChosenType": "random",
      "ServerInteractVerificationIDList": []
    },
    {
      "ID": 300003,
      "PosX": -11.3,
      "PosY": 1.266,
      "PosZ": -29.104,
      "Name": "Prop3",
      "RotY": 309.4517,
      "PropID": 120,
      "IsOverrideInitLevelGraph": true,
      "Trigger": {
        "Shape": "Box",
        "Radius": 0.5,
        "DimX": 1.0,
        "DimY": 1.0,
        "DimZ": 1.0,
        "Offset": {
          "z": -0.58
        },
        "PointList": []
      },
      "CampID": 4,
      "State": "Open",
      "MapLayerID": 1,
      "CustomTriggerMap": {},
      "BridgeStateRotations": [],
      "DialogueGroups": [],
      "TalkDialogGroupIDList": [
        500011501,
        500011502,
        500011503
      ],
      "TalkChosenType": "random",
      "ServerInteractVerificationIDList": []
    },
    {
      "ID": 300004,
      "PosX": 10.53954,
      "PosY": -0.93,
      "PosZ": 19.58305,
      "Name": "Prop4",
      "RotY": 256.2521,
      "PropID": 100,
      "IsOverrideInitLevelGraph": true,
      "Trigger": {
        "Radius": 1.0,
        "DimX": 1.0,
        "DimY": 1.0,
        "DimZ": 1.0,
        "PointList": []
      },
      "CampID": 4,
      "MapLayerID": 1,
      "CustomTriggerMap": {},
      "BridgeStateRotations": [],
      "DialogueGroups": [],
      "TalkDialogGroupIDList": [
        500011801
      ],
      "TalkChosenType": "random",
      "ServerInteractVerificationIDList": [],
      "StageObjectCapture": {
        "BlockAlias": "Prop05",
        "PrefabAlias": "BillBoard_A_1"
      }
    },
    {
      "ID": 300005,
      "PosX": 13.715,
      "PosY": -0.92923,
      "PosZ": 7.200207,
      "Name": "Prop5",
      "RotY": 256.777,
      "PropID": 100,
      "IsOverrideInitLevelGraph": true,
      "Trigger": {
        "Radius": 1.0,
        "DimX": 1.0,
        "DimY": 1.0,
        "DimZ": 1.0,
        "PointList": []
      },
      "CampID": 4,
      "MapLayerID": 1,
      "CustomTriggerMap": {},
      "BridgeStateRotations": [],
      "DialogueGroups": [],
      "TalkDialogGroupIDList": [
        500011801
      ],
      "TalkChosenType": "random",
      "ServerInteractVerificationIDList": [],
      "StageObjectCapture": {
        "BlockAlias": "Prop05",
        "PrefabAlias": "BillBoard_A_0"
      }
    },
    {
      "ID": 300006,
      "PosX": 40.223,
      "PosY": 4.92,
      "PosZ": -39.238,
      "Name": "Prop6",
      "RotY": 44.62844,
      "PropID": 100,
      "IsOverrideInitLevelGraph": true,
      "Trigger": {
        "Radius": 1.0,
        "DimX": 2.0,
        "DimY": 1.0,
        "DimZ": 3.0,
        "PointList": []
      },
      "CampID": 4,
      "MapLayerID": 1,
      "CustomTriggerMap": {},
      "BridgeStateRotations": [],
      "DialogueGroups": [],
      "TalkDialogGroupIDList": [
        500011801
      ],
      "TalkChosenType": "random",
      "ServerInteractVerificationIDList": [],
      "StageObjectCapture": {
        "BlockAlias": "Prop08",
        "PrefabAlias": "BillBoard_A_0"
      }
    },
    {
      "ID": 300007,
      "PosX": 27.29,
      "PosY": 4.316,
      "PosZ": -46.329,
      "Name": "Prop7",
      "RotY": 132.3402,
      "PropID": 100,
      "IsOverrideInitLevelGraph": true,
      "Trigger": {
        "Radius": 1.0,
        "DimX": 1.0,
        "DimY": 1.0,
        "DimZ": 1.0,
        "PointList": []
      },
      "CampID": 4,
      "MapLayerID": 1,
      "CustomTriggerMap": {},
      "BridgeStateRotations": [],
      "DialogueGroups": [],
      "TalkDialogGroupIDList": [
        500011801
      ],
      "TalkChosenType": "random",
      "ServerInteractVerificationIDList": [],
      "StageObjectCapture": {
        "BlockAlias": "Prop08",
        "PrefabAlias": "BillBoard_A_1"
      }
    },
    {
      "ID": 300008,
      "PosX": -7.313,
      "PosY": -3.279,
      "PosZ": -14.767,
      "Name": "Prop8",
      "RotY": 280.1847,
      "PropID": 100,
      "IsOverrideInitLevelGraph": true,
      "Trigger": {
        "Radius": 1.0,
        "DimX": 2.0,
        "DimY": 1.0,
        "DimZ": 3.0,
        "PointList": []
      },
      "CampID": 4,
      "MapLayerID": 1,
      "CustomTriggerMap": {},
      "BridgeStateRotations": [],
      "DialogueGroups": [],
      "TalkDialogGroupIDList": [
        500011801
      ],
      "TalkChosenType": "random",
      "ServerInteractVerificationIDList": [],
      "StageObjectCapture": {
        "BlockAlias": "Prop11",
        "PrefabAlias": "BillBoard_A_0"
      }
    },
    {
      "ID": 300009,
      "PosX": -7.577,
      "PosY": -3.279,
      "PosZ": -16.234,
      "Name": "Prop9",
      "RotY": 280.1847,
      "PropID": 100,
      "IsOverrideInitLevelGraph": true,
      "Trigger": {
        "Radius": 1.0,
        "DimX": 1.0,
        "DimY": 1.0,
        "DimZ": 1.0,
        "PointList": []
      },
      "CampID": 4,
      "MapLayerID": 1,
      "CustomTriggerMap": {},
      "BridgeStateRotations": [],
      "DialogueGroups": [],
      "TalkDialogGroupIDList": [
        500011801
      ],
      "TalkChosenType": "random",
      "ServerInteractVerificationIDList": [],
      "StageObjectCapture": {
        "BlockAlias": "Prop11",
        "PrefabAlias": "BillBoard_A_1"
      }
    },
    {
      "ID": 300010,
      "PosX": -27.435,
      "PosY": 4.3,
      "PosZ": -46.466,
      "Name": "Prop10",
      "RotY": 227.5337,
      "PropID": 100,
      "IsOverrideInitLevelGraph": true,
      "Trigger": {
        "Radius": 1.0,
        "DimX": 1.0,
        "DimY": 1.0,
        "DimZ": 1.0,
        "PointList": []
      },
      "CampID": 4,
      "MapLayerID": 1,
      "CustomTriggerMap": {},
      "BridgeStateRotations": [],
      "DialogueGroups": [],
      "TalkDialogGroupIDList": [
        500011801
      ],
      "TalkChosenType": "random",
      "ServerInteractVerificationIDList": [],
      "StageObjectCapture": {
        "BlockAlias": "Prop14",
        "PrefabAlias": "BillBoard_A_1"
      }
    },
    {
      "ID": 300011,
      "PosX": -40.397,
      "PosY": 4.92,
      "PosZ": -39.143,
      "Name": "Prop11",
      "RotY": 316.5738,
      "PropID": 100,
      "IsOverrideInitLevelGraph": true,
      "Trigger": {
        "Radius": 1.0,
        "DimX": 1.0,
        "DimY": 1.0,
        "DimZ": 1.0,
        "PointList": []
      },
      "CampID": 4,
      "MapLayerID": 1,
      "CustomTriggerMap": {},
      "BridgeStateRotations": [],
      "DialogueGroups": [],
      "TalkDialogGroupIDList": [
        500011801
      ],
      "TalkChosenType": "random",
      "ServerInteractVerificationIDList": [],
      "StageObjectCapture": {
        "BlockAlias": "Prop14",
        "PrefabAlias": "BillBoard_A_0"
      }
    },
    {
      "ID": 300012,
      "PosX": -15.233,
      "PosY": 0.173,
      "PosZ": -35.319,
      "Name": "Prop12",
      "RotY": 225.6682,
      "PropID": 100,
      "IsOverrideInitLevelGraph": true,
      "Trigger": {
        "Radius": 1.0,
        "DimX": 2.0,
        "DimY": 1.0,
        "DimZ": 3.0,
        "Offset": {
          "x": -1.15
        },
        "PointList": []
      },
      "CampID": 4,
      "MapLayerID": 1,
      "CustomTriggerMap": {},
      "BridgeStateRotations": [],
      "DialogueGroups": [],
      "TalkDialogGroupIDList": [
        500011802
      ],
      "TalkChosenType": "random",
      "ServerInteractVerificationIDList": [],
      "StageObjectCapture": {
        "BlockAlias": "Chap00_CloseView_ADV_Station_RestArea_01_BlockData",
        "PrefabAlias": "BillBoard_B_0"
      }
    },
    {
      "ID": 300013,
      "PosX": 15.303,
      "PosY": 0.173,
      "PosZ": -35.317,
      "Name": "Prop13",
      "RotY": 314.037,
      "PropID": 100,
      "IsOverrideInitLevelGraph": true,
      "Trigger": {
        "Radius": 1.0,
        "DimX": 2.0,
        "DimY": 1.0,
        "DimZ": 3.0,
        "Offset": {
          "x": -1.13
        },
        "PointList": []
      },
      "CampID": 4,
      "MapLayerID": 1,
      "CustomTriggerMap": {},
      "BridgeStateRotations": [],
      "DialogueGroups": [],
      "TalkDialogGroupIDList": [
        500011802
      ],
      "TalkChosenType": "random",
      "ServerInteractVerificationIDList": [],
      "StageObjectCapture": {
        "BlockAlias": "Chap00_CloseView_ADV_Station_RestArea_02_BlockData",
        "PrefabAlias": "BillBoard_B_0"
      }
    },
    {
      "ID": 300014,
      "PosX": 7.136001,
      "PosY": -3.276,
      "PosZ": -13.497,
      "Name": "Prop14",
      "RotY": 79.21062,
      "PropID": 100,
      "IsOverrideInitLevelGraph": true,
      "Trigger": {
        "Radius": 1.0,
        "DimX": 1.0,
        "DimY": 1.0,
        "DimZ": 1.0,
        "PointList": []
      },
      "CampID": 4,
      "MapLayerID": 1,
      "CustomTriggerMap": {},
      "BridgeStateRotations": [],
      "DialogueGroups": [],
      "TalkDialogGroupIDList": [
        500011802
      ],
      "TalkChosenType": "random",
      "ServerInteractVerificationIDList": [],
      "StageObjectCapture": {
        "BlockAlias": "Prop06",
        "PrefabAlias": "BillBoard_B_1"
      }
    },
    {
      "ID": 300015,
      "PosX": 6.859,
      "PosY": -3.276,
      "PosZ": -12.043,
      "Name": "Prop15",
      "RotY": 79.21062,
      "PropID": 100,
      "IsOverrideInitLevelGraph": true,
      "Trigger": {
        "Radius": 1.0,
        "DimX": 1.0,
        "DimY": 1.0,
        "DimZ": 1.0,
        "PointList": []
      },
      "CampID": 4,
      "MapLayerID": 1,
      "CustomTriggerMap": {},
      "BridgeStateRotations": [],
      "DialogueGroups": [],
      "TalkDialogGroupIDList": [
        500011802
      ],
      "TalkChosenType": "random",
      "ServerInteractVerificationIDList": [],
      "StageObjectCapture": {
        "BlockAlias": "Prop06",
        "PrefabAlias": "BillBoard_B_0"
      }
    },
    {
      "ID": 300016,
      "PosX": 0.016,
      "PosY": 1.397,
      "PosZ": 5.838,
      "Name": "Prop16",
      "PropID": 100,
      "IsOverrideInitLevelGraph": true,
      "Trigger": {
        "Shape": "Box",
        "Radius": 1.0,
        "DimX": 3.0,
        "DimY": 1.0,
        "DimZ": 3.0,
        "PointList": []
      },
      "CampID": 4,
      "MapLayerID": 1,
      "CustomTriggerMap": {},
      "BridgeStateRotations": [],
      "DialogueGroups": [],
      "TalkDialogGroupIDList": [
        500011901
      ],
      "TalkChosenType": "random",
      "ServerInteractVerificationIDList": []
    },
    {
      "ID": 300017,
      "PosX": 5.945,
      "PosY": 1.16,
      "PosZ": -46.026,
      "Name": "Prop17",
      "RotY": 337.0142,
      "PropID": 100,
      "IsOverrideInitLevelGraph": true,
      "Trigger": {
        "Shape": "Box",
        "Radius": 1.0,
        "DimX": 3.0,
        "DimY": 1.0,
        "DimZ": 2.0,
        "PointList": []
      },
      "CampID": 4,
      "MapLayerID": 1,
      "CustomTriggerMap": {},
      "BridgeStateRotations": [],
      "DialogueGroups": [],
      "TalkDialogGroupIDList": [
        500011901
      ],
      "TalkChosenType": "random",
      "ServerInteractVerificationIDList": []
    },
    {
      "ID": 300018,
      "PosX": -5.64,
      "PosY": 1.16,
      "PosZ": -46.17,
      "Name": "Prop18",
      "RotY": 22.0141,
      "PropID": 100,
      "IsOverrideInitLevelGraph": true,
      "Trigger": {
        "Shape": "Box",
        "Radius": 1.0,
        "DimX": 3.0,
        "DimY": 1.0,
        "DimZ": 2.0,
        "PointList": []
      },
      "CampID": 4,
      "MapLayerID": 1,
      "CustomTriggerMap": {},
      "BridgeStateRotations": [],
      "DialogueGroups": [],
      "TalkDialogGroupIDList": [
        500011901
      ],
      "TalkChosenType": "random",
      "ServerInteractVerificationIDList": []
    },
    {
      "ID": 300019,
      "PosX": -4.8,
      "PosY": 0.36,
      "PosZ": -30.007,
      "Name": "Prop19",
      "RotY": 35.91959,
      "PropID": 100,
      "IsOverrideInitLevelGraph": true,
      "Trigger": {
        "Shape": "Box",
        "Radius": 1.0,
        "DimX": 2.0,
        "DimY": 1.0,
        "DimZ": 2.0,
        "PointList": []
      },
      "CampID": 4,
      "MapLayerID": 1,
      "CustomTriggerMap": {},
      "BridgeStateRotations": [],
      "DialogueGroups": [],
      "TalkDialogGroupIDList": [
        500011901
      ],
      "TalkChosenType": "random",
      "ServerInteractVerificationIDList": []
    },
    {
      "ID": 300020,
      "PosX": 4.768,
      "PosY": 0.36,
      "PosZ": -29.903,
      "Name": "Prop20",
      "RotY": 52.96062,
      "PropID": 100,
      "IsOverrideInitLevelGraph": true,
      "Trigger": {
        "Shape": "Box",
        "Radius": 1.0,
        "DimX": 2.0,
        "DimY": 1.0,
        "DimZ": 2.0,
        "PointList": []
      },
      "CampID": 4,
      "MapLayerID": 1,
      "CustomTriggerMap": {},
      "BridgeStateRotations": [],
      "DialogueGroups": [],
      "TalkDialogGroupIDList": [
        500011901
      ],
      "TalkChosenType": "random",
      "ServerInteractVerificationIDList": []
    },
    {
      "ID": 300021,
      "PosX": 2.46,
      "PosY": 0.72,
      "PosZ": -20.92,
      "Name": "Prop21",
      "RotY": 84.25181,
      "PropID": 100,
      "IsOverrideInitLevelGraph": true,
      "Trigger": {
        "Shape": "Box",
        "Radius": 1.0,
        "DimX": 6.0,
        "DimY": 1.0,
        "DimZ": 2.0,
        "PointList": []
      },
      "CampID": 4,
      "MapLayerID": 1,
      "CustomTriggerMap": {},
      "BridgeStateRotations": [],
      "DialogueGroups": [],
      "TalkDialogGroupIDList": [
        500011901
      ],
      "TalkChosenType": "random",
      "ServerInteractVerificationIDList": []
    },
    {
      "ID": 300022,
      "PosX": -2.44,
      "PosY": 0.72,
      "PosZ": -20.85,
      "Name": "Prop22",
      "RotY": 94.55539,
      "PropID": 100,
      "IsOverrideInitLevelGraph": true,
      "Trigger": {
        "Shape": "Box",
        "Radius": 1.0,
        "DimX": 6.0,
        "DimY": 1.0,
        "DimZ": 2.0,
        "PointList": []
      },
      "CampID": 4,
      "MapLayerID": 1,
      "CustomTriggerMap": {},
      "BridgeStateRotations": [],
      "DialogueGroups": [],
      "TalkDialogGroupIDList": [
        500011901
      ],
      "TalkChosenType": "random",
      "ServerInteractVerificationIDList": []
    },
    {
      "ID": 300023,
      "PosX": 12.581,
      "PosY": 1.504027,
      "PosZ": -46.086,
      "Name": "Prop23",
      "RotY": 109.5554,
      "PropID": 100,
      "IsOverrideInitLevelGraph": true,
      "Trigger": {
        "Shape": "Box",
        "Radius": 1.0,
        "DimX": 2.0,
        "DimY": 1.0,
        "DimZ": 3.0,
        "PointList": []
      },
      "CampID": 4,
      "MapLayerID": 1,
      "CustomTriggerMap": {},
      "BridgeStateRotations": [],
      "DialogueGroups": [],
      "TalkDialogGroupIDList": [
        500011901
      ],
      "TalkChosenType": "random",
      "ServerInteractVerificationIDList": []
    },
    {
      "ID": 300024,
      "PosX": -12.3,
      "PosY": 1.504027,
      "PosZ": -46.05,
      "Name": "Prop24",
      "RotY": 68.695,
      "PropID": 100,
      "IsOverrideInitLevelGraph": true,
      "Trigger": {
        "Shape": "Box",
        "Radius": 1.0,
        "DimX": 2.0,
        "DimY": 1.0,
        "DimZ": 3.0,
        "PointList": []
      },
      "CampID": 4,
      "MapLayerID": 1,
      "CustomTriggerMap": {},
      "BridgeStateRotations": [],
      "DialogueGroups": [],
      "TalkDialogGroupIDList": [
        500011901
      ],
      "TalkChosenType": "random",
      "ServerInteractVerificationIDList": []
    },
    {
      "ID": 300025,
      "PosX": -30.039,
      "PosY": 4.254,
      "PosZ": -25.461,
      "Name": "Prop25",
      "RotY": 133.7,
      "PropID": 100,
      "IsOverrideInitLevelGraph": true,
      "Trigger": {
        "Shape": "Box",
        "Radius": 1.0,
        "DimX": 1.0,
        "DimY": 1.0,
        "DimZ": 2.0,
        "PointList": []
      },
      "CampID": 4,
      "MapLayerID": 1,
      "CustomTriggerMap": {},
      "BridgeStateRotations": [],
      "DialogueGroups": [],
      "TalkDialogGroupIDList": [
        500011901
      ],
      "TalkChosenType": "random",
      "ServerInteractVerificationIDList": []
    },
    {
      "ID": 300026,
      "PosX": 28.446,
      "PosY": 4.254,
      "PosZ": -26.997,
      "Name": "Prop26",
      "RotY": 45.8,
      "PropID": 100,
      "IsOverrideInitLevelGraph": true,
      "Trigger": {
        "Shape": "Box",
        "Radius": 1.0,
        "DimX": 1.0,
        "DimY": 1.0,
        "DimZ": 2.0,
        "PointList": []
      },
      "CampID": 4,
      "MapLayerID": 1,
      "CustomTriggerMap": {},
      "BridgeStateRotations": [],
      "DialogueGroups": [],
      "TalkDialogGroupIDList": [
        500011901
      ],
      "TalkChosenType": "random",
      "ServerInteractVerificationIDList": []
    },
    {
      "ID": 300027,
      "PosX": 50.327,
      "PosY": 4.92,
      "PosZ": -42.662,
      "Name": "Prop27",
      "RotY": 134.191,
      "PropID": 100,
      "IsOverrideInitLevelGraph": true,
      "Trigger": {
        "Shape": "Box",
        "Radius": 1.0,
        "DimX": 1.0,
        "DimY": 1.0,
        "DimZ": 2.0,
        "PointList": []
      },
      "CampID": 4,
      "MapLayerID": 1,
      "CustomTriggerMap": {},
      "BridgeStateRotations": [],
      "DialogueGroups": [],
      "TalkDialogGroupIDList": [
        500011901
      ],
      "TalkChosenType": "random",
      "ServerInteractVerificationIDList": []
    },
    {
      "ID": 300028,
      "PosX": -50.172,
      "PosY": 4.92,
      "PosZ": -42.87,
      "Name": "Prop28",
      "RotY": 224.191,
      "PropID": 100,
      "IsOverrideInitLevelGraph": true,
      "Trigger": {
        "Shape": "Box",
        "Radius": 1.0,
        "DimX": 1.0,
        "DimY": 1.0,
        "DimZ": 2.0,
        "PointList": []
      },
      "CampID": 4,
      "MapLayerID": 1,
      "CustomTriggerMap": {},
      "BridgeStateRotations": [],
      "DialogueGroups": [],
      "TalkDialogGroupIDList": [
        500011901
      ],
      "TalkChosenType": "random",
      "ServerInteractVerificationIDList": []
    },
    {
      "ID": 300029,
      "PosX": -43.752,
      "PosY": 3.868,
      "PosZ": -51.73,
      "Name": "Prop29",
      "RotY": 224.191,
      "PropID": 100,
      "IsOverrideInitLevelGraph": true,
      "Trigger": {
        "Radius": 1.0,
        "DimX": 1.0,
        "DimY": 1.0,
        "DimZ": 2.0,
        "PointList": []
      },
      "CampID": 4,
      "MapLayerID": 1,
      "CustomTriggerMap": {},
      "BridgeStateRotations": [],
      "DialogueGroups": [],
      "TalkDialogGroupIDList": [
        500012001
      ],
      "TalkChosenType": "random",
      "ServerInteractVerificationIDList": []
    },
    {
      "ID": 300030,
      "PosX": -19.63,
      "PosY": 2.74,
      "PosZ": -34.5,
      "Name": "Prop30",
      "RotY": 224.191,
      "PropID": 100,
      "IsOverrideInitLevelGraph": true,
      "Trigger": {
        "Radius": 1.0,
        "DimX": 1.0,
        "DimY": 1.0,
        "DimZ": 2.0,
        "PointList": []
      },
      "CampID": 4,
      "MapLayerID": 1,
      "CustomTriggerMap": {},
      "BridgeStateRotations": [],
      "DialogueGroups": [],
      "TalkDialogGroupIDList": [
        500012001
      ],
      "TalkChosenType": "random",
      "ServerInteractVerificationIDList": []
    },
    {
      "ID": 300031,
      "PosX": -32.035,
      "PosY": 3.76,
      "PosZ": -28.735,
      "Name": "Prop31",
      "RotY": 224.191,
      "PropID": 100,
      "IsOverrideInitLevelGraph": true,
      "Trigger": {
        "Radius": 1.0,
        "DimX": 1.0,
        "DimY": 1.0,
        "DimZ": 2.0,
        "PointList": []
      },
      "CampID": 4,
      "MapLayerID": 1,
      "CustomTriggerMap": {},
      "BridgeStateRotations": [],
      "DialogueGroups": [],
      "TalkDialogGroupIDList": [
        500012001
      ],
      "TalkChosenType": "random",
      "ServerInteractVerificationIDList": []
    },
    {
      "ID": 300032,
      "PosX": -7.57,
      "PosY": -3.24,
      "PosZ": -17.469,
      "Name": "Prop32",
      "RotY": 224.191,
      "PropID": 100,
      "IsOverrideInitLevelGraph": true,
      "Trigger": {
        "Radius": 1.0,
        "DimX": 1.0,
        "DimY": 1.0,
        "DimZ": 2.0,
        "PointList": []
      },
      "CampID": 4,
      "MapLayerID": 1,
      "CustomTriggerMap": {},
      "BridgeStateRotations": [],
      "DialogueGroups": [],
      "TalkDialogGroupIDList": [
        500012001
      ],
      "TalkChosenType": "random",
      "ServerInteractVerificationIDList": []
    },
    {
      "ID": 300033,
      "PosX": -6.89,
      "PosY": -3.24,
      "PosZ": -13.59,
      "Name": "Prop33",
      "RotY": 224.191,
      "PropID": 100,
      "IsOverrideInitLevelGraph": true,
      "Trigger": {
        "Radius": 1.0,
        "DimX": 1.0,
        "DimY": 1.0,
        "DimZ": 2.0,
        "PointList": []
      },
      "CampID": 4,
      "MapLayerID": 1,
      "CustomTriggerMap": {},
      "BridgeStateRotations": [],
      "DialogueGroups": [],
      "TalkDialogGroupIDList": [
        500012001
      ],
      "TalkChosenType": "random",
      "ServerInteractVerificationIDList": []
    },
    {
      "ID": 300034,
      "PosX": 32.13,
      "PosY": 3.75,
      "PosZ": -28.632,
      "Name": "Prop34",
      "RotY": 224.191,
      "PropID": 100,
      "IsOverrideInitLevelGraph": true,
      "Trigger": {
        "Radius": 1.0,
        "DimX": 1.0,
        "DimY": 1.0,
        "DimZ": 2.0,
        "PointList": []
      },
      "CampID": 4,
      "MapLayerID": 1,
      "CustomTriggerMap": {},
      "BridgeStateRotations": [],
      "DialogueGroups": [],
      "TalkDialogGroupIDList": [
        500012001
      ],
      "TalkChosenType": "random",
      "ServerInteractVerificationIDList": []
    },
    {
      "ID": 300035,
      "PosX": 7.157,
      "PosY": -3.25,
      "PosZ": -14.774,
      "Name": "Prop35",
      "RotY": 224.191,
      "PropID": 100,
      "IsOverrideInitLevelGraph": true,
      "Trigger": {
        "Radius": 1.0,
        "DimX": 1.0,
        "DimY": 1.0,
        "DimZ": 2.0,
        "PointList": []
      },
      "CampID": 4,
      "MapLayerID": 1,
      "CustomTriggerMap": {},
      "BridgeStateRotations": [],
      "DialogueGroups": [],
      "TalkDialogGroupIDList": [
        500012001
      ],
      "TalkChosenType": "random",
      "ServerInteractVerificationIDList": []
    },
    {
      "ID": 300036,
      "PosX": 13.757,
      "PosY": 5.51,
      "PosZ": -62.165,
      "Name": "Prop36",
      "RotY": 273.8286,
      "PropID": 100,
      "IsOverrideInitLevelGraph": true,
      "Trigger": {
        "Radius": 1.5,
        "DimX": 1.0,
        "DimY": 1.0,
        "DimZ": 2.0,
        "PointList": []
      },
      "CampID": 4,
      "MapLayerID": 1,
      "CustomTriggerMap": {},
      "BridgeStateRotations": [],
      "DialogueGroups": [],
      "TalkDialogGroupIDList": [
        500012101
      ],
      "TalkChosenType": "random",
      "ServerInteractVerificationIDList": []
    },
    {
      "ID": 300037,
      "PosX": -13.81,
      "PosY": 5.51,
      "PosZ": -61.957,
      "Name": "Prop37",
      "RotY": 273.8286,
      "PropID": 100,
      "IsOverrideInitLevelGraph": true,
      "Trigger": {
        "Radius": 1.5,
        "DimX": 1.0,
        "DimY": 1.0,
        "DimZ": 2.0,
        "PointList": []
      },
      "CampID": 4,
      "MapLayerID": 1,
      "CustomTriggerMap": {},
      "BridgeStateRotations": [],
      "DialogueGroups": [],
      "TalkDialogGroupIDList": [
        500012101
      ],
      "TalkChosenType": "random",
      "ServerInteractVerificationIDList": []
    },
    {
      "ID": 300038,
      "PosX": 41.263,
      "PosY": 4.92,
      "PosZ": -40.25,
      "Name": "Prop38",
      "RotY": 44.62844,
      "PropID": 100,
      "IsOverrideInitLevelGraph": true,
      "Trigger": {
        "Radius": 1.0,
        "DimX": 1.0,
        "DimY": 1.0,
        "DimZ": 1.0,
        "PointList": []
      },
      "CampID": 4,
      "MapLayerID": 1,
      "CustomTriggerMap": {},
      "BridgeStateRotations": [],
      "DialogueGroups": [],
      "TalkDialogGroupIDList": [
        500011802
      ],
      "TalkChosenType": "random",
      "ServerInteractVerificationIDList": [],
      "StageObjectCapture": {
        "BlockAlias": "Prop08",
        "PrefabAlias": "BillBoard_B_0"
      }
    },
    {
      "ID": 300039,
      "PosX": -10.648,
      "PosY": -0.93,
      "PosZ": 19.631,
      "Name": "Prop39",
      "RotY": 104.4571,
      "PropID": 100,
      "IsOverrideInitLevelGraph": true,
      "Trigger": {
        "Radius": 1.0,
        "DimX": 1.0,
        "DimY": 1.0,
        "DimZ": 1.0,
        "PointList": []
      },
      "CampID": 4,
      "MapLayerID": 1,
      "CustomTriggerMap": {},
      "BridgeStateRotations": [],
      "DialogueGroups": [],
      "TalkDialogGroupIDList": [
        500011802
      ],
      "TalkChosenType": "random",
      "ServerInteractVerificationIDList": [],
      "StageObjectCapture": {
        "BlockAlias": "Prop10",
        "PrefabAlias": "BillBoard_B_1"
      }
    },
    {
      "ID": 300040,
      "PosX": -13.6387,
      "PosY": -0.92923,
      "PosZ": 7.199684,
      "Name": "Prop40",
      "RotY": 104.4571,
      "PropID": 100,
      "IsOverrideInitLevelGraph": true,
      "Trigger": {
        "Radius": 1.0,
        "DimX": 1.0,
        "DimY": 1.0,
        "DimZ": 1.0,
        "PointList": []
      },
      "CampID": 4,
      "MapLayerID": 1,
      "CustomTriggerMap": {},
      "BridgeStateRotations": [],
      "DialogueGroups": [],
      "TalkDialogGroupIDList": [
        500011802
      ],
      "TalkChosenType": "random",
      "ServerInteractVerificationIDList": [],
      "StageObjectCapture": {
        "BlockAlias": "Prop10",
        "PrefabAlias": "BillBoard_B_0"
      }
    },
    {
      "ID": 300041,
      "PosX": -41.451,
      "PosY": 4.92,
      "PosZ": -40.14,
      "Name": "Prop41",
      "RotY": 316.5738,
      "PropID": 100,
      "IsOverrideInitLevelGraph": true,
      "Trigger": {
        "Radius": 1.0,
        "DimX": 1.0,
        "DimY": 1.0,
        "DimZ": 1.0,
        "PointList": []
      },
      "CampID": 4,
      "MapLayerID": 1,
      "CustomTriggerMap": {},
      "BridgeStateRotations": [],
      "DialogueGroups": [],
      "TalkDialogGroupIDList": [
        500011802
      ],
      "TalkChosenType": "random",
      "ServerInteractVerificationIDList": [],
      "StageObjectCapture": {
        "BlockAlias": "Prop14",
        "PrefabAlias": "BillBoard_B_0"
      }
    }
  ],
  "NPCList": []
}