{
  "GroupGUID": "e8901713-8789-4447-b143-c8a0487c8025",
  "GroupName": "DailyMission",
  "AreaAnchorName": "LevelArea_P10001_F10001001_G68",
  "SaveType": "Reset",
  "LoadCondition": {
    "Conditions": [
      {
        "Type": "SubMission",
        "ID": 300070401
      }
    ]
  },
  "UnloadCondition": {
    "Conditions": [
      {
        "Type": "SubMission",
        "ID": 300070101
      },
      {
        "Type": "SubMission",
        "ID": 300070201
      },
      {
        "Type": "SubMission",
        "ID": 300070301
      },
      {
        "Type": "SubMission",
        "Phase": "Finish",
        "ID": 300070401
      }
    ],
    "Operation": "Or",
    "DelayToLevelReload": true
  },
  "AnchorList": [],
  "MonsterList": [],
  "PropList": [],
  "NPCList": [
    {
      "ID": 400001,
      "PosX": 56.226,
      "PosY": 4.923051,
      "PosZ": -51.043,
      "Name": "NPC1",
      "RotY": 273.9149,
      "NPCID": 10118,
      "DialogueGroups": [
        300070401
      ],
      "ServerInteractVerificationIDList": [],
      "MapLayerID": 1,
      "BoardShowList": [],
      "OverrideNPCName": {
        "Hash": 132898925
      },
      "TalkDialogGroupIDList": [],
      "DefaultIdleFreeStyleMotionID": 100010000,
      "Dialog": {
        "LevelGraph": "Config/Level/NPCDialogue/P10001/F10001001_G68/DialogueMain_F10001001_G68_N400001.json",
        "EnableCondition": {
          "Conditions": [
            {
              "Type": "SubMission",
              "ID": 300070401
            }
          ],
          "Operation": "Or"
        }
      }
    }
  ]
}