{
  "GroupGUID": "459b3801-caf1-40d4-9df4-2b18243ee431",
  "GroupName": "NPC_XKE",
  "AreaAnchorName": "LevelArea_P10001_F10001001_G8",
  "SaveType": "Reset",
  "LoadCondition": {
    "Conditions": [
      {
        "Phase": "Finish",
        "ID": 2000131
      }
    ]
  },
  "ConflictIDList": [],
  "AnchorList": [],
  "MonsterList": [],
  "PropList": [],
  "NPCList": [
    {
      "ID": 400001,
      "PosX": 4.335,
      "PosY": -0.258115,
      "PosZ": 38.698,
      "Name": "NPC1",
      "RotY": 294.9208,
      "NPCID": 10201,
      "DialogueGroups": [
        500000202,
        500000203
      ],
      "ServerInteractVerificationIDList": [],
      "DefaultIdleStateName": "Think01Loop",
      "DefaultLookAtMode": "Closed",
      "MapLayerID": 1,
      "BoardShowList": [
        1,
        4,
        8,
        64
      ],
      "FirstDialogueGroupID": 500000201,
      "TalkDialogGroupIDList": [
        500000200
      ],
      "DefaultIdleFreeStyleMotionID": 100020222,
      "InitialHiddenNodeList": [],
      "Dialog": {
        "LevelGraph": "Config/Level/NPCDialogue/P10001/F10001001_G8/DialogueMain_F10001001_G8_N400001.json",
        "PackList": [
          {
            "Name": "Mission",
            "LevelGraph": "Config/Level/NPCDialogue/P10001/F10001001_G8/DialoguePack_Mission_F10001001_G8_N400001.json"
          },
          {
            "Name": "4050029",
            "LevelGraph": "Config/Level/NPCDialogue/P10001/F10001001_G8/DialoguePack_4050029_F10001001_G8_N400001.json"
          },
          {
            "Name": "Transferred",
            "LevelGraph": "Config/Level/NPCDialogue/P10001/F10001001_G8/DialoguePack_Transferred_F10001001_G8_N400001.json"
          }
        ]
      },
      "ConnectWithSubMissionIDList": [
        405002902
      ]
    }
  ]
}