{
  "GroupGUID": "c1df7a86-f633-44a9-a4eb-59b29dd643df",
  "GroupName": "SubMission2000110",
  "AreaAnchorName": "LevelArea_P10001_F10001001_G93",
  "SaveType": "Reset",
  "LoadCondition": {
    "Conditions": [
      {
        "Phase": "Finish",
        "ID": 2000119
      }
    ],
    "DelayToLevelReload": true
  },
  "ConflictIDList": [],
  "AnchorList": [
    {
      "ID": 1,
      "PosX": -0.137632,
      "PosY": -0.263439,
      "PosZ": 34.53814,
      "Name": "Anchor1",
      "MapLayerID": 1
    }
  ],
  "MonsterList": [],
  "PropList": [],
  "NPCList": [
    {
      "ID": 400001,
      "PosX": -7.977,
      "PosY": -0.258115,
      "PosZ": 30.897,
      "Name": "NPC1",
      "RotY": 63.53872,
      "NPCID": 10403,
      "DialogueGroups": [
        500001805,
        500001806
      ],
      "ServerInteractVerificationIDList": [],
      "DefaultLookAtMode": "Closed",
      "MapLayerID": 1,
      "BoardShowList": [
        1,
        4,
        8,
        64
      ],
      "TalkDialogGroupIDList": [
        500001804
      ],
      "DefaultIdleFreeStyleMotionID": 100030000,
      "InitialHiddenNodeList": [],
      "Dialog": {
        "LevelGraph": "Config/Level/NPCDialogue/P10001/F10001001_G93/DialogueMain_F10001001_G93_N400001.json",
        "PackList": [
          {
            "Name": "405003102",
            "LevelGraph": "Config/Level/NPCDialogue/P10001/F10001001_G93/DialoguePack_405003102_F10001001_G93_N400001.json"
          },
          {
            "Name": "Transferred",
            "LevelGraph": "Config/Level/NPCDialogue/P10001/F10001001_G93/DialoguePack_Transferred_F10001001_G93_N400001.json"
          }
        ]
      },
      "ConnectWithSubMissionIDList": [
        405003102
      ]
    }
  ]
}