{
  "GroupGUID": "a1e08608-b11d-442f-9703-b95fc2b69ce8",
  "GroupName": "Activity_SilverWolf02",
  "AreaAnchorName": "LevelArea_P10001_F10001001_G69",
  "SaveType": "Reset",
  "LoadCondition": {
    "Conditions": [
      {
        "ID": 8000132
      }
    ]
  },
  "UnloadCondition": {
    "Conditions": [
      {
        "Phase": "Finish",
        "ID": 8000132
      }
    ]
  },
  "ConflictIDList": [],
  "AnchorList": [],
  "MonsterList": [],
  "PropList": [
    {
      "ID": 300001,
      "PosX": 4.64,
      "PosY": 1.5,
      "PosZ": -42.11,
      "Name": "Prop1",
      "RotY": 156.4032,
      "PropID": 121,
      "IsOverrideInitLevelGraph": true,
      "Trigger": {
        "Radius": 1.91,
        "DimX": 1.0,
        "DimY": 1.0,
        "DimZ": 1.0,
        "PointList": []
      },
      "CampID": 4,
      "MapLayerID": 1,
      "CustomTriggerMap": {},
      "BridgeStateRotations": [],
      "DialogueGroups": [],
      "TalkDialogGroupIDList": [],
      "ServerInteractVerificationIDList": [],
      "Dialog": {
        "LevelGraph": "Config/Level/PropDialogue/P20001/F20001001_G102/DialogueMain_F20001001_G102_P300002.json",
        "PackList": []
      },
      "InteractIconType": "CheckIcon",
      "InteractTitle": {
        "Hash": 157286622
      }
    },
    {
      "ID": 300002,
      "PosX": -5.98,
      "PosY": 1.026234,
      "PosZ": 34.65,
      "Name": "Prop2",
      "RotY": 221.7902,
      "PropID": 121,
      "IsOverrideInitLevelGraph": true,
      "Trigger": {
        "Radius": 1.91,
        "DimX": 1.0,
        "DimY": 1.0,
        "DimZ": 1.0,
        "PointList": []
      },
      "CampID": 4,
      "MapLayerID": 1,
      "CustomTriggerMap": {},
      "BridgeStateRotations": [],
      "DialogueGroups": [],
      "TalkDialogGroupIDList": [],
      "ServerInteractVerificationIDList": [],
      "Dialog": {
        "LevelGraph": "Config/Level/PropDialogue/P20001/F20001001_G102/DialogueMain_F20001001_G102_P300002.json",
        "PackList": []
      },
      "InteractIconType": "CheckIcon",
      "InteractTitle": {
        "Hash": 157286622
      }
    }
  ],
  "NPCList": []
}