{
  "GroupGUID": "9ccb4f72-8461-4066-9902-dfb1333be868",
  "GroupName": "SubReadingStar2",
  "AreaAnchorName": "LevelArea_P10001_F10001001_G13",
  "LoadCondition": {
    "Conditions": [
      {
        "Type": "SubMission",
        "Phase": "Finish",
        "ID": 200011012
      }
    ]
  },
  "LoadSide": "Server",
  "AnchorList": [],
  "MonsterList": [],
  "PropList": [
    {
      "ID": 300001,
      "PosX": -46.9,
      "PosY": 4.912687,
      "PosZ": -49.827,
      "Name": "Prop1",
      "RotY": 44.85059,
      "PropID": 101030,
      "IsOverrideInitLevelGraph": true,
      "InitLevelGraph": "Config/Level/Props/Common/InitLevelGraph_Prop_Common_PickupReadings.json",
      "CampID": 4,
      "State": "EventClose",
      "EventID": 20001508,
      "MapLayerID": 1,
      "OverrideHintRange": 50.0,
      "CustomTriggerMap": {},
      "BridgeStateRotations": [],
      "DialogueGroups": [],
      "TalkDialogGroupIDList": [],
      "ServerInteractVerificationIDList": []
    }
  ],
  "NPCList": []
}