{
  "GroupGUID": "37fa9a37-d092-49ab-8077-b61099ab82a6",
  "GroupName": "MainMission8003102_",
  "Category": "Mission",
  "AreaAnchorName": "LevelArea_P10001_F10001001_G105",
  "SaveType": "Reset",
  "LoadCondition": {
    "Conditions": [
      {
        "ID": 8003102
      }
    ]
  },
  "UnloadCondition": {
    "Conditions": [
      {
        "Phase": "Finish",
        "ID": 8003102
      }
    ]
  },
  "OwnerMainMissionID": 8003102,
  "ConflictIDList": [],
  "AnchorList": [
    {
      "ID": 1,
      "PosX": 5.86061,
      "PosY": 1.087976,
      "PosZ": 34.4718,
      "IsDelete": true,
      "Name": "Anchor1",
      "RotY": 328.1804,
      "RotX": 5.191641,
      "RotZ": 359.9276,
      "MapLayerID": 1,
      "Usage": "Camera"
    },
    {
      "ID": 2,
      "PosX": 4.023,
      "PosY": -0.258115,
      "PosZ": 36.745,
      "IsDelete": true,
      "Name": "Anchor2",
      "MapLayerID": 1
    }
  ],
  "MonsterList": [],
  "PropList": [],
  "NPCList": [
    {
      "ID": 400001,
      "PosX": 4.335,
      "PosY": -0.258115,
      "PosZ": 38.698,
      "IsDelete": true,
      "Name": "NPC1",
      "RotY": 294.9208,
      "NPCID": 10201,
      "DialogueGroups": [
        500000202,
        500000203
      ],
      "ServerInteractVerificationIDList": [],
      "DefaultIdleStateName": "Think01Loop",
      "DefaultLookAtMode": "Closed",
      "MapLayerID": 1,
      "BoardShowList": [
        1,
        4,
        8,
        64
      ],
      "FirstDialogueGroupID": 500000201,
      "TalkDialogGroupIDList": [
        500000200
      ],
      "DefaultIdleFreeStyleMotionID": 100020222,
      "InitialHiddenNodeList": [],
      "Dialog": {
        "LevelGraph": "Config/Level/NPCDialogue/P10001/F10001001_G105/DialogueMain_F10001001_G105_N400001.json",
        "PackList": []
      }
    },
    {
      "ID": 400002,
      "PosX": 4.023,
      "PosY": -0.258115,
      "PosZ": 36.745,
      "IsDelete": true,
      "Name": "NPC2",
      "NPCID": 1991,
      "DialogueGroups": [],
      "ServerInteractVerificationIDList": [],
      "MapLayerID": 1,
      "BoardShowList": [],
      "TalkDialogGroupIDList": [],
      "DefaultIdleFreeStyleMotionID": 380010000,
      "InitialHiddenNodeList": []
    }
  ]
}