{
  "GroupGUID": "4e11cf01-34c8-44b8-8c0f-4e60a9032037",
  "GroupName": "MainMission3000701_",
  "Category": "Mission",
  "AreaAnchorName": "LevelArea_P10001_F10001001_G62",
  "SaveType": "Reset",
  "LoadCondition": {
    "Conditions": [
      {
        "Type": "SubMission",
        "ID": 300070101
      }
    ]
  },
  "UnloadCondition": {
    "Conditions": [
      {
        "Type": "SubMission",
        "ID": 300070102
      }
    ]
  },
  "ForceUnloadCondition": {
    "Conditions": [
      {
        "Phase": "Cancel",
        "ID": 3000701
      }
    ]
  },
  "OwnerMainMissionID": 3000701,
  "ConflictIDList": [],
  "AnchorList": [
    {
      "ID": 1,
      "PosX": 55.543,
      "PosY": 5.816,
      "PosZ": -51.721,
      "Name": "Anchor1",
      "MapLayerID": 1
    }
  ],
  "MonsterList": [],
  "PropList": [
    {
      "ID": 300001,
      "PosX": 55.484,
      "PosY": 4.92305,
      "PosZ": -51.737,
      "Name": "Prop1",
      "PropID": 100,
      "IsOverrideInitLevelGraph": true,
      "Trigger": {
        "Radius": 2.0,
        "DimX": 1.0,
        "DimY": 1.0,
        "DimZ": 1.0,
        "PointList": []
      },
      "CampID": 4,
      "MapLayerID": 1,
      "CustomTriggerMap": {},
      "BridgeStateRotations": [],
      "DialogueGroups": [
        300070101
      ],
      "TalkDialogGroupIDList": [],
      "ServerInteractVerificationIDList": []
    },
    {
      "ID": 300002,
      "PosX": 55.484,
      "PosY": 4.92305,
      "PosZ": -51.737,
      "Name": "Prop2",
      "PropID": 100,
      "IsOverrideInitLevelGraph": true,
      "Trigger": {
        "Radius": 3.5,
        "DimX": 1.0,
        "DimY": 1.0,
        "DimZ": 1.0,
        "PointList": []
      },
      "CampID": 4,
      "MapLayerID": 1,
      "CustomTriggerMap": {},
      "BridgeStateRotations": [],
      "DialogueGroups": [],
      "TalkDialogGroupIDList": [],
      "ServerInteractVerificationIDList": []
    }
  ],
  "NPCList": [
    {
      "ID": 400001,
      "PosX": 55.071,
      "PosY": 4.923041,
      "PosZ": -52.062,
      "Name": "NPC1",
      "RotY": 32.58185,
      "NPCID": 10114,
      "DialogueGroups": [],
      "ServerInteractVerificationIDList": [],
      "DefaultLookAtMode": "Closed",
      "MapLayerID": 1,
      "BoardShowList": [
        8
      ],
      "TalkDialogGroupIDList": [],
      "DefaultIdleFreeStyleMotionID": 100010000,
      "InitialHiddenNodeList": []
    },
    {
      "ID": 400002,
      "PosX": 55.85566,
      "PosY": 4.923041,
      "PosZ": -52.26337,
      "Name": "NPC2",
      "RotY": 351.2854,
      "NPCID": 10209,
      "DialogueGroups": [],
      "ServerInteractVerificationIDList": [],
      "DefaultLookAtMode": "Closed",
      "MapLayerID": 1,
      "BoardShowList": [
        8
      ],
      "TalkDialogGroupIDList": [],
      "DefaultIdleFreeStyleMotionID": 100020000,
      "InitialHiddenNodeList": []
    },
    {
      "ID": 400003,
      "PosX": 55.69313,
      "PosY": 4.923041,
      "PosZ": -51.15636,
      "Name": "NPC3",
      "RotY": 214.3778,
      "NPCID": 10118,
      "DialogueGroups": [],
      "ServerInteractVerificationIDList": [],
      "DefaultLookAtMode": "Closed",
      "MapLayerID": 1,
      "BoardShowList": [
        4
      ],
      "TalkDialogGroupIDList": [],
      "DefaultIdleFreeStyleMotionID": 100010000,
      "InitialHiddenNodeList": []
    }
  ]
}