{
  "GroupGUID": "cfb5ed6b-3eb1-48ac-8865-75a74cb21593",
  "GroupName": "MainMission4040024_WorldShop",
  "Category": "Mission",
  "AreaAnchorName": "LevelArea_P10001_F10001001_G96",
  "SaveType": "Reset",
  "LoadCondition": {
    "Conditions": [
      {
        "ID": 4040024
      }
    ]
  },
  "UnloadCondition": {
    "Conditions": [
      {
        "Phase": "Finish",
        "ID": 4040024
      }
    ]
  },
  "OwnerMainMissionID": 4040024,
  "ConflictIDList": [],
  "AnchorList": [
    {
      "ID": 1,
      "PosX": -4.736,
      "PosY": 1.795,
      "PosZ": -31.611,
      "Name": "Anchor1",
      "MapLayerID": 1,
      "Usage": "Camera"
    },
    {
      "ID": 2,
      "PosX": -2.872,
      "PosY": -0.344993,
      "PosZ": -35.883,
      "Name": "Anchor2",
      "RotY": 338.0679,
      "MapLayerID": 1
    }
  ],
  "MonsterList": [],
  "PropList": [
    {
      "ID": 300001,
      "PosX": -0.51,
      "PosY": -0.460033,
      "PosZ": -34.8,
      "Name": "Prop1",
      "PropID": 100,
      "IsOverrideInitLevelGraph": true,
      "Trigger": {
        "Shape": "Box",
        "Radius": 6.0,
        "DimX": 14.0,
        "DimY": 3.0,
        "DimZ": 6.0,
        "PointList": []
      },
      "CampID": 4,
      "MapLayerID": 1,
      "CustomTriggerMap": {},
      "BridgeStateRotations": [],
      "DialogueGroups": [],
      "TalkDialogGroupIDList": [],
      "ServerInteractVerificationIDList": []
    }
  ],
  "NPCList": []
}