{
  "GroupGUID": "0781f078-9b1f-44aa-ad10-a09ddb397898",
  "GroupName": "Sub2000106_2",
  "AreaAnchorName": "LevelArea_P10001_F10001001_G26",
  "SaveType": "Reset",
  "LoadCondition": {
    "Conditions": [
      {
        "Phase": "Finish",
        "ID": 1000401
      }
    ]
  },
  "UnloadCondition": {
    "Conditions": [
      {
        "Phase": "Finish",
        "ID": 2000107
      }
    ]
  },
  "ConflictIDList": [],
  "AnchorList": [],
  "MonsterList": [],
  "PropList": [],
  "NPCList": [
    {
      "ID": 400001,
      "PosX": -1.85,
      "PosY": -0.347877,
      "PosZ": -25.57,
      "Name": "NPC1",
      "RotY": 118.8306,
      "NPCID": 10109,
      "DialogueGroups": [
        200031201,
        200031202,
        200031203,
        200031204,
        200031205
      ],
      "ServerInteractVerificationIDList": [],
      "DefaultIdleStateName": "LeanLoop",
      "MapLayerID": 1,
      "BoardShowList": [
        1,
        64
      ],
      "TalkDialogGroupIDList": [],
      "DefaultIdleFreeStyleMotionID": 100010216,
      "OverrideSeriesID": 1010901,
      "BornType": "Permanent",
      "InitialHiddenNodeList": [],
      "Dialog": {
        "LevelGraph": "Config/Level/NPCDialogue/P10001/F10001001_G26/DialogueMain_F10001001_G26_N400001.json",
        "PackList": [
          {
            "Name": "Transferred",
            "LevelGraph": "Config/Level/NPCDialogue/P10001/F10001001_G26/DialoguePack_Transferred_F10001001_G26_N400001.json"
          }
        ],
        "EnableCondition": {
          "Conditions": [
            {
              "Type": "SubMission",
              "ID": 200031201
            },
            {
              "Type": "SubMission",
              "ID": 200031202
            },
            {
              "Type": "SubMission",
              "ID": 200031203
            },
            {
              "Type": "SubMission",
              "ID": 200031204
            },
            {
              "Type": "SubMission",
              "ID": 200031205
            }
          ],
          "Operation": "Or"
        }
      },
      "ConnectWithSubMissionIDList": [
        200031201,
        200031202,
        200031203,
        200031204,
        200031205
      ]
    }
  ]
}