{
  "GroupGUID": "6e1831a7-5e40-4c1f-9548-f602ae9a1544",
  "GroupName": "MainMission2000202_",
  "Category": "Mission",
  "AreaAnchorName": "LevelArea_P10001_F10001001_G101",
  "SaveType": "Reset",
  "LoadCondition": {
    "Conditions": [
      {
        "Type": "SubMission",
        "ID": 200020107
      }
    ]
  },
  "UnloadCondition": {
    "Conditions": [
      {
        "Type": "SubMission",
        "Phase": "Finish",
        "ID": 200020107
      }
    ]
  },
  "OwnerMainMissionID": 2000202,
  "ConflictIDList": [],
  "AnchorList": [],
  "MonsterList": [],
  "PropList": [
    {
      "ID": 300002,
      "PosX": 17.7,
      "PosY": -0.895448,
      "PosZ": -27.48,
      "Name": "Prop2",
      "RotY": 313.0468,
      "PropID": 100,
      "IsOverrideInitLevelGraph": true,
      "InitLevelGraph": "Config/Level/Props/Common/InitLevelGraph_Prop_Common_Photo_FuncBtn.json",
      "ValueSource": {
        "Values": [
          {
            "$type": "SharedFloat",
            "Key": "Is_Photo_SkipPreviewDialog"
          }
        ]
      },
      "Trigger": {
        "Shape": "Box",
        "Radius": 1.0,
        "DimX": 15.0,
        "DimY": 4.0,
        "DimZ": 10.0,
        "PointList": []
      },
      "CampID": 4,
      "MapLayerID": 1,
      "CustomTriggerMap": {},
      "BridgeStateRotations": [],
      "DialogueGroups": [],
      "TalkDialogGroupIDList": [],
      "ServerInteractVerificationIDList": []
    }
  ],
  "NPCList": []
}