{
  "GroupGUID": "d952fc53-d3cc-45fa-9c35-92ef4b8e447a",
  "GroupName": "SubASD",
  "AreaAnchorName": "LevelArea_P10001_F10001001_G39",
  "LoadCondition": {
    "Conditions": [
      {
        "ID": 2000201
      },
      {
        "ID": 2000202
      }
    ],
    "Operation": "Or"
  },
  "AnchorList": [
    {
      "ID": 1,
      "PosX": -31.60855,
      "PosY": -0.087949,
      "PosZ": -8.636953,
      "Name": "Anchor1",
      "MapLayerID": 1
    }
  ],
  "MonsterList": [],
  "PropList": [
    {
      "ID": 300001,
      "PosX": -26.52,
      "PosY": -0.894082,
      "PosZ": -18.83,
      "Name": "Prop1",
      "RotY": 45.55194,
      "PropID": 100,
      "IsOverrideInitLevelGraph": true,
      "Trigger": {
        "Shape": "Box",
        "Radius": 1.0,
        "DimX": 2.0,
        "DimY": 1.0,
        "DimZ": 10.0
      },
      "CampID": 4,
      "MapLayerID": 1,
      "CustomTriggerMap": {},
      "BridgeStateRotations": [],
      "DialogueGroups": [],
      "TalkDialogGroupIDList": [],
      "ServerInteractVerificationIDList": []
    },
    {
      "ID": 300002,
      "PosX": -20.23,
      "PosY": -0.894082,
      "PosZ": -4.32,
      "Name": "Prop2",
      "RotY": 136.3188,
      "PropID": 100,
      "IsOverrideInitLevelGraph": true,
      "Trigger": {
        "Shape": "Box",
        "Radius": 1.0,
        "DimX": 3.0,
        "DimY": 1.0,
        "DimZ": 10.0
      },
      "MapLayerID": 1,
      "CustomTriggerMap": {},
      "BridgeStateRotations": [],
      "DialogueGroups": [],
      "TalkDialogGroupIDList": [],
      "ServerInteractVerificationIDList": []
    },
    {
      "ID": 300003,
      "PosX": -31.97,
      "PosY": -0.889296,
      "PosZ": -10.7,
      "Name": "Prop3",
      "PropID": 100,
      "IsOverrideInitLevelGraph": true,
      "Trigger": {
        "Radius": 2.0,
        "DimX": 1.0,
        "DimY": 1.0,
        "DimZ": 1.0
      },
      "CampID": 4,
      "MapLayerID": 1,
      "CustomTriggerMap": {},
      "BridgeStateRotations": [],
      "DialogueGroups": [],
      "TalkDialogGroupIDList": [],
      "ServerInteractVerificationIDList": []
    },
    {
      "ID": 300004,
      "PosX": -23.71,
      "PosY": -0.892565,
      "PosZ": -12.27,
      "Name": "Prop4",
      "PropID": 100,
      "IsOverrideInitLevelGraph": true,
      "Trigger": {
        "Radius": 2.0,
        "DimX": 1.0,
        "DimY": 1.0,
        "DimZ": 1.0
      },
      "MapLayerID": 1,
      "CustomTriggerMap": {},
      "BridgeStateRotations": [],
      "DialogueGroups": [],
      "TalkDialogGroupIDList": [],
      "ServerInteractVerificationIDList": []
    },
    {
      "ID": 300005,
      "PosX": -28.92,
      "PosY": -0.889074,
      "PosZ": -1.55,
      "Name": "Prop5",
      "PropID": 100,
      "IsOverrideInitLevelGraph": true,
      "Trigger": {
        "Radius": 2.0,
        "DimX": 1.0,
        "DimY": 1.0,
        "DimZ": 1.0
      },
      "MapLayerID": 1,
      "CustomTriggerMap": {},
      "BridgeStateRotations": [],
      "DialogueGroups": [],
      "TalkDialogGroupIDList": [],
      "ServerInteractVerificationIDList": []
    }
  ],
  "NPCList": [
    {
      "ID": 400001,
      "PosX": -31.6,
      "PosY": -0.893595,
      "PosZ": -11.15,
      "Name": "NPC1",
      "RotY": 318.7205,
      "NPCID": 10212,
      "DialogueGroups": [],
      "ServerInteractVerificationIDList": [],
      "DefaultIdleStateName": "Talk01",
      "DefaultLookAtMode": "Closed",
      "DefaultLookAtTargetInfo": {},
      "MapLayerID": 1,
      "BoardShowList": [],
      "OverrideNPCName": {
        "Hash": 717773611
      },
      "TalkDialogGroupIDList": [],
      "DefaultIdleFreeStyleMotionID": 100020200
    },
    {
      "ID": 400002,
      "PosX": -32.11,
      "PosY": -0.89234,
      "PosZ": -10.44,
      "Name": "NPC2",
      "RotY": 137.6098,
      "NPCID": 10111,
      "DialogueGroups": [],
      "ServerInteractVerificationIDList": [],
      "DefaultIdleStateName": "LeanLoop",
      "DefaultLookAtMode": "Closed",
      "DefaultLookAtTargetInfo": {},
      "MapLayerID": 1,
      "BoardShowList": [],
      "OverrideNPCName": {
        "Hash": -1836469551
      },
      "TalkDialogGroupIDList": [],
      "DefaultIdleFreeStyleMotionID": 100010292
    },
    {
      "ID": 400003,
      "PosX": -24.02,
      "PosY": -0.892729,
      "PosZ": -11.82,
      "Name": "NPC3",
      "RotY": 125.9395,
      "NPCID": 10215,
      "DialogueGroups": [],
      "ServerInteractVerificationIDList": [],
      "DefaultIdleStateName": "Think01Loop",
      "DefaultLookAtMode": "Closed",
      "DefaultLookAtTargetInfo": {},
      "MapLayerID": 1,
      "BoardShowList": [],
      "OverrideNPCName": {
        "Hash": 717773611
      },
      "TalkDialogGroupIDList": [],
      "DefaultIdleFreeStyleMotionID": 100020222
    },
    {
      "ID": 400004,
      "PosX": -37.72,
      "PosY": -0.868764,
      "PosZ": -10.59,
      "Name": "NPC4",
      "RotY": 277.9289,
      "NPCID": 10117,
      "DialogueGroups": [],
      "ServerInteractVerificationIDList": [],
      "DefaultIdleStateName": "Sit01",
      "DefaultLookAtMode": "Closed",
      "DefaultLookAtTargetInfo": {},
      "MapLayerID": 1,
      "BoardShowList": [],
      "OverrideNPCName": {
        "Hash": 717773611
      },
      "TalkDialogGroupIDList": [],
      "DefaultIdleFreeStyleMotionID": 100010298
    },
    {
      "ID": 400005,
      "PosX": -29.17,
      "PosY": -0.745886,
      "PosZ": -1.19,
      "Name": "NPC5",
      "RotY": 170.0626,
      "NPCID": 10118,
      "DialogueGroups": [],
      "ServerInteractVerificationIDList": [],
      "DefaultIdleStateName": "Talk01",
      "DefaultLookAtMode": "Closed",
      "DefaultLookAtTargetInfo": {},
      "MapLayerID": 1,
      "BoardShowList": [],
      "TalkDialogGroupIDList": [],
      "DefaultIdleFreeStyleMotionID": 100010200
    },
    {
      "ID": 400006,
      "PosX": -28.88,
      "PosY": -0.745884,
      "PosZ": -2.07,
      "Name": "NPC6",
      "RotY": 339.7228,
      "NPCID": 10207,
      "DialogueGroups": [],
      "ServerInteractVerificationIDList": [],
      "DefaultIdleStateName": "Akimbo01Loop",
      "DefaultLookAtMode": "Closed",
      "DefaultLookAtTargetInfo": {},
      "MapLayerID": 1,
      "BoardShowList": [],
      "TalkDialogGroupIDList": [],
      "DefaultIdleFreeStyleMotionID": 100020210
    },
    {
      "ID": 400007,
      "PosX": 19.933,
      "PosY": -0.889674,
      "PosZ": -30.083,
      "Name": "NPC7",
      "RotY": 315.4224,
      "NPCID": 1003,
      "DialogueGroups": [
        200020106
      ],
      "ServerInteractVerificationIDList": [],
      "DefaultLookAtTargetInfo": {},
      "MapLayerID": 1,
      "BoardShowList": [],
      "TalkDialogGroupIDList": [],
      "DefaultIdleFreeStyleMotionID": 310030000,
      "Dialog": {
        "LevelGraph": "Config/Level/NPCDialogue/P10001/F10001001_G39/DialogueMain_F10001001_G39_N400007.json",
        "EnableCondition": {
          "Conditions": [
            {
              "Type": "SubMission",
              "ID": 200020106
            }
          ],
          "Operation": "Or"
        }
      }
    }
  ]
}