{
  "GroupGUID": "4b9d7ebf-575e-4f63-8f87-c65885f4608b",
  "GroupName": "MainMission23",
  "AreaAnchorName": "LevelArea_P10001_F10001001_G15",
  "SaveType": "Reset",
  "LoadCondition": {
    "Conditions": [
      {
        "Phase": "Finish",
        "ID": 1000301
      }
    ]
  },
  "UnloadCondition": {
    "Conditions": [
      {
        "Phase": "Finish",
        "ID": 1000302
      }
    ]
  },
  "AnchorList": [],
  "MonsterList": [],
  "PropList": [
    {
      "ID": 300001,
      "PosX": 10.062,
      "PosY": -0.612664,
      "PosZ": 22.165,
      "Name": "Prop1",
      "PropID": 100,
      "IsOverrideInitLevelGraph": true,
      "Trigger": {
        "Radius": 2.0,
        "DimX": 1.0,
        "DimY": 1.0,
        "DimZ": 1.0
      },
      "CampID": 4,
      "MapLayerID": 1,
      "CustomTriggerMap": {},
      "BridgeStateRotations": [],
      "DialogueGroups": [],
      "TalkDialogGroupIDList": [],
      "ServerInteractVerificationIDList": []
    },
    {
      "ID": 300002,
      "PosX": 6.11,
      "PosY": -0.262337,
      "PosZ": 33.92,
      "Name": "Prop2",
      "PropID": 100,
      "IsOverrideInitLevelGraph": true,
      "Trigger": {
        "Radius": 2.0,
        "DimX": 1.0,
        "DimY": 1.0,
        "DimZ": 1.0
      },
      "CampID": 4,
      "MapLayerID": 1,
      "CustomTriggerMap": {},
      "BridgeStateRotations": [],
      "DialogueGroups": [],
      "TalkDialogGroupIDList": [],
      "ServerInteractVerificationIDList": []
    },
    {
      "ID": 300003,
      "PosX": -18.2,
      "PosY": 5.476906,
      "PosZ": -51.05,
      "Name": "Prop3",
      "PropID": 100,
      "IsOverrideInitLevelGraph": true,
      "Trigger": {
        "Radius": 2.0,
        "DimX": 1.0,
        "DimY": 1.0,
        "DimZ": 1.0
      },
      "CampID": 4,
      "MapLayerID": 1,
      "CustomTriggerMap": {},
      "BridgeStateRotations": [],
      "DialogueGroups": [],
      "TalkDialogGroupIDList": [],
      "ServerInteractVerificationIDList": []
    },
    {
      "ID": 300004,
      "PosX": 12.19,
      "PosY": 5.476907,
      "PosZ": -54.39,
      "Name": "Prop4",
      "PropID": 100,
      "IsOverrideInitLevelGraph": true,
      "Trigger": {
        "Radius": 2.0,
        "DimX": 1.0,
        "DimY": 1.0,
        "DimZ": 1.0
      },
      "CampID": 4,
      "MapLayerID": 1,
      "CustomTriggerMap": {},
      "BridgeStateRotations": [],
      "DialogueGroups": [],
      "TalkDialogGroupIDList": [],
      "ServerInteractVerificationIDList": []
    },
    {
      "ID": 300005,
      "PosX": 1.84,
      "PosY": -0.271521,
      "PosZ": -18.13,
      "Name": "Prop5",
      "PropID": 100,
      "IsOverrideInitLevelGraph": true,
      "Trigger": {
        "Radius": 2.0,
        "DimX": 1.0,
        "DimY": 1.0,
        "DimZ": 1.0
      },
      "CampID": 4,
      "MapLayerID": 1,
      "CustomTriggerMap": {},
      "BridgeStateRotations": [],
      "DialogueGroups": [],
      "TalkDialogGroupIDList": [],
      "ServerInteractVerificationIDList": []
    }
  ],
  "NPCList": [
    {
      "ID": 400001,
      "PosX": 2.1,
      "PosY": 0.285334,
      "PosZ": -1.37,
      "Name": "NPC1",
      "RotY": 266.8185,
      "NPCID": 1003,
      "DialogueGroups": [
        100030115
      ],
      "ServerInteractVerificationIDList": [],
      "MapLayerID": 1,
      "BoardShowList": [
        4
      ],
      "TalkDialogGroupIDList": [],
      "DefaultIdleFreeStyleMotionID": 310030221,
      "BornType": "Permanent",
      "Dialog": {
        "LevelGraph": "Config/Level/NPCDialogue/P10001/F10001001_G15/DialogueMain_F10001001_G15_N400001.json",
        "EnableCondition": {
          "Conditions": [
            {
              "Type": "SubMission",
              "ID": 100030115
            }
          ],
          "Operation": "Or"
        }
      }
    }
  ]
}