{
  "GroupGUID": "ba95668d-edc7-481f-ac3c-e2a8a1a13ae5",
  "GroupName": "Teleport",
  "AreaAnchorName": "LevelArea_P10001_F10001001_G11",
  "LoadSide": "Server",
  "LoadOnInitial": true,
  "ConflictIDList": [],
  "AnchorList": [
    {
      "ID": 1,
      "PosX": 0.05,
      "PosY": -0.21718,
      "PosZ": -39.8,
      "Name": "CheckPoint1",
      "MapLayerID": 1
    },
    {
      "ID": 2,
      "PosX": -0.13,
      "PosY": -0.267298,
      "PosZ": 33.0306,
      "Name": "CheckPoint2",
      "RotY": 180.0,
      "MapLayerID": 1
    },
    {
      "ID": 3,
      "PosX": -52.997,
      "PosY": 4.91183,
      "PosZ": -55.158,
      "Name": "CheckPoint3",
      "RotY": 0.804422,
      "MapLayerID": 1
    }
  ],
  "MonsterList": [],
  "PropList": [
    {
      "ID": 300001,
      "PosX": 4.64,
      "PosY": 0.203984,
      "PosZ": -42.11,
      "Name": "Teleport1",
      "PropID": 101,
      "IsOverrideInitLevelGraph": true,
      "InitLevelGraph": "Config/Level/Props/Common/InitLevelGraph_Prop_Common_CheckPoint_ActiveHint.json",
      "CampID": 4,
      "State": "CheckPointEnable",
      "MapLayerID": 1,
      "CustomTriggerMap": {
        "CustomTrigger_Spring": {
          "Radius": 6.0,
          "Offset": {
            "y": 1.0
          },
          "PointList": [],
          "Server": true
        }
      },
      "BridgeStateRotations": [],
      "AnchorGroupID": 11,
      "AnchorID": 1,
      "MappingInfoID": 1000101,
      "DialogueGroups": [],
      "TalkDialogGroupIDList": [],
      "ServerInteractVerificationIDList": []
    },
    {
      "ID": 300002,
      "PosX": -5.98,
      "PosY": -0.273766,
      "PosZ": 34.65,
      "Name": "Teleport2",
      "PropID": 101,
      "IsOverrideInitLevelGraph": true,
      "InitLevelGraph": "Config/Level/Props/Common/InitLevelGraph_Prop_Common_CheckPoint_ActiveHint.json",
      "ValueSource": {
        "Values": [
          {
            "$type": "SharedUint",
            "Key": "Maze_CheckPoint_RefreshGroupID",
            "Value": 22
          },
          {
            "$type": "SharedUint",
            "Key": "Maze_CheckPoint_RefreshPropID",
            "Value": 600004
          }
        ]
      },
      "CampID": 4,
      "State": "CheckPointEnable",
      "MapLayerID": 1,
      "CustomTriggerMap": {
        "CustomTrigger_Spring": {
          "Radius": 7.0,
          "Offset": {
            "y": 1.0
          },
          "PointList": [],
          "Server": true
        }
      },
      "BridgeStateRotations": [],
      "AnchorGroupID": 11,
      "AnchorID": 2,
      "MappingInfoID": 1000102,
      "DialogueGroups": [],
      "TalkDialogGroupIDList": [],
      "ServerInteractVerificationIDList": []
    }
  ],
  "NPCList": []
}