{
  "GroupGUID": "0fb67dac-3362-41ec-ba22-e8b44f4193f8",
  "GroupName": "RaidNpc",
  "AreaAnchorName": "LevelArea_P10001_F10001001_G97",
  "LoadCondition": {
    "Conditions": [
      {
        "Type": "SubMission",
        "Phase": "Finish",
        "ID": 200070501
      }
    ]
  },
  "LoadSide": "Server",
  "ConflictIDList": [],
  "AnchorList": [
    {
      "ID": 1,
      "PosX": -53.764,
      "PosY": 6.248,
      "PosZ": -50.922,
      "Name": "C1",
      "RotY": 281.0893,
      "MapLayerID": 1,
      "Usage": "Camera"
    },
    {
      "ID": 2,
      "PosX": -54.71,
      "PosY": 4.923056,
      "PosZ": -50.5,
      "Name": "Anchor2",
      "RotY": 240.4726,
      "MapLayerID": 1
    }
  ],
  "MonsterList": [],
  "PropList": [
    {
      "ID": 300002,
      "PosX": -56.024,
      "PosY": 4.923051,
      "PosZ": -51.108,
      "Name": "Prop2",
      "RotY": 358.0445,
      "PropID": 3000,
      "IsOverrideInitLevelGraph": true,
      "ValueSource": {
        "Values": [
          {
            "$type": "SharedString",
            "Key": "OpenRaid",
            "Value": "Mission200070199_Finished"
          },
          {
            "$type": "SharedString",
            "Key": "ClosePage",
            "Value": "Mission200070199_ClosePage"
          }
        ]
      },
      "Trigger": {
        "Radius": 2.5,
        "DimX": 2.0,
        "DimY": 4.0,
        "DimZ": 14.0,
        "Offset": {
          "z": 2.0
        },
        "PointList": [],
        "Server": true
      },
      "CampID": 4,
      "State": "CheckPointDisable",
      "MapLayerID": 1,
      "CustomTriggerMap": {
        "CustomTrigger_01": {
          "Radius": 5.0,
          "PointList": [],
          "Server": true
        }
      },
      "BridgeStateRotations": [],
      "AnchorGroupID": 97,
      "AnchorID": 2,
      "MappingInfoID": 2264,
      "DialogueGroups": [],
      "TalkDialogGroupIDList": [],
      "ServerInteractVerificationIDList": [
        16
      ],
      "RaidID": 4000211,
      "OverrideBoardShowList": []
    },
    {
      "ID": 300001,
      "PosX": -55.86397,
      "PosY": 4.92305,
      "PosZ": -51.26075,
      "Name": "Prop1",
      "PropID": 100,
      "IsOverrideInitLevelGraph": true,
      "InitLevelGraph": "Config/Level/Raid/Common_Raid_OpenEntrance.json",
      "ValueSource": {
        "Values": [
          {
            "$type": "SharedString",
            "Key": "RaidID",
            "Value": "4000211"
          },
          {
            "$type": "SharedUint",
            "Key": "NPCGroupID",
            "Value": 194
          },
          {
            "$type": "SharedUint",
            "Key": "NPCID",
            "Value": 800002
          }
        ]
      },
      "Trigger": {
        "Radius": 1.0,
        "DimX": 1.0,
        "DimY": 1.0,
        "DimZ": 1.0,
        "PointList": []
      },
      "CampID": 4,
      "MapLayerID": 1,
      "CustomTriggerMap": {},
      "BridgeStateRotations": [],
      "DialogueGroups": [],
      "TalkDialogGroupIDList": [],
      "ServerInteractVerificationIDList": []
    }
  ],
  "NPCList": [
    {
      "ID": 400001,
      "PosX": -56.024,
      "PosY": 4.923051,
      "PosZ": -51.108,
      "Name": "NPC1",
      "RotY": 97.25874,
      "NPCID": 10122,
      "ValueSource": {
        "Values": [
          {
            "$type": "SharedString",
            "Key": "OpenRaid",
            "Value": "Mission200070199_Finished"
          },
          {
            "$type": "SharedString",
            "Key": "ClosePage",
            "Value": "Mission200070199_ClosePage"
          }
        ]
      },
      "DialogueGroups": [],
      "ServerInteractVerificationIDList": [],
      "MappingInfoID": 1411,
      "MapLayerID": 1,
      "BoardShowList": [
        1,
        4,
        64
      ],
      "OverrideNPCName": {
        "Hash": 526547389
      },
      "TalkDialogGroupIDList": [],
      "DefaultIdleFreeStyleMotionID": 100010000,
      "IsMapContent": true,
      "MiniMapIconType": 14,
      "InitialHiddenNodeList": [],
      "Dialog": {
        "LevelGraph": "Config/Level/NPCDialogue/P10001/F10001001_G97/DialogueMain_F10001001_G97_N400001.json",
        "PackList": [
          {
            "Name": "2000705",
            "LevelGraph": "Config/Level/NPCDialogue/P10001/F10001001_G97/DialoguePack_2000705_F10001001_G97_N400001.json"
          }
        ]
      },
      "ConnectWithSubMissionIDList": [
        200070504,
        200070505,
        200070506
      ],
      "RaidID": 4000211
    }
  ]
}