{
  "GroupGUID": "2cbd0981-e2bd-414f-8c97-390d525517a7",
  "GroupName": "MainMission2020303_",
  "Category": "Mission",
  "AreaAnchorName": "LevelArea_P10001_F10001001_G54",
  "SaveType": "Reset",
  "LoadCondition": {
    "Conditions": [
      {
        "Type": "SubMission",
        "ID": 202030303
      },
      {
        "Type": "SubMission",
        "Phase": "Finish",
        "ID": 202030303
      }
    ],
    "Operation": "Or"
  },
  "UnloadCondition": {
    "Conditions": [
      {
        "Type": "SubMission",
        "Phase": "Finish",
        "ID": 202030331
      }
    ]
  },
  "OwnerMainMissionID": 2020303,
  "ConflictIDList": [],
  "AnchorList": [],
  "MonsterList": [],
  "PropList": [],
  "NPCList": [
    {
      "ID": 400001,
      "PosX": 12.765,
      "PosY": 0.176714,
      "PosZ": -36.81,
      "Name": "NPC_WFR",
      "RotY": 309.2937,
      "NPCID": 10113,
      "DialogueGroups": [
        202030303,
        202030324,
        202030321,
        202030322
      ],
      "ServerInteractVerificationIDList": [],
      "DefaultLookAtMode": "Closed",
      "MapLayerID": 1,
      "BoardShowList": [
        1,
        64
      ],
      "OverrideNPCName": {
        "Hash": 170316962
      },
      "OverrideNPCTitle": {
        "Hash": -32583733
      },
      "TalkDialogGroupIDList": [],
      "DefaultIdleFreeStyleMotionID": 100010000,
      "OverrideSeriesID": 1011301,
      "BornType": "Permanent",
      "IsNeedFade": true,
      "InitialHiddenNodeList": [],
      "Dialog": {
        "LevelGraph": "Config/Level/NPCDialogue/P10001/F10001001_G54/DialogueMain_F10001001_G54_N400001.json",
        "PackList": [
          {
            "Name": "Transferred",
            "LevelGraph": "Config/Level/NPCDialogue/P10001/F10001001_G54/DialoguePack_Transferred_F10001001_G54_N400001.json"
          }
        ],
        "EnableCondition": {
          "Conditions": [
            {
              "Type": "SubMission",
              "ID": 202030303
            },
            {
              "Type": "SubMission",
              "ID": 202030324
            },
            {
              "Type": "SubMission",
              "ID": 202030321
            },
            {
              "Type": "SubMission",
              "ID": 202030322
            }
          ],
          "Operation": "Or"
        }
      },
      "ConnectWithSubMissionIDList": [
        202030303,
        202030324,
        202030321,
        202030322
      ]
    }
  ]
}