{
  "GroupGUID": "cc98839c-e02a-4319-9659-3fa5cda5accd",
  "GroupName": "MainMission3000301_",
  "Category": "Mission",
  "AreaAnchorName": "LevelArea_P10001_F10001001_G88",
  "SaveType": "Reset",
  "LoadCondition": {
    "Conditions": [
      {
        "ID": 3000301
      }
    ]
  },
  "UnloadCondition": {
    "Conditions": [
      {
        "Type": "SubMission",
        "Phase": "Finish",
        "ID": 300030104
      }
    ],
    "DelayToLevelReload": true
  },
  "ForceUnloadCondition": {
    "Conditions": [
      {
        "Phase": "Cancel",
        "ID": 3000301
      }
    ]
  },
  "OwnerMainMissionID": 3000301,
  "ConflictIDList": [],
  "AnchorList": [
    {
      "ID": 1,
      "PosX": -29.39,
      "PosY": -0.745883,
      "PosZ": -4.5,
      "Name": "Anchor1",
      "MapLayerID": 1
    },
    {
      "ID": 2,
      "PosX": -8.690001,
      "PosY": -0.893599,
      "PosZ": 17.26,
      "Name": "Anchor2",
      "MapLayerID": 1
    }
  ],
  "MonsterList": [],
  "PropList": [],
  "NPCList": [
    {
      "ID": 400002,
      "PosX": -26.07,
      "PosY": -0.889295,
      "PosZ": -3.37,
      "Name": "NPC2",
      "RotY": 51.12961,
      "NPCID": 10117,
      "DialogueGroups": [],
      "ServerInteractVerificationIDList": [],
      "DefaultIdleStateName": "Think01Loop",
      "MapLayerID": 1,
      "BoardShowList": [],
      "TalkDialogGroupIDList": [],
      "DefaultIdleFreeStyleMotionID": 100010222,
      "IsNeedFade": true,
      "InitialHiddenNodeList": []
    },
    {
      "ID": 400003,
      "PosX": -27.96,
      "PosY": -0.868884,
      "PosZ": -6.266,
      "Name": "NPC3",
      "NPCID": 10213,
      "DialogueGroups": [],
      "ServerInteractVerificationIDList": [],
      "DefaultIdleStateName": "Think01Loop",
      "MapLayerID": 1,
      "BoardShowList": [],
      "TalkDialogGroupIDList": [],
      "DefaultIdleFreeStyleMotionID": 100020222,
      "IsNeedFade": true,
      "InitialHiddenNodeList": []
    },
    {
      "ID": 400004,
      "PosX": -6.741,
      "PosY": -0.893598,
      "PosZ": 13.945,
      "Name": "NPC4",
      "RotY": 5.662496,
      "NPCID": 10216,
      "DialogueGroups": [],
      "ServerInteractVerificationIDList": [],
      "DefaultIdleStateName": "HoldArm01Loop",
      "MapLayerID": 1,
      "BoardShowList": [],
      "TalkDialogGroupIDList": [],
      "DefaultIdleFreeStyleMotionID": 100020231,
      "IsNeedFade": true,
      "InitialHiddenNodeList": []
    },
    {
      "ID": 400005,
      "PosX": -6.642,
      "PosY": -0.889293,
      "PosZ": 14.91,
      "Name": "NPC5",
      "RotY": 185.4954,
      "NPCID": 10215,
      "DialogueGroups": [],
      "ServerInteractVerificationIDList": [],
      "DefaultIdleStateName": "Think01Loop",
      "MapLayerID": 1,
      "BoardShowList": [],
      "TalkDialogGroupIDList": [],
      "DefaultIdleFreeStyleMotionID": 100020222,
      "IsNeedFade": true,
      "InitialHiddenNodeList": []
    },
    {
      "ID": 400006,
      "PosX": -5.827001,
      "PosY": -0.889292,
      "PosZ": 19.808,
      "Name": "NPC6",
      "RotY": 279.9012,
      "NPCID": 10214,
      "DialogueGroups": [],
      "ServerInteractVerificationIDList": [],
      "DefaultIdleStateName": "Sit01",
      "MapLayerID": 1,
      "BoardShowList": [],
      "TalkDialogGroupIDList": [],
      "DefaultIdleFreeStyleMotionID": 100020298,
      "IsNeedFade": true,
      "InitialHiddenNodeList": []
    }
  ]
}