{
  "GroupGUID": "75f4c081-99a9-485c-a851-dceb51ac0253",
  "GroupName": "MainMission4040014_",
  "Category": "Mission",
  "AreaAnchorName": "LevelArea_P10001_F10001001_G51",
  "SaveType": "Reset",
  "LoadCondition": {
    "Conditions": [
      {
        "Type": "SubMission",
        "ID": 404001401
      }
    ]
  },
  "UnloadCondition": {
    "Conditions": [
      {
        "Type": "SubMission",
        "Phase": "Finish",
        "ID": 404001401
      }
    ]
  },
  "OwnerMainMissionID": 4040014,
  "ConflictIDList": [],
  "AnchorList": [],
  "MonsterList": [],
  "PropList": [
    {
      "ID": 300002,
      "PosX": 39.855,
      "PosY": 4.685148,
      "PosZ": -51.297,
      "Name": "Prop2",
      "PropID": 100,
      "IsOverrideInitLevelGraph": true,
      "Trigger": {
        "Radius": 1.5,
        "DimX": 1.0,
        "DimY": 1.0,
        "DimZ": 1.0,
        "PointList": []
      },
      "CampID": 4,
      "MapLayerID": 1,
      "CustomTriggerMap": {},
      "BridgeStateRotations": [],
      "DialogueGroups": [],
      "TalkDialogGroupIDList": [],
      "ServerInteractVerificationIDList": []
    },
    {
      "ID": 300001,
      "PosX": 39.8111,
      "PosY": 5.468,
      "PosZ": -51.8396,
      "Name": "Prop1",
      "PropID": 100,
      "IsOverrideInitLevelGraph": true,
      "CampID": 4,
      "MapLayerID": 1,
      "OverrideHintRange": 15.0,
      "CustomTriggerMap": {},
      "BridgeStateRotations": [],
      "DialogueGroups": [],
      "TalkDialogGroupIDList": [],
      "ServerInteractVerificationIDList": []
    }
  ],
  "NPCList": []
}