{
  "GroupGUID": "38e28d4a-d799-4e9e-935d-869af901faa9",
  "GroupName": "SubASD_FB",
  "AreaAnchorName": "LevelArea_P10001_F10001001_G40",
  "SaveType": "Reset",
  "LoadCondition": {
    "Conditions": [
      {
        "Type": "SubMission",
        "Phase": "Finish",
        "ID": 200020103
      }
    ]
  },
  "UnloadCondition": {
    "Conditions": [
      {
        "Phase": "Finish",
        "ID": 2000201
      }
    ]
  },
  "ConflictIDList": [],
  "AnchorList": [],
  "MonsterList": [],
  "PropList": [],
  "NPCList": [
    {
      "ID": 400001,
      "PosX": -2.212553,
      "PosY": -0.342431,
      "PosZ": -41.57404,
      "Name": "NPC1",
      "RotY": 48.62536,
      "NPCID": 10120,
      "DialogueGroups": [
        200020104
      ],
      "ServerInteractVerificationIDList": [],
      "DefaultIdleStateName": "Akimbo02Loop",
      "DefaultLookAtMode": "Closed",
      "MapLayerID": 1,
      "BoardShowList": [],
      "OverrideNPCName": {
        "Hash": 1698982866
      },
      "TalkDialogGroupIDList": [],
      "DefaultIdleFreeStyleMotionID": 100010209,
      "InitialHiddenNodeList": [],
      "Dialog": {
        "LevelGraph": "Config/Level/NPCDialogue/P10001/F10001001_G40/DialogueMain_F10001001_G40_N400001.json",
        "EnableCondition": {
          "Conditions": [
            {
              "Type": "SubMission",
              "ID": 200020104
            }
          ],
          "Operation": "Or"
        }
      }
    }
  ]
}