{
  "GroupGUID": "932e22de-d1be-4480-ba59-6c675ca7b60f",
  "GroupName": "New Group",
  "AreaAnchorName": "LevelArea_P10001_F10001001_G95",
  "SaveType": "Reset",
  "LoadCondition": {
    "Conditions": [
      {
        "Type": "SubMission",
        "Phase": "Finish",
        "ID": 800000102
      }
    ]
  },
  "ForceUnloadCondition": {
    "Conditions": [
      {
        "Phase": "Cancel",
        "ID": 8000002
      }
    ]
  },
  "ConflictIDList": [],
  "AnchorList": [
    {
      "ID": 1,
      "PosX": -32.162,
      "PosY": -0.889957,
      "PosZ": -3.497,
      "Name": "Anchor1",
      "RotY": 315.0,
      "MapLayerID": 1
    }
  ],
  "MonsterList": [],
  "PropList": [
    {
      "ID": 300001,
      "PosX": -34.466,
      "PosY": 0.686,
      "PosZ": -1.335,
      "Name": "Prop1",
      "PropID": 102080,
      "IsOverrideInitLevelGraph": true,
      "Trigger": {
        "Radius": 2.0,
        "DimX": 1.0,
        "DimY": 1.0,
        "DimZ": 1.0,
        "PointList": []
      },
      "CampID": 4,
      "State": "CheckPointEnable",
      "MapLayerID": 1,
      "CustomTriggerMap": {},
      "BridgeStateRotations": [],
      "AnchorGroupID": 95,
      "AnchorID": 1,
      "MappingInfoID": 2258,
      "DialogueGroups": [],
      "TalkDialogGroupIDList": [],
      "ServerInteractVerificationIDList": [],
      "OverrideMapIconType": 117,
      "Dialog": {
        "LevelGraph": "Config/Level/PropDialogue/P10001/F10001001_G80/DialogueMain_F10001001_G80_P300001.json",
        "PackList": []
      },
      "InteractIconType": "FightActivity",
      "InteractTitle": {
        "Hash": -442203337
      }
    },
    {
      "ID": 300002,
      "PosX": -34.466,
      "PosY": 0.34,
      "PosZ": -1.335,
      "Name": "Prop2",
      "PropID": 100,
      "IsOverrideInitLevelGraph": true,
      "CampID": 4,
      "MapLayerID": 1,
      "CustomTriggerMap": {},
      "BridgeStateRotations": [],
      "MappingInfoID": 2258,
      "DialogueGroups": [],
      "TalkDialogGroupIDList": [],
      "ServerInteractVerificationIDList": [],
      "OverrideMapIconType": 117,
      "OverrideBoardShowList": [
        4
      ]
    },
    {
      "ID": 300003,
      "PosX": -34.406,
      "PosY": -0.046,
      "PosZ": -1.37,
      "Name": "Prop3",
      "PropID": 120,
      "IsOverrideInitLevelGraph": true,
      "CampID": 4,
      "MapLayerID": 1,
      "CustomTriggerMap": {},
      "BridgeStateRotations": [],
      "DialogueGroups": [],
      "TalkDialogGroupIDList": [],
      "ServerInteractVerificationIDList": []
    }
  ],
  "NPCList": []
}