{
  "GroupGUID": "3347e966-bc84-4d0a-8aea-e049940bc481",
  "GroupName": "Memorybubble",
  "AreaAnchorName": "LevelArea_P10001_F10001001_G86",
  "SaveType": "Reset",
  "LoadCondition": {
    "Conditions": [
      {
        "ID": 2000320
      }
    ]
  },
  "ConflictIDList": [],
  "AnchorList": [],
  "MonsterList": [],
  "PropList": [
    {
      "ID": 300001,
      "PosX": -56.66,
      "PosY": 6.392,
      "PosZ": -53.52,
      "Name": "Prop1",
      "PropID": 100008,
      "IsOverrideInitLevelGraph": true,
      "Trigger": {
        "Radius": 2.0,
        "PointList": []
      },
      "CampID": 4,
      "MapLayerID": 1,
      "CustomTriggerMap": {},
      "BridgeStateRotations": [],
      "DialogueGroups": [],
      "TalkDialogGroupIDList": [],
      "ServerInteractVerificationIDList": [],
      "Dialog": {
        "LevelGraph": "Config/Level/PropDialogue/P10001/F10001001_G86/DialogueMain_F10001001_G86_P300001.json",
        "PackList": []
      },
      "InteractIconType": "CheckIcon",
      "InteractTitle": {
        "Hash": -1131622732
      }
    },
    {
      "ID": 300002,
      "PosX": 18.328,
      "PosY": 6.337,
      "PosZ": -55.294,
      "Name": "Prop2",
      "RotY": 128.3589,
      "PropID": 100008,
      "IsOverrideInitLevelGraph": true,
      "Trigger": {
        "Radius": 2.0,
        "PointList": []
      },
      "CampID": 4,
      "MapLayerID": 1,
      "CustomTriggerMap": {},
      "BridgeStateRotations": [],
      "DialogueGroups": [],
      "TalkDialogGroupIDList": [],
      "ServerInteractVerificationIDList": [],
      "Dialog": {
        "LevelGraph": "Config/Level/PropDialogue/P10001/F10001001_G86/DialogueMain_F10001001_G86_P300002.json",
        "PackList": []
      },
      "InteractIconType": "CheckIcon",
      "InteractTitle": {
        "Hash": -1131622729
      }
    },
    {
      "ID": 300003,
      "PosX": -11.87,
      "PosY": -3.0,
      "PosZ": -11.58,
      "Name": "Prop3",
      "RotY": 128.3589,
      "PropID": 100008,
      "IsOverrideInitLevelGraph": true,
      "Trigger": {
        "Radius": 2.0,
        "PointList": []
      },
      "CampID": 4,
      "MapLayerID": 1,
      "CustomTriggerMap": {},
      "BridgeStateRotations": [],
      "DialogueGroups": [],
      "TalkDialogGroupIDList": [],
      "ServerInteractVerificationIDList": [],
      "Dialog": {
        "LevelGraph": "Config/Level/PropDialogue/P10001/F10001001_G86/DialogueMain_F10001001_G86_P300003.json",
        "PackList": []
      },
      "InteractIconType": "CheckIcon",
      "InteractTitle": {
        "Hash": -1131622730
      }
    },
    {
      "ID": 300004,
      "PosX": 4.89,
      "PosY": 0.24,
      "PosZ": 41.76,
      "Name": "Prop4",
      "RotY": 128.3589,
      "PropID": 100008,
      "IsOverrideInitLevelGraph": true,
      "Trigger": {
        "Radius": 2.0,
        "PointList": []
      },
      "CampID": 4,
      "MapLayerID": 1,
      "CustomTriggerMap": {},
      "BridgeStateRotations": [],
      "DialogueGroups": [],
      "TalkDialogGroupIDList": [],
      "ServerInteractVerificationIDList": [],
      "Dialog": {
        "LevelGraph": "Config/Level/PropDialogue/P10001/F10001001_G86/DialogueMain_F10001001_G86_P300004.json",
        "PackList": []
      },
      "InteractIconType": "CheckIcon",
      "InteractTitle": {
        "Hash": -1131622727
      }
    },
    {
      "ID": 300005,
      "PosX": -11.55,
      "PosY": 1.67,
      "PosZ": -45.37,
      "Name": "Prop5",
      "PropID": 100008,
      "IsOverrideInitLevelGraph": true,
      "Trigger": {
        "Radius": 2.0,
        "PointList": []
      },
      "CampID": 4,
      "MapLayerID": 1,
      "CustomTriggerMap": {},
      "BridgeStateRotations": [],
      "DialogueGroups": [],
      "TalkDialogGroupIDList": [],
      "ServerInteractVerificationIDList": [],
      "Dialog": {
        "LevelGraph": "Config/Level/PropDialogue/P10001/F10001001_G86/DialogueMain_F10001001_G86_P300005.json",
        "PackList": []
      },
      "InteractIconType": "CheckIcon",
      "InteractTitle": {
        "Hash": 2000545151
      }
    }
  ],
  "NPCList": []
}