{
  "GroupGUID": "02bef229-84cc-4487-8dea-27b4f418bb98",
  "GroupName": "MainMission2000301_",
  "Category": "Mission",
  "AreaAnchorName": "LevelArea_P10001_F10001001_G27",
  "SaveType": "Reset",
  "LoadCondition": {
    "Conditions": [
      {
        "ID": 2000301
      }
    ]
  },
  "UnloadCondition": {
    "Conditions": [
      {
        "Phase": "Finish",
        "ID": 2000301
      }
    ]
  },
  "OwnerMainMissionID": 2000301,
  "ConflictIDList": [],
  "AnchorList": [
    {
      "ID": 1,
      "PosX": 10.676,
      "PosY": -0.893601,
      "PosZ": 18.56,
      "Name": "Anchor1",
      "RotY": 341.0921,
      "MapLayerID": 1
    },
    {
      "ID": 2,
      "PosX": -8.138,
      "PosY": 0.190129,
      "PosZ": -38.456,
      "Name": "Anchor2",
      "RotY": 247.2489,
      "MapLayerID": 1
    },
    {
      "ID": 3,
      "PosX": -6.68,
      "PosY": 0.190129,
      "PosZ": -41.79,
      "Name": "Anchor3",
      "RotY": 293.0234,
      "MapLayerID": 1
    }
  ],
  "MonsterList": [],
  "PropList": [
    {
      "ID": 300001,
      "PosX": 10.91,
      "PosY": -0.893601,
      "PosZ": 18.73,
      "Name": "Prop1",
      "PropID": 111,
      "IsOverrideInitLevelGraph": true,
      "CampID": 4,
      "MapLayerID": 1,
      "CustomTriggerMap": {},
      "BridgeStateRotations": [],
      "DialogueGroups": [],
      "TalkDialogGroupIDList": [],
      "ServerInteractVerificationIDList": []
    },
    {
      "ID": 300002,
      "PosX": -6.943,
      "PosY": 0.248813,
      "PosZ": -41.458,
      "Name": "Prop2",
      "PropID": 111,
      "IsOverrideInitLevelGraph": true,
      "CampID": 4,
      "MapLayerID": 1,
      "CustomTriggerMap": {},
      "BridgeStateRotations": [],
      "DialogueGroups": [],
      "TalkDialogGroupIDList": [],
      "ServerInteractVerificationIDList": []
    },
    {
      "ID": 300003,
      "PosX": 10.91,
      "PosY": -0.893601,
      "PosZ": 18.73,
      "Name": "Prop3",
      "PropID": 100,
      "IsOverrideInitLevelGraph": true,
      "Trigger": {
        "Radius": 2.0,
        "DimX": 1.0,
        "DimY": 1.0,
        "DimZ": 1.0,
        "PointList": []
      },
      "CampID": 4,
      "MapLayerID": 1,
      "CustomTriggerMap": {},
      "BridgeStateRotations": [],
      "DialogueGroups": [],
      "TalkDialogGroupIDList": [],
      "ServerInteractVerificationIDList": []
    },
    {
      "ID": 300004,
      "PosX": -6.943,
      "PosY": 0.248813,
      "PosZ": -41.458,
      "Name": "Prop4",
      "PropID": 100,
      "IsOverrideInitLevelGraph": true,
      "Trigger": {
        "Radius": 2.0,
        "DimX": 1.0,
        "DimY": 1.0,
        "DimZ": 1.0,
        "PointList": []
      },
      "CampID": 4,
      "MapLayerID": 1,
      "CustomTriggerMap": {},
      "BridgeStateRotations": [],
      "DialogueGroups": [],
      "TalkDialogGroupIDList": [],
      "ServerInteractVerificationIDList": []
    }
  ],
  "NPCList": [
    {
      "ID": 400001,
      "PosX": 9.76,
      "PosY": -0.893604,
      "PosZ": 21.25,
      "Name": "NPC1",
      "RotY": 357.2332,
      "NPCID": 10215,
      "DialogueGroups": [],
      "ServerInteractVerificationIDList": [],
      "DefaultLookAtMode": "Closed",
      "MapLayerID": 1,
      "BoardShowList": [],
      "TalkDialogGroupIDList": [],
      "DefaultIdleFreeStyleMotionID": 100020000,
      "InitialHiddenNodeList": []
    },
    {
      "ID": 400003,
      "PosX": -9.601,
      "PosY": 0.235774,
      "PosZ": -39.038,
      "Name": "NPC3",
      "RotY": 326.3336,
      "NPCID": 10108,
      "DialogueGroups": [],
      "ServerInteractVerificationIDList": [],
      "DefaultIdleStateName": "Think01Loop",
      "DefaultLookAtMode": "Closed",
      "MapLayerID": 1,
      "BoardShowList": [
        1,
        64
      ],
      "TalkDialogGroupIDList": [],
      "DefaultIdleFreeStyleMotionID": 100010222,
      "OverrideSeriesID": 1010801,
      "InitialHiddenNodeList": []
    }
  ]
}