{
  "GroupGUID": "0619f06a-bcb1-47f1-b577-cda9f6bf68e0",
  "GroupName": "MainMission4040009_",
  "Category": "Mission",
  "AreaAnchorName": "LevelArea_P10001_F10001001_G47",
  "SaveType": "Reset",
  "LoadCondition": {
    "Conditions": [
      {
        "ID": 4040009
      }
    ]
  },
  "UnloadCondition": {
    "Conditions": [
      {
        "Phase": "Finish",
        "ID": 4040009
      }
    ]
  },
  "OwnerMainMissionID": 4040009,
  "ConflictIDList": [],
  "AnchorList": [],
  "MonsterList": [],
  "PropList": [
    {
      "ID": 300001,
      "PosX": -34.636,
      "PosY": -0.007,
      "PosZ": -14.63,
      "Name": "Prop1",
      "PropID": 100,
      "IsOverrideInitLevelGraph": true,
      "Trigger": {
        "Radius": 1.7,
        "DimX": 1.0,
        "DimY": 1.0,
        "DimZ": 1.0,
        "PointList": []
      },
      "CampID": 4,
      "MapLayerID": 1,
      "OverrideHintRange": 50.0,
      "CustomTriggerMap": {},
      "BridgeStateRotations": [],
      "DialogueGroups": [],
      "TalkDialogGroupIDList": [],
      "ServerInteractVerificationIDList": []
    }
  ],
  "NPCList": []
}