{
  "GroupGUID": "2e1d5a36-7942-4da6-8737-373a2c4e9e55",
  "GroupName": "MainMission8002101_",
  "Category": "Mission",
  "LevelGraph": "Config/Level/GroupGraph/F10001001/Group_F10001001_G120.json",
  "AreaAnchorName": "LevelArea_P10001_F10001001_G120",
  "SaveType": "Reset",
  "LoadCondition": {
    "Conditions": [
      {
        "ID": 8002101
      }
    ]
  },
  "UnloadCondition": {
    "Conditions": [
      {
        "Phase": "Finish",
        "ID": 8002101
      }
    ]
  },
  "OwnerMainMissionID": 8002101,
  "ValueSource": {},
  "ConflictIDList": [],
  "IsHoyoGroup": true,
  "SpatialInfo": {
    "GridList": [
      {
        "x": -1,
        "y": -1
      },
      {
        "y": -1
      },
      {
        "x": -1
      },
      {}
    ],
    "LowerUpperBounds": {
      "x": 18,
      "y": 20
    }
  },
  "ConflictWhiteList": [],
  "AnchorList": [
    {
      "ID": 1,
      "PosX": -7.38,
      "PosY": -0.316538,
      "PosZ": -3.37,
      "Name": "Anchor1",
      "MapLayerID": 1
    },
    {
      "ID": 2,
      "PosX": -0.044,
      "PosY": 0.294223,
      "PosZ": -0.82,
      "Name": "Anchor2",
      "RotY": 349.0172,
      "MapLayerID": 1,
      "Usage": "Actor"
    },
    {
      "ID": 3,
      "PosX": 0.942,
      "PosY": 1.951,
      "PosZ": -1.519,
      "Name": "Anchor3",
      "RotY": 317.8938,
      "RotX": 12.43012,
      "MapLayerID": 1,
      "Usage": "Camera",
      "CustomParameter": {
        "$type": "LevelAnchorCameraParameter",
        "fov": 35.0
      }
    },
    {
      "ID": 4,
      "PosX": -0.044,
      "PosY": 0.294223,
      "PosZ": -1.96,
      "Name": "Anchor4",
      "RotY": 353.3728,
      "MapLayerID": 1,
      "Usage": "Actor"
    }
  ],
  "MonsterList": [],
  "PropList": [
    {
      "ID": 300001,
      "PosX": -7.38,
      "PosY": -0.316538,
      "PosZ": -3.37,
      "Name": "Prop1",
      "PropID": 100,
      "IsOverrideInitLevelGraph": true,
      "InitLevelGraph": "Config/Level/LevelInstanceGraph/F10001001/LG_Prop_F10001001_G120_300001.json",
      "ValueSource": {},
      "Trigger": {
        "Radius": 20.0,
        "DimX": 1.0,
        "DimY": 1.0,
        "DimZ": 1.0,
        "PointList": []
      },
      "CampID": 4,
      "MapLayerID": 1,
      "CustomTriggerMap": {},
      "CustomTriggerMapV2": {},
      "BridgeStateRotations": [],
      "DialogueGroups": [],
      "TalkDialogGroupIDList": [],
      "ServerInteractVerificationIDList": []
    },
    {
      "ID": 300002,
      "PosX": -7.38,
      "PosY": -0.316538,
      "PosZ": -3.37,
      "Name": "Prop2",
      "PropID": 100,
      "IsOverrideInitLevelGraph": true,
      "InitLevelGraph": "Config/Level/LevelInstanceGraph/F10001001/LG_Prop_F10001001_G120_300002.json",
      "ValueSource": {},
      "Trigger": {
        "Radius": 20.0,
        "DimX": 1.0,
        "DimY": 1.0,
        "DimZ": 1.0,
        "PointList": []
      },
      "CampID": 4,
      "MapLayerID": 1,
      "CustomTriggerMap": {},
      "CustomTriggerMapV2": {},
      "BridgeStateRotations": [],
      "DialogueGroups": [],
      "TalkDialogGroupIDList": [],
      "ServerInteractVerificationIDList": []
    },
    {
      "ID": 300003,
      "PosX": -0.104,
      "PosY": 0.427968,
      "PosZ": 0.6,
      "Name": "Prop3",
      "PropID": 100,
      "IsOverrideInitLevelGraph": true,
      "InitLevelGraph": "Config/Level/LevelInstanceGraph/F10001001/LG_Prop_F10001001_G120_300003.json",
      "ValueSource": {},
      "Trigger": {
        "Radius": 6.0,
        "DimX": 1.0,
        "DimY": 1.0,
        "DimZ": 1.0,
        "PointList": []
      },
      "CampID": 4,
      "MapLayerID": 1,
      "CustomTriggerMap": {},
      "CustomTriggerMapV2": {},
      "BridgeStateRotations": [],
      "DialogueGroups": [],
      "TalkDialogGroupIDList": [],
      "ServerInteractVerificationIDList": []
    }
  ],
  "NPCList": [
    {
      "ID": 400001,
      "PosX": -0.09,
      "PosY": 0.40598,
      "PosZ": 0.58,
      "Name": "NPC1",
      "RotY": 5.159172,
      "NPCID": 1009,
      "ValueSource": {},
      "DialogueGroups": [],
      "ServerInteractVerificationIDList": [],
      "MapLayerID": 1,
      "BoardShowList": [
        4
      ],
      "TalkDialogGroupIDList": [],
      "DefaultIdleFreeStyleMotionID": 310090000,
      "InitialHiddenNodeList": [],
      "SpawnConfig": {
        "EntitySpawnConfig": {},
        "CaptureDistanceTolerance": 10.0
      },
      "TriggerValidGuest": {}
    }
  ]
}