{
  "GroupGUID": "8d14ffae-a158-4415-a7dc-9318b58dfeee",
  "GroupName": "SubStar",
  "AreaAnchorName": "LevelArea_P10001_F10001001_G31",
  "LoadCondition": {
    "Conditions": [
      {
        "Phase": "Finish",
        "ID": 1000401
      }
    ]
  },
  "UnloadCondition": {
    "Conditions": [
      {
        "Phase": "Finish",
        "ID": 2000110
      },
      {
        "ID": 2000110
      }
    ],
    "Operation": "Or"
  },
  "AnchorList": [],
  "MonsterList": [],
  "PropList": [],
  "NPCList": [
    {
      "ID": 400001,
      "PosX": -46.775,
      "PosY": 4.057872,
      "PosZ": -50.745,
      "Name": "NPC1",
      "RotY": 340.8417,
      "NPCID": 10106,
      "DialogueGroups": [
        500001202,
        500001203
      ],
      "ServerInteractVerificationIDList": [],
      "DefaultIdleStateName": "Think01Loop",
      "DefaultLookAtMode": "Closed",
      "DefaultLookAtTargetInfo": {},
      "MapLayerID": 1,
      "BoardShowList": [
        1,
        4,
        8,
        64
      ],
      "FirstDialogueGroupID": 500001201,
      "TalkDialogGroupIDList": [
        500001200
      ],
      "DefaultIdleFreeStyleMotionID": 100010222,
      "Dialog": {
        "LevelGraph": "Config/Level/NPCDialogue/P10001/F10001001_G31/DialogueMain_F10001001_G31_N400001.json",
        "PackList": [
          {
            "Name": "Transferred",
            "LevelGraph": "Config/Level/NPCDialogue/P10001/F10001001_G31/DialoguePack_Transferred_F10001001_G31_N400001.json"
          }
        ]
      }
    },
    {
      "ID": 400002,
      "PosX": -44.95961,
      "PosY": 4.057872,
      "PosZ": -50.33654,
      "Name": "NPC2",
      "RotY": 262.1821,
      "NPCID": 10403,
      "DialogueGroups": [
        500001802,
        500001803
      ],
      "ServerInteractVerificationIDList": [],
      "DefaultLookAtMode": "Closed",
      "DefaultLookAtTargetInfo": {},
      "MapLayerID": 1,
      "BoardShowList": [
        1,
        4,
        8,
        64
      ],
      "FirstDialogueGroupID": 500001801,
      "TalkDialogGroupIDList": [
        500001800
      ],
      "DefaultIdleFreeStyleMotionID": 100030000,
      "Dialog": {
        "LevelGraph": "Config/Level/NPCDialogue/P10001/F10001001_G31/DialogueMain_F10001001_G31_N400002.json",
        "PackList": [
          {
            "Name": "Transferred",
            "LevelGraph": "Config/Level/NPCDialogue/P10001/F10001001_G31/DialoguePack_Transferred_F10001001_G31_N400002.json"
          }
        ]
      }
    }
  ]
}