{
  "GroupGUID": "296d1bbf-2bd8-4228-bc12-0593c9242f49",
  "GroupName": "MainMission4040001_",
  "Category": "Mission",
  "AreaAnchorName": "LevelArea_P10001_F10001001_G43",
  "SaveType": "Reset",
  "LoadCondition": {
    "Conditions": [
      {
        "ID": 4040001
      }
    ]
  },
  "UnloadCondition": {
    "Conditions": [
      {
        "Phase": "Finish",
        "ID": 4040001
      }
    ],
    "DelayToLevelReload": true
  },
  "OwnerMainMissionID": 4040001,
  "ConflictIDList": [],
  "AnchorList": [
    {
      "ID": 1,
      "PosX": 8.135997,
      "PosY": -3.248306,
      "PosZ": -16.001,
      "Name": "Anchor1",
      "RotY": 330.6272,
      "MapLayerID": 1
    }
  ],
  "MonsterList": [],
  "PropList": [
    {
      "ID": 300001,
      "PosX": 31.525,
      "PosY": 3.763556,
      "PosZ": -28.284,
      "Name": "Prop1",
      "PropID": 101030,
      "IsOverrideInitLevelGraph": true,
      "CampID": 4,
      "MapLayerID": 1,
      "CustomTriggerMap": {},
      "BridgeStateRotations": [],
      "DialogueGroups": [],
      "TalkDialogGroupIDList": [],
      "ServerInteractVerificationIDList": []
    },
    {
      "ID": 300002,
      "PosX": 32.19,
      "PosY": 3.754345,
      "PosZ": -28.83,
      "Name": "Prop2",
      "PropID": 100,
      "IsOverrideInitLevelGraph": true,
      "Trigger": {
        "Radius": 2.0,
        "DimX": 1.0,
        "DimY": 1.0,
        "DimZ": 1.0,
        "PointList": []
      },
      "CampID": 4,
      "MapLayerID": 1,
      "CustomTriggerMap": {},
      "BridgeStateRotations": [],
      "DialogueGroups": [],
      "TalkDialogGroupIDList": [],
      "ServerInteractVerificationIDList": []
    },
    {
      "ID": 300003,
      "PosX": -7.808,
      "PosY": -3.246294,
      "PosZ": -17.909,
      "Name": "Prop3",
      "RotY": 64.70293,
      "PropID": 101030,
      "IsOverrideInitLevelGraph": true,
      "CampID": 4,
      "MapLayerID": 1,
      "CustomTriggerMap": {},
      "BridgeStateRotations": [],
      "DialogueGroups": [],
      "TalkDialogGroupIDList": [],
      "ServerInteractVerificationIDList": []
    },
    {
      "ID": 300004,
      "PosX": -7.32,
      "PosY": -3.23925,
      "PosZ": -17.42,
      "Name": "Prop4",
      "PropID": 100,
      "IsOverrideInitLevelGraph": true,
      "Trigger": {
        "Radius": 2.0,
        "DimX": 1.0,
        "DimY": 1.0,
        "DimZ": 1.0,
        "PointList": []
      },
      "CampID": 4,
      "MapLayerID": 1,
      "CustomTriggerMap": {},
      "BridgeStateRotations": [],
      "DialogueGroups": [],
      "TalkDialogGroupIDList": [],
      "ServerInteractVerificationIDList": []
    },
    {
      "ID": 300005,
      "PosX": 7.58,
      "PosY": -3.251632,
      "PosZ": -15.31,
      "Name": "Prop5",
      "RotY": 298.3194,
      "PropID": 101030,
      "IsOverrideInitLevelGraph": true,
      "CampID": 4,
      "MapLayerID": 1,
      "CustomTriggerMap": {},
      "BridgeStateRotations": [],
      "DialogueGroups": [],
      "TalkDialogGroupIDList": [],
      "ServerInteractVerificationIDList": []
    },
    {
      "ID": 300006,
      "PosX": 6.89,
      "PosY": -3.255304,
      "PosZ": -14.77,
      "Name": "Prop6",
      "PropID": 100,
      "IsOverrideInitLevelGraph": true,
      "Trigger": {
        "Radius": 2.0,
        "DimX": 1.0,
        "DimY": 1.0,
        "DimZ": 1.0,
        "PointList": []
      },
      "CampID": 4,
      "MapLayerID": 1,
      "CustomTriggerMap": {},
      "BridgeStateRotations": [],
      "DialogueGroups": [],
      "TalkDialogGroupIDList": [],
      "ServerInteractVerificationIDList": []
    }
  ],
  "NPCList": [
    {
      "ID": 400001,
      "PosX": 8.136,
      "PosY": -3.248305,
      "PosZ": -16.001,
      "Name": "NPC1",
      "RotY": 330.6272,
      "NPCID": 1992,
      "DialogueGroups": [],
      "ServerInteractVerificationIDList": [],
      "DefaultLookAtMode": "Closed",
      "MapLayerID": 1,
      "BoardShowList": [],
      "TalkDialogGroupIDList": [],
      "DefaultIdleFreeStyleMotionID": 380020000,
      "InitialHiddenNodeList": []
    },
    {
      "ID": 400002,
      "PosX": 8.26,
      "PosY": -3.238773,
      "PosZ": -14.86,
      "Name": "NPC2",
      "RotY": 197.0636,
      "NPCID": 10406,
      "DialogueGroups": [],
      "ServerInteractVerificationIDList": [],
      "DefaultLookAtMode": "Closed",
      "MapLayerID": 1,
      "BoardShowList": [],
      "TalkDialogGroupIDList": [],
      "DefaultIdleFreeStyleMotionID": 100030000,
      "InitialHiddenNodeList": []
    },
    {
      "ID": 400003,
      "PosX": 7.8,
      "PosY": -3.249488,
      "PosZ": -14.13,
      "Name": "NPC3",
      "RotY": 177.7403,
      "NPCID": 10111,
      "DialogueGroups": [],
      "ServerInteractVerificationIDList": [],
      "DefaultIdleStateName": "Think01Loop",
      "MapLayerID": 1,
      "BoardShowList": [],
      "TalkDialogGroupIDList": [],
      "DefaultIdleFreeStyleMotionID": 100010222,
      "InitialHiddenNodeList": []
    },
    {
      "ID": 400004,
      "PosX": 9.02,
      "PosY": -3.249488,
      "PosZ": -14.44,
      "Name": "NPC4",
      "RotY": 217.3736,
      "NPCID": 10209,
      "DialogueGroups": [],
      "ServerInteractVerificationIDList": [],
      "DefaultIdleStateName": "ServiceStand01Loop",
      "MapLayerID": 1,
      "BoardShowList": [],
      "TalkDialogGroupIDList": [],
      "DefaultIdleFreeStyleMotionID": 100020336,
      "InitialHiddenNodeList": []
    }
  ]
}