{
  "GroupGUID": "fbf5ddc3-99df-4e06-a9e5-cae9cf27f948",
  "GroupName": "MainMission0501",
  "AreaAnchorName": "LevelArea_P10001_F10001001_G12",
  "SaveType": "Reset",
  "LoadCondition": {
    "Conditions": [
      {
        "Phase": "Finish",
        "ID": 1000302
      }
    ]
  },
  "ConflictIDList": [],
  "AnchorList": [
    {
      "ID": 1,
      "PosX": -13.871,
      "PosY": 5.476907,
      "PosZ": -58.309,
      "Name": "Anchor1",
      "RotY": 315.9223,
      "MapLayerID": 1
    },
    {
      "ID": 2,
      "PosX": -25.5,
      "PosY": 3.754344,
      "PosZ": -32.59,
      "Name": "Anchor2",
      "RotY": 42.10463,
      "MapLayerID": 1
    },
    {
      "ID": 3,
      "PosX": -25.51,
      "PosY": 4.502042,
      "PosZ": -31.85,
      "Name": "Anchor3",
      "RotY": 137.4433,
      "MapLayerID": 1
    }
  ],
  "MonsterList": [],
  "PropList": [
    {
      "ID": 300001,
      "PosX": -25.5,
      "PosY": 3.866484,
      "PosZ": -34.97,
      "Name": "Prop1",
      "RotY": 1.128277,
      "PropID": 100,
      "IsOverrideInitLevelGraph": true,
      "Trigger": {
        "Radius": 4.0,
        "DimX": 4.0,
        "DimY": 1.0,
        "DimZ": 4.0,
        "PointList": []
      },
      "CampID": 4,
      "MapLayerID": 1,
      "CustomTriggerMap": {},
      "BridgeStateRotations": [],
      "DialogueGroups": [],
      "TalkDialogGroupIDList": [],
      "ServerInteractVerificationIDList": []
    }
  ],
  "NPCList": [
    {
      "ID": 400001,
      "PosX": -22.774,
      "PosY": 3.763524,
      "PosZ": -31.575,
      "Name": "NPC1",
      "RotY": 222.0041,
      "NPCID": 1013,
      "DialogueGroups": [
        100050102,
        500002101
      ],
      "ServerInteractVerificationIDList": [],
      "DefaultLookAtMode": "Closed",
      "MapLayerID": 1,
      "BoardShowList": [
        4
      ],
      "TalkDialogGroupIDList": [
        500002100
      ],
      "DefaultIdleFreeStyleMotionID": 310130215,
      "InitialHiddenNodeList": [],
      "Dialog": {
        "LevelGraph": "Config/Level/NPCDialogue/P10001/F10001001_G12/DialogueMain_F10001001_G12_N400001.json",
        "PackList": [
          {
            "Name": "SubMission",
            "LevelGraph": "Config/Level/NPCDialogue/P10001/F10001001_G12/DialoguePack_SubMission_F10001001_G12_N400001.json"
          },
          {
            "Name": "Common",
            "LevelGraph": "Config/Level/NPCDialogue/P10001/F10001001_G12/DialoguePack_Common_F10001001_G12_N400001.json"
          }
        ]
      },
      "ConnectWithSubMissionIDList": [
        200020218,
        200021202,
        200032002
      ]
    },
    {
      "ID": 400002,
      "PosX": -25.07954,
      "PosY": 3.754346,
      "PosZ": -29.91179,
      "Name": "NPC2",
      "RotY": 38.18967,
      "NPCID": 1003,
      "DialogueGroups": [],
      "ServerInteractVerificationIDList": [],
      "DefaultLookAtMode": "Closed",
      "MapLayerID": 1,
      "BoardShowList": [
        4
      ],
      "TalkDialogGroupIDList": [],
      "DefaultIdleFreeStyleMotionID": 310030000,
      "BornType": "Permanent",
      "InitialHiddenNodeList": []
    },
    {
      "ID": 400005,
      "PosX": -15.144,
      "PosY": 5.506124,
      "PosZ": -57.334,
      "Name": "NPC5",
      "RotY": 130.5424,
      "NPCID": 1001,
      "DialogueGroups": [],
      "ServerInteractVerificationIDList": [],
      "DefaultLookAtMode": "Closed",
      "MapLayerID": 1,
      "BoardShowList": [],
      "TalkDialogGroupIDList": [],
      "DefaultIdleFreeStyleMotionID": 310010000,
      "BornType": "Permanent",
      "InitialHiddenNodeList": []
    },
    {
      "ID": 400007,
      "PosX": -24.36,
      "PosY": 3.754346,
      "PosZ": -31.59,
      "Name": "NPC7",
      "RotY": 202.8401,
      "NPCID": 1003,
      "DialogueGroups": [],
      "ServerInteractVerificationIDList": [],
      "DefaultLookAtMode": "Closed",
      "MapLayerID": 1,
      "BoardShowList": [
        4
      ],
      "TalkDialogGroupIDList": [],
      "DefaultIdleFreeStyleMotionID": 310030000,
      "BornType": "Permanent",
      "InitialHiddenNodeList": []
    },
    {
      "ID": 400009,
      "PosX": -15.144,
      "PosY": 5.506124,
      "PosZ": -57.334,
      "Name": "NPC9",
      "RotY": 130.5424,
      "NPCID": 1002,
      "DialogueGroups": [],
      "ServerInteractVerificationIDList": [],
      "DefaultLookAtMode": "Closed",
      "MapLayerID": 1,
      "BoardShowList": [],
      "TalkDialogGroupIDList": [],
      "DefaultIdleFreeStyleMotionID": 310020000,
      "BornType": "Permanent",
      "InitialHiddenNodeList": []
    },
    {
      "ID": 400003,
      "PosX": -23.43,
      "PosY": 3.754345,
      "PosZ": -32.46,
      "Name": "NPC3",
      "RotY": 245.2599,
      "NPCID": 1013,
      "DialogueGroups": [],
      "ServerInteractVerificationIDList": [],
      "MapLayerID": 1,
      "BoardShowList": [],
      "TalkDialogGroupIDList": [],
      "DefaultIdleFreeStyleMotionID": 310130000,
      "InitialHiddenNodeList": []
    }
  ]
}