{
  "GroupGUID": "d9695324-21cd-4666-9b6a-2fe0c4d487e6",
  "GroupName": "MainMission8000001_",
  "AreaAnchorName": "LevelArea_P10001_F10001001_G80",
  "SaveType": "Reset",
  "LoadCondition": {
    "Conditions": [
      {
        "Type": "SubMission",
        "Phase": "Finish",
        "ID": 800000101
      }
    ]
  },
  "ForceUnloadCondition": {
    "Conditions": [
      {
        "Phase": "Cancel",
        "ID": 8000002
      }
    ]
  },
  "ConflictIDList": [],
  "AnchorList": [
    {
      "ID": 1,
      "PosX": -33.389,
      "PosY": -0.889295,
      "PosZ": -3.84,
      "Name": "Anchor1",
      "RotY": 293.7876,
      "MapLayerID": 1
    },
    {
      "ID": 2,
      "PosX": -31.6646,
      "PosY": 0.784,
      "PosZ": 0.445,
      "Name": "Anchor2",
      "RotY": 136.5688,
      "RotX": 47.40807,
      "RotZ": -3.8E-5,
      "MapLayerID": 1,
      "Usage": "Camera"
    },
    {
      "ID": 3,
      "PosX": -33.62,
      "PosY": 0.561,
      "PosZ": -5.308,
      "Name": "Anchor3",
      "RotY": 74.73203,
      "RotX": 327.9981,
      "RotZ": 359.0891,
      "MapLayerID": 1,
      "Usage": "Camera"
    },
    {
      "ID": 4,
      "PosX": -34.466,
      "PosY": 0.686,
      "PosZ": -1.335,
      "Name": "Anchor4",
      "MapLayerID": 1,
      "Usage": "Camera"
    }
  ],
  "MonsterList": [],
  "PropList": [
    {
      "ID": 300001,
      "PosX": -34.105,
      "PosY": -0.214,
      "PosZ": -1.707,
      "IsDelete": true,
      "Name": "Prop1",
      "PropID": 100,
      "IsOverrideInitLevelGraph": true,
      "Trigger": {
        "Radius": 1.0,
        "DimX": 1.0,
        "DimY": 1.0,
        "DimZ": 1.0,
        "PointList": []
      },
      "CampID": 4,
      "MapLayerID": 1,
      "CustomTriggerMap": {},
      "BridgeStateRotations": [],
      "MappingInfoID": 2258,
      "DialogueGroups": [],
      "TalkDialogGroupIDList": [],
      "ServerInteractVerificationIDList": []
    }
  ],
  "NPCList": [
    {
      "ID": 400001,
      "PosX": -34.337,
      "PosY": -0.822494,
      "PosZ": -3.726,
      "Name": "NPC1",
      "RotY": 309.7599,
      "NPCID": 10216,
      "DialogueGroups": [],
      "ServerInteractVerificationIDList": [],
      "DefaultIdleStateName": "Think01Loop",
      "MapLayerID": 1,
      "BoardShowList": [
        1,
        4,
        64
      ],
      "OverrideNPCName": {
        "Hash": 2093824696
      },
      "TalkDialogGroupIDList": [],
      "DefaultIdleFreeStyleMotionID": 100020222,
      "OverrideSeriesID": 1021601,
      "BornType": "Permanent",
      "InitialHiddenNodeList": [],
      "Dialog": {
        "LevelGraph": "Config/Level/NPCDialogue/P10001/F10001001_G80/DialogueMain_F10001001_G80_N400001.json",
        "PackList": [
          {
            "Name": "Mission",
            "LevelGraph": "Config/Level/NPCDialogue/P10001/F10001001_G80/DialoguePack_Mission_F10001001_G80_N400001.json"
          }
        ]
      }
    },
    {
      "ID": 400002,
      "PosX": -33.389,
      "PosY": -0.889295,
      "PosZ": -3.84,
      "Name": "NPC2",
      "RotY": 293.7876,
      "NPCID": 1991,
      "DialogueGroups": [],
      "ServerInteractVerificationIDList": [],
      "MapLayerID": 1,
      "BoardShowList": [],
      "TalkDialogGroupIDList": [],
      "DefaultIdleFreeStyleMotionID": 380010000,
      "InitialHiddenNodeList": []
    }
  ]
}