{
  "GroupGUID": "3ad3cab1-34b7-4aa4-9c71-7ccf2235b3b6",
  "GroupName": "MainMission2011501_",
  "Category": "Mission",
  "AreaAnchorName": "LevelArea_P10001_F10001001_G59",
  "SaveType": "Reset",
  "LoadCondition": {
    "Conditions": [
      {
        "Type": "SubMission",
        "ID": 201150112
      }
    ]
  },
  "UnloadCondition": {
    "Conditions": [
      {
        "Type": "SubMission",
        "Phase": "Finish",
        "ID": 201150112
      }
    ],
    "DelayToLevelReload": true
  },
  "OwnerMainMissionID": 2011501,
  "ConflictIDList": [],
  "AnchorList": [],
  "MonsterList": [],
  "PropList": [
    {
      "ID": 300001,
      "PosX": -1.261,
      "PosY": 0.88,
      "PosZ": 0.587,
      "Name": "Prop1",
      "RotY": 23.98063,
      "PropID": 117,
      "IsOverrideInitLevelGraph": true,
      "Trigger": {
        "Radius": 1.0,
        "DimX": 1.0,
        "DimY": 1.0,
        "DimZ": 1.0,
        "PointList": []
      },
      "CampID": 4,
      "MapLayerID": 1,
      "CustomTriggerMap": {},
      "BridgeStateRotations": [],
      "DialogueGroups": [
        201150113
      ],
      "TalkDialogGroupIDList": [],
      "ServerInteractVerificationIDList": []
    }
  ],
  "NPCList": [
    {
      "ID": 400001,
      "PosX": -9.57,
      "PosY": -0.889291,
      "PosZ": 2.270001,
      "Name": "NPC1",
      "RotY": 262.9575,
      "NPCID": 10202,
      "StaticNPC": true,
      "DialogueGroups": [],
      "ServerInteractVerificationIDList": [],
      "DefaultIdleStateName": "Think01Loop",
      "MapLayerID": 1,
      "BoardShowList": [],
      "TalkDialogGroupIDList": [],
      "DefaultIdleFreeStyleMotionID": 100020222,
      "OverrideSeriesID": 4294967295,
      "InitialHiddenNodeList": []
    }
  ]
}