{
  "GroupGUID": "12c49b10-dc00-448c-8d3a-b410f616df6b",
  "GroupName": "NPC_LMN",
  "AreaAnchorName": "LevelArea_P10001_F10001001_G61",
  "SaveType": "Reset",
  "LoadCondition": {
    "Conditions": [
      {
        "Phase": "Finish",
        "ID": 2000109
      }
    ]
  },
  "AnchorList": [],
  "MonsterList": [],
  "PropList": [],
  "NPCList": [
    {
      "ID": 400001,
      "PosX": 36.302,
      "PosY": 4.047916,
      "PosZ": -50.617,
      "Name": "NPC1",
      "RotY": 176.2532,
      "NPCID": 10205,
      "DialogueGroups": [
        500000906,
        500000907
      ],
      "ServerInteractVerificationIDList": [],
      "DefaultIdleStateName": "SitTable01",
      "DefaultLookAtMode": "Closed",
      "MapLayerID": 1,
      "BoardShowList": [
        1,
        64
      ],
      "FirstDialogueGroupID": 500000905,
      "TalkDialogGroupIDList": [
        500000904
      ],
      "DefaultIdleFreeStyleMotionID": 100020304,
      "Dialog": {
        "LevelGraph": "Config/Level/NPCDialogue/P10001/F10001001_G61/DialogueMain_F10001001_G61_N400001.json",
        "PackList": [
          {
            "Name": "Transferred",
            "LevelGraph": "Config/Level/NPCDialogue/P10001/F10001001_G61/DialoguePack_Transferred_F10001001_G61_N400001.json"
          }
        ]
      }
    }
  ]
}