{
  "GroupGUID": "90bab11a-499d-4df2-9bac-738d03bd8e22",
  "GroupName": "NPCWSQ",
  "AreaAnchorName": "LevelArea_P10001_F10001001_G63",
  "SaveType": "Reset",
  "LoadCondition": {
    "Conditions": [
      {
        "Phase": "Finish",
        "ID": 1000401
      }
    ]
  },
  "LoadSide": "Server",
  "ConflictIDList": [],
  "AnchorList": [],
  "MonsterList": [],
  "PropList": [],
  "NPCList": [
    {
      "ID": 400001,
      "PosX": -4.762,
      "PosY": 0.208582,
      "PosZ": -31.617,
      "Name": "NPC1",
      "RotY": 168.8416,
      "NPCID": 10107,
      "Trigger": {
        "Radius": 3.0,
        "DimX": 1.0,
        "DimY": 1.0,
        "DimZ": 1.0,
        "PointList": [],
        "Server": true
      },
      "DialogueGroups": [
        200013203,
        500001502,
        500001503,
        500001505,
        200013201
      ],
      "ServerInteractVerificationIDList": [
        19
      ],
      "DefaultIdleStateName": "Akimbo01Loop",
      "MappingInfoID": 2236,
      "MapLayerID": 1,
      "BoardShowList": [
        1,
        4,
        64
      ],
      "FirstDialogueGroupID": 500001501,
      "TalkDialogGroupIDList": [
        500001500
      ],
      "DefaultIdleFreeStyleMotionID": 100010210,
      "IsMapContent": true,
      "MiniMapIconType": 103,
      "InitialHiddenNodeList": [],
      "Dialog": {
        "LevelGraph": "Config/Level/NPCDialogue/P10001/F10001001_G63/DialogueMain_F10001001_G63_N400001.json",
        "PackList": [
          {
            "Name": "Transferred",
            "LevelGraph": "Config/Level/NPCDialogue/P10001/F10001001_G63/DialoguePack_Transferred_F10001001_G63_N400001.json"
          }
        ]
      },
      "ConnectWithSubMissionIDList": [
        200013203,
        200013201
      ]
    }
  ]
}