{
  "GroupGUID": "35c64521-0487-4075-af25-72b3746ea588",
  "GroupName": "PeiPei",
  "AreaAnchorName": "LevelArea_P10001_F10001001_G87",
  "SaveType": "Reset",
  "LoadCondition": {
    "Conditions": [
      {
        "Phase": "Finish",
        "ID": 1000400
      }
    ]
  },
  "ConflictIDList": [],
  "AnchorList": [],
  "MonsterList": [],
  "PropList": [],
  "NPCList": [
    {
      "ID": 400001,
      "PosX": 13.274,
      "PosY": -0.893066,
      "PosZ": 6.419,
      "Name": "NPC1",
      "RotY": 224.0283,
      "NPCID": 3015,
      "LevelGraph": "Config/Level/NPC/NPC_Peppy.json",
      "DialogueGroups": [],
      "ServerInteractVerificationIDList": [],
      "MapLayerID": 1,
      "BoardShowList": [
        1,
        64
      ],
      "OverrideNPCName": {
        "Hash": -1256873881
      },
      "TalkDialogGroupIDList": [],
      "DefaultIdleFreeStyleMotionID": 900030000,
      "BornType": "Permanent",
      "InitialHiddenNodeList": [],
      "Dialog": {
        "LevelGraph": "Config/Level/NPCDialogue/P10001/F10001001_G87/DialogueMain_F10001001_G87_N400001.json",
        "PackList": []
      }
    }
  ]
}