{
  "GroupGUID": "659cffa2-216b-4317-8c78-1e27b59b447f",
  "GroupName": "NPC_WSL",
  "AreaAnchorName": "LevelArea_P10001_F10001001_G10",
  "SaveType": "Reset",
  "LoadCondition": {
    "Conditions": [
      {
        "Phase": "Finish",
        "ID": 1000401
      }
    ]
  },
  "ConflictIDList": [],
  "AnchorList": [],
  "MonsterList": [],
  "PropList": [],
  "NPCList": [
    {
      "ID": 400001,
      "PosX": 1.272,
      "PosY": -0.261426,
      "PosZ": -18.71,
      "Name": "NPC1",
      "RotY": 263.2153,
      "NPCID": 10302,
      "DialogueGroups": [
        500001402,
        500001403
      ],
      "ServerInteractVerificationIDList": [],
      "DefaultIdleStateName": "Shy01Loop",
      "DefaultLookAtMode": "Closed",
      "MapLayerID": 1,
      "BoardShowList": [
        1,
        4,
        8,
        64
      ],
      "FirstDialogueGroupID": 500001401,
      "TalkDialogGroupIDList": [
        500001400
      ],
      "DefaultIdleFreeStyleMotionID": 100040327,
      "InitialHiddenNodeList": [],
      "Dialog": {
        "LevelGraph": "Config/Level/NPCDialogue/P10001/F10001001_G10/DialogueMain_F10001001_G10_N400001.json",
        "PackList": [
          {
            "Name": "Activity",
            "LevelGraph": "Config/Level/NPCDialogue/P10001/F10001001_G10/DialoguePack_Activity_F10001001_G10_N400001.json"
          },
          {
            "Name": "Transferred",
            "LevelGraph": "Config/Level/NPCDialogue/P10001/F10001001_G10/DialoguePack_Transferred_F10001001_G10_N400001.json"
          }
        ]
      },
      "ConnectWithSubMissionIDList": [
        800017001,
        800017003,
        800017101,
        800017102,
        800017201,
        800017202,
        800017301,
        800017302,
        800017401,
        800017402,
        800017501,
        800017502,
        800017701,
        800017702
      ]
    }
  ]
}