{
  "GroupGUID": "147039fe-cc39-4453-8300-dd3f7b0bb413",
  "GroupName": "SubReadingStar1",
  "AreaAnchorName": "LevelArea_P10001_F10001001_G17",
  "LoadCondition": {
    "Conditions": [
      {
        "Phase": "Finish",
        "ID": 2000110
      }
    ]
  },
  "LoadSide": "Server",
  "AnchorList": [],
  "MonsterList": [],
  "PropList": [
    {
      "ID": 300001,
      "PosX": -47.867,
      "PosY": 4.915812,
      "PosZ": -50.57,
      "Name": "Prop1",
      "RotY": 15.47933,
      "PropID": 101030,
      "IsOverrideInitLevelGraph": true,
      "InitLevelGraph": "Config/Level/Props/Common/InitLevelGraph_Prop_Common_PickupReadings.json",
      "CampID": 4,
      "State": "EventClose",
      "EventID": 20001507,
      "MapLayerID": 1,
      "CustomTriggerMap": {},
      "BridgeStateRotations": [],
      "DialogueGroups": [],
      "TalkDialogGroupIDList": [],
      "ServerInteractVerificationIDList": []
    }
  ],
  "NPCList": []
}