{
  "GroupGUID": "aa1bec9f-e7e0-41b5-8536-01d6530e7df6",
  "GroupName": "EnvNPCs",
  "AreaAnchorName": "LevelArea_P10001_F10001001_G19",
  "SaveType": "Reset",
  "LoadCondition": {
    "Conditions": [
      {
        "Phase": "Finish",
        "ID": 1000400
      }
    ]
  },
  "RandomInit": {
    "ControlList": [
      {
        "ControlID": 1,
        "Weight": 1.0,
        "NPCIDList": [],
        "PropIDList": [],
        "CrowdIDList": [
          17
        ]
      },
      {
        "ControlID": 2,
        "Weight": 1.0,
        "NPCIDList": [],
        "PropIDList": [],
        "CrowdIDList": [
          22
        ]
      },
      {
        "ControlID": 3,
        "Weight": 1.0,
        "NPCIDList": [],
        "PropIDList": [],
        "CrowdIDList": [
          15
        ]
      },
      {
        "ControlID": 3,
        "Weight": 1.0,
        "NPCIDList": [],
        "PropIDList": [],
        "CrowdIDList": [
          29
        ]
      },
      {
        "ControlID": 3,
        "Weight": 1.0,
        "NPCIDList": [],
        "PropIDList": [],
        "CrowdIDList": [
          30
        ]
      },
      {
        "ControlID": 4,
        "Weight": 1.0,
        "NPCIDList": [],
        "PropIDList": [],
        "CrowdIDList": [
          11
        ]
      },
      {
        "ControlID": 4,
        "Weight": 1.0,
        "NPCIDList": [],
        "PropIDList": [],
        "CrowdIDList": [
          21
        ]
      },
      {
        "ControlID": 5,
        "Weight": 1.0,
        "NPCIDList": [],
        "PropIDList": [],
        "CrowdIDList": [
          5
        ]
      },
      {
        "ControlID": 5,
        "Weight": 1.0,
        "NPCIDList": [],
        "PropIDList": [],
        "CrowdIDList": [
          31
        ]
      },
      {
        "ControlID": 6,
        "Weight": 1.0,
        "NPCIDList": [],
        "PropIDList": [],
        "CrowdIDList": [
          19
        ]
      }
    ]
  },
  "ConflictIDList": [],
  "AnchorList": [],
  "MonsterList": [],
  "PropList": [
    {
      "ID": 300001,
      "PosX": 36.36,
      "PosY": 4.923039,
      "PosZ": -32.33,
      "Name": "Prop1",
      "PropID": 100,
      "IsOverrideInitLevelGraph": true,
      "InitLevelGraph": "Config/Level/CrowdBubble/Crowd_Conversation_Template.json",
      "ValueSource": {
        "Values": [
          {
            "$type": "SharedString",
            "Key": "PlayPerformanceE",
            "Value": "500066101"
          }
        ]
      },
      "Trigger": {
        "Radius": 2.0,
        "DimX": 1.0,
        "DimY": 1.0,
        "DimZ": 1.0,
        "PointList": []
      },
      "CampID": 4,
      "MapLayerID": 1,
      "CustomTriggerMap": {},
      "BridgeStateRotations": [],
      "DialogueGroups": [],
      "TalkDialogGroupIDList": [],
      "ServerInteractVerificationIDList": []
    },
    {
      "ID": 300002,
      "PosX": -6.835,
      "PosY": -2.986125,
      "PosZ": -10.53345,
      "Name": "Prop2",
      "PropID": 100,
      "IsOverrideInitLevelGraph": true,
      "InitLevelGraph": "Config/Level/CrowdBubble/Crowd_Conversation_Template.json",
      "ValueSource": {
        "Values": [
          {
            "$type": "SharedString",
            "Key": "PlayPerformanceE",
            "Value": "500067101"
          }
        ]
      },
      "Trigger": {
        "Radius": 2.0,
        "DimX": 1.0,
        "DimY": 1.0,
        "DimZ": 1.0,
        "PointList": []
      },
      "CampID": 4,
      "MapLayerID": 1,
      "CustomTriggerMap": {},
      "BridgeStateRotations": [],
      "DialogueGroups": [],
      "TalkDialogGroupIDList": [],
      "ServerInteractVerificationIDList": []
    },
    {
      "ID": 300003,
      "PosX": -18.69292,
      "PosY": -0.658637,
      "PosZ": -22.60843,
      "Name": "Prop3",
      "PropID": 100,
      "IsOverrideInitLevelGraph": true,
      "InitLevelGraph": "Config/Level/CrowdBubble/Crowd_Conversation_Template.json",
      "ValueSource": {
        "Values": [
          {
            "$type": "SharedString",
            "Key": "PlayPerformanceE",
            "Value": "500068101"
          }
        ]
      },
      "Trigger": {
        "Radius": 2.0,
        "DimX": 1.0,
        "DimY": 1.0,
        "DimZ": 1.0,
        "PointList": []
      },
      "CampID": 4,
      "MapLayerID": 1,
      "CustomTriggerMap": {},
      "BridgeStateRotations": [],
      "DialogueGroups": [],
      "TalkDialogGroupIDList": [],
      "ServerInteractVerificationIDList": []
    },
    {
      "ID": 300004,
      "PosX": -18.69292,
      "PosY": -0.658637,
      "PosZ": -22.60843,
      "Name": "Prop4",
      "PropID": 100,
      "IsOverrideInitLevelGraph": true,
      "InitLevelGraph": "Config/Level/CrowdBubble/Crowd_Conversation_Template.json",
      "ValueSource": {
        "Values": [
          {
            "$type": "SharedString",
            "Key": "PlayPerformanceE",
            "Value": "500069101"
          }
        ]
      },
      "Trigger": {
        "Radius": 2.0,
        "DimX": 1.0,
        "DimY": 1.0,
        "DimZ": 1.0,
        "PointList": []
      },
      "CampID": 4,
      "MapLayerID": 1,
      "CustomTriggerMap": {},
      "BridgeStateRotations": [],
      "DialogueGroups": [],
      "TalkDialogGroupIDList": [],
      "ServerInteractVerificationIDList": []
    },
    {
      "ID": 300005,
      "PosX": -18.69292,
      "PosY": -0.658637,
      "PosZ": -22.60843,
      "Name": "Prop5",
      "PropID": 100,
      "IsOverrideInitLevelGraph": true,
      "InitLevelGraph": "Config/Level/CrowdBubble/Crowd_Conversation_Template.json",
      "ValueSource": {
        "Values": [
          {
            "$type": "SharedString",
            "Key": "PlayPerformanceE",
            "Value": "500070101"
          }
        ]
      },
      "Trigger": {
        "Radius": 2.0,
        "DimX": 1.0,
        "DimY": 1.0,
        "DimZ": 1.0,
        "PointList": []
      },
      "CampID": 4,
      "MapLayerID": 1,
      "CustomTriggerMap": {},
      "BridgeStateRotations": [],
      "DialogueGroups": [],
      "TalkDialogGroupIDList": [],
      "ServerInteractVerificationIDList": []
    },
    {
      "ID": 300006,
      "PosX": 23.5899,
      "PosY": -0.820444,
      "PosZ": -25.80477,
      "Name": "Prop6",
      "PropID": 100,
      "IsOverrideInitLevelGraph": true,
      "InitLevelGraph": "Config/Level/CrowdBubble/Crowd_Conversation_Template.json",
      "ValueSource": {
        "Values": [
          {
            "$type": "SharedString",
            "Key": "PlayPerformanceE",
            "Value": "500071101"
          }
        ]
      },
      "Trigger": {
        "Radius": 2.0,
        "DimX": 1.0,
        "DimY": 1.0,
        "DimZ": 1.0,
        "PointList": []
      },
      "CampID": 4,
      "MapLayerID": 1,
      "CustomTriggerMap": {},
      "BridgeStateRotations": [],
      "DialogueGroups": [],
      "TalkDialogGroupIDList": [],
      "ServerInteractVerificationIDList": []
    },
    {
      "ID": 300007,
      "PosX": 23.5899,
      "PosY": -0.820444,
      "PosZ": -25.80477,
      "Name": "Prop7",
      "PropID": 100,
      "IsOverrideInitLevelGraph": true,
      "InitLevelGraph": "Config/Level/CrowdBubble/Crowd_Conversation_Template.json",
      "ValueSource": {
        "Values": [
          {
            "$type": "SharedString",
            "Key": "PlayPerformanceE",
            "Value": "500072101"
          }
        ]
      },
      "MapLayerID": 1,
      "CustomTriggerMap": {},
      "BridgeStateRotations": [],
      "DialogueGroups": [],
      "TalkDialogGroupIDList": [],
      "ServerInteractVerificationIDList": []
    },
    {
      "ID": 300008,
      "PosX": 39.179,
      "PosY": -0.502,
      "PosZ": -7.873,
      "Name": "Prop8",
      "PropID": 100,
      "IsOverrideInitLevelGraph": true,
      "InitLevelGraph": "Config/Level/CrowdBubble/Crowd_Conversation_Template.json",
      "ValueSource": {
        "Values": [
          {
            "$type": "SharedString",
            "Key": "PlayPerformanceE",
            "Value": "500076101"
          }
        ]
      },
      "Trigger": {
        "Radius": 2.0,
        "DimX": 1.0,
        "DimY": 1.0,
        "DimZ": 1.0,
        "PointList": []
      },
      "CampID": 4,
      "MapLayerID": 1,
      "CustomTriggerMap": {},
      "BridgeStateRotations": [],
      "DialogueGroups": [],
      "TalkDialogGroupIDList": [],
      "ServerInteractVerificationIDList": []
    },
    {
      "ID": 300009,
      "PosX": 39.179,
      "PosY": -0.502,
      "PosZ": -7.873,
      "Name": "Prop9",
      "PropID": 100,
      "IsOverrideInitLevelGraph": true,
      "InitLevelGraph": "Config/Level/CrowdBubble/Crowd_Conversation_Template.json",
      "ValueSource": {
        "Values": [
          {
            "$type": "SharedString",
            "Key": "PlayPerformanceE",
            "Value": "500073101"
          }
        ]
      },
      "MapLayerID": 1,
      "CustomTriggerMap": {},
      "BridgeStateRotations": [],
      "DialogueGroups": [],
      "TalkDialogGroupIDList": [],
      "ServerInteractVerificationIDList": []
    },
    {
      "ID": 300010,
      "PosX": 34.392,
      "PosY": 4.04901,
      "PosZ": -46.873,
      "Name": "Prop10",
      "PropID": 100,
      "IsOverrideInitLevelGraph": true,
      "InitLevelGraph": "Config/Level/CrowdBubble/Crowd_Conversation_Template.json",
      "ValueSource": {
        "Values": [
          {
            "$type": "SharedString",
            "Key": "PlayPerformanceE",
            "Value": "500074101"
          }
        ]
      },
      "Trigger": {
        "Radius": 2.0,
        "DimX": 1.0,
        "DimY": 1.0,
        "DimZ": 1.0,
        "PointList": []
      },
      "CampID": 4,
      "MapLayerID": 1,
      "CustomTriggerMap": {},
      "BridgeStateRotations": [],
      "DialogueGroups": [],
      "TalkDialogGroupIDList": [],
      "ServerInteractVerificationIDList": []
    }
  ],
  "NPCList": []
}