{
  "GroupGUID": "5746b1ff-b4ce-4f2e-8fbb-e1ba62591560",
  "GroupName": "MainMission3000302_",
  "Category": "Mission",
  "AreaAnchorName": "LevelArea_P10001_F10001001_G90",
  "SaveType": "Reset",
  "LoadCondition": {
    "Conditions": [
      {
        "Type": "SubMission",
        "ID": 300030202
      },
      {
        "Type": "SubMission",
        "ID": 300030203
      },
      {
        "Type": "SubMission",
        "ID": 300030204
      }
    ],
    "Operation": "Or"
  },
  "UnloadCondition": {
    "Conditions": [
      {
        "Type": "SubMission",
        "Phase": "Finish",
        "ID": 300030204
      }
    ]
  },
  "ForceUnloadCondition": {
    "Conditions": [
      {
        "Phase": "Cancel",
        "ID": 3000302
      }
    ]
  },
  "OwnerMainMissionID": 3000302,
  "ConflictIDList": [],
  "AnchorList": [],
  "MonsterList": [],
  "PropList": [
    {
      "ID": 300001,
      "PosX": 31.49885,
      "PosY": -0.89006,
      "PosZ": -3.907719,
      "Name": "Prop1",
      "PropID": 100,
      "IsOverrideInitLevelGraph": true,
      "CampID": 4,
      "MapLayerID": 1,
      "CustomTriggerMap": {},
      "BridgeStateRotations": [],
      "DialogueGroups": [],
      "TalkDialogGroupIDList": [],
      "ServerInteractVerificationIDList": []
    }
  ],
  "NPCList": [
    {
      "ID": 400001,
      "PosX": 37.29,
      "PosY": -0.891662,
      "PosZ": -5.54,
      "Name": "NPC1",
      "RotY": 313.6794,
      "NPCID": 10209,
      "DialogueGroups": [],
      "ServerInteractVerificationIDList": [],
      "DefaultIdleStateName": "Think01Loop",
      "MapLayerID": 1,
      "BoardShowList": [
        1,
        64
      ],
      "OverrideNPCName": {
        "Hash": 1689346803
      },
      "TalkDialogGroupIDList": [],
      "DefaultIdleFreeStyleMotionID": 100020222,
      "OverrideSeriesID": 1020901,
      "InitialHiddenNodeList": [],
      "Dialog": {
        "LevelGraph": "Config/Level/NPCDialogue/P10001/F10001001_G90/DialogueMain_F10001001_G90_N400001.json",
        "PackList": []
      }
    },
    {
      "ID": 400002,
      "PosX": 36.766,
      "PosY": -0.891251,
      "PosZ": -4.765,
      "Name": "NPC2",
      "RotY": 148.4566,
      "NPCID": 10208,
      "DialogueGroups": [],
      "ServerInteractVerificationIDList": [],
      "DefaultIdleStateName": "Talk01",
      "MapLayerID": 1,
      "BoardShowList": [
        1,
        64
      ],
      "OverrideNPCName": {
        "Hash": -1039536552
      },
      "TalkDialogGroupIDList": [],
      "DefaultIdleFreeStyleMotionID": 100020200,
      "OverrideSeriesID": 1020801,
      "InitialHiddenNodeList": [],
      "Dialog": {
        "LevelGraph": "Config/Level/NPCDialogue/P10001/F10001001_G90/DialogueMain_F10001001_G90_N400002.json",
        "PackList": []
      }
    },
    {
      "ID": 400003,
      "PosX": 28.308,
      "PosY": -0.745885,
      "PosZ": -1.001999,
      "Name": "NPC3",
      "RotY": 137.8744,
      "NPCID": 10117,
      "DialogueGroups": [],
      "ServerInteractVerificationIDList": [],
      "DefaultIdleStateName": "LeanLoop",
      "MapLayerID": 1,
      "BoardShowList": [
        1,
        64
      ],
      "OverrideNPCName": {
        "Hash": 123262862
      },
      "TalkDialogGroupIDList": [],
      "DefaultIdleFreeStyleMotionID": 100010292,
      "OverrideSeriesID": 1011701,
      "InitialHiddenNodeList": [],
      "Dialog": {
        "LevelGraph": "Config/Level/NPCDialogue/P10001/F10001001_G90/DialogueMain_F10001001_G90_N400003.json",
        "PackList": []
      }
    },
    {
      "ID": 400004,
      "PosX": 28.894,
      "PosY": -0.884256,
      "PosZ": -1.551,
      "Name": "NPC4",
      "RotY": 317.7918,
      "NPCID": 10210,
      "DialogueGroups": [],
      "ServerInteractVerificationIDList": [],
      "DefaultIdleStateName": "HoldArm01Loop",
      "MapLayerID": 1,
      "BoardShowList": [
        1,
        64
      ],
      "OverrideNPCName": {
        "Hash": -1442821079
      },
      "TalkDialogGroupIDList": [],
      "DefaultIdleFreeStyleMotionID": 100020231,
      "OverrideSeriesID": 1021001,
      "InitialHiddenNodeList": [],
      "Dialog": {
        "LevelGraph": "Config/Level/NPCDialogue/P10001/F10001001_G90/DialogueMain_F10001001_G90_N400004.json",
        "PackList": []
      }
    },
    {
      "ID": 400005,
      "PosX": 25.086,
      "PosY": -0.889668,
      "PosZ": -2.792,
      "Name": "NPC5",
      "RotY": 320.8582,
      "NPCID": 10119,
      "DialogueGroups": [],
      "ServerInteractVerificationIDList": [],
      "DefaultIdleStateName": "Think01Loop",
      "MapLayerID": 1,
      "BoardShowList": [
        1,
        64
      ],
      "OverrideNPCName": {
        "Hash": 1286062276
      },
      "TalkDialogGroupIDList": [],
      "DefaultIdleFreeStyleMotionID": 100010222,
      "OverrideSeriesID": 1011901,
      "InitialHiddenNodeList": [],
      "Dialog": {
        "LevelGraph": "Config/Level/NPCDialogue/P10001/F10001001_G90/DialogueMain_F10001001_G90_N400005.json",
        "PackList": []
      }
    }
  ]
}