{
  "GroupGUID": "c2defb57-95c9-4a61-ad96-d5731f8f66c5",
  "GroupName": "NPC",
  "AreaAnchorName": "LevelArea_P10001_F10001001_G92",
  "SaveType": "Reset",
  "LoadCondition": {
    "Conditions": [
      {
        "Phase": "Finish",
        "ID": 2000304
      }
    ]
  },
  "ConflictIDList": [],
  "AnchorList": [],
  "MonsterList": [],
  "PropList": [],
  "NPCList": [
    {
      "ID": 400001,
      "PosX": 15.72,
      "PosY": 5.506129,
      "PosZ": -49.57,
      "Name": "NPC1",
      "RotY": 282.9659,
      "NPCID": 10110,
      "DialogueGroups": [],
      "ServerInteractVerificationIDList": [],
      "DefaultBlendShapeConfigName": "Close01",
      "DefaultLookAtMode": "Closed",
      "MapLayerID": 1,
      "BoardShowList": [
        1,
        4,
        8,
        64
      ],
      "OverrideNPCName": {
        "Hash": 2092631330
      },
      "OverrideNPCTitle": {
        "Hash": 1502199981
      },
      "TalkDialogGroupIDList": [],
      "DefaultIdleFreeStyleMotionID": 100010236,
      "OverrideSeriesID": 1011001,
      "BornType": "Permanent",
      "InitialHiddenNodeList": [],
      "Dialog": {
        "LevelGraph": "Config/Level/NPCDialogue/P10001/F10001001_G92/DialogueMain_F10001001_G92_N400001.json",
        "PackList": [
          {
            "Name": "4050035",
            "LevelGraph": "Config/Level/NPCDialogue/P10001/F10001001_G92/DialoguePack_4050035_F10001001_G92_N400001.json"
          },
          {
            "Name": "4050028",
            "LevelGraph": "Config/Level/NPCDialogue/P10001/F10001001_G92/DialoguePack_4050028_F10001001_G92_N400001.json"
          },
          {
            "Name": "Common",
            "LevelGraph": "Config/Level/NPCDialogue/P10001/F10001001_G92/DialoguePack_Common_F10001001_G92_N400001.json"
          }
        ]
      },
      "ConnectWithSubMissionIDList": [
        405003502,
        405002802
      ],
      "SpawnConfig": {
        "EntitySpawnConfig": {},
        "CaptureDistanceTolerance": 10.0
      }
    }
  ]
}