{
  "GroupGUID": "890cecaa-2049-4b6c-8ffb-afe54901f91c",
  "GroupName": "CrowdBubble",
  "AreaAnchorName": "LevelArea_P10001_F10001001_G57",
  "SaveType": "Reset",
  "LoadCondition": {
    "Conditions": [
      {
        "Phase": "Finish",
        "ID": 1000400
      }
    ]
  },
  "RandomInit": {
    "ControlList": [
      {
        "ControlID": 1,
        "Weight": 1.0,
        "NPCIDList": [
          400001
        ],
        "PropIDList": [
          300002,
          300004,
          300022
        ],
        "CrowdIDList": []
      },
      {
        "ControlID": 1,
        "Weight": 1.0,
        "NPCIDList": [
          400002,
          400003
        ],
        "PropIDList": [
          300003,
          300005,
          300027
        ],
        "CrowdIDList": []
      },
      {
        "ControlID": 2,
        "Weight": 1.0,
        "NPCIDList": [
          400004,
          400005
        ],
        "PropIDList": [
          300006,
          300007,
          300028
        ],
        "CrowdIDList": []
      },
      {
        "ControlID": 2,
        "Weight": 1.0,
        "NPCIDList": [
          400006,
          400007
        ],
        "PropIDList": [
          300008,
          300009,
          300030
        ],
        "CrowdIDList": []
      },
      {
        "ControlID": 2,
        "Weight": 1.0,
        "NPCIDList": [
          400008,
          400009
        ],
        "PropIDList": [
          300010,
          300011,
          300029
        ],
        "CrowdIDList": []
      },
      {
        "ControlID": 3,
        "Weight": 1.0,
        "NPCIDList": [
          400010,
          400011
        ],
        "PropIDList": [
          300012,
          300013,
          300031
        ],
        "CrowdIDList": []
      },
      {
        "ControlID": 3,
        "Weight": 1.0,
        "NPCIDList": [
          400012,
          400013
        ],
        "PropIDList": [
          300014,
          300015,
          300032
        ],
        "CrowdIDList": []
      },
      {
        "ControlID": 4,
        "Weight": 1.0,
        "NPCIDList": [
          400014,
          400015
        ],
        "PropIDList": [
          300016,
          300017,
          300033
        ],
        "CrowdIDList": []
      },
      {
        "ControlID": 4,
        "Weight": 1.0,
        "NPCIDList": [
          400016
        ],
        "PropIDList": [
          300018,
          300019
        ],
        "CrowdIDList": []
      },
      {
        "ControlID": 4,
        "Weight": 1.0,
        "NPCIDList": [
          400017
        ],
        "PropIDList": [
          300020,
          300021
        ],
        "CrowdIDList": []
      },
      {
        "ControlID": 5,
        "Weight": 1.0,
        "NPCIDList": [
          400018,
          400019
        ],
        "PropIDList": [
          300023,
          300024
        ],
        "CrowdIDList": []
      },
      {
        "ControlID": 5,
        "Weight": 1.0,
        "NPCIDList": [
          400020,
          400021
        ],
        "PropIDList": [
          300025,
          300026
        ],
        "CrowdIDList": []
      }
    ]
  },
  "ConflictIDList": [],
  "AnchorList": [],
  "MonsterList": [],
  "PropList": [
    {
      "ID": 300002,
      "PosX": 16.88478,
      "PosY": -0.889665,
      "PosZ": 3.669567,
      "Name": "Prop2",
      "RotY": 124.1476,
      "PropID": 100,
      "IsOverrideInitLevelGraph": true,
      "InitLevelGraph": "Config/Level/CrowdBubble/Crowd_Tenplate.json",
      "ValueSource": {
        "Values": [
          {
            "$type": "SharedString",
            "Key": "PlayMunicipalChatPath",
            "Value": "Config/Level/MunicipalChat/MunicipalChatConfig00001.json"
          },
          {
            "$type": "SharedString",
            "Key": "PlayMunicipalChatName",
            "Value": "MunicipalChat01"
          }
        ]
      },
      "Trigger": {
        "Radius": 3.5,
        "DimX": 1.0,
        "DimY": 1.0,
        "DimZ": 1.0,
        "PointList": []
      },
      "CampID": 4,
      "MapLayerID": 1,
      "CustomTriggerMap": {},
      "BridgeStateRotations": [],
      "DialogueGroups": [],
      "TalkDialogGroupIDList": [],
      "ServerInteractVerificationIDList": []
    },
    {
      "ID": 300004,
      "PosX": 16.88478,
      "PosY": -0.889665,
      "PosZ": 3.669567,
      "Name": "Prop4",
      "RotY": 124.1476,
      "PropID": 100,
      "IsOverrideInitLevelGraph": true,
      "InitLevelGraph": "Config/Level/CrowdBubble/Crowd_Stop_Template.json",
      "ValueSource": {
        "Values": [
          {
            "$type": "SharedString",
            "Key": "StopMunicipalChatName",
            "Value": "MunicipalChat01"
          }
        ]
      },
      "Trigger": {
        "Radius": 3.5,
        "DimX": 1.0,
        "DimY": 1.0,
        "DimZ": 1.0,
        "PointList": []
      },
      "CampID": 4,
      "MapLayerID": 1,
      "CustomTriggerMap": {},
      "BridgeStateRotations": [],
      "DialogueGroups": [],
      "TalkDialogGroupIDList": [],
      "ServerInteractVerificationIDList": []
    },
    {
      "ID": 300022,
      "PosX": 16.88478,
      "PosY": -0.889665,
      "PosZ": 3.669567,
      "Name": "Prop22",
      "RotY": 124.1476,
      "PropID": 100,
      "IsOverrideInitLevelGraph": true,
      "InitLevelGraph": "Config/Level/CrowdBubble/Crowd_Conversation_Template.json",
      "ValueSource": {
        "Values": [
          {
            "$type": "SharedString",
            "Key": "PlayPerformanceE",
            "Value": "500052001"
          }
        ]
      },
      "Trigger": {
        "Radius": 2.0,
        "DimX": 1.0,
        "DimY": 1.0,
        "DimZ": 1.0,
        "PointList": []
      },
      "CampID": 4,
      "MapLayerID": 1,
      "CustomTriggerMap": {},
      "BridgeStateRotations": [],
      "DialogueGroups": [],
      "TalkDialogGroupIDList": [],
      "ServerInteractVerificationIDList": []
    },
    {
      "ID": 300003,
      "PosX": 19.73,
      "PosY": -0.893597,
      "PosZ": -7.9,
      "Name": "Prop3",
      "PropID": 100,
      "IsOverrideInitLevelGraph": true,
      "InitLevelGraph": "Config/Level/CrowdBubble/Crowd_Tenplate.json",
      "ValueSource": {
        "Values": [
          {
            "$type": "SharedString",
            "Key": "PlayMunicipalChatPath",
            "Value": "Config/Level/MunicipalChat/MunicipalChatConfig00001.json"
          },
          {
            "$type": "SharedString",
            "Key": "PlayMunicipalChatName",
            "Value": "MunicipalChat02"
          }
        ]
      },
      "Trigger": {
        "Radius": 3.5,
        "DimX": 1.0,
        "DimY": 1.0,
        "DimZ": 1.0,
        "PointList": []
      },
      "CampID": 4,
      "MapLayerID": 1,
      "CustomTriggerMap": {},
      "BridgeStateRotations": [],
      "DialogueGroups": [],
      "TalkDialogGroupIDList": [],
      "ServerInteractVerificationIDList": []
    },
    {
      "ID": 300005,
      "PosX": 19.73,
      "PosY": -0.893597,
      "PosZ": -7.9,
      "Name": "Prop5",
      "PropID": 100,
      "IsOverrideInitLevelGraph": true,
      "InitLevelGraph": "Config/Level/CrowdBubble/Crowd_Stop_Template.json",
      "ValueSource": {
        "Values": [
          {
            "$type": "SharedString",
            "Key": "StopMunicipalChatName",
            "Value": "MunicipalChat02"
          }
        ]
      },
      "Trigger": {
        "Radius": 3.5,
        "DimX": 1.0,
        "DimY": 1.0,
        "DimZ": 1.0,
        "PointList": []
      },
      "CampID": 4,
      "MapLayerID": 1,
      "CustomTriggerMap": {},
      "BridgeStateRotations": [],
      "DialogueGroups": [],
      "TalkDialogGroupIDList": [],
      "ServerInteractVerificationIDList": []
    },
    {
      "ID": 300027,
      "PosX": 19.73,
      "PosY": -0.893597,
      "PosZ": -7.9,
      "Name": "Prop27",
      "PropID": 100,
      "IsOverrideInitLevelGraph": true,
      "InitLevelGraph": "Config/Level/CrowdBubble/Crowd_Conversation_Template.json",
      "ValueSource": {
        "Values": [
          {
            "$type": "SharedString",
            "Key": "PlayPerformanceE",
            "Value": "500052002"
          }
        ]
      },
      "Trigger": {
        "Radius": 2.0,
        "DimX": 1.0,
        "DimY": 1.0,
        "DimZ": 1.0,
        "PointList": []
      },
      "CampID": 4,
      "MapLayerID": 1,
      "CustomTriggerMap": {},
      "BridgeStateRotations": [],
      "DialogueGroups": [],
      "TalkDialogGroupIDList": [],
      "ServerInteractVerificationIDList": []
    },
    {
      "ID": 300006,
      "PosX": -14.26,
      "PosY": -0.893596,
      "PosZ": 6.02,
      "Name": "Prop6",
      "RotY": 176.7148,
      "PropID": 100,
      "IsOverrideInitLevelGraph": true,
      "InitLevelGraph": "Config/Level/CrowdBubble/Crowd_Tenplate.json",
      "ValueSource": {
        "Values": [
          {
            "$type": "SharedString",
            "Key": "PlayMunicipalChatPath",
            "Value": "Config/Level/MunicipalChat/MunicipalChatConfig00001.json"
          },
          {
            "$type": "SharedString",
            "Key": "PlayMunicipalChatName",
            "Value": "MunicipalChat03"
          }
        ]
      },
      "Trigger": {
        "Radius": 3.5,
        "DimX": 1.0,
        "DimY": 1.0,
        "DimZ": 1.0,
        "PointList": []
      },
      "CampID": 4,
      "MapLayerID": 1,
      "CustomTriggerMap": {},
      "BridgeStateRotations": [],
      "DialogueGroups": [],
      "TalkDialogGroupIDList": [],
      "ServerInteractVerificationIDList": []
    },
    {
      "ID": 300007,
      "PosX": -14.24,
      "PosY": -0.893597,
      "PosZ": 6.06,
      "Name": "Prop7",
      "PropID": 100,
      "IsOverrideInitLevelGraph": true,
      "InitLevelGraph": "Config/Level/CrowdBubble/Crowd_Stop_Template.json",
      "ValueSource": {
        "Values": [
          {
            "$type": "SharedString",
            "Key": "StopMunicipalChatName",
            "Value": "MunicipalChat03"
          }
        ]
      },
      "Trigger": {
        "Radius": 3.5,
        "DimX": 1.0,
        "DimY": 1.0,
        "DimZ": 1.0,
        "PointList": []
      },
      "CampID": 4,
      "MapLayerID": 1,
      "CustomTriggerMap": {},
      "BridgeStateRotations": [],
      "DialogueGroups": [],
      "TalkDialogGroupIDList": [],
      "ServerInteractVerificationIDList": []
    },
    {
      "ID": 300028,
      "PosX": -14.24,
      "PosY": -0.893597,
      "PosZ": 6.06,
      "Name": "Prop28",
      "PropID": 100,
      "IsOverrideInitLevelGraph": true,
      "InitLevelGraph": "Config/Level/CrowdBubble/Crowd_Conversation_Template.json",
      "ValueSource": {
        "Values": [
          {
            "$type": "SharedString",
            "Key": "PlayPerformanceE",
            "Value": "500053001"
          }
        ]
      },
      "Trigger": {
        "Radius": 2.0,
        "DimX": 1.0,
        "DimY": 1.0,
        "DimZ": 1.0,
        "PointList": []
      },
      "CampID": 4,
      "MapLayerID": 1,
      "CustomTriggerMap": {},
      "BridgeStateRotations": [],
      "DialogueGroups": [],
      "TalkDialogGroupIDList": [],
      "ServerInteractVerificationIDList": []
    },
    {
      "ID": 300008,
      "PosX": -11.58,
      "PosY": -0.893597,
      "PosZ": 15.03,
      "Name": "Prop8",
      "RotY": 0.771224,
      "PropID": 100,
      "IsOverrideInitLevelGraph": true,
      "InitLevelGraph": "Config/Level/CrowdBubble/Crowd_Tenplate.json",
      "ValueSource": {
        "Values": [
          {
            "$type": "SharedString",
            "Key": "PlayMunicipalChatPath",
            "Value": "Config/Level/MunicipalChat/MunicipalChatConfig00001.json"
          },
          {
            "$type": "SharedString",
            "Key": "PlayMunicipalChatName",
            "Value": "MunicipalChat04"
          }
        ]
      },
      "Trigger": {
        "Radius": 3.5,
        "DimX": 1.0,
        "DimY": 1.0,
        "DimZ": 1.0,
        "PointList": []
      },
      "CampID": 4,
      "MapLayerID": 1,
      "CustomTriggerMap": {},
      "BridgeStateRotations": [],
      "DialogueGroups": [],
      "TalkDialogGroupIDList": [],
      "ServerInteractVerificationIDList": []
    },
    {
      "ID": 300009,
      "PosX": -11.6028,
      "PosY": -0.893596,
      "PosZ": 14.9915,
      "Name": "Prop9",
      "RotY": 184.0564,
      "PropID": 100,
      "IsOverrideInitLevelGraph": true,
      "InitLevelGraph": "Config/Level/CrowdBubble/Crowd_Stop_Template.json",
      "ValueSource": {
        "Values": [
          {
            "$type": "SharedString",
            "Key": "StopMunicipalChatName",
            "Value": "MunicipalChat04"
          }
        ]
      },
      "Trigger": {
        "Radius": 3.5,
        "DimX": 1.0,
        "DimY": 1.0,
        "DimZ": 1.0,
        "PointList": []
      },
      "CampID": 4,
      "MapLayerID": 1,
      "CustomTriggerMap": {},
      "BridgeStateRotations": [],
      "DialogueGroups": [],
      "TalkDialogGroupIDList": [],
      "ServerInteractVerificationIDList": []
    },
    {
      "ID": 300030,
      "PosX": -11.6028,
      "PosY": -0.893596,
      "PosZ": 14.9915,
      "Name": "Prop30",
      "RotY": 184.0564,
      "PropID": 100,
      "IsOverrideInitLevelGraph": true,
      "InitLevelGraph": "Config/Level/CrowdBubble/Crowd_Conversation_Template.json",
      "ValueSource": {
        "Values": [
          {
            "$type": "SharedString",
            "Key": "PlayPerformanceE",
            "Value": "500053002"
          }
        ]
      },
      "Trigger": {
        "Radius": 2.0,
        "DimX": 1.0,
        "DimY": 1.0,
        "DimZ": 1.0,
        "PointList": []
      },
      "CampID": 4,
      "MapLayerID": 1,
      "CustomTriggerMap": {},
      "BridgeStateRotations": [],
      "DialogueGroups": [],
      "TalkDialogGroupIDList": [],
      "ServerInteractVerificationIDList": []
    },
    {
      "ID": 300010,
      "PosX": -14.26,
      "PosY": -0.893596,
      "PosZ": 6.02,
      "Name": "Prop10",
      "RotY": 176.7148,
      "PropID": 100,
      "IsOverrideInitLevelGraph": true,
      "InitLevelGraph": "Config/Level/CrowdBubble/Crowd_Tenplate.json",
      "ValueSource": {
        "Values": [
          {
            "$type": "SharedString",
            "Key": "PlayMunicipalChatPath",
            "Value": "Config/Level/MunicipalChat/MunicipalChatConfig00001.json"
          },
          {
            "$type": "SharedString",
            "Key": "PlayMunicipalChatName",
            "Value": "MunicipalChat05"
          }
        ]
      },
      "Trigger": {
        "Radius": 3.5,
        "DimX": 1.0,
        "DimY": 1.0,
        "DimZ": 1.0,
        "PointList": []
      },
      "CampID": 4,
      "MapLayerID": 1,
      "CustomTriggerMap": {},
      "BridgeStateRotations": [],
      "DialogueGroups": [],
      "TalkDialogGroupIDList": [],
      "ServerInteractVerificationIDList": []
    },
    {
      "ID": 300011,
      "PosX": -14.24,
      "PosY": -0.893597,
      "PosZ": 6.06,
      "Name": "Prop11",
      "PropID": 100,
      "IsOverrideInitLevelGraph": true,
      "InitLevelGraph": "Config/Level/CrowdBubble/Crowd_Stop_Template.json",
      "ValueSource": {
        "Values": [
          {
            "$type": "SharedString",
            "Key": "StopMunicipalChatName",
            "Value": "MunicipalChat05"
          }
        ]
      },
      "Trigger": {
        "Radius": 3.5,
        "DimX": 1.0,
        "DimY": 1.0,
        "DimZ": 1.0,
        "PointList": []
      },
      "CampID": 4,
      "MapLayerID": 1,
      "CustomTriggerMap": {},
      "BridgeStateRotations": [],
      "DialogueGroups": [],
      "TalkDialogGroupIDList": [],
      "ServerInteractVerificationIDList": []
    },
    {
      "ID": 300029,
      "PosX": -14.24,
      "PosY": -0.893597,
      "PosZ": 6.06,
      "Name": "Prop29",
      "PropID": 100,
      "IsOverrideInitLevelGraph": true,
      "InitLevelGraph": "Config/Level/CrowdBubble/Crowd_Conversation_Template.json",
      "ValueSource": {
        "Values": [
          {
            "$type": "SharedString",
            "Key": "PlayPerformanceE",
            "Value": "500053003"
          }
        ]
      },
      "Trigger": {
        "Radius": 2.0,
        "DimX": 1.0,
        "DimY": 1.0,
        "DimZ": 1.0,
        "PointList": []
      },
      "CampID": 4,
      "MapLayerID": 1,
      "CustomTriggerMap": {},
      "BridgeStateRotations": [],
      "DialogueGroups": [],
      "TalkDialogGroupIDList": [],
      "ServerInteractVerificationIDList": []
    },
    {
      "ID": 300012,
      "PosX": -3.578,
      "PosY": 0.31923,
      "PosZ": -13.721,
      "Name": "Prop12",
      "RotY": 176.7148,
      "PropID": 100,
      "IsOverrideInitLevelGraph": true,
      "InitLevelGraph": "Config/Level/CrowdBubble/Crowd_Tenplate.json",
      "ValueSource": {
        "Values": [
          {
            "$type": "SharedString",
            "Key": "PlayMunicipalChatPath",
            "Value": "Config/Level/MunicipalChat/MunicipalChatConfig00001.json"
          },
          {
            "$type": "SharedString",
            "Key": "PlayMunicipalChatName",
            "Value": "MunicipalChat06"
          }
        ]
      },
      "Trigger": {
        "Radius": 3.5,
        "DimX": 1.0,
        "DimY": 1.0,
        "DimZ": 1.0,
        "PointList": []
      },
      "CampID": 4,
      "MapLayerID": 1,
      "CustomTriggerMap": {},
      "BridgeStateRotations": [],
      "DialogueGroups": [],
      "TalkDialogGroupIDList": [],
      "ServerInteractVerificationIDList": []
    },
    {
      "ID": 300013,
      "PosX": -3.598,
      "PosY": 0.322488,
      "PosZ": -13.689,
      "Name": "Prop13",
      "PropID": 100,
      "IsOverrideInitLevelGraph": true,
      "InitLevelGraph": "Config/Level/CrowdBubble/Crowd_Stop_Template.json",
      "ValueSource": {
        "Values": [
          {
            "$type": "SharedString",
            "Key": "StopMunicipalChatName",
            "Value": "MunicipalChat06"
          }
        ]
      },
      "Trigger": {
        "Radius": 3.5,
        "DimX": 1.0,
        "DimY": 1.0,
        "DimZ": 1.0,
        "PointList": []
      },
      "CampID": 4,
      "MapLayerID": 1,
      "CustomTriggerMap": {},
      "BridgeStateRotations": [],
      "DialogueGroups": [],
      "TalkDialogGroupIDList": [],
      "ServerInteractVerificationIDList": []
    },
    {
      "ID": 300031,
      "PosX": -3.598,
      "PosY": 0.322488,
      "PosZ": -13.689,
      "Name": "Prop31",
      "PropID": 100,
      "IsOverrideInitLevelGraph": true,
      "InitLevelGraph": "Config/Level/CrowdBubble/Crowd_Conversation_Template.json",
      "ValueSource": {
        "Values": [
          {
            "$type": "SharedString",
            "Key": "PlayPerformanceE",
            "Value": "500054002"
          }
        ]
      },
      "Trigger": {
        "Radius": 2.0,
        "DimX": 1.0,
        "DimY": 1.0,
        "DimZ": 1.0,
        "PointList": []
      },
      "CampID": 4,
      "MapLayerID": 1,
      "CustomTriggerMap": {},
      "BridgeStateRotations": [],
      "DialogueGroups": [],
      "TalkDialogGroupIDList": [],
      "ServerInteractVerificationIDList": []
    },
    {
      "ID": 300014,
      "PosX": 3.527,
      "PosY": 0.373432,
      "PosZ": -12.635,
      "Name": "Prop14",
      "RotY": 176.7148,
      "PropID": 100,
      "IsOverrideInitLevelGraph": true,
      "InitLevelGraph": "Config/Level/CrowdBubble/Crowd_Tenplate.json",
      "ValueSource": {
        "Values": [
          {
            "$type": "SharedString",
            "Key": "PlayMunicipalChatPath",
            "Value": "Config/Level/MunicipalChat/MunicipalChatConfig00001.json"
          },
          {
            "$type": "SharedString",
            "Key": "PlayMunicipalChatName",
            "Value": "MunicipalChat07"
          }
        ]
      },
      "Trigger": {
        "Radius": 3.5,
        "DimX": 1.0,
        "DimY": 1.0,
        "DimZ": 1.0,
        "PointList": []
      },
      "CampID": 4,
      "MapLayerID": 1,
      "CustomTriggerMap": {},
      "BridgeStateRotations": [],
      "DialogueGroups": [],
      "TalkDialogGroupIDList": [],
      "ServerInteractVerificationIDList": []
    },
    {
      "ID": 300015,
      "PosX": 3.547,
      "PosY": 0.376701,
      "PosZ": -12.595,
      "Name": "Prop15",
      "PropID": 100,
      "IsOverrideInitLevelGraph": true,
      "InitLevelGraph": "Config/Level/CrowdBubble/Crowd_Stop_Template.json",
      "ValueSource": {
        "Values": [
          {
            "$type": "SharedString",
            "Key": "StopMunicipalChatName",
            "Value": "MunicipalChat07"
          }
        ]
      },
      "Trigger": {
        "Radius": 3.5,
        "DimX": 1.0,
        "DimY": 1.0,
        "DimZ": 1.0,
        "PointList": []
      },
      "CampID": 4,
      "MapLayerID": 1,
      "CustomTriggerMap": {},
      "BridgeStateRotations": [],
      "DialogueGroups": [],
      "TalkDialogGroupIDList": [],
      "ServerInteractVerificationIDList": []
    },
    {
      "ID": 300032,
      "PosX": 3.547,
      "PosY": 0.376701,
      "PosZ": -12.595,
      "Name": "Prop32",
      "PropID": 100,
      "IsOverrideInitLevelGraph": true,
      "InitLevelGraph": "Config/Level/CrowdBubble/Crowd_Conversation_Template.json",
      "ValueSource": {
        "Values": [
          {
            "$type": "SharedString",
            "Key": "PlayPerformanceE",
            "Value": "500054003"
          }
        ]
      },
      "Trigger": {
        "Radius": 2.0,
        "DimX": 1.0,
        "DimY": 1.0,
        "DimZ": 1.0,
        "PointList": []
      },
      "CampID": 4,
      "MapLayerID": 1,
      "CustomTriggerMap": {},
      "BridgeStateRotations": [],
      "DialogueGroups": [],
      "TalkDialogGroupIDList": [],
      "ServerInteractVerificationIDList": []
    },
    {
      "ID": 300016,
      "PosX": -13.71,
      "PosY": 0.176713,
      "PosZ": -35.53,
      "Name": "Prop16",
      "RotY": 176.7148,
      "PropID": 100,
      "IsOverrideInitLevelGraph": true,
      "InitLevelGraph": "Config/Level/CrowdBubble/Crowd_Tenplate.json",
      "ValueSource": {
        "Values": [
          {
            "$type": "SharedString",
            "Key": "PlayMunicipalChatPath",
            "Value": "Config/Level/MunicipalChat/MunicipalChatConfig00001.json"
          },
          {
            "$type": "SharedString",
            "Key": "PlayMunicipalChatName",
            "Value": "MunicipalChat08"
          }
        ]
      },
      "Trigger": {
        "Radius": 3.5,
        "DimX": 1.0,
        "DimY": 1.0,
        "DimZ": 1.0,
        "PointList": []
      },
      "CampID": 4,
      "MapLayerID": 1,
      "CustomTriggerMap": {},
      "BridgeStateRotations": [],
      "DialogueGroups": [],
      "TalkDialogGroupIDList": [],
      "ServerInteractVerificationIDList": []
    },
    {
      "ID": 300017,
      "PosX": -13.69,
      "PosY": 0.176713,
      "PosZ": -35.49,
      "Name": "Prop17",
      "PropID": 100,
      "IsOverrideInitLevelGraph": true,
      "InitLevelGraph": "Config/Level/CrowdBubble/Crowd_Stop_Template.json",
      "ValueSource": {
        "Values": [
          {
            "$type": "SharedString",
            "Key": "StopMunicipalChatName",
            "Value": "MunicipalChat08"
          }
        ]
      },
      "Trigger": {
        "Radius": 3.5,
        "DimX": 1.0,
        "DimY": 1.0,
        "DimZ": 1.0,
        "PointList": []
      },
      "CampID": 4,
      "MapLayerID": 1,
      "CustomTriggerMap": {},
      "BridgeStateRotations": [],
      "DialogueGroups": [],
      "TalkDialogGroupIDList": [],
      "ServerInteractVerificationIDList": []
    },
    {
      "ID": 300033,
      "PosX": -13.26,
      "PosY": 0.176713,
      "PosZ": -35.49,
      "Name": "Prop33",
      "PropID": 100,
      "IsOverrideInitLevelGraph": true,
      "InitLevelGraph": "Config/Level/CrowdBubble/Crowd_Conversation_Template.json",
      "ValueSource": {
        "Values": [
          {
            "$type": "SharedString",
            "Key": "PlayPerformanceE",
            "Value": "500055001"
          }
        ]
      },
      "Trigger": {
        "Radius": 2.0,
        "DimX": 1.0,
        "DimY": 1.0,
        "DimZ": 1.0,
        "PointList": []
      },
      "CampID": 4,
      "MapLayerID": 1,
      "CustomTriggerMap": {},
      "BridgeStateRotations": [],
      "DialogueGroups": [],
      "TalkDialogGroupIDList": [],
      "ServerInteractVerificationIDList": []
    },
    {
      "ID": 300018,
      "PosX": 12.596,
      "PosY": 0.176713,
      "PosZ": -35.03,
      "Name": "Prop18",
      "RotY": 176.7148,
      "PropID": 100,
      "IsOverrideInitLevelGraph": true,
      "InitLevelGraph": "Config/Level/CrowdBubble/Crowd_Tenplate.json",
      "ValueSource": {
        "Values": [
          {
            "$type": "SharedString",
            "Key": "PlayMunicipalChatPath",
            "Value": "Config/Level/MunicipalChat/MunicipalChatConfig00001.json"
          },
          {
            "$type": "SharedString",
            "Key": "PlayMunicipalChatName",
            "Value": "MunicipalChat09"
          }
        ]
      },
      "Trigger": {
        "Radius": 3.5,
        "DimX": 1.0,
        "DimY": 1.0,
        "DimZ": 1.0,
        "PointList": []
      },
      "CampID": 4,
      "MapLayerID": 1,
      "CustomTriggerMap": {},
      "BridgeStateRotations": [],
      "DialogueGroups": [],
      "TalkDialogGroupIDList": [],
      "ServerInteractVerificationIDList": []
    },
    {
      "ID": 300019,
      "PosX": 12.616,
      "PosY": 0.176713,
      "PosZ": -34.99,
      "Name": "Prop19",
      "PropID": 100,
      "IsOverrideInitLevelGraph": true,
      "InitLevelGraph": "Config/Level/CrowdBubble/Crowd_Stop_Template.json",
      "ValueSource": {
        "Values": [
          {
            "$type": "SharedString",
            "Key": "StopMunicipalChatName",
            "Value": "MunicipalChat09"
          }
        ]
      },
      "Trigger": {
        "Radius": 3.5,
        "DimX": 1.0,
        "DimY": 1.0,
        "DimZ": 1.0,
        "PointList": []
      },
      "CampID": 4,
      "MapLayerID": 1,
      "CustomTriggerMap": {},
      "BridgeStateRotations": [],
      "DialogueGroups": [],
      "TalkDialogGroupIDList": [],
      "ServerInteractVerificationIDList": []
    },
    {
      "ID": 300020,
      "PosX": 14.25,
      "PosY": 0.176713,
      "PosZ": -34.44,
      "Name": "Prop20",
      "RotY": 176.7148,
      "PropID": 100,
      "IsOverrideInitLevelGraph": true,
      "InitLevelGraph": "Config/Level/CrowdBubble/Crowd_Tenplate.json",
      "ValueSource": {
        "Values": [
          {
            "$type": "SharedString",
            "Key": "PlayMunicipalChatPath",
            "Value": "Config/Level/MunicipalChat/MunicipalChatConfig00001.json"
          },
          {
            "$type": "SharedString",
            "Key": "PlayMunicipalChatName",
            "Value": "MunicipalChat10"
          }
        ]
      },
      "Trigger": {
        "Radius": 3.5,
        "DimX": 1.0,
        "DimY": 1.0,
        "DimZ": 1.0,
        "PointList": []
      },
      "CampID": 4,
      "MapLayerID": 1,
      "CustomTriggerMap": {},
      "BridgeStateRotations": [],
      "DialogueGroups": [],
      "TalkDialogGroupIDList": [],
      "ServerInteractVerificationIDList": []
    },
    {
      "ID": 300021,
      "PosX": 14.27,
      "PosY": 0.176713,
      "PosZ": -34.4,
      "Name": "Prop21",
      "PropID": 100,
      "IsOverrideInitLevelGraph": true,
      "InitLevelGraph": "Config/Level/CrowdBubble/Crowd_Stop_Template.json",
      "ValueSource": {
        "Values": [
          {
            "$type": "SharedString",
            "Key": "StopMunicipalChatName",
            "Value": "MunicipalChat10"
          }
        ]
      },
      "Trigger": {
        "Radius": 3.5,
        "DimX": 1.0,
        "DimY": 1.0,
        "DimZ": 1.0,
        "PointList": []
      },
      "CampID": 4,
      "MapLayerID": 1,
      "CustomTriggerMap": {},
      "BridgeStateRotations": [],
      "DialogueGroups": [],
      "TalkDialogGroupIDList": [],
      "ServerInteractVerificationIDList": []
    },
    {
      "ID": 300023,
      "PosX": -4.569999,
      "PosY": -0.258115,
      "PosZ": 37.72,
      "Name": "Prop23",
      "RotY": 176.7148,
      "PropID": 100,
      "IsOverrideInitLevelGraph": true,
      "InitLevelGraph": "Config/Level/CrowdBubble/Crowd_Tenplate.json",
      "ValueSource": {
        "Values": [
          {
            "$type": "SharedString",
            "Key": "PlayMunicipalChatPath",
            "Value": "Config/Level/MunicipalChat/MunicipalChatConfig00001.json"
          },
          {
            "$type": "SharedString",
            "Key": "PlayMunicipalChatName",
            "Value": "MunicipalChat11"
          }
        ]
      },
      "Trigger": {
        "Radius": 3.5,
        "DimX": 1.0,
        "DimY": 1.0,
        "DimZ": 1.0,
        "PointList": []
      },
      "CampID": 4,
      "MapLayerID": 1,
      "CustomTriggerMap": {},
      "BridgeStateRotations": [],
      "DialogueGroups": [],
      "TalkDialogGroupIDList": [],
      "ServerInteractVerificationIDList": []
    },
    {
      "ID": 300024,
      "PosX": -4.55,
      "PosY": -0.258115,
      "PosZ": 37.76,
      "Name": "Prop24",
      "PropID": 100,
      "IsOverrideInitLevelGraph": true,
      "InitLevelGraph": "Config/Level/CrowdBubble/Crowd_Stop_Template.json",
      "ValueSource": {
        "Values": [
          {
            "$type": "SharedString",
            "Key": "StopMunicipalChatName",
            "Value": "MunicipalChat11"
          }
        ]
      },
      "Trigger": {
        "Radius": 3.5,
        "DimX": 1.0,
        "DimY": 1.0,
        "DimZ": 1.0,
        "PointList": []
      },
      "CampID": 4,
      "MapLayerID": 1,
      "CustomTriggerMap": {},
      "BridgeStateRotations": [],
      "DialogueGroups": [],
      "TalkDialogGroupIDList": [],
      "ServerInteractVerificationIDList": []
    },
    {
      "ID": 300025,
      "PosX": -4.334424,
      "PosY": -0.258115,
      "PosZ": 37.88055,
      "Name": "Prop25",
      "RotY": 323.4981,
      "PropID": 100,
      "IsOverrideInitLevelGraph": true,
      "InitLevelGraph": "Config/Level/CrowdBubble/Crowd_Tenplate.json",
      "ValueSource": {
        "Values": [
          {
            "$type": "SharedString",
            "Key": "PlayMunicipalChatPath",
            "Value": "Config/Level/MunicipalChat/MunicipalChatConfig00001.json"
          },
          {
            "$type": "SharedString",
            "Key": "PlayMunicipalChatName",
            "Value": "MunicipalChat12"
          }
        ]
      },
      "Trigger": {
        "Radius": 3.5,
        "DimX": 1.0,
        "DimY": 1.0,
        "DimZ": 1.0,
        "PointList": []
      },
      "CampID": 4,
      "MapLayerID": 1,
      "CustomTriggerMap": {},
      "BridgeStateRotations": [],
      "DialogueGroups": [],
      "TalkDialogGroupIDList": [],
      "ServerInteractVerificationIDList": []
    },
    {
      "ID": 300026,
      "PosX": -4.329244,
      "PosY": -0.258115,
      "PosZ": 37.83612,
      "Name": "Prop26",
      "RotY": 146.7833,
      "PropID": 100,
      "IsOverrideInitLevelGraph": true,
      "InitLevelGraph": "Config/Level/CrowdBubble/Crowd_Stop_Template.json",
      "ValueSource": {
        "Values": [
          {
            "$type": "SharedString",
            "Key": "StopMunicipalChatName",
            "Value": "MunicipalChat12"
          }
        ]
      },
      "Trigger": {
        "Radius": 3.5,
        "DimX": 1.0,
        "DimY": 1.0,
        "DimZ": 1.0,
        "PointList": []
      },
      "CampID": 4,
      "MapLayerID": 1,
      "CustomTriggerMap": {},
      "BridgeStateRotations": [],
      "DialogueGroups": [],
      "TalkDialogGroupIDList": [],
      "ServerInteractVerificationIDList": []
    }
  ],
  "NPCList": [
    {
      "ID": 400001,
      "PosX": 16.6498,
      "PosY": -0.889665,
      "PosZ": 3.768531,
      "Name": "NPC1",
      "RotY": 355.6373,
      "NPCID": 10211,
      "DialogueGroups": [],
      "ServerInteractVerificationIDList": [],
      "DefaultIdleStateName": "Think01Loop",
      "DefaultLookAtMode": "Closed",
      "MapLayerID": 1,
      "BoardShowList": [
        8
      ],
      "TalkDialogGroupIDList": [],
      "DefaultIdleFreeStyleMotionID": 100020291,
      "BornType": "Permanent",
      "InitialHiddenNodeList": []
    },
    {
      "ID": 400002,
      "PosX": 19.799,
      "PosY": -0.893597,
      "PosZ": -8.698,
      "Name": "NPC2",
      "RotY": 307.2192,
      "NPCID": 10211,
      "DialogueGroups": [],
      "ServerInteractVerificationIDList": [],
      "DefaultLookAtMode": "LookTarget",
      "DefaultLookAtTargetInfo": {
        "GroupID": 57
      },
      "MapLayerID": 1,
      "BoardShowList": [
        8
      ],
      "TalkDialogGroupIDList": [],
      "DefaultIdleFreeStyleMotionID": 100020236,
      "BornType": "Permanent",
      "InitialHiddenNodeList": []
    },
    {
      "ID": 400003,
      "PosX": 19.536,
      "PosY": -0.893597,
      "PosZ": -7.603,
      "Name": "NPC3",
      "RotY": 166.5247,
      "NPCID": 10213,
      "DialogueGroups": [],
      "ServerInteractVerificationIDList": [],
      "DefaultLookAtMode": "LookTarget",
      "DefaultLookAtTargetInfo": {
        "GroupID": 57
      },
      "MapLayerID": 1,
      "BoardShowList": [
        8
      ],
      "TalkDialogGroupIDList": [],
      "DefaultIdleFreeStyleMotionID": 100020230,
      "BornType": "Permanent",
      "InitialHiddenNodeList": []
    },
    {
      "ID": 400004,
      "PosX": -14.72,
      "PosY": -0.893596,
      "PosZ": 5.47,
      "Name": "NPC4",
      "RotY": 38.76639,
      "NPCID": 10117,
      "DialogueGroups": [],
      "ServerInteractVerificationIDList": [],
      "DefaultLookAtMode": "LookTarget",
      "DefaultLookAtTargetInfo": {
        "GroupID": 57
      },
      "MapLayerID": 1,
      "BoardShowList": [
        8
      ],
      "TalkDialogGroupIDList": [],
      "DefaultIdleFreeStyleMotionID": 100010280,
      "BornType": "Permanent",
      "InitialHiddenNodeList": []
    },
    {
      "ID": 400005,
      "PosX": -14.146,
      "PosY": -0.889294,
      "PosZ": 6.311,
      "Name": "NPC5",
      "RotY": 196.1091,
      "NPCID": 10116,
      "DialogueGroups": [],
      "ServerInteractVerificationIDList": [],
      "DefaultLookAtMode": "LookTarget",
      "DefaultLookAtTargetInfo": {
        "GroupID": 57
      },
      "MapLayerID": 1,
      "BoardShowList": [
        8
      ],
      "TalkDialogGroupIDList": [],
      "DefaultIdleFreeStyleMotionID": 100010292,
      "BornType": "Permanent",
      "InitialHiddenNodeList": []
    },
    {
      "ID": 400006,
      "PosX": -11.289,
      "PosY": -0.893597,
      "PosZ": 14.295,
      "Name": "NPC6",
      "RotY": 257.4929,
      "NPCID": 10212,
      "DialogueGroups": [],
      "ServerInteractVerificationIDList": [],
      "DefaultLookAtMode": "LookTarget",
      "DefaultLookAtTargetInfo": {
        "GroupID": 57
      },
      "MapLayerID": 1,
      "BoardShowList": [
        8
      ],
      "TalkDialogGroupIDList": [],
      "DefaultIdleFreeStyleMotionID": 100020209,
      "BornType": "Permanent",
      "InitialHiddenNodeList": []
    },
    {
      "ID": 400007,
      "PosX": -11.796,
      "PosY": -0.893597,
      "PosZ": 14.187,
      "Name": "NPC7",
      "RotY": 68.50317,
      "NPCID": 10214,
      "DialogueGroups": [],
      "ServerInteractVerificationIDList": [],
      "DefaultLookAtMode": "LookTarget",
      "DefaultLookAtTargetInfo": {
        "GroupID": 57
      },
      "MapLayerID": 1,
      "BoardShowList": [
        8
      ],
      "TalkDialogGroupIDList": [],
      "DefaultIdleFreeStyleMotionID": 100020298,
      "BornType": "Permanent",
      "InitialHiddenNodeList": []
    },
    {
      "ID": 400008,
      "PosX": -14.72,
      "PosY": -0.893596,
      "PosZ": 5.47,
      "Name": "NPC8",
      "RotY": 324.3504,
      "NPCID": 10113,
      "DialogueGroups": [],
      "ServerInteractVerificationIDList": [],
      "DefaultLookAtMode": "Closed",
      "MapLayerID": 1,
      "BoardShowList": [
        8
      ],
      "TalkDialogGroupIDList": [],
      "DefaultIdleFreeStyleMotionID": 100010230,
      "BornType": "Permanent",
      "InitialHiddenNodeList": []
    },
    {
      "ID": 400009,
      "PosX": -14.242,
      "PosY": -0.893596,
      "PosZ": 6.066,
      "Name": "NPC9",
      "RotY": 221.3143,
      "NPCID": 10209,
      "DialogueGroups": [],
      "ServerInteractVerificationIDList": [],
      "DefaultLookAtMode": "LookTarget",
      "DefaultLookAtTargetInfo": {
        "GroupID": 57
      },
      "MapLayerID": 1,
      "BoardShowList": [
        8
      ],
      "TalkDialogGroupIDList": [],
      "DefaultIdleFreeStyleMotionID": 100020230,
      "BornType": "Permanent",
      "InitialHiddenNodeList": []
    },
    {
      "ID": 400010,
      "PosX": -3.52,
      "PosY": 0.325748,
      "PosZ": -13.05,
      "Name": "NPC10",
      "RotY": 213.1992,
      "NPCID": 10209,
      "DialogueGroups": [],
      "ServerInteractVerificationIDList": [],
      "DefaultLookAtMode": "LookTarget",
      "DefaultLookAtTargetInfo": {
        "GroupID": 57
      },
      "MapLayerID": 1,
      "BoardShowList": [
        8
      ],
      "TalkDialogGroupIDList": [],
      "DefaultIdleFreeStyleMotionID": 100020221,
      "BornType": "Permanent",
      "InitialHiddenNodeList": []
    },
    {
      "ID": 400011,
      "PosX": -3.373,
      "PosY": 0.231464,
      "PosZ": -14.087,
      "Name": "NPC11",
      "RotY": 305.2379,
      "NPCID": 10111,
      "DialogueGroups": [],
      "ServerInteractVerificationIDList": [],
      "DefaultLookAtMode": "LookTarget",
      "DefaultLookAtTargetInfo": {
        "GroupID": 57
      },
      "MapLayerID": 1,
      "BoardShowList": [
        8
      ],
      "TalkDialogGroupIDList": [],
      "DefaultIdleFreeStyleMotionID": 100010209,
      "BornType": "Permanent",
      "InitialHiddenNodeList": []
    },
    {
      "ID": 400012,
      "PosX": 3.488,
      "PosY": 0.365258,
      "PosZ": -12.786,
      "Name": "NPC12",
      "RotY": 14.15806,
      "NPCID": 10111,
      "DialogueGroups": [],
      "ServerInteractVerificationIDList": [],
      "DefaultLookAtMode": "LookTarget",
      "DefaultLookAtTargetInfo": {
        "GroupID": 57
      },
      "MapLayerID": 1,
      "BoardShowList": [
        8
      ],
      "TalkDialogGroupIDList": [],
      "DefaultIdleFreeStyleMotionID": 100010293,
      "BornType": "Permanent",
      "InitialHiddenNodeList": []
    },
    {
      "ID": 400013,
      "PosX": 3.742,
      "PosY": 0.42,
      "PosZ": -11.838,
      "Name": "NPC13",
      "RotY": 154.4235,
      "NPCID": 10113,
      "DialogueGroups": [],
      "ServerInteractVerificationIDList": [],
      "DefaultLookAtMode": "LookTarget",
      "DefaultLookAtTargetInfo": {
        "GroupID": 57
      },
      "MapLayerID": 1,
      "BoardShowList": [
        8
      ],
      "TalkDialogGroupIDList": [],
      "DefaultIdleFreeStyleMotionID": 100010230,
      "BornType": "Permanent",
      "InitialHiddenNodeList": []
    },
    {
      "ID": 400014,
      "PosX": -14.27,
      "PosY": 0.176713,
      "PosZ": -35.12,
      "Name": "NPC14",
      "RotY": 202.9569,
      "NPCID": 10405,
      "DialogueGroups": [],
      "ServerInteractVerificationIDList": [],
      "DefaultLookAtMode": "Closed",
      "MapLayerID": 1,
      "BoardShowList": [
        8
      ],
      "TalkDialogGroupIDList": [],
      "DefaultIdleFreeStyleMotionID": 100030000,
      "BornType": "Permanent",
      "InitialHiddenNodeList": []
    },
    {
      "ID": 400015,
      "PosX": -12.612,
      "PosY": 0.176713,
      "PosZ": -35.15,
      "Name": "NPC15",
      "RotY": 248.0198,
      "NPCID": 10208,
      "DialogueGroups": [],
      "ServerInteractVerificationIDList": [],
      "DefaultLookAtMode": "Closed",
      "MapLayerID": 1,
      "BoardShowList": [
        8
      ],
      "TalkDialogGroupIDList": [],
      "DefaultIdleFreeStyleMotionID": 100020000,
      "BornType": "Permanent",
      "InitialHiddenNodeList": []
    },
    {
      "ID": 400016,
      "PosX": 12.541,
      "PosY": 0.176713,
      "PosZ": -34.954,
      "Name": "NPC16",
      "RotY": 126.0329,
      "NPCID": 10217,
      "DialogueGroups": [],
      "ServerInteractVerificationIDList": [],
      "DefaultLookAtMode": "Closed",
      "MapLayerID": 1,
      "BoardShowList": [
        8
      ],
      "TalkDialogGroupIDList": [],
      "DefaultIdleFreeStyleMotionID": 100020209,
      "BornType": "Permanent",
      "InitialHiddenNodeList": []
    },
    {
      "ID": 400017,
      "PosX": 13.89,
      "PosY": 0.176713,
      "PosZ": -34.24001,
      "Name": "NPC17",
      "RotY": 154.8599,
      "NPCID": 10118,
      "DialogueGroups": [],
      "ServerInteractVerificationIDList": [],
      "DefaultLookAtMode": "Closed",
      "MapLayerID": 1,
      "BoardShowList": [
        8
      ],
      "TalkDialogGroupIDList": [],
      "DefaultIdleFreeStyleMotionID": 100010222,
      "BornType": "Permanent",
      "InitialHiddenNodeList": []
    },
    {
      "ID": 400018,
      "PosX": -4.440845,
      "PosY": -0.258115,
      "PosZ": 37.34215,
      "Name": "NPC18",
      "RotY": 56.54163,
      "NPCID": 10113,
      "DialogueGroups": [],
      "ServerInteractVerificationIDList": [],
      "DefaultLookAtMode": "Closed",
      "MapLayerID": 1,
      "BoardShowList": [
        8
      ],
      "TalkDialogGroupIDList": [],
      "DefaultIdleFreeStyleMotionID": 100010236,
      "BornType": "Permanent",
      "InitialHiddenNodeList": []
    },
    {
      "ID": 400019,
      "PosX": -4.679,
      "PosY": -0.258115,
      "PosZ": 38.493,
      "Name": "NPC19",
      "RotY": 115.7189,
      "NPCID": 10210,
      "DialogueGroups": [],
      "ServerInteractVerificationIDList": [],
      "DefaultLookAtMode": "Closed",
      "MapLayerID": 1,
      "BoardShowList": [
        8
      ],
      "TalkDialogGroupIDList": [],
      "DefaultIdleFreeStyleMotionID": 100020230,
      "BornType": "Permanent",
      "InitialHiddenNodeList": []
    },
    {
      "ID": 400020,
      "PosX": -4.428184,
      "PosY": -0.258115,
      "PosZ": 37.29738,
      "Name": "NPC20",
      "RotY": 57.41973,
      "NPCID": 10113,
      "DialogueGroups": [],
      "ServerInteractVerificationIDList": [],
      "DefaultLookAtMode": "Closed",
      "MapLayerID": 1,
      "BoardShowList": [
        8
      ],
      "TalkDialogGroupIDList": [],
      "DefaultIdleFreeStyleMotionID": 100010230,
      "BornType": "Permanent",
      "InitialHiddenNodeList": []
    },
    {
      "ID": 400021,
      "PosX": -4.648669,
      "PosY": -0.258115,
      "PosZ": 38.45172,
      "Name": "NPC21",
      "RotY": 116.5969,
      "NPCID": 10210,
      "DialogueGroups": [],
      "ServerInteractVerificationIDList": [],
      "DefaultLookAtMode": "Closed",
      "MapLayerID": 1,
      "BoardShowList": [
        8
      ],
      "TalkDialogGroupIDList": [],
      "DefaultIdleFreeStyleMotionID": 100020221,
      "BornType": "Permanent",
      "InitialHiddenNodeList": []
    }
  ]
}