{
  "GroupGUID": "163023c1-3d7a-4f6a-9437-305a9c4c5cf7",
  "GroupName": "MainMission4040005_",
  "Category": "Mission",
  "AreaAnchorName": "LevelArea_P10001_F10001001_G44",
  "SaveType": "Reset",
  "LoadCondition": {
    "Conditions": [
      {
        "Type": "SubMission",
        "ID": 404000501
      }
    ]
  },
  "UnloadCondition": {
    "Conditions": [
      {
        "Type": "SubMission",
        "Phase": "Finish",
        "ID": 404000501
      }
    ]
  },
  "OwnerMainMissionID": 4040005,
  "ConflictIDList": [],
  "AnchorList": [],
  "MonsterList": [],
  "PropList": [
    {
      "ID": 300001,
      "PosX": 23.43,
      "PosY": -0.889671,
      "PosZ": -17.5,
      "Name": "Prop1",
      "RotY": 135.0,
      "PropID": 60001,
      "IsOverrideInitLevelGraph": true,
      "Trigger": {
        "Offset": {
          "y": 0.5,
          "z": 0.4
        },
        "PointList": []
      },
      "CampID": 4,
      "State": "ChestClosed",
      "MapLayerID": 1,
      "CustomTriggerMap": {},
      "BridgeStateRotations": [],
      "DialogueGroups": [],
      "TalkDialogGroupIDList": [],
      "ServerInteractVerificationIDList": []
    },
    {
      "ID": 300002,
      "PosX": 23.51,
      "PosY": -0.894848,
      "PosZ": -17.27,
      "Name": "Prop2",
      "PropID": 100,
      "IsOverrideInitLevelGraph": true,
      "Trigger": {
        "Radius": 2.0,
        "DimX": 1.0,
        "DimY": 1.0,
        "DimZ": 1.0,
        "PointList": []
      },
      "CampID": 4,
      "MapLayerID": 1,
      "CustomTriggerMap": {},
      "BridgeStateRotations": [],
      "DialogueGroups": [],
      "TalkDialogGroupIDList": [],
      "ServerInteractVerificationIDList": []
    }
  ],
  "NPCList": [
    {
      "ID": 400001,
      "PosX": 24.38,
      "PosY": -0.894226,
      "PosZ": -16.87,
      "Name": "NPC1",
      "RotY": 80.21062,
      "NPCID": 10117,
      "DialogueGroups": [],
      "ServerInteractVerificationIDList": [],
      "DefaultIdleStateName": "Think01Loop",
      "DefaultLookAtMode": "Closed",
      "MapLayerID": 1,
      "BoardShowList": [],
      "TalkDialogGroupIDList": [],
      "DefaultIdleFreeStyleMotionID": 100010222,
      "InitialHiddenNodeList": []
    }
  ]
}