{
  "GroupGUID": "8692f008-bb37-4cbf-b79f-51880e2b7fa1",
  "GroupName": "MainMission2000211_",
  "Category": "Mission",
  "AreaAnchorName": "LevelArea_P10001_F10001001_G50",
  "SaveType": "Reset",
  "LoadCondition": {
    "Conditions": [
      {
        "Type": "SubMission",
        "ID": 200021100
      },
      {
        "Type": "SubMission",
        "Phase": "Finish",
        "ID": 200021100
      }
    ],
    "Operation": "Or"
  },
  "UnloadCondition": {
    "Conditions": [
      {
        "Type": "SubMission",
        "Phase": "Finish",
        "ID": 200021113
      }
    ],
    "DelayToLevelReload": true
  },
  "OwnerMainMissionID": 2000211,
  "ConflictIDList": [],
  "AnchorList": [
    {
      "ID": 1,
      "PosX": 29.47,
      "PosY": -0.893308,
      "PosZ": -11.12,
      "Name": "Anchor1",
      "RotY": 147.0,
      "MapLayerID": 1
    }
  ],
  "MonsterList": [],
  "PropList": [
    {
      "ID": 300001,
      "PosX": 29.56936,
      "PosY": -0.893596,
      "PosZ": -13.68682,
      "Name": "Prop1",
      "PropID": 100,
      "IsOverrideInitLevelGraph": true,
      "Trigger": {
        "Radius": 5.0,
        "DimX": 1.0,
        "DimY": 1.0,
        "DimZ": 1.0,
        "PointList": []
      },
      "CampID": 4,
      "MapLayerID": 1,
      "CustomTriggerMap": {},
      "BridgeStateRotations": [],
      "DialogueGroups": [],
      "TalkDialogGroupIDList": [],
      "ServerInteractVerificationIDList": []
    },
    {
      "ID": 300002,
      "PosX": 31.98,
      "PosY": -0.889673,
      "PosZ": -14.95,
      "Name": "Prop2",
      "PropID": 100,
      "IsOverrideInitLevelGraph": true,
      "Trigger": {
        "Radius": 2.0,
        "DimX": 1.0,
        "DimY": 1.0,
        "DimZ": 1.0,
        "PointList": []
      },
      "CampID": 4,
      "MapLayerID": 1,
      "CustomTriggerMap": {},
      "BridgeStateRotations": [],
      "DialogueGroups": [],
      "TalkDialogGroupIDList": [],
      "ServerInteractVerificationIDList": []
    },
    {
      "ID": 300003,
      "PosX": 31.98,
      "PosY": -0.889673,
      "PosZ": -14.95,
      "Name": "Prop3",
      "PropID": 100,
      "IsOverrideInitLevelGraph": true,
      "Trigger": {
        "Radius": 2.0,
        "DimX": 1.0,
        "DimY": 1.0,
        "DimZ": 1.0,
        "PointList": []
      },
      "CampID": 4,
      "MapLayerID": 1,
      "CustomTriggerMap": {},
      "BridgeStateRotations": [],
      "DialogueGroups": [],
      "TalkDialogGroupIDList": [],
      "ServerInteractVerificationIDList": []
    },
    {
      "ID": 300004,
      "PosX": 31.98,
      "PosY": -0.889673,
      "PosZ": -14.95,
      "Name": "Prop4",
      "PropID": 100,
      "IsOverrideInitLevelGraph": true,
      "Trigger": {
        "Radius": 2.0,
        "DimX": 1.0,
        "DimY": 1.0,
        "DimZ": 1.0,
        "PointList": []
      },
      "CampID": 4,
      "MapLayerID": 1,
      "CustomTriggerMap": {},
      "BridgeStateRotations": [],
      "DialogueGroups": [],
      "TalkDialogGroupIDList": [],
      "ServerInteractVerificationIDList": []
    },
    {
      "ID": 300005,
      "PosX": 31.98,
      "PosY": -0.889673,
      "PosZ": -14.95,
      "Name": "Prop5",
      "PropID": 100,
      "IsOverrideInitLevelGraph": true,
      "Trigger": {
        "Radius": 2.0,
        "DimX": 1.0,
        "DimY": 1.0,
        "DimZ": 1.0,
        "PointList": []
      },
      "CampID": 4,
      "MapLayerID": 1,
      "CustomTriggerMap": {},
      "BridgeStateRotations": [],
      "DialogueGroups": [],
      "TalkDialogGroupIDList": [],
      "ServerInteractVerificationIDList": []
    },
    {
      "ID": 300006,
      "PosX": 0.979,
      "PosY": 0.435799,
      "PosZ": -0.71,
      "Name": "Prop6",
      "PropID": 100,
      "IsOverrideInitLevelGraph": true,
      "Trigger": {
        "Radius": 1.0,
        "DimX": 1.0,
        "DimY": 1.0,
        "DimZ": 1.0,
        "PointList": []
      },
      "CampID": 4,
      "MapLayerID": 1,
      "CustomTriggerMap": {},
      "BridgeStateRotations": [],
      "DialogueGroups": [],
      "TalkDialogGroupIDList": [],
      "ServerInteractVerificationIDList": []
    },
    {
      "ID": 300007,
      "PosX": -0.098,
      "PosY": 0.417035,
      "PosZ": 0.53,
      "Name": "Prop7",
      "PropID": 100,
      "IsOverrideInitLevelGraph": true,
      "Trigger": {
        "Radius": 2.1,
        "DimX": 1.0,
        "DimY": 1.0,
        "DimZ": 1.0,
        "PointList": []
      },
      "CampID": 4,
      "MapLayerID": 1,
      "CustomTriggerMap": {},
      "BridgeStateRotations": [],
      "DialogueGroups": [],
      "TalkDialogGroupIDList": [],
      "ServerInteractVerificationIDList": []
    }
  ],
  "NPCList": [
    {
      "ID": 400001,
      "PosX": 1.027,
      "PosY": 0.340386,
      "PosZ": -0.776,
      "Name": "NPC1",
      "RotY": 310.7583,
      "NPCID": 3015,
      "LevelGraph": "Config/Level/NPC/NPC_Peppy_SubMissionN0_2.json",
      "AIConfig": {
        "AIFile": "Config/ConfigAI/Adventure/MazeNPC_FollowPlayer_2010501.json",
        "PathwayList": [
          {
            "UseGroup": 50,
            "UseID": 1,
            "StartAt": 1
          }
        ],
        "SlaveConfigList": []
      },
      "DialogueGroups": [],
      "ServerInteractVerificationIDList": [],
      "MapLayerID": 1,
      "BoardShowList": [
        8,
        1,
        64
      ],
      "OverrideNPCName": {
        "Hash": -1256873881
      },
      "TalkDialogGroupIDList": [],
      "DefaultIdleFreeStyleMotionID": 900030000,
      "BornType": "Permanent",
      "InitialHiddenNodeList": []
    },
    {
      "ID": 400002,
      "PosX": 31.74,
      "PosY": -0.889673,
      "PosZ": -14.85,
      "Name": "NPC2",
      "RotY": 307.8132,
      "NPCID": 10102,
      "DialogueGroups": [],
      "ServerInteractVerificationIDList": [],
      "DefaultLookAtMode": "Closed",
      "MapLayerID": 1,
      "BoardShowList": [
        1,
        64
      ],
      "TalkDialogGroupIDList": [],
      "DefaultIdleFreeStyleMotionID": 100010295,
      "BornType": "Permanent",
      "InitialHiddenNodeList": []
    },
    {
      "ID": 400003,
      "PosX": 31.7,
      "PosY": -0.893596,
      "PosZ": -13.44,
      "Name": "NPC3",
      "RotY": 196.506,
      "NPCID": 10212,
      "DialogueGroups": [
        200021112
      ],
      "ServerInteractVerificationIDList": [],
      "DefaultLookAtMode": "Closed",
      "MapLayerID": 1,
      "BoardShowList": [],
      "OverrideNPCName": {
        "Hash": 132898925
      },
      "TalkDialogGroupIDList": [],
      "DefaultIdleFreeStyleMotionID": 100020000,
      "BornType": "Permanent",
      "InitialHiddenNodeList": [],
      "Dialog": {
        "LevelGraph": "Config/Level/NPCDialogue/P10001/F10001001_G50/DialogueMain_F10001001_G50_N400003.json",
        "EnableCondition": {
          "Conditions": [
            {
              "Type": "SubMission",
              "ID": 200021112
            }
          ]
        }
      }
    },
    {
      "ID": 400004,
      "PosX": 30.37,
      "PosY": -0.893596,
      "PosZ": -14.21,
      "Name": "NPC4",
      "RotY": 121.5578,
      "NPCID": 10213,
      "DialogueGroups": [],
      "ServerInteractVerificationIDList": [],
      "DefaultLookAtMode": "Closed",
      "MapLayerID": 1,
      "BoardShowList": [],
      "TalkDialogGroupIDList": [],
      "DefaultIdleFreeStyleMotionID": 100020230,
      "BornType": "Permanent",
      "InitialHiddenNodeList": []
    },
    {
      "ID": 400005,
      "PosX": 30.86,
      "PosY": -0.893596,
      "PosZ": -13.01,
      "Name": "NPC5",
      "RotY": 161.2576,
      "NPCID": 10114,
      "DialogueGroups": [],
      "ServerInteractVerificationIDList": [],
      "DefaultLookAtMode": "Closed",
      "MapLayerID": 1,
      "BoardShowList": [],
      "TalkDialogGroupIDList": [],
      "DefaultIdleFreeStyleMotionID": 100010209,
      "BornType": "Permanent",
      "InitialHiddenNodeList": []
    },
    {
      "ID": 400006,
      "PosX": 30.34827,
      "PosY": -0.893084,
      "PosZ": -11.18199,
      "Name": "NPC6",
      "RotY": 139.205,
      "NPCID": 3015,
      "LevelGraph": "Config/Level/NPC/NPC_Peppy_SubMissionN0.json",
      "DialogueGroups": [],
      "ServerInteractVerificationIDList": [],
      "DefaultLookAtMode": "Closed",
      "MapLayerID": 1,
      "BoardShowList": [
        8,
        1,
        64
      ],
      "OverrideNPCName": {
        "Hash": -1256873881
      },
      "TalkDialogGroupIDList": [],
      "DefaultIdleFreeStyleMotionID": 900030000,
      "BornType": "Permanent",
      "InitialHiddenNodeList": []
    },
    {
      "ID": 400007,
      "PosX": 28.28882,
      "PosY": -0.893308,
      "PosZ": -12.41436,
      "Name": "NPC7",
      "RotY": 117.0741,
      "NPCID": 1009,
      "DialogueGroups": [],
      "ServerInteractVerificationIDList": [],
      "DefaultLookAtMode": "Closed",
      "MapLayerID": 1,
      "BoardShowList": [],
      "TalkDialogGroupIDList": [],
      "DefaultIdleFreeStyleMotionID": 310090230,
      "BornType": "Permanent",
      "InitialHiddenNodeList": []
    },
    {
      "ID": 400008,
      "PosX": 29.47,
      "PosY": -0.893308,
      "PosZ": -11.12,
      "Name": "NPC8",
      "RotY": 149.7847,
      "NPCID": 1992,
      "DialogueGroups": [],
      "ServerInteractVerificationIDList": [],
      "DefaultLookAtMode": "Closed",
      "MapLayerID": 1,
      "BoardShowList": [],
      "TalkDialogGroupIDList": [],
      "DefaultIdleFreeStyleMotionID": 380020000,
      "BornType": "Permanent",
      "InitialHiddenNodeList": []
    }
  ]
}