{
  "GroupGUID": "94c11e09-64ec-4311-8a65-4d5ff0de48dc",
  "GroupName": "Activity_SilverWolf05",
  "AreaAnchorName": "LevelArea_P10001_F10001001_G73",
  "SaveType": "Reset",
  "LoadCondition": {
    "Conditions": [
      {
        "ID": 8000135
      }
    ]
  },
  "UnloadCondition": {
    "Conditions": [
      {
        "Phase": "Finish",
        "ID": 8000135
      }
    ]
  },
  "ConflictIDList": [],
  "AnchorList": [],
  "MonsterList": [],
  "PropList": [
    {
      "ID": 300001,
      "PosX": -4.743,
      "PosY": 1.402,
      "PosZ": -31.716,
      "Name": "Prop1",
      "RotY": 168.8416,
      "PropID": 121,
      "IsOverrideInitLevelGraph": true,
      "Trigger": {
        "Radius": 2.59,
        "DimX": 1.0,
        "DimY": 1.0,
        "DimZ": 1.0,
        "PointList": []
      },
      "CampID": 4,
      "MapLayerID": 1,
      "CustomTriggerMap": {},
      "BridgeStateRotations": [],
      "DialogueGroups": [],
      "TalkDialogGroupIDList": [],
      "ServerInteractVerificationIDList": [],
      "Dialog": {
        "LevelGraph": "Config/Level/PropDialogue/P20001/F20001001_G102/DialogueMain_F20001001_G102_P300002.json",
        "PackList": []
      },
      "InteractIconType": "CheckIcon",
      "InteractTitle": {
        "Hash": 157286622
      }
    }
  ],
  "NPCList": []
}