{
  "GroupGUID": "f779d153-1a48-48f5-8947-87613c5b7cc4",
  "GroupName": "MainMission2000109_",
  "Category": "Mission",
  "AreaAnchorName": "LevelArea_P10001_F10001001_G6",
  "SaveType": "Reset",
  "LoadCondition": {
    "Conditions": [
      {
        "Type": "SubMission",
        "ID": 200010818
      }
    ]
  },
  "UnloadCondition": {
    "Conditions": [
      {
        "Phase": "Finish",
        "ID": 2000109
      }
    ],
    "DelayToLevelReload": true
  },
  "OwnerMainMissionID": 2000109,
  "ConflictIDList": [],
  "AnchorList": [
    {
      "ID": 1,
      "PosX": 0.756,
      "PosY": 0.474,
      "PosZ": 1.381,
      "Name": "Anchor1",
      "MapLayerID": 1
    },
    {
      "ID": 2,
      "PosY": 1.6,
      "PosZ": -3.0,
      "Name": "Anchor2",
      "RotY": 6.000007,
      "RotX": 5.000007,
      "MapLayerID": 1,
      "Usage": "Camera"
    }
  ],
  "MonsterList": [],
  "PropList": [
    {
      "ID": 300001,
      "PosX": 11.36,
      "PosY": -0.893599,
      "PosZ": 12.34,
      "Name": "Prop1",
      "PropID": 100,
      "IsOverrideInitLevelGraph": true,
      "Trigger": {
        "Radius": 3.0,
        "DimX": 1.0,
        "DimY": 1.0,
        "DimZ": 1.0,
        "PointList": []
      },
      "CampID": 4,
      "MapLayerID": 1,
      "CustomTriggerMap": {},
      "BridgeStateRotations": [],
      "DialogueGroups": [],
      "TalkDialogGroupIDList": [],
      "ServerInteractVerificationIDList": []
    }
  ],
  "NPCList": [
    {
      "ID": 400001,
      "PosX": 11.29,
      "PosY": -0.873,
      "PosZ": 12.86,
      "Name": "NPC1",
      "RotY": 240.3061,
      "NPCID": 10102,
      "DialogueGroups": [],
      "ServerInteractVerificationIDList": [],
      "DefaultIdleStateName": "Distress01Loop",
      "DefaultLookAtMode": "Closed",
      "MapLayerID": 1,
      "BoardShowList": [
        1,
        64
      ],
      "TalkDialogGroupIDList": [],
      "DefaultIdleFreeStyleMotionID": 100010291,
      "InitialHiddenNodeList": []
    },
    {
      "ID": 400002,
      "PosX": 10.095,
      "PosY": -0.893598,
      "PosZ": 11.912,
      "Name": "NPC2",
      "RotY": 49.05051,
      "NPCID": 10302,
      "DialogueGroups": [],
      "ServerInteractVerificationIDList": [],
      "DefaultIdleStateName": "Sob01Loop",
      "DefaultLookAtMode": "Closed",
      "MapLayerID": 1,
      "BoardShowList": [
        1,
        64
      ],
      "TalkDialogGroupIDList": [],
      "DefaultIdleFreeStyleMotionID": 100040289,
      "InitialHiddenNodeList": []
    },
    {
      "ID": 400003,
      "PosX": 0.756,
      "PosY": 0.474,
      "PosZ": 1.381,
      "Name": "NPC3",
      "NPCID": 1992,
      "DialogueGroups": [],
      "ServerInteractVerificationIDList": [],
      "DefaultLookAtMode": "Closed",
      "MapLayerID": 1,
      "BoardShowList": [],
      "OverrideNPCName": {
        "Hash": -1836469546
      },
      "TalkDialogGroupIDList": [],
      "DefaultIdleFreeStyleMotionID": 380020000,
      "InitialHiddenNodeList": []
    },
    {
      "ID": 400004,
      "PosX": 8.97,
      "PosY": -0.88,
      "PosZ": 11.682,
      "Name": "NPC4",
      "RotY": 70.60175,
      "NPCID": 10205,
      "DialogueGroups": [],
      "ServerInteractVerificationIDList": [],
      "DefaultIdleStateName": "HoldArm01Loop",
      "DefaultLookAtMode": "Closed",
      "MapLayerID": 1,
      "BoardShowList": [
        1,
        64
      ],
      "TalkDialogGroupIDList": [],
      "DefaultIdleFreeStyleMotionID": 100020231,
      "InitialHiddenNodeList": []
    },
    {
      "ID": 400005,
      "PosX": 10.67,
      "PosY": -0.88,
      "PosZ": 11.6,
      "Name": "NPC5",
      "RotY": 36.33583,
      "NPCID": 10118,
      "DialogueGroups": [],
      "ServerInteractVerificationIDList": [],
      "DefaultLookAtMode": "Closed",
      "MapLayerID": 1,
      "BoardShowList": [],
      "TalkDialogGroupIDList": [],
      "DefaultIdleFreeStyleMotionID": 100010000,
      "InitialHiddenNodeList": []
    },
    {
      "ID": 400006,
      "PosX": 10.29,
      "PosY": -0.88,
      "PosZ": 12.83,
      "Name": "NPC6",
      "RotY": 97.22151,
      "NPCID": 10212,
      "DialogueGroups": [],
      "ServerInteractVerificationIDList": [],
      "DefaultIdleStateName": "Akimbo01Loop",
      "DefaultLookAtMode": "Closed",
      "MapLayerID": 1,
      "BoardShowList": [],
      "TalkDialogGroupIDList": [],
      "DefaultIdleFreeStyleMotionID": 100020210,
      "InitialHiddenNodeList": []
    },
    {
      "ID": 400007,
      "PosX": 9.09,
      "PosY": -0.88,
      "PosZ": 7.8,
      "Name": "NPC7",
      "RotY": 49.51342,
      "NPCID": 10117,
      "DialogueGroups": [],
      "ServerInteractVerificationIDList": [],
      "DefaultIdleStateName": "Akimbo02Loop",
      "DefaultLookAtMode": "Closed",
      "MapLayerID": 1,
      "BoardShowList": [],
      "TalkDialogGroupIDList": [],
      "DefaultIdleFreeStyleMotionID": 100010216,
      "InitialHiddenNodeList": []
    },
    {
      "ID": 400008,
      "PosX": 8.37,
      "PosY": -0.88,
      "PosZ": 7.99,
      "Name": "NPC8",
      "RotY": 49.51342,
      "NPCID": 10211,
      "DialogueGroups": [],
      "ServerInteractVerificationIDList": [],
      "DefaultIdleStateName": "Sit01",
      "DefaultLookAtMode": "Closed",
      "MapLayerID": 1,
      "BoardShowList": [],
      "TalkDialogGroupIDList": [],
      "DefaultIdleFreeStyleMotionID": 100020298,
      "InitialHiddenNodeList": []
    },
    {
      "ID": 400009,
      "PosX": 8.22,
      "PosY": -0.88,
      "PosZ": 14.592,
      "Name": "NPC9",
      "RotY": 127.5846,
      "NPCID": 10106,
      "DialogueGroups": [
        200010819
      ],
      "ServerInteractVerificationIDList": [],
      "DefaultIdleStateName": "Praying01Loop",
      "DefaultLookAtMode": "Closed",
      "MapLayerID": 1,
      "BoardShowList": [
        1,
        64
      ],
      "OverrideNPCName": {
        "Hash": -1029900497
      },
      "TalkDialogGroupIDList": [],
      "DefaultIdleFreeStyleMotionID": 100010293,
      "InitialHiddenNodeList": [],
      "Dialog": {
        "LevelGraph": "Config/Level/NPCDialogue/P10001/F10001001_G6/DialogueMain_F10001001_G6_N400009.json",
        "EnableCondition": {
          "Conditions": [
            {
              "Type": "SubMission",
              "ID": 200010827
            }
          ]
        }
      }
    }
  ]
}