{
  "GroupGUID": "ef144b6a-1997-4c7a-b687-47faa0437d24",
  "GroupName": "Exit",
  "AreaAnchorName": "LevelArea_P10001_F10001001_G3",
  "LoadCondition": {
    "Conditions": [
      {
        "Phase": "Finish",
        "ID": 1000402
      }
    ]
  },
  "LoadSide": "Server",
  "ConflictIDList": [],
  "AnchorList": [],
  "MonsterList": [],
  "PropList": [
    {
      "ID": 300005,
      "PosX": 0.01,
      "PosY": 3.132257,
      "PosZ": -66.47,
      "Name": "Prop5",
      "PropID": 107,
      "IsOverrideInitLevelGraph": true,
      "InitLevelGraph": "Config/Level/Maze/Chapter00/Exit_N0.json",
      "Trigger": {
        "Radius": 3.0,
        "DimX": 1.0,
        "DimY": 1.0,
        "DimZ": 1.0,
        "Offset": {
          "z": 3.0
        },
        "PointList": []
      },
      "CampID": 4,
      "MapLayerID": 1,
      "CustomTriggerMap": {},
      "BridgeStateRotations": [],
      "MappingInfoID": 2242,
      "DialogueGroups": [],
      "TalkDialogGroupIDList": [],
      "ServerInteractVerificationIDList": [],
      "OverrideMapIconType": 99
    }
  ],
  "NPCList": []
}