{
  "GlobalSoundBank": [
    "BK_All_In_One"
  ],
  "PreLoadEvent": [
    "Ev_vo_external_story_play",
    "Ev_vo_external_cutscene_play",
    "Ev_sfx_cinematic_cutscene",
    "Ev_jukebox",
    "Ev_global_set_bgm_state"
  ],
  "FullPCkNameSoundBank": "Banks",
  "FullPCkNameMusic": "Music",
  "FullPCkNameStream": "Streamed",
  "FullPCkNameExternal": "External",
  "FullPCkNameVOBank": "VoBanks",
  "FullPCkNameExtra": "Extra",
  "FullPckCount": 32,
  "FullPckCountPS": 8,
  "MinimumPckName": "Minimum.pck",
  "MinimumSoundBankName": "Minimum",
  "InitSoundBankName": "Init",
  "UsePCKMode": true,
  "MotionShareSet": "Wwise_Motion",
  "EventBGMMute": "Ev_global_set_bgm_bus_mute",
  "EventBGMUnmute": "Ev_global_set_bgm_bus_unmute",
  "EventSFXMute": "Ev_global_set_sfx_bus_mute",
  "EventSFXUnmute": "Ev_global_set_sfx_bus_unmute",
  "EventVOMute": "Ev_global_set_vo_bus_mute",
  "EventVOUnmute": "Ev_global_set_vo_bus_unmute",
  "EventBattleVOMute": "Ev_global_set_vo_combat_mute",
  "EventBattleVOUnmute": "Ev_global_set_vo_combat_stop_unmute",
  "EventCGSFXMute": "Ev_global_set_sfx_cg_bus_mute",
  "EventCGSFXUnmute": "Ev_global_set_sfx_cg_bus_unmute",
  "DefaultBGMEvent": "Ev_global_set_bgm_state",
  "LoginBGMEvent": "Ev_bgm_menu_login",
  "GameStateGroupName": "StateGroup_GameState",
  "MenuGroupName": "StateGroup_Menu",
  "MenuBGMStates": {
    "StateGachaNormal": "State_Menu_Get_Avatar",
    "StateGachaGold": "State_Menu_Get_Avatar_Gold",
    "StateGachaResultNormal": "State_Menu_Get_Avatar_Loop",
    "StateGachaResultGold": "State_Menu_Get_Avatar_Loop_Gold",
    "StateChallenge": "State_Menu_Forgotten_Hall",
    "StateBoxingClub": "State_Menu_Boxing_Gym",
    "StateMuseum": "State_Menu_Season_Ledger_of_Curiosities_Museum",
    "StateRogue": "State_Menu_Rougelite",
    "StateAlleyPack": "State_Menu_Season_Inventory_Stocking",
    "StateAlleyTransport": "State_Menu_Season_Logistics_Planning",
    "StateRogueDLC": "State_Menu_Simulated_Universe_The_Swarm_Disaster"
  },
  "MazePlaneTypeGroupName": "StateGroup_Adventure_Mode",
  "MazePlaneTypeStates": {
    "Unknown": "Unknown",
    "Town": "Town",
    "Maze": "Maze",
    "Train": "Train",
    "Challenge": "Challenge",
    "Rogue": "Rogue",
    "Raid": "Raid",
    "AetherDivide": "AetherDivide",
    "TrialActivity": "TrialActivity"
  },
  "EventBattleTurnBeginLight": "Ev_Combat_Avatar_Begin",
  "EventBattleTurnBeginDark": "Ev_Combat_Monster_Begin",
  "CombatStateGroupName": "StateGroup_Combat",
  "BGMWorldStateGroupName": "StateGroup_Adventure",
  "CutSceneStateGroupName": "StateGroup_Story",
  "StoryState": {
    "StoryStateGroup": "StateGroup_Cutscene",
    "StoryState_C": "State_Cutscene_C",
    "StoryState_A": "State_Cutscene_A",
    "StoryState_D": "State_Cutscene_D"
  },
  "NoneState": "None",
  "DistrictTransitionState": "State_TransitionArea_3D",
  "BattleSpeedStateGroupName": "State_Battle_Speed",
  "BattleSpeedDoubleState": "Double_Speed",
  "BattleSpeedNormalState": "Normal_Speed",
  "AutoBattleStateGroupName": "State_Battle_Auto",
  "AutoBattleOnState": "On",
  "AutoBattleOffState": "Off",
  "LightHitVODelayTime": 0.1,
  "FootStepSurfaceSwitchGroup": "SwitchGroup_GroundMaterials",
  "ShoesTypeSwitchGroup": "SwitchGroup_ShoesType",
  "EventFootStepSurface": "Ev_avatar_footsteps_material_{0}",
  "MazeMonsterAlert": {
    "MazeAlertRTPCRangeMin": 5,
    "MazeAlertRTPCRangeMax": 9.99,
    "MazeAlertRTPCSmoothSpeed": 3,
    "NPCMonsterHintDefaultEvent": "Ev_sfx_common_tips_monster",
    "NPCMonsterHintDefaultRange": 15,
    "MazeStateGroupName": "StateGroup_Maze",
    "MazeStateBusy": "State_Maze_Busy",
    "MonsterAlertLevelSwitchGroup": "SwitchGroup_MonsterAlert_Level",
    "MonsterAlertLevelAlertSwitch": "Alert",
    "MonsterAlertLevelDisarmSwitch": "Disarm"
  },
  "MasterVolumeRTPCName": "RTPC_Vol_Master",
  "BGMVolumeRTPCName": "RTPC_Vol_BGM",
  "SFXVolumeRTPCName": "RTPC_Vol_SFX",
  "VOVolumeRTPCName": "RTPC_Vol_VO",
  "Vibration": {
    "IntensityRTPCName": "RTPC_Vol_Motion",
    "EventVibrationSetting": "Ev_motion_click_system_switch",
    "MotionLevelStateGroup": "StateGroup_motion_level",
    "MotionLevelStateA": "motion_level_A",
    "MotionLevelStateC": "motion_level_C",
    "MotionLevelAWhiteList": [
      1,
      2,
      3,
      6,
      7
    ]
  },
  "DefaultEmotionState": {
    "GroupName": "StateGroup_Emotion",
    "StateName": "State_Hollowing"
  },
  "AvatarGenderGroupName": "StateGroup_Avatar_Change",
  "AvatarGenterStateMale": "State_Male",
  "AvatarGenterStateFamale": "State_Female",
  "EventBGMStop": "Ev_global_set_bgm_all_stop",
  "EventVOStop": "Ev_story_set_dialogue_all_stop",
  "EventSFXStop": "Ev_global_set_sfx_all_stop",
  "EventAmbStop": "Ev_global_set_amb_all_stop",
  "EventAmbBattleStop": "Ev_global_set_amb_battle_stop",
  "EventBGMBattleStop": "Ev_combat_set_bgm_stop",
  "EventBattleEnd": "Ev_global_set_vo_combat_end",
  "EventBGMPause": "Ev_global_set_bgm_bus_pause",
  "EventVOPause": "Ev_global_set_vo_bus_pause",
  "EventSFXPause": "Ev_global_set_sfx_bus_pause",
  "EventBGMResume": "Ev_global_set_bgm_bus_resume",
  "EventVOResume": "Ev_global_set_vo_bus_resume",
  "EventSFXResume": "Ev_global_set_sfx_bus_resume",
  "UIAudioStageStartEventMap": {
    "GamePause": "Ev_global_set_ui_screen_popUp_start",
    "OpenNormalUI": "Ev_global_set_ui_normal_popUp_start",
    "ScreenTrans": "Ev_global_blackScreen_start",
    "PerformancePause": "Ev_global_set_ui_screen_playback_start"
  },
  "UIAudioStageEndEventMap": {
    "GamePause": "Ev_global_set_ui_screen_popUp_end",
    "OpenNormalUI": "Ev_global_set_ui_normal_popUp_end",
    "ScreenTrans": "Ev_global_blackScreen_end",
    "PerformancePause": "Ev_global_set_ui_screen_playback_end"
  },
  "EventUISliderPlus": "Ev_sfx_ui_click_common_slider_plus",
  "EventUISliderMinus": "Ev_sfx_ui_click_common_slider_minus",
  "UISliderCD": 0.1,
  "UINavigationSoundEvent": "Ev_sfx_ui_common_gamepad_item_select",
  "UINavigationChangeSoundEvent": "Ev_sfx_ui_common_gamepad_focus_transfer",
  "UIWheelChangeSoundEvent": "Ev_sfx_ui_common_gamepad_roulette_select",
  "UIShortCutSoundEvent": "Ev_sfx_ui_common_gamepad_scene_open",
  "EventBattlePassSelectLightCone": "Ev_sfx_ui_click_battlePass_lightCone_select",
  "EventBattlePassClickLightCone": "Ev_sfx_ui_click_battlePass_lightCone",
  "EventPhoneMessageItemReceived": "Ev_sfx_ui_feedback_phoneMessage_receiveMessage",
  "EventPhoneMessageItemSent": "Ev_sfx_ui_click_phoneMessage_sendMessage",
  "EventOnEnterLoading": "Ev_global_set_loading_start",
  "EventOnLeaveLoading": "Ev_global_set_loading_end",
  "SoundHitEvent": "DR_Impact",
  "CriticalHitEvent": "Ev_sfx_common_combat_criticalimpact",
  "EventBattleRoundEnd": "Ev_sfx_combat_common_round_end",
  "EventBattleAttack": "Ev_sfx_combat_avatar_attack_general",
  "EventBattleSkill": "Ev_sfx_combat_avatar_attack_skill",
  "EventBattleUltral": "Ev_sfx_combat_avatar_attack_ultra_skill",
  "EventBattleCheckModeStart": "Ev_sfx_combat_common_mode_check_start",
  "EventBattleCheckModeend": "Ev_sfx_combat_common_mode_check_end",
  "EventGameObjectFadeOut": "Ev_amb_set_object_volume_fade_out",
  "EventGameObjectFadeIn": "Ev_amb_set_object_volume_fade_in",
  "BattleStage": {
    "StateGroup": "State_Battle_Plot",
    "DefaultState": "Battle_Normal",
    "StageStates": {}
  },
  "BattleStingerEvent": "Ev_global_set_bgm_trigger",
  "ExternalSourceName": "External_Source",
  "CharacterVOEventMap": {
    "ActionBegin": "Ev_vo_avatar_turn_begin_{0}",
    "ActionBeginAdvantage": "Ev_vo_avatar_advantage_{0}",
    "ActionBeginHighThreat": "Ev_vo_avatar_high_threat_{0}",
    "ReceiveHealing": "Ev_vo_avatar_healing_{0}",
    "ReceiveBuff": "Ev_vo_avatar_receive_buff_{0}",
    "Revived": "Ev_vo_avatar_revive_{0}",
    "UltraReady": "Ev_vo_avatar_ultra_skill_select_{0}",
    "LightHit": "Ev_vo_avatar_hit_light_{0}",
    "StandBy": "Ev_vo_avatar_waiting_{0}"
  },
  "AdventureCharacterVOEventMap": {
    "BattleVictory": "Ev_vo_avatar_battle_victory_maze_{0}",
    "OpenChest": "Ev_vo_avatar_open_chest_maze_{0}",
    "SolvePuzzle": "Ev_vo_avatar_solve_puzzle_maze_{0}",
    "LookAtThreat": "Ev_vo_avatar_lookat_threat_maze_{0}",
    "BackTown": "Ev_vo_avatar_town_teleport_maze_{0}",
    "PromotionUp": "Ev_vo_avatar_growth_ascension_unlock_{0}",
    "SkillTreeUnlock": "Ev_vo_avatar_growth_trace_unlock_{0}",
    "EidolonActive": "Ev_vo_avatar_growth_eidolon_unlock_{0}",
    "MaxLevel": "Ev_vo_avatar_growth_maxlevel_unlock_{0}",
    "JoinTeamWithSpecialTeamate": "Ev_vo_avatar_addtoteam_to{0}_{1}",
    "JoinTeamWithSpecialTeamateHero": "Ev_vo_avatar_addtoteam_toplayer_{0}",
    "OpenPreciousChest": "Ev_vo_avatar_open_preciouschest_maze_{0}"
  },
  "EventStopJoinTeamWithSpecialTemate": "Ev_vo_avatar_addtoteam_stop",
  "AdventureCharacterVOSpeakerRTPC": "RTPC_Maze_VO_Type",
  "BattleWinVOReduceProb": 0.5,
  "BattleWinVOAddProb": 0.3,
  "LookAtThreatVOReduceProb": 0.5,
  "LookAtThreatAddProb": 0.3,
  "LookAtThreatCD": 30,
  "OpenChestVOProb": 0.5,
  "SolvePuzzleVOProb": 0.5,
  "UIButtonSoundEventMap": {
    "CommonClick": "Ev_sfx_ui_global_common_click",
    "Confirm": "Ev_sfx_ui_click_common_confirm",
    "CommonCancel": "Ev_sfx_ui_click_common_cancel",
    "Invalid": "Ev_sfx_ui_global_useless",
    "OpenDropDown": "Ev_sfx_ui_common_word_click",
    "Select": "Ev_sfx_ui_click_common_select",
    "Unselect": "Ev_sfx_ui_click_common_unselect",
    "SlideClick": "Ev_sfx_ui_common_slide_click"
  },
  "AudioGameStateMap": {
    "Unknow": "None",
    "Adventure": "State_Adventure",
    "Battle": "State_Combat",
    "CutScene": "State_Story",
    "Menu": "State_Menu",
    "JukeBox": "State_Jukebox"
  },
  "PerformanceAudioEvents": {
    "SFXExternalCutsceneEvent": "Ev_sfx_cinematic_cutscene",
    "SFXExternalCutsceneFadeEvent": "Ev_sfx_cinematic_fadeinout_cutscene",
    "SFXExternalStoryEvent": "Ev_sfx_cinematic_c",
    "SFXExternalStoryFadeEvent": "Ev_sfx_cinematic_fadeinout_c",
    "SFXExternalLoopEvent": "Ev_sfx_ex_c_loop_play",
    "SFXExternalLoopStopEvent": "Ev_sfx_ex_c_loop_stop",
    "VoiceTypeExternalEventDict": {
      "Story": "Ev_vo_external_story_play",
      "Cutscene": "Ev_vo_external_cutscene_play",
      "NPC_Near": "Ev_vo_external_npc_near_play",
      "NPC_Normal": "Ev_vo_external_npc_normal_play",
      "NPC_Far": "Ev_vo_external_npc_far_play",
      "Archive": "Ev_vo_external_archive_play",
      "MissionTalk_3d": "Ev_vo_external_playmissiontalk_3d_play",
      "BroadcastNear": "Ev_vo_external_broadcast_near_play",
      "BroadcastNormal": "Ev_vo_external_broadcast_normal_play",
      "BroadcastFar": "Ev_vo_external_broadcast_far_play",
      "BroadcastUltraFar1": "Ev_vo_external_broadcast_far_ultra_01",
      "BroadcastUltraFar2": "Ev_vo_external_broadcast_far_ultra_02",
      "BroadcastUltraFar3": "Ev_vo_external_broadcast_far_ultra_03"
    }
  },
  "ToneAudioEvents": {
    "BattleToneEvent": "Ev_sfx_amb_battle_tone",
    "BattleToneStopEvent": "Ev_sfx_amb_battle_tone_stop",
    "LoadingToneEvent": "Ev_sfx_amb_loading_tone",
    "LoadingToneStopEvent": "Ev_sfx_amb_loading_tone_stop"
  },
  "JukeBoxInfo": {
    "FloorID": 10000000,
    "GroupID": 30,
    "PropID": 300001,
    "PlayEvent": "Ev_jukebox",
    "SwitchGroup": "SwitchGroup_JukeBox",
    "LoudnessRTPC": "RTPC_Jukebox_Loudness"
  },
  "PlayerSpaceInfo": {
    "SpaceRTPC": "RTPC_Line_Stereo",
    "SpaceRTPCAvatar": "RTPC_Line_Stereo_Avatar",
    "MaxSpaceRTPC": 10,
    "DefaultSpaceRTPC": 5,
    "LeftRightRTPC": "RTPC_Line_Pan",
    "LeftRightRTPCAvatar": "RTPC_Line_Pan_Avatar",
    "MaxSideSpaceRTPC": 10,
    "DefaultSideSpaceRTPC": 5,
    "RaycastAroundMaxDistance": 10,
    "RaycastTopMaxHeight": 5
  },
  "SerialBellsInfo": {
    "NoteMap": {
      "c": {
        "EffectAttachPoint": "Bell1"
      },
      "d": {
        "ControllerNote": 1,
        "EffectAttachPoint": "Bell2"
      },
      "e": {
        "ControllerNote": 2,
        "EffectAttachPoint": "Bell3"
      },
      "f": {
        "ControllerNote": 3,
        "EffectAttachPoint": "Bell2",
        "IsEffectOnSide": true
      },
      "g": {
        "ControllerNote": 4,
        "EffectAttachPoint": "Bell5"
      },
      "a": {
        "ControllerNote": 5,
        "EffectAttachPoint": "Bell6"
      },
      "b": {
        "ControllerNote": 6,
        "EffectAttachPoint": "Bell5",
        "IsEffectOnSide": true
      },
      "c1": {
        "ControllerNote": 7,
        "EffectAttachPoint": "Bell7"
      },
      "d1": {
        "ControllerNote": 8,
        "EffectAttachPoint": "Bell8"
      },
      "e1": {
        "ControllerNote": 9,
        "EffectAttachPoint": "Bell9"
      },
      "f1": {
        "ControllerNote": 10,
        "EffectAttachPoint": "Bell8",
        "IsEffectOnSide": true
      },
      "g1": {
        "ControllerNote": 11,
        "EffectAttachPoint": "Bell11"
      },
      "a1": {
        "ControllerNote": 12,
        "EffectAttachPoint": "Bell12"
      },
      "b1": {
        "ControllerNote": 13,
        "EffectAttachPoint": "Bell11",
        "IsEffectOnSide": true
      },
      "c2": {
        "ControllerNote": 14,
        "EffectAttachPoint": "Bell13"
      },
      "d2": {
        "ControllerNote": 15,
        "EffectAttachPoint": "Bell14"
      },
      "e2": {
        "ControllerNote": 16,
        "EffectAttachPoint": "Bell15"
      },
      "f2": {
        "ControllerNote": 17,
        "EffectAttachPoint": "Bell14",
        "IsEffectOnSide": true
      },
      "g2": {
        "ControllerNote": 18,
        "EffectAttachPoint": "Bell17"
      },
      "a2": {
        "ControllerNote": 19,
        "EffectAttachPoint": "Bell18"
      },
      "b2": {
        "ControllerNote": 20,
        "EffectAttachPoint": "Bell17",
        "IsEffectOnSide": true
      }
    },
    "EndCue": "endcue",
    "EffectFrontPath": "Effects/Eff_Prefab/Eff_Scene/Interactive Object/Eff_Chap02_GameplayProp_SerialBells_01.prefab",
    "EffectSidePath": "Effects/Eff_Prefab/Eff_Scene/Interactive Object/Eff_Chap02_GameplayProp_SerialBells_01.prefab"
  },
  "AvatarHeightRTPCConfig": {
    "RTPCName": "RTPC_Amb_Altitude",
    "UpdateInterval": 0.5,
    "UpdateThreshold": 1,
    "AbsValue": 99.9
  },
  "CameraToAvatarRTPCName": "Param_Action_CameraToAvatar",
  "CameraToAvatarRTPCUpdateThreshold": 3,
  "SeaLevelAltitudeRTPCName": "RTPC_SeaLevelAltitude",
  "CharacterBodySizeRTPCName": "Param_Action_Avatar_Shape"
}