{
  "SaveFile": "Lineup_QuickSave_11",
  "Name": "【云骑军】1队伍",
  "SkillTreePreset": "MaxWithInLevel",
  "LineupConfigList": [
    {
      "AvatarId": 1105,
      "Level": 40,
      "Promotion": 1,
      "EquipmentConfigList": [
        {
          "Id": 21000,
          "Level": 30,
          "Rank": 1
        }
      ]
    },
    {
      "AvatarId": 8001,
      "Level": 40,
      "Promotion": 1,
      "EquipmentConfigList": [
        {
          "Id": 29000,
          "Level": 30,
          "Rank": 1
        }
      ]
    },
    {
      "AvatarId": 1009,
      "Level": 40,
      "Promotion": 1,
      "EquipmentConfigList": [
        {
          "Id": 20005,
          "Level": 30,
          "Rank": 3
        }
      ]
    },
    {
      "AvatarId": 1102,
      "Level": 40,
      "Promotion": 1,
      "EquipmentConfigList": [
        {
          "Id": 20000,
          "Level": 30,
          "Rank": 1
        }
      ]
    }
  ]
}