{
  "SaveFile": "Lineup_QuickSave_0",
  "Name": "初始队伍",
  "SkillTreePreset": "None",
  "LineupConfigList": [
    {
      "AvatarId": 1101,
      "Level": 80,
      "Promotion": 6,
      "SkillTreePointList": [
        {
          "Id": 1101001,
          "Level": 6
        },
        {
          "Id": 1101002,
          "Level": 10
        },
        {
          "Id": 1101003,
          "Level": 10
        },
        {
          "Id": 1101004,
          "Level": 10
        },
        {
          "Id": 1101007,
          "Level": 1
        },
        {
          "Id": 1101101,
          "Level": 1
        },
        {
          "Id": 1101102,
          "Level": 1
        },
        {
          "Id": 1101103,
          "Level": 1
        },
        {
          "Id": 1101201,
          "Level": 1
        },
        {
          "Id": 1101202,
          "Level": 1
        },
        {
          "Id": 1101203,
          "Level": 1
        },
        {
          "Id": 1101204,
          "Level": 1
        },
        {
          "Id": 1101205,
          "Level": 1
        },
        {
          "Id": 1101206,
          "Level": 1
        },
        {
          "Id": 1101207,
          "Level": 1
        },
        {
          "Id": 1101208,
          "Level": 1
        },
        {
          "Id": 1101209,
          "Level": 1
        },
        {
          "Id": 1101210,
          "Level": 1
        }
      ],
      "EquipmentConfigList": [
        {
          "Id": 23003,
          "Level": 80,
          "Rank": 1
        }
      ],
      "RelicPropertyTypeList": [
        611415,
        630515
      ],
      "RelicMainValue": 5412515,
      "RelicSubValue": 515
    },
    {
      "AvatarId": 1212,
      "Level": 80,
      "Promotion": 6,
      "SkillTreePointList": [
        {
          "Id": 1212001,
          "Level": 6
        },
        {
          "Id": 1212002,
          "Level": 10
        },
        {
          "Id": 1212003,
          "Level": 10
        },
        {
          "Id": 1212004,
          "Level": 10
        },
        {
          "Id": 1212007,
          "Level": 1
        },
        {
          "Id": 1212101,
          "Level": 1
        },
        {
          "Id": 1212102,
          "Level": 1
        },
        {
          "Id": 1212103,
          "Level": 1
        },
        {
          "Id": 1212201,
          "Level": 1
        },
        {
          "Id": 1212202,
          "Level": 1
        },
        {
          "Id": 1212203,
          "Level": 1
        },
        {
          "Id": 1212204,
          "Level": 1
        },
        {
          "Id": 1212205,
          "Level": 1
        },
        {
          "Id": 1212206,
          "Level": 1
        },
        {
          "Id": 1212207,
          "Level": 1
        },
        {
          "Id": 1212208,
          "Level": 1
        },
        {
          "Id": 1212209,
          "Level": 1
        },
        {
          "Id": 1212210,
          "Level": 1
        }
      ],
      "EquipmentConfigList": [
        {
          "Id": 23014,
          "Level": 80,
          "Rank": 1
        }
      ],
      "RelicPropertyTypeList": [
        610415,
        630915
      ],
      "RelicMainValue": 4462515,
      "RelicSubValue": 515
    },
    {
      "AvatarId": 1303,
      "Level": 80,
      "Promotion": 6,
      "SkillTreePointList": [
        {
          "Id": 1303001,
          "Level": 6
        },
        {
          "Id": 1303002,
          "Level": 10
        },
        {
          "Id": 1303003,
          "Level": 10
        },
        {
          "Id": 1303004,
          "Level": 10
        },
        {
          "Id": 1303007,
          "Level": 1
        },
        {
          "Id": 1303101,
          "Level": 1
        },
        {
          "Id": 1303102,
          "Level": 1
        },
        {
          "Id": 1303103,
          "Level": 1
        },
        {
          "Id": 1303201,
          "Level": 1
        },
        {
          "Id": 1303202,
          "Level": 1
        },
        {
          "Id": 1303203,
          "Level": 1
        },
        {
          "Id": 1303204,
          "Level": 1
        },
        {
          "Id": 1303205,
          "Level": 1
        },
        {
          "Id": 1303206,
          "Level": 1
        },
        {
          "Id": 1303207,
          "Level": 1
        },
        {
          "Id": 1303208,
          "Level": 1
        },
        {
          "Id": 1303209,
          "Level": 1
        },
        {
          "Id": 1303210,
          "Level": 1
        }
      ],
      "EquipmentConfigList": [
        {
          "Id": 23019,
          "Level": 80,
          "Rank": 1
        }
      ],
      "RelicPropertyTypeList": [
        611415,
        630715
      ],
      "RelicMainValue": 1411515,
      "RelicSubValue": 515
    },
    {
      "AvatarId": 1203,
      "Level": 80,
      "Promotion": 6,
      "SkillTreePointList": [
        {
          "Id": 1203001,
          "Level": 6
        },
        {
          "Id": 1203002,
          "Level": 10
        },
        {
          "Id": 1203003,
          "Level": 10
        },
        {
          "Id": 1203004,
          "Level": 10
        },
        {
          "Id": 1203007,
          "Level": 1
        },
        {
          "Id": 1203101,
          "Level": 1
        },
        {
          "Id": 1203201,
          "Level": 1
        },
        {
          "Id": 1203202,
          "Level": 1
        },
        {
          "Id": 1203203,
          "Level": 1
        },
        {
          "Id": 1203204,
          "Level": 1
        },
        {
          "Id": 1203205,
          "Level": 1
        },
        {
          "Id": 1203206,
          "Level": 1
        },
        {
          "Id": 1203207,
          "Level": 1
        },
        {
          "Id": 1203208,
          "Level": 1
        },
        {
          "Id": 1203209,
          "Level": 1
        },
        {
          "Id": 1203210,
          "Level": 1
        },
        {
          "Id": 1203102,
          "Level": 1
        },
        {
          "Id": 1203103,
          "Level": 1
        }
      ],
      "EquipmentConfigList": [
        {
          "Id": 23008,
          "Level": 80,
          "Rank": 1
        }
      ],
      "RelicPropertyTypeList": [
        611415,
        630115
      ],
      "RelicMainValue": 6422515,
      "RelicSubValue": 515
    }
  ]
}