{
  "SaveFile": "Lineup_QuickSave_18",
  "Name": "【玲可】行迹",
  "SkillTreePreset": "LvMax(80全满)",
  "LineupConfigList": [
    {
      "AvatarId": 1110,
      "Level": 70,
      "Promotion": 5,
      "EquipmentConfigList": [
        {
          "Id": 21000,
          "Level": 70,
          "Rank": 1
        }
      ]
    },
    {
      "AvatarId": 1103,
      "Level": 70,
      "Promotion": 5,
      "EquipmentConfigList": [
        {
          "Id": 21013,
          "Level": 70,
          "Rank": 1
        }
      ]
    },
    {
      "AvatarId": 1009,
      "Level": 70,
      "Promotion": 5,
      "EquipmentConfigList": [
        {
          "Id": 21011,
          "Level": 70,
          "Rank": 1
        }
      ]
    },
    {
      "AvatarId": 8001,
      "Level": 70,
      "Promotion": 5,
      "EquipmentConfigList": [
        {
          "Id": 29000,
          "Level": 70,
          "Rank": 1
        }
      ]
    }
  ]
}