{
  "SaveFile": "Lineup_QuickSave_14",
  "Name": "【卡芙卡】5星",
  "SkillTreePreset": "MaxWithInLevel",
  "LineupConfigList": [
    {
      "AvatarId": 1203,
      "Level": 40,
      "Promotion": 1,
      "EquipmentConfigList": [
        {
          "Id": 23008,
          "Level": 40,
          "Rank": 1
        }
      ]
    },
    {
      "AvatarId": 8001,
      "Level": 40,
      "Promotion": 1,
      "EquipmentConfigList": [
        {
          "Id": 29000,
          "Level": 40,
          "Rank": 1
        }
      ]
    },
    {
      "AvatarId": 1009,
      "Level": 40,
      "Promotion": 1,
      "EquipmentConfigList": [
        {
          "Id": 20005,
          "Level": 40,
          "Rank": 3
        }
      ]
    },
    {
      "AvatarId": 1003,
      "Level": 40,
      "Promotion": 1,
      "EquipmentConfigList": [
        {
          "Id": 23000,
          "Level": 40,
          "Rank": 1
        }
      ]
    }
  ]
}