{
  "SaveFile": "CEQuickSave_UICE-hudun3",
  "Name": "UICE-hudun3",
  "StageID": 828,
  "SkillTreePreset": "MaxWithInLevel",
  "SPPreset": "Half",
  "LineupConfigList": [
    {
      "AvatarId": 1104,
      "Level": 79,
      "Promotion": 6,
      "SkillTreePointList": [
        {
          "Id": 1104001,
          "Level": 5
        },
        {
          "Id": 1104002,
          "Level": 8
        },
        {
          "Id": 1104003,
          "Level": 8
        },
        {
          "Id": 1104004,
          "Level": 8
        },
        {
          "Id": 1104007,
          "Level": 1
        },
        {
          "Id": 1104101,
          "Level": 1
        },
        {
          "Id": 1104102,
          "Level": 1
        },
        {
          "Id": 1104103,
          "Level": 1
        },
        {
          "Id": 1104201,
          "Level": 1
        },
        {
          "Id": 1104202,
          "Level": 1
        },
        {
          "Id": 1104203,
          "Level": 1
        },
        {
          "Id": 1104204,
          "Level": 1
        },
        {
          "Id": 1104205,
          "Level": 1
        },
        {
          "Id": 1104206,
          "Level": 1
        },
        {
          "Id": 1104207,
          "Level": 1
        },
        {
          "Id": 1104208,
          "Level": 1
        }
      ],
      "EquipmentConfigList": [
        {
          "Id": 21002,
          "Level": 79,
          "Rank": 3
        }
      ],
      "RelicPropertyTypeList": [
        61060213,
        63029313
      ]
    },
    {
      "AvatarId": 1102,
      "Level": 70,
      "Promotion": 5,
      "SkillTreePointList": [
        {
          "Id": 1102001,
          "Level": 5
        },
        {
          "Id": 1102002,
          "Level": 8
        },
        {
          "Id": 1102003,
          "Level": 8
        },
        {
          "Id": 1102004,
          "Level": 8
        },
        {
          "Id": 1102007,
          "Level": 1
        },
        {
          "Id": 1102101,
          "Level": 1
        },
        {
          "Id": 1102102,
          "Level": 1
        },
        {
          "Id": 1102103,
          "Level": 1
        },
        {
          "Id": 1102201,
          "Level": 1
        },
        {
          "Id": 1102202,
          "Level": 1
        },
        {
          "Id": 1102203,
          "Level": 1
        },
        {
          "Id": 1102204,
          "Level": 1
        },
        {
          "Id": 1102205,
          "Level": 1
        },
        {
          "Id": 1102206,
          "Level": 1
        },
        {
          "Id": 1102207,
          "Level": 1
        },
        {
          "Id": 1102208,
          "Level": 1
        }
      ],
      "EquipmentConfigList": [
        {
          "Id": 21003,
          "Level": 65,
          "Rank": 3
        }
      ],
      "RelicPropertyTypeList": [
        61080113,
        63019613
      ]
    },
    {
      "AvatarId": 1101,
      "Level": 79,
      "Promotion": 6,
      "SkillTreePointList": [
        {
          "Id": 1101001,
          "Level": 5
        },
        {
          "Id": 1101002,
          "Level": 8
        },
        {
          "Id": 1101003,
          "Level": 8
        },
        {
          "Id": 1101004,
          "Level": 8
        },
        {
          "Id": 1101007,
          "Level": 1
        },
        {
          "Id": 1101101,
          "Level": 1
        },
        {
          "Id": 1101102,
          "Level": 1
        },
        {
          "Id": 1101103,
          "Level": 1
        },
        {
          "Id": 1101201,
          "Level": 1
        },
        {
          "Id": 1101202,
          "Level": 1
        },
        {
          "Id": 1101203,
          "Level": 1
        },
        {
          "Id": 1101204,
          "Level": 1
        },
        {
          "Id": 1101205,
          "Level": 1
        },
        {
          "Id": 1101206,
          "Level": 1
        },
        {
          "Id": 1101207,
          "Level": 1
        },
        {
          "Id": 1101208,
          "Level": 1
        }
      ],
      "EquipmentConfigList": [
        {
          "Id": 21018,
          "Level": 79,
          "Rank": 3
        }
      ],
      "RelicPropertyTypeList": [
        61020813,
        63029413
      ]
    },
    {
      "AvatarId": 1202,
      "Level": 79,
      "Promotion": 6,
      "Rank": 4,
      "SkillTreePointList": [
        {
          "Id": 1202001,
          "Level": 5
        },
        {
          "Id": 1202002,
          "Level": 8
        },
        {
          "Id": 1202003,
          "Level": 8
        },
        {
          "Id": 1202004,
          "Level": 8
        },
        {
          "Id": 1202007,
          "Level": 1
        },
        {
          "Id": 1202101,
          "Level": 1
        },
        {
          "Id": 1202103,
          "Level": 1
        },
        {
          "Id": 1202201,
          "Level": 1
        },
        {
          "Id": 1202202,
          "Level": 1
        },
        {
          "Id": 1202203,
          "Level": 1
        },
        {
          "Id": 1202204,
          "Level": 1
        },
        {
          "Id": 1202205,
          "Level": 1
        },
        {
          "Id": 1202206,
          "Level": 1
        },
        {
          "Id": 1202207,
          "Level": 1
        },
        {
          "Id": 1202208,
          "Level": 1
        },
        {
          "Id": 1202102,
          "Level": 1
        }
      ],
      "EquipmentConfigList": [
        {
          "Id": 21011,
          "Level": 79,
          "Rank": 3
        }
      ],
      "RelicPropertyTypeList": [
        61020713,
        63079913
      ]
    }
  ],
  "MazeBuffDataList": []
}