{
  "SaveFile": "CEQuickSave_HQ-02",
  "Name": "HQ-02",
  "StageID": 3006,
  "SkillTreePreset": "None",
  "LineupConfigList": [
    {
      "AvatarId": 9004,
      "Level": 80,
      "Promotion": 6,
      "SkillTreePointList": [
        {
          "Id": 9004001,
          "Level": 6
        },
        {
          "Id": 9004002,
          "Level": 10
        },
        {
          "Id": 9004003,
          "Level": 10
        },
        {
          "Id": 9004004,
          "Level": 10
        },
        {
          "Id": 9004007,
          "Level": 1
        },
        {
          "Id": 9004101,
          "Level": 1
        },
        {
          "Id": 9004102,
          "Level": 1
        },
        {
          "Id": 9004103,
          "Level": 1
        },
        {
          "Id": 9004201,
          "Level": 1
        },
        {
          "Id": 9004202,
          "Level": 1
        },
        {
          "Id": 9004203,
          "Level": 1
        },
        {
          "Id": 9004204,
          "Level": 1
        },
        {
          "Id": 9004205,
          "Level": 1
        },
        {
          "Id": 9004206,
          "Level": 1
        },
        {
          "Id": 9004207,
          "Level": 1
        },
        {
          "Id": 9004208,
          "Level": 1
        },
        {
          "Id": 9004209,
          "Level": 1
        },
        {
          "Id": 9004210,
          "Level": 1
        }
      ],
      "EquipmentConfigList": [
        {
          "Id": 23007,
          "Level": 80,
          "Rank": 1
        }
      ],
      "RelicPropertyTypeList": [
        610915,
        630115
      ],
      "RelicMainValue": 4474515,
      "RelicSubValue": 515
    },
    {
      "AvatarId": 1004,
      "Level": 80,
      "Promotion": 6,
      "Rank": 1,
      "SkillTreePointList": [
        {
          "Id": 1004001,
          "Level": 6
        },
        {
          "Id": 1004002,
          "Level": 10
        },
        {
          "Id": 1004003,
          "Level": 10
        },
        {
          "Id": 1004004,
          "Level": 10
        },
        {
          "Id": 1004007,
          "Level": 1
        },
        {
          "Id": 1004101,
          "Level": 1
        },
        {
          "Id": 1004102,
          "Level": 1
        },
        {
          "Id": 1004103,
          "Level": 1
        },
        {
          "Id": 1004201,
          "Level": 1
        },
        {
          "Id": 1004202,
          "Level": 1
        },
        {
          "Id": 1004203,
          "Level": 1
        },
        {
          "Id": 1004204,
          "Level": 1
        },
        {
          "Id": 1004205,
          "Level": 1
        },
        {
          "Id": 1004206,
          "Level": 1
        },
        {
          "Id": 1004207,
          "Level": 1
        },
        {
          "Id": 1004208,
          "Level": 1
        },
        {
          "Id": 1004209,
          "Level": 1
        },
        {
          "Id": 1004210,
          "Level": 1
        }
      ],
      "EquipmentConfigList": [
        {
          "Id": 23004,
          "Level": 80,
          "Rank": 1
        }
      ],
      "RelicPropertyTypeList": [
        611215,
        630915
      ],
      "RelicMainValue": 4404515,
      "RelicSubValue": 515
    },
    {
      "AvatarId": 1306,
      "Level": 80,
      "Promotion": 6,
      "SkillTreePointList": [
        {
          "Id": 1306001,
          "Level": 6
        },
        {
          "Id": 1306002,
          "Level": 10
        },
        {
          "Id": 1306003,
          "Level": 10
        },
        {
          "Id": 1306004,
          "Level": 10
        },
        {
          "Id": 1306007,
          "Level": 1
        },
        {
          "Id": 1306101,
          "Level": 1
        },
        {
          "Id": 1306102,
          "Level": 1
        },
        {
          "Id": 1306103,
          "Level": 1
        },
        {
          "Id": 1306201,
          "Level": 1
        },
        {
          "Id": 1306202,
          "Level": 1
        },
        {
          "Id": 1306203,
          "Level": 1
        },
        {
          "Id": 1306204,
          "Level": 1
        },
        {
          "Id": 1306205,
          "Level": 1
        },
        {
          "Id": 1306206,
          "Level": 1
        },
        {
          "Id": 1306207,
          "Level": 1
        },
        {
          "Id": 1306208,
          "Level": 1
        },
        {
          "Id": 1306209,
          "Level": 1
        },
        {
          "Id": 1306210,
          "Level": 1
        }
      ],
      "EquipmentConfigList": [
        {
          "Id": 23021,
          "Level": 80,
          "Rank": 1
        }
      ],
      "RelicPropertyTypeList": [
        611415,
        630215
      ],
      "RelicMainValue": 1412515,
      "RelicSubValue": 515
    },
    {
      "AvatarId": 1203,
      "Level": 80,
      "Promotion": 6,
      "SkillTreePointList": [
        {
          "Id": 1203001,
          "Level": 6
        },
        {
          "Id": 1203002,
          "Level": 10
        },
        {
          "Id": 1203003,
          "Level": 10
        },
        {
          "Id": 1203004,
          "Level": 10
        },
        {
          "Id": 1203007,
          "Level": 1
        },
        {
          "Id": 1203101,
          "Level": 1
        },
        {
          "Id": 1203201,
          "Level": 1
        },
        {
          "Id": 1203202,
          "Level": 1
        },
        {
          "Id": 1203203,
          "Level": 1
        },
        {
          "Id": 1203204,
          "Level": 1
        },
        {
          "Id": 1203205,
          "Level": 1
        },
        {
          "Id": 1203206,
          "Level": 1
        },
        {
          "Id": 1203207,
          "Level": 1
        },
        {
          "Id": 1203208,
          "Level": 1
        },
        {
          "Id": 1203209,
          "Level": 1
        },
        {
          "Id": 1203210,
          "Level": 1
        },
        {
          "Id": 1203102,
          "Level": 1
        },
        {
          "Id": 1203103,
          "Level": 1
        }
      ],
      "EquipmentConfigList": [
        {
          "Id": 23008,
          "Level": 80,
          "Rank": 1
        }
      ],
      "RelicPropertyTypeList": [
        611415,
        630115
      ],
      "RelicMainValue": 6422515,
      "RelicSubValue": 515
    }
  ],
  "MazeBuffDataList": [],
  "BattleArea": {
    "PlaneId": 20001,
    "FloorId": 20001001,
    "GroupId": 2,
    "BattleAreaId": 1
  }
}