{
  "SaveFile": "CEQuickSave_XuanLuCE-04",
  "Name": "XuanLuCE-04",
  "StageID": 581,
  "SkillTreePreset": "None",
  "LineupConfigList": [
    {
      "AvatarId": 1013,
      "Level": 60,
      "Promotion": 4,
      "Rank": 2,
      "SkillTreePointList": [
        {
          "Id": 1013001,
          "Level": 3
        },
        {
          "Id": 1013002,
          "Level": 4
        },
        {
          "Id": 1013003,
          "Level": 4
        },
        {
          "Id": 1013004,
          "Level": 4
        },
        {
          "Id": 1013007,
          "Level": 1
        },
        {
          "Id": 1013101,
          "Level": 1
        },
        {
          "Id": 1013102,
          "Level": 1
        },
        {
          "Id": 1013201,
          "Level": 1
        },
        {
          "Id": 1013202,
          "Level": 1
        },
        {
          "Id": 1013203,
          "Level": 1
        },
        {
          "Id": 1013204,
          "Level": 1
        }
      ],
      "EquipmentConfigList": [
        {
          "Id": 21006,
          "Level": 60,
          "Rank": 1
        }
      ],
      "RelicPropertyTypeList": [
        510410,
        530610
      ],
      "RelicMainValue": 4262410,
      "RelicSubValue": 410
    },
    {
      "AvatarId": 1003,
      "Level": 60,
      "Promotion": 4,
      "SkillTreePointList": [
        {
          "Id": 1003001,
          "Level": 3
        },
        {
          "Id": 1003002,
          "Level": 4
        },
        {
          "Id": 1003003,
          "Level": 4
        },
        {
          "Id": 1003004,
          "Level": 4
        },
        {
          "Id": 1003007,
          "Level": 1
        },
        {
          "Id": 1003101,
          "Level": 1
        },
        {
          "Id": 1003102,
          "Level": 1
        },
        {
          "Id": 1003201,
          "Level": 1
        },
        {
          "Id": 1003202,
          "Level": 1
        },
        {
          "Id": 1003203,
          "Level": 1
        },
        {
          "Id": 1003204,
          "Level": 1
        }
      ],
      "EquipmentConfigList": [
        {
          "Id": 21013,
          "Level": 60,
          "Rank": 1
        }
      ],
      "RelicPropertyTypeList": [
        510710,
        530610
      ],
      "RelicMainValue": 4454410,
      "RelicSubValue": 410
    },
    {
      "AvatarId": 1001,
      "Level": 60,
      "Promotion": 4,
      "Rank": 2,
      "SkillTreePointList": [
        {
          "Id": 1001001,
          "Level": 3
        },
        {
          "Id": 1001002,
          "Level": 4
        },
        {
          "Id": 1001003,
          "Level": 4
        },
        {
          "Id": 1001004,
          "Level": 4
        },
        {
          "Id": 1001007,
          "Level": 1
        },
        {
          "Id": 1001101,
          "Level": 1
        },
        {
          "Id": 1001102,
          "Level": 1
        },
        {
          "Id": 1001201,
          "Level": 1
        },
        {
          "Id": 1001202,
          "Level": 1
        },
        {
          "Id": 1001203,
          "Level": 1
        },
        {
          "Id": 1001204,
          "Level": 1
        }
      ],
      "EquipmentConfigList": [
        {
          "Id": 21002,
          "Level": 60,
          "Rank": 1
        }
      ],
      "RelicPropertyTypeList": [
        510310,
        530410
      ],
      "RelicMainValue": 3432410,
      "RelicSubValue": 410
    },
    {
      "AvatarId": 1203,
      "Level": 60,
      "Promotion": 4,
      "SkillTreePointList": [
        {
          "Id": 1203001,
          "Level": 3
        },
        {
          "Id": 1203002,
          "Level": 4
        },
        {
          "Id": 1203003,
          "Level": 4
        },
        {
          "Id": 1203004,
          "Level": 4
        },
        {
          "Id": 1203007,
          "Level": 1
        },
        {
          "Id": 1203101,
          "Level": 1
        },
        {
          "Id": 1203201,
          "Level": 1
        },
        {
          "Id": 1203202,
          "Level": 1
        },
        {
          "Id": 1203203,
          "Level": 1
        },
        {
          "Id": 1203204,
          "Level": 1
        },
        {
          "Id": 1203102,
          "Level": 1
        }
      ],
      "EquipmentConfigList": [
        {
          "Id": 21007,
          "Level": 60,
          "Rank": 1
        }
      ],
      "RelicPropertyTypeList": [
        511410,
        530110
      ],
      "RelicMainValue": 6422410,
      "RelicSubValue": 410
    }
  ],
  "MazeBuffDataList": [
    {
      "OwnerCharacterIndex": 4,
      "ID": 609101,
      "Level": 1
    },
    {
      "OwnerCharacterIndex": 4,
      "ID": 609102,
      "Level": 1
    },
    {
      "OwnerCharacterIndex": 4,
      "ID": 609103,
      "Level": 1
    },
    {
      "OwnerCharacterIndex": 4,
      "ID": 609105,
      "Level": 1
    },
    {
      "OwnerCharacterIndex": 4,
      "ID": 609106,
      "Level": 1
    },
    {
      "OwnerCharacterIndex": 4,
      "ID": 609107,
      "Level": 1
    },
    {
      "OwnerCharacterIndex": 4,
      "ID": 609108,
      "Level": 1
    },
    {
      "OwnerCharacterIndex": 4,
      "ID": 609109,
      "Level": 1
    },
    {
      "OwnerCharacterIndex": 4,
      "ID": 609110,
      "Level": 1
    },
    {
      "OwnerCharacterIndex": 4,
      "ID": 609201,
      "Level": 1
    },
    {
      "OwnerCharacterIndex": 4,
      "ID": 609202,
      "Level": 1
    },
    {
      "OwnerCharacterIndex": 4,
      "ID": 609203,
      "Level": 1
    },
    {
      "OwnerCharacterIndex": 4,
      "ID": 612620,
      "Level": 1
    },
    {
      "OwnerCharacterIndex": 4,
      "ID": 612621,
      "Level": 1
    },
    {
      "OwnerCharacterIndex": 4,
      "ID": 612623,
      "Level": 1
    },
    {
      "OwnerCharacterIndex": 4,
      "ID": 612630,
      "Level": 2
    },
    {
      "OwnerCharacterIndex": 4,
      "ID": 612632,
      "Level": 1
    },
    {
      "OwnerCharacterIndex": 4,
      "ID": 612640,
      "Level": 2
    },
    {
      "OwnerCharacterIndex": 4,
      "ID": 612643,
      "Level": 1
    },
    {
      "OwnerCharacterIndex": 4,
      "ID": 612644,
      "Level": 1
    },
    {
      "OwnerCharacterIndex": 4,
      "ID": 612650,
      "Level": 1
    },
    {
      "OwnerCharacterIndex": 4,
      "ID": 612652,
      "Level": 1
    },
    {
      "OwnerCharacterIndex": 4,
      "ID": 612653,
      "Level": 1
    },
    {
      "OwnerCharacterIndex": 4,
      "ID": 612656,
      "Level": 1
    },
    {
      "OwnerCharacterIndex": 4,
      "ID": 612657,
      "Level": 1
    },
    {
      "OwnerCharacterIndex": 4,
      "ID": 612331,
      "Level": 1
    },
    {
      "OwnerCharacterIndex": 4,
      "ID": 612344,
      "Level": 1
    },
    {
      "OwnerCharacterIndex": 4,
      "ID": 612044,
      "Level": 1
    },
    {
      "OwnerCharacterIndex": 4,
      "ID": 612354,
      "Level": 1
    },
    {
      "OwnerCharacterIndex": 4,
      "ID": 612151,
      "Level": 1
    }
  ],
  "BattleArea": {
    "PlaneId": 20002,
    "FloorId": 20002001,
    "GroupId": 1,
    "BattleAreaId": 1
  }
}