{
  "SaveFile": "CEQuickSave_TP-2",
  "Name": "TP-2",
  "StageID": 546,
  "SkillTreePreset": "None",
  "LineupConfigList": [
    {
      "AvatarId": 9086,
      "Level": 80,
      "Promotion": 6,
      "Rank": 6,
      "SkillTreePointList": [
        {
          "Id": 9086001,
          "Level": 6
        },
        {
          "Id": 9086002,
          "Level": 10
        },
        {
          "Id": 9086003,
          "Level": 10
        },
        {
          "Id": 9086004,
          "Level": 10
        },
        {
          "Id": 9086007,
          "Level": 1
        },
        {
          "Id": 9086101,
          "Level": 1
        },
        {
          "Id": 9086102,
          "Level": 1
        },
        {
          "Id": 9086103,
          "Level": 1
        },
        {
          "Id": 9086201,
          "Level": 1
        },
        {
          "Id": 9086202,
          "Level": 1
        },
        {
          "Id": 9086203,
          "Level": 1
        },
        {
          "Id": 9086204,
          "Level": 1
        },
        {
          "Id": 9086205,
          "Level": 1
        },
        {
          "Id": 9086206,
          "Level": 1
        },
        {
          "Id": 9086207,
          "Level": 1
        },
        {
          "Id": 9086208,
          "Level": 1
        },
        {
          "Id": 9086209,
          "Level": 1
        },
        {
          "Id": 9086210,
          "Level": 1
        }
      ],
      "EquipmentConfigList": [
        {
          "Id": 21003,
          "Level": 80,
          "Rank": 5
        }
      ],
      "RelicPropertyTypeList": [
        6107115,
        6301915
      ]
    },
    {
      "AvatarId": 8001,
      "Level": 80,
      "Promotion": 6,
      "Rank": 6,
      "SkillTreePointList": [
        {
          "Id": 8001001,
          "Level": 6
        },
        {
          "Id": 8001002,
          "Level": 10
        },
        {
          "Id": 8001003,
          "Level": 10
        },
        {
          "Id": 8001004,
          "Level": 10
        },
        {
          "Id": 8001007,
          "Level": 1
        },
        {
          "Id": 8001101,
          "Level": 1
        },
        {
          "Id": 8001102,
          "Level": 1
        },
        {
          "Id": 8001103,
          "Level": 1
        },
        {
          "Id": 8001201,
          "Level": 1
        },
        {
          "Id": 8001202,
          "Level": 1
        },
        {
          "Id": 8001203,
          "Level": 1
        },
        {
          "Id": 8001204,
          "Level": 1
        },
        {
          "Id": 8001205,
          "Level": 1
        },
        {
          "Id": 8001206,
          "Level": 1
        },
        {
          "Id": 8001207,
          "Level": 1
        },
        {
          "Id": 8001208,
          "Level": 1
        },
        {
          "Id": 8001209,
          "Level": 1
        },
        {
          "Id": 8001210,
          "Level": 1
        }
      ],
      "EquipmentConfigList": [
        {
          "Id": 21005,
          "Level": 80,
          "Rank": 5
        }
      ],
      "RelicPropertyTypeList": [
        6105115,
        6305915
      ]
    },
    {
      "AvatarId": 1202,
      "Level": 80,
      "Promotion": 6,
      "Rank": 6,
      "SkillTreePointList": [
        {
          "Id": 1202001,
          "Level": 6
        },
        {
          "Id": 1202002,
          "Level": 10
        },
        {
          "Id": 1202003,
          "Level": 10
        },
        {
          "Id": 1202004,
          "Level": 10
        },
        {
          "Id": 1202007,
          "Level": 1
        },
        {
          "Id": 1202101,
          "Level": 1
        },
        {
          "Id": 1202102,
          "Level": 1
        },
        {
          "Id": 1202103,
          "Level": 1
        },
        {
          "Id": 1202201,
          "Level": 1
        },
        {
          "Id": 1202202,
          "Level": 1
        },
        {
          "Id": 1202203,
          "Level": 1
        },
        {
          "Id": 1202204,
          "Level": 1
        },
        {
          "Id": 1202205,
          "Level": 1
        },
        {
          "Id": 1202206,
          "Level": 1
        },
        {
          "Id": 1202207,
          "Level": 1
        },
        {
          "Id": 1202208,
          "Level": 1
        },
        {
          "Id": 1202209,
          "Level": 1
        },
        {
          "Id": 1202210,
          "Level": 1
        }
      ],
      "EquipmentConfigList": [
        {
          "Id": 21011,
          "Level": 80,
          "Rank": 5
        }
      ],
      "RelicPropertyTypeList": [
        6102115,
        6307915
      ]
    },
    {
      "AvatarId": 1105,
      "Level": 80,
      "Promotion": 6,
      "Rank": 6,
      "SkillTreePointList": [
        {
          "Id": 1105001,
          "Level": 6
        },
        {
          "Id": 1105002,
          "Level": 10
        },
        {
          "Id": 1105003,
          "Level": 10
        },
        {
          "Id": 1105004,
          "Level": 10
        },
        {
          "Id": 1105007,
          "Level": 1
        },
        {
          "Id": 1105101,
          "Level": 1
        },
        {
          "Id": 1105102,
          "Level": 1
        },
        {
          "Id": 1105103,
          "Level": 1
        },
        {
          "Id": 1105201,
          "Level": 1
        },
        {
          "Id": 1105202,
          "Level": 1
        },
        {
          "Id": 1105203,
          "Level": 1
        },
        {
          "Id": 1105204,
          "Level": 1
        },
        {
          "Id": 1105205,
          "Level": 1
        },
        {
          "Id": 1105206,
          "Level": 1
        },
        {
          "Id": 1105207,
          "Level": 1
        },
        {
          "Id": 1105208,
          "Level": 1
        },
        {
          "Id": 1105209,
          "Level": 1
        },
        {
          "Id": 1105210,
          "Level": 1
        }
      ],
      "EquipmentConfigList": [
        {
          "Id": 21000,
          "Level": 80,
          "Rank": 5
        }
      ],
      "RelicPropertyTypeList": [
        6101315,
        6302915
      ]
    }
  ],
  "MazeBuffDataList": []
}