{
  "SaveFile": "CEQuickSave_UICE-hudun1",
  "Name": "UICE-hudun1",
  "StageID": 826,
  "SkillTreePreset": "MaxWithInLevel",
  "LineupConfigList": [
    {
      "AvatarId": 1001,
      "Level": 79,
      "Promotion": 6,
      "Rank": 4,
      "SkillTreePointList": [
        {
          "Id": 1001001,
          "Level": 5
        },
        {
          "Id": 1001002,
          "Level": 8
        },
        {
          "Id": 1001003,
          "Level": 8
        },
        {
          "Id": 1001004,
          "Level": 8
        },
        {
          "Id": 1001007,
          "Level": 1
        },
        {
          "Id": 1001101,
          "Level": 1
        },
        {
          "Id": 1001102,
          "Level": 1
        },
        {
          "Id": 1001103,
          "Level": 1
        },
        {
          "Id": 1001201,
          "Level": 1
        },
        {
          "Id": 1001202,
          "Level": 1
        },
        {
          "Id": 1001203,
          "Level": 1
        },
        {
          "Id": 1001204,
          "Level": 1
        },
        {
          "Id": 1001205,
          "Level": 1
        },
        {
          "Id": 1001206,
          "Level": 1
        },
        {
          "Id": 1001207,
          "Level": 1
        },
        {
          "Id": 1001208,
          "Level": 1
        }
      ],
      "EquipmentConfigList": [
        {
          "Id": 21002,
          "Level": 79,
          "Rank": 3
        }
      ],
      "RelicPropertyTypeList": [
        61060213,
        63049313
      ]
    },
    {
      "AvatarId": 1209,
      "Level": 79,
      "Promotion": 6,
      "SkillTreePointList": [
        {
          "Id": 1209001,
          "Level": 5
        },
        {
          "Id": 1209002,
          "Level": 8
        },
        {
          "Id": 1209003,
          "Level": 8
        },
        {
          "Id": 1209004,
          "Level": 8
        },
        {
          "Id": 1209007,
          "Level": 1
        },
        {
          "Id": 1209101,
          "Level": 1
        },
        {
          "Id": 1209102,
          "Level": 1
        },
        {
          "Id": 1209103,
          "Level": 1
        },
        {
          "Id": 1209201,
          "Level": 1
        },
        {
          "Id": 1209202,
          "Level": 1
        },
        {
          "Id": 1209203,
          "Level": 1
        },
        {
          "Id": 1209204,
          "Level": 1
        },
        {
          "Id": 1209205,
          "Level": 1
        },
        {
          "Id": 1209206,
          "Level": 1
        },
        {
          "Id": 1209207,
          "Level": 1
        },
        {
          "Id": 1209208,
          "Level": 1
        }
      ],
      "EquipmentConfigList": [
        {
          "Id": 21003,
          "Level": 79,
          "Rank": 3
        }
      ],
      "RelicPropertyTypeList": [
        61040113,
        63019313
      ]
    },
    {
      "AvatarId": 1008,
      "Level": 79,
      "Promotion": 6,
      "Rank": 4,
      "SkillTreePointList": [
        {
          "Id": 1008001,
          "Level": 5
        },
        {
          "Id": 1008002,
          "Level": 8
        },
        {
          "Id": 1008003,
          "Level": 8
        },
        {
          "Id": 1008004,
          "Level": 8
        },
        {
          "Id": 1008007,
          "Level": 1
        },
        {
          "Id": 1008101,
          "Level": 1
        },
        {
          "Id": 1008102,
          "Level": 1
        },
        {
          "Id": 1008103,
          "Level": 1
        },
        {
          "Id": 1008201,
          "Level": 1
        },
        {
          "Id": 1008202,
          "Level": 1
        },
        {
          "Id": 1008203,
          "Level": 1
        },
        {
          "Id": 1008204,
          "Level": 1
        },
        {
          "Id": 1008205,
          "Level": 1
        },
        {
          "Id": 1008206,
          "Level": 1
        },
        {
          "Id": 1008207,
          "Level": 1
        },
        {
          "Id": 1008208,
          "Level": 1
        }
      ],
      "EquipmentConfigList": [
        {
          "Id": 21012,
          "Level": 79,
          "Rank": 3
        }
      ],
      "RelicPropertyTypeList": [
        61090113,
        63059513
      ]
    },
    {
      "AvatarId": 1009,
      "Level": 79,
      "Promotion": 6,
      "Rank": 4,
      "SkillTreePointList": [
        {
          "Id": 1009001,
          "Level": 5
        },
        {
          "Id": 1009002,
          "Level": 8
        },
        {
          "Id": 1009003,
          "Level": 8
        },
        {
          "Id": 1009004,
          "Level": 8
        },
        {
          "Id": 1009007,
          "Level": 1
        },
        {
          "Id": 1009101,
          "Level": 1
        },
        {
          "Id": 1009102,
          "Level": 1
        },
        {
          "Id": 1009103,
          "Level": 1
        },
        {
          "Id": 1009201,
          "Level": 1
        },
        {
          "Id": 1009202,
          "Level": 1
        },
        {
          "Id": 1009203,
          "Level": 1
        },
        {
          "Id": 1009204,
          "Level": 1
        },
        {
          "Id": 1009205,
          "Level": 1
        },
        {
          "Id": 1009206,
          "Level": 1
        },
        {
          "Id": 1009207,
          "Level": 1
        },
        {
          "Id": 1009208,
          "Level": 1
        }
      ],
      "EquipmentConfigList": [
        {
          "Id": 21011,
          "Level": 79,
          "Rank": 3
        }
      ],
      "RelicPropertyTypeList": [
        61070413,
        63079213
      ]
    }
  ],
  "MazeBuffDataList": []
}