{
  "SaveFile": "CEQuickSave_XuanLuCE-03",
  "Name": "XuanLuCE-03",
  "StageID": 581,
  "SkillTreePreset": "None",
  "LineupConfigList": [
    {
      "AvatarId": 1205,
      "Level": 60,
      "Promotion": 4,
      "SkillTreePointList": [
        {
          "Id": 1205001,
          "Level": 3
        },
        {
          "Id": 1205002,
          "Level": 4
        },
        {
          "Id": 1205003,
          "Level": 4
        },
        {
          "Id": 1205004,
          "Level": 4
        },
        {
          "Id": 1205007,
          "Level": 1
        },
        {
          "Id": 1205101,
          "Level": 1
        },
        {
          "Id": 1205102,
          "Level": 1
        },
        {
          "Id": 1205201,
          "Level": 1
        },
        {
          "Id": 1205202,
          "Level": 1
        },
        {
          "Id": 1205203,
          "Level": 1
        },
        {
          "Id": 1205204,
          "Level": 1
        }
      ],
      "EquipmentConfigList": [
        {
          "Id": 21005,
          "Level": 60,
          "Rank": 1
        }
      ],
      "RelicPropertyTypeList": [
        511310,
        530610
      ],
      "RelicMainValue": 5483410,
      "RelicSubValue": 410
    },
    {
      "AvatarId": 1106,
      "Level": 60,
      "Promotion": 4,
      "Rank": 2,
      "SkillTreePointList": [
        {
          "Id": 1106001,
          "Level": 3
        },
        {
          "Id": 1106002,
          "Level": 4
        },
        {
          "Id": 1106003,
          "Level": 4
        },
        {
          "Id": 1106004,
          "Level": 4
        },
        {
          "Id": 1106007,
          "Level": 1
        },
        {
          "Id": 1106101,
          "Level": 1
        },
        {
          "Id": 1106102,
          "Level": 1
        },
        {
          "Id": 1106201,
          "Level": 1
        },
        {
          "Id": 1106202,
          "Level": 1
        },
        {
          "Id": 1106203,
          "Level": 1
        },
        {
          "Id": 1106204,
          "Level": 1
        }
      ],
      "EquipmentConfigList": [
        {
          "Id": 21001,
          "Level": 60,
          "Rank": 1
        }
      ],
      "RelicPropertyTypeList": [
        510410,
        530910
      ],
      "RelicMainValue": 4464410,
      "RelicSubValue": 410
    },
    {
      "AvatarId": 1006,
      "Level": 60,
      "Promotion": 4,
      "SkillTreePointList": [
        {
          "Id": 1006001,
          "Level": 3
        },
        {
          "Id": 1006002,
          "Level": 4
        },
        {
          "Id": 1006003,
          "Level": 4
        },
        {
          "Id": 1006004,
          "Level": 4
        },
        {
          "Id": 1006007,
          "Level": 1
        },
        {
          "Id": 1006201,
          "Level": 1
        },
        {
          "Id": 1006202,
          "Level": 1
        },
        {
          "Id": 1006203,
          "Level": 1
        },
        {
          "Id": 1006204,
          "Level": 1
        },
        {
          "Id": 1006101,
          "Level": 1
        },
        {
          "Id": 1006102,
          "Level": 1
        }
      ],
      "EquipmentConfigList": [
        {
          "Id": 21015,
          "Level": 60,
          "Rank": 1
        }
      ],
      "RelicPropertyTypeList": [
        511110,
        530310
      ],
      "RelicMainValue": 7494410,
      "RelicSubValue": 410
    },
    {
      "AvatarId": 1105,
      "Level": 60,
      "Promotion": 4,
      "Rank": 2,
      "SkillTreePointList": [
        {
          "Id": 1105001,
          "Level": 3
        },
        {
          "Id": 1105002,
          "Level": 4
        },
        {
          "Id": 1105003,
          "Level": 4
        },
        {
          "Id": 1105004,
          "Level": 4
        },
        {
          "Id": 1105007,
          "Level": 1
        },
        {
          "Id": 1105101,
          "Level": 1
        },
        {
          "Id": 1105102,
          "Level": 1
        },
        {
          "Id": 1105201,
          "Level": 1
        },
        {
          "Id": 1105202,
          "Level": 1
        },
        {
          "Id": 1105203,
          "Level": 1
        },
        {
          "Id": 1105204,
          "Level": 1
        }
      ],
      "EquipmentConfigList": [
        {
          "Id": 21000,
          "Level": 60,
          "Rank": 1
        }
      ],
      "RelicPropertyTypeList": [
        510110,
        530210
      ],
      "RelicMainValue": 1412410,
      "RelicSubValue": 410
    }
  ],
  "MazeBuffDataList": [
    {
      "OwnerCharacterIndex": 4,
      "ID": 609101,
      "Level": 1
    },
    {
      "OwnerCharacterIndex": 4,
      "ID": 609102,
      "Level": 1
    },
    {
      "OwnerCharacterIndex": 4,
      "ID": 609103,
      "Level": 1
    },
    {
      "OwnerCharacterIndex": 4,
      "ID": 609105,
      "Level": 1
    },
    {
      "OwnerCharacterIndex": 4,
      "ID": 609106,
      "Level": 1
    },
    {
      "OwnerCharacterIndex": 4,
      "ID": 609107,
      "Level": 1
    },
    {
      "OwnerCharacterIndex": 4,
      "ID": 609108,
      "Level": 1
    },
    {
      "OwnerCharacterIndex": 4,
      "ID": 609109,
      "Level": 1
    },
    {
      "OwnerCharacterIndex": 4,
      "ID": 609110,
      "Level": 1
    },
    {
      "OwnerCharacterIndex": 4,
      "ID": 609201,
      "Level": 1
    },
    {
      "OwnerCharacterIndex": 4,
      "ID": 609202,
      "Level": 1
    },
    {
      "OwnerCharacterIndex": 4,
      "ID": 609203,
      "Level": 1
    },
    {
      "OwnerCharacterIndex": 4,
      "ID": 612520,
      "Level": 1
    },
    {
      "OwnerCharacterIndex": 4,
      "ID": 612523,
      "Level": 1
    },
    {
      "OwnerCharacterIndex": 4,
      "ID": 612522,
      "Level": 1
    },
    {
      "OwnerCharacterIndex": 4,
      "ID": 612531,
      "Level": 2
    },
    {
      "OwnerCharacterIndex": 4,
      "ID": 612532,
      "Level": 1
    },
    {
      "OwnerCharacterIndex": 4,
      "ID": 612541,
      "Level": 2
    },
    {
      "OwnerCharacterIndex": 4,
      "ID": 612544,
      "Level": 1
    },
    {
      "OwnerCharacterIndex": 4,
      "ID": 612545,
      "Level": 1
    },
    {
      "OwnerCharacterIndex": 4,
      "ID": 612550,
      "Level": 1
    },
    {
      "OwnerCharacterIndex": 4,
      "ID": 612551,
      "Level": 1
    },
    {
      "OwnerCharacterIndex": 4,
      "ID": 612552,
      "Level": 1
    },
    {
      "OwnerCharacterIndex": 4,
      "ID": 612553,
      "Level": 1
    },
    {
      "OwnerCharacterIndex": 4,
      "ID": 612557,
      "Level": 1
    },
    {
      "OwnerCharacterIndex": 4,
      "ID": 612630,
      "Level": 1
    },
    {
      "OwnerCharacterIndex": 4,
      "ID": 612344,
      "Level": 1
    },
    {
      "OwnerCharacterIndex": 4,
      "ID": 612044,
      "Level": 1
    },
    {
      "OwnerCharacterIndex": 4,
      "ID": 612354,
      "Level": 1
    },
    {
      "OwnerCharacterIndex": 4,
      "ID": 612151,
      "Level": 1
    }
  ],
  "BattleArea": {
    "PlaneId": 20002,
    "FloorId": 20002001,
    "GroupId": 1,
    "BattleAreaId": 1
  }
}