{
  "SaveFile": "CEQuickSave_Hanabi-CE-3",
  "Name": "Hanabi-CE-3",
  "StageID": 348,
  "SkillTreePreset": "None",
  "LineupConfigList": [
    {
      "AvatarId": 1306,
      "Level": 79,
      "Promotion": 6,
      "Rank": 2,
      "SkillTreePointList": [
        {
          "Id": 1306001,
          "Level": 5
        },
        {
          "Id": 1306002,
          "Level": 8
        },
        {
          "Id": 1306003,
          "Level": 8
        },
        {
          "Id": 1306004,
          "Level": 8
        },
        {
          "Id": 1306007,
          "Level": 1
        },
        {
          "Id": 1306101,
          "Level": 1
        },
        {
          "Id": 1306102,
          "Level": 1
        },
        {
          "Id": 1306103,
          "Level": 1
        },
        {
          "Id": 1306201,
          "Level": 1
        },
        {
          "Id": 1306202,
          "Level": 1
        },
        {
          "Id": 1306203,
          "Level": 1
        },
        {
          "Id": 1306204,
          "Level": 1
        },
        {
          "Id": 1306205,
          "Level": 1
        },
        {
          "Id": 1306206,
          "Level": 1
        },
        {
          "Id": 1306207,
          "Level": 1
        },
        {
          "Id": 1306208,
          "Level": 1
        }
      ],
      "EquipmentConfigList": [
        {
          "Id": 21025,
          "Level": 79,
          "Rank": 3
        }
      ],
      "RelicPropertyTypeList": [
        611413,
        630213
      ],
      "RelicMainValue": 1412513,
      "RelicSubValue": 513
    },
    {
      "AvatarId": 1213,
      "Level": 79,
      "Promotion": 6,
      "SkillTreePointList": [
        {
          "Id": 1213001,
          "Level": 5
        },
        {
          "Id": 1213002,
          "Level": 8
        },
        {
          "Id": 1213003,
          "Level": 8
        },
        {
          "Id": 1213004,
          "Level": 8
        },
        {
          "Id": 1213007,
          "Level": 1
        },
        {
          "Id": 1213101,
          "Level": 1
        },
        {
          "Id": 1213102,
          "Level": 1
        },
        {
          "Id": 1213103,
          "Level": 1
        },
        {
          "Id": 1213201,
          "Level": 1
        },
        {
          "Id": 1213202,
          "Level": 1
        },
        {
          "Id": 1213203,
          "Level": 1
        },
        {
          "Id": 1213204,
          "Level": 1
        },
        {
          "Id": 1213205,
          "Level": 1
        },
        {
          "Id": 1213206,
          "Level": 1
        },
        {
          "Id": 1213207,
          "Level": 1
        },
        {
          "Id": 1213208,
          "Level": 1
        }
      ],
      "EquipmentConfigList": [
        {
          "Id": 21019,
          "Level": 79,
          "Rank": 3
        }
      ],
      "RelicPropertyTypeList": [
        610213,
        630913
      ],
      "RelicMainValue": 4404513,
      "RelicSubValue": 513
    },
    {
      "AvatarId": 1109,
      "Level": 79,
      "Promotion": 6,
      "Rank": 4,
      "SkillTreePointList": [
        {
          "Id": 1109001,
          "Level": 5
        },
        {
          "Id": 1109002,
          "Level": 8
        },
        {
          "Id": 1109003,
          "Level": 8
        },
        {
          "Id": 1109004,
          "Level": 8
        },
        {
          "Id": 1109007,
          "Level": 1
        },
        {
          "Id": 1109101,
          "Level": 1
        },
        {
          "Id": 1109102,
          "Level": 1
        },
        {
          "Id": 1109103,
          "Level": 1
        },
        {
          "Id": 1109201,
          "Level": 1
        },
        {
          "Id": 1109202,
          "Level": 1
        },
        {
          "Id": 1109203,
          "Level": 1
        },
        {
          "Id": 1109204,
          "Level": 1
        },
        {
          "Id": 1109205,
          "Level": 1
        },
        {
          "Id": 1109206,
          "Level": 1
        },
        {
          "Id": 1109207,
          "Level": 1
        },
        {
          "Id": 1109208,
          "Level": 1
        }
      ],
      "EquipmentConfigList": [
        {
          "Id": 21005,
          "Level": 79,
          "Rank": 3
        }
      ],
      "RelicPropertyTypeList": [
        610713,
        630113
      ],
      "RelicMainValue": 4454513,
      "RelicSubValue": 513
    },
    {
      "AvatarId": 1105,
      "Level": 79,
      "Promotion": 6,
      "Rank": 4,
      "SkillTreePointList": [
        {
          "Id": 1105001,
          "Level": 5
        },
        {
          "Id": 1105002,
          "Level": 8
        },
        {
          "Id": 1105003,
          "Level": 8
        },
        {
          "Id": 1105004,
          "Level": 8
        },
        {
          "Id": 1105007,
          "Level": 1
        },
        {
          "Id": 1105101,
          "Level": 1
        },
        {
          "Id": 1105102,
          "Level": 1
        },
        {
          "Id": 1105103,
          "Level": 1
        },
        {
          "Id": 1105201,
          "Level": 1
        },
        {
          "Id": 1105202,
          "Level": 1
        },
        {
          "Id": 1105203,
          "Level": 1
        },
        {
          "Id": 1105204,
          "Level": 1
        },
        {
          "Id": 1105205,
          "Level": 1
        },
        {
          "Id": 1105206,
          "Level": 1
        },
        {
          "Id": 1105207,
          "Level": 1
        },
        {
          "Id": 1105208,
          "Level": 1
        }
      ],
      "EquipmentConfigList": [
        {
          "Id": 21000,
          "Level": 79,
          "Rank": 3
        }
      ],
      "RelicPropertyTypeList": [
        610113,
        630213
      ],
      "RelicMainValue": 1412513,
      "RelicSubValue": 513
    }
  ],
  "MazeBuffDataList": []
}