{
  "SaveFile": "CEQuickSave_CE608",
  "Name": "CE608",
  "StageID": 608,
  "SkillTreePreset": "None",
  "LineupConfigList": [
    {
      "AvatarId": 1003,
      "Level": 15,
      "Promotion": 0,
      "EquipmentConfigList": [
        {
          "Id": 20006,
          "Level": 15,
          "Rank": 1
        }
      ]
    },
    {
      "AvatarId": 1002,
      "Level": 15,
      "Promotion": 0,
      "EquipmentConfigList": [
        {
          "Id": 20000,
          "Level": 15,
          "Rank": 1
        }
      ]
    },
    {
      "AvatarId": 8001,
      "Level": 15,
      "Promotion": 0,
      "EquipmentConfigList": [
        {
          "Id": 20002,
          "Level": 15,
          "Rank": 1
        }
      ]
    },
    {
      "AvatarId": 1101,
      "Level": 15,
      "Promotion": 0,
      "EquipmentConfigList": [
        {
          "Id": 20005,
          "Level": 15,
          "Rank": 1
        }
      ]
    }
  ],
  "MazeBuffDataList": []
}