{
  "SaveFile": "CEQuickSave_ShenYuna32",
  "Name": "ShenYuna32",
  "StageID": 30002032,
  "SkillTreePreset": "None",
  "SPPreset": "Half",
  "LineupConfigList": [
    {
      "AvatarId": 1205,
      "Level": 65,
      "Promotion": 5,
      "SkillTreePointList": [
        {
          "Id": 1205001,
          "Level": 4
        },
        {
          "Id": 1205002,
          "Level": 6
        },
        {
          "Id": 1205003,
          "Level": 6
        },
        {
          "Id": 1205004,
          "Level": 6
        },
        {
          "Id": 1205007,
          "Level": 1
        },
        {
          "Id": 1205101,
          "Level": 1
        },
        {
          "Id": 1205102,
          "Level": 1
        },
        {
          "Id": 1205201,
          "Level": 1
        },
        {
          "Id": 1205202,
          "Level": 1
        },
        {
          "Id": 1205203,
          "Level": 1
        },
        {
          "Id": 1205204,
          "Level": 1
        },
        {
          "Id": 1205205,
          "Level": 1
        },
        {
          "Id": 1205206,
          "Level": 1
        }
      ],
      "EquipmentConfigList": [
        {
          "Id": 21005,
          "Level": 65,
          "Rank": 2
        }
      ],
      "RelicPropertyTypeList": [
        611310,
        630610
      ],
      "RelicMainValue": 5483510,
      "RelicSubValue": 510
    },
    {
      "AvatarId": 1207,
      "Level": 65,
      "Promotion": 5,
      "Rank": 1,
      "SkillTreePointList": [
        {
          "Id": 1207001,
          "Level": 4
        },
        {
          "Id": 1207002,
          "Level": 6
        },
        {
          "Id": 1207003,
          "Level": 6
        },
        {
          "Id": 1207004,
          "Level": 6
        },
        {
          "Id": 1207007,
          "Level": 1
        },
        {
          "Id": 1207101,
          "Level": 1
        },
        {
          "Id": 1207102,
          "Level": 1
        },
        {
          "Id": 1207201,
          "Level": 1
        },
        {
          "Id": 1207202,
          "Level": 1
        },
        {
          "Id": 1207203,
          "Level": 1
        },
        {
          "Id": 1207204,
          "Level": 1
        },
        {
          "Id": 1207205,
          "Level": 1
        },
        {
          "Id": 1207206,
          "Level": 1
        }
      ],
      "EquipmentConfigList": [
        {
          "Id": 21011,
          "Level": 65,
          "Rank": 2
        }
      ],
      "RelicPropertyTypeList": [
        611410,
        630110
      ],
      "RelicMainValue": 4402510,
      "RelicSubValue": 510
    },
    {
      "AvatarId": 1105,
      "Level": 65,
      "Promotion": 5,
      "Rank": 3,
      "SkillTreePointList": [
        {
          "Id": 1105001,
          "Level": 4
        },
        {
          "Id": 1105002,
          "Level": 6
        },
        {
          "Id": 1105003,
          "Level": 6
        },
        {
          "Id": 1105004,
          "Level": 6
        },
        {
          "Id": 1105007,
          "Level": 1
        },
        {
          "Id": 1105101,
          "Level": 1
        },
        {
          "Id": 1105102,
          "Level": 1
        },
        {
          "Id": 1105201,
          "Level": 1
        },
        {
          "Id": 1105202,
          "Level": 1
        },
        {
          "Id": 1105203,
          "Level": 1
        },
        {
          "Id": 1105204,
          "Level": 1
        },
        {
          "Id": 1105205,
          "Level": 1
        },
        {
          "Id": 1105206,
          "Level": 1
        }
      ],
      "EquipmentConfigList": [
        {
          "Id": 21000,
          "Level": 65,
          "Rank": 2
        }
      ],
      "RelicPropertyTypeList": [
        610110,
        630210
      ],
      "RelicMainValue": 1412510,
      "RelicSubValue": 510
    },
    {
      "AvatarId": 8003,
      "Level": 65,
      "Promotion": 5,
      "Rank": 3,
      "SkillTreePointList": [
        {
          "Id": 8003001,
          "Level": 4
        },
        {
          "Id": 8003002,
          "Level": 6
        },
        {
          "Id": 8003003,
          "Level": 6
        },
        {
          "Id": 8003004,
          "Level": 6
        },
        {
          "Id": 8003007,
          "Level": 1
        },
        {
          "Id": 8003101,
          "Level": 1
        },
        {
          "Id": 8003102,
          "Level": 1
        },
        {
          "Id": 8003201,
          "Level": 1
        },
        {
          "Id": 8003202,
          "Level": 1
        },
        {
          "Id": 8003203,
          "Level": 1
        },
        {
          "Id": 8003204,
          "Level": 1
        },
        {
          "Id": 8003205,
          "Level": 1
        },
        {
          "Id": 8003206,
          "Level": 1
        }
      ],
      "EquipmentConfigList": [
        {
          "Id": 21002,
          "Level": 65,
          "Rank": 2
        }
      ],
      "RelicPropertyTypeList": [
        610610,
        630410
      ],
      "RelicMainValue": 3355510,
      "RelicSubValue": 510
    }
  ],
  "MazeBuffDataList": [],
  "BattleArea": {
    "PlaneId": 20001,
    "FloorId": 20001001,
    "GroupId": 2,
    "BattleAreaId": 1
  }
}