{
  "SaveFile": "CEQuickSave_LSZ-04",
  "Name": "LSZ-04",
  "StageID": 2083,
  "SkillTreePreset": "None",
  "LineupConfigList": [
    {
      "AvatarId": 1204,
      "Level": 80,
      "Promotion": 6,
      "SkillTreePointList": [
        {
          "Id": 1204001,
          "Level": 6
        },
        {
          "Id": 1204002,
          "Level": 10
        },
        {
          "Id": 1204003,
          "Level": 10
        },
        {
          "Id": 1204004,
          "Level": 10
        },
        {
          "Id": 1204007,
          "Level": 1
        },
        {
          "Id": 1204201,
          "Level": 1
        },
        {
          "Id": 1204202,
          "Level": 1
        },
        {
          "Id": 1204203,
          "Level": 1
        },
        {
          "Id": 1204204,
          "Level": 1
        },
        {
          "Id": 1204205,
          "Level": 1
        },
        {
          "Id": 1204206,
          "Level": 1
        },
        {
          "Id": 1204207,
          "Level": 1
        },
        {
          "Id": 1204208,
          "Level": 1
        },
        {
          "Id": 1204209,
          "Level": 1
        },
        {
          "Id": 1204210,
          "Level": 1
        },
        {
          "Id": 1204101,
          "Level": 1
        },
        {
          "Id": 1204102,
          "Level": 1
        },
        {
          "Id": 1204103,
          "Level": 1
        }
      ],
      "EquipmentConfigList": [
        {
          "Id": 23010,
          "Level": 80,
          "Rank": 1
        }
      ],
      "RelicPropertyTypeList": [
        610915,
        630615
      ],
      "RelicMainValue": 4474515,
      "RelicSubValue": 515
    },
    {
      "AvatarId": 1202,
      "Level": 80,
      "Promotion": 6,
      "Rank": 6,
      "SkillTreePointList": [
        {
          "Id": 1202001,
          "Level": 6
        },
        {
          "Id": 1202002,
          "Level": 10
        },
        {
          "Id": 1202003,
          "Level": 10
        },
        {
          "Id": 1202004,
          "Level": 10
        },
        {
          "Id": 1202007,
          "Level": 1
        },
        {
          "Id": 1202101,
          "Level": 1
        },
        {
          "Id": 1202103,
          "Level": 1
        },
        {
          "Id": 1202201,
          "Level": 1
        },
        {
          "Id": 1202202,
          "Level": 1
        },
        {
          "Id": 1202203,
          "Level": 1
        },
        {
          "Id": 1202204,
          "Level": 1
        },
        {
          "Id": 1202205,
          "Level": 1
        },
        {
          "Id": 1202206,
          "Level": 1
        },
        {
          "Id": 1202207,
          "Level": 1
        },
        {
          "Id": 1202208,
          "Level": 1
        },
        {
          "Id": 1202209,
          "Level": 1
        },
        {
          "Id": 1202210,
          "Level": 1
        },
        {
          "Id": 1202102,
          "Level": 1
        }
      ],
      "EquipmentConfigList": [
        {
          "Id": 21011,
          "Level": 80,
          "Rank": 5
        }
      ],
      "RelicPropertyTypeList": [
        611415,
        630115
      ],
      "RelicMainValue": 1422515,
      "RelicSubValue": 515
    },
    {
      "AvatarId": 1305,
      "Level": 80,
      "Promotion": 6,
      "SkillTreePointList": [
        {
          "Id": 1305001,
          "Level": 6
        },
        {
          "Id": 1305002,
          "Level": 10
        },
        {
          "Id": 1305003,
          "Level": 10
        },
        {
          "Id": 1305004,
          "Level": 10
        },
        {
          "Id": 1305007,
          "Level": 1
        },
        {
          "Id": 1305101,
          "Level": 1
        },
        {
          "Id": 1305102,
          "Level": 1
        },
        {
          "Id": 1305103,
          "Level": 1
        },
        {
          "Id": 1305201,
          "Level": 1
        },
        {
          "Id": 1305202,
          "Level": 1
        },
        {
          "Id": 1305203,
          "Level": 1
        },
        {
          "Id": 1305204,
          "Level": 1
        },
        {
          "Id": 1305205,
          "Level": 1
        },
        {
          "Id": 1305206,
          "Level": 1
        },
        {
          "Id": 1305207,
          "Level": 1
        },
        {
          "Id": 1305208,
          "Level": 1
        },
        {
          "Id": 1305209,
          "Level": 1
        },
        {
          "Id": 1305210,
          "Level": 1
        }
      ],
      "EquipmentConfigList": [
        {
          "Id": 23016,
          "Level": 80,
          "Rank": 1
        }
      ],
      "RelicPropertyTypeList": [
        611215,
        630615
      ],
      "RelicMainValue": 4404515,
      "RelicSubValue": 515
    },
    {
      "AvatarId": 1304,
      "Level": 80,
      "Promotion": 6,
      "SkillTreePointList": [
        {
          "Id": 1304001,
          "Level": 6
        },
        {
          "Id": 1304002,
          "Level": 10
        },
        {
          "Id": 1304003,
          "Level": 10
        },
        {
          "Id": 1304004,
          "Level": 10
        },
        {
          "Id": 1304007,
          "Level": 1
        },
        {
          "Id": 1304101,
          "Level": 1
        },
        {
          "Id": 1304102,
          "Level": 1
        },
        {
          "Id": 1304103,
          "Level": 1
        },
        {
          "Id": 1304201,
          "Level": 1
        },
        {
          "Id": 1304202,
          "Level": 1
        },
        {
          "Id": 1304203,
          "Level": 1
        },
        {
          "Id": 1304204,
          "Level": 1
        },
        {
          "Id": 1304205,
          "Level": 1
        },
        {
          "Id": 1304206,
          "Level": 1
        },
        {
          "Id": 1304207,
          "Level": 1
        },
        {
          "Id": 1304208,
          "Level": 1
        },
        {
          "Id": 1304209,
          "Level": 1
        },
        {
          "Id": 1304210,
          "Level": 1
        }
      ],
      "EquipmentConfigList": [
        {
          "Id": 23005,
          "Level": 80,
          "Rank": 1
        }
      ],
      "RelicPropertyTypeList": [
        610315,
        630615
      ],
      "RelicMainValue": 3435515,
      "RelicSubValue": 515
    }
  ],
  "MazeBuffDataList": [],
  "BattleArea": {
    "PlaneId": 20001,
    "FloorId": 20001001,
    "GroupId": 2,
    "BattleAreaId": 1
  }
}