{
  "SaveFile": "CEQuickSave_843-2",
  "Name": "843-2",
  "StageID": 843,
  "SkillTreePreset": "None",
  "LineupConfigList": [
    {
      "AvatarId": 1305,
      "Level": 80,
      "Promotion": 6,
      "SkillTreePointList": [
        {
          "Id": 1305001,
          "Level": 6
        },
        {
          "Id": 1305002,
          "Level": 10
        },
        {
          "Id": 1305003,
          "Level": 10
        },
        {
          "Id": 1305004,
          "Level": 10
        },
        {
          "Id": 1305007,
          "Level": 1
        },
        {
          "Id": 1305101,
          "Level": 1
        },
        {
          "Id": 1305102,
          "Level": 1
        },
        {
          "Id": 1305103,
          "Level": 1
        },
        {
          "Id": 1305201,
          "Level": 1
        },
        {
          "Id": 1305202,
          "Level": 1
        },
        {
          "Id": 1305203,
          "Level": 1
        },
        {
          "Id": 1305204,
          "Level": 1
        },
        {
          "Id": 1305205,
          "Level": 1
        },
        {
          "Id": 1305206,
          "Level": 1
        },
        {
          "Id": 1305207,
          "Level": 1
        },
        {
          "Id": 1305208,
          "Level": 1
        },
        {
          "Id": 1305209,
          "Level": 1
        },
        {
          "Id": 1305210,
          "Level": 1
        }
      ],
      "EquipmentConfigList": [
        {
          "Id": 23016,
          "Level": 80,
          "Rank": 1
        }
      ],
      "RelicPropertyTypeList": [
        611215,
        630615
      ],
      "RelicMainValue": 4404515,
      "RelicSubValue": 515
    },
    {
      "AvatarId": 1306,
      "Level": 80,
      "Promotion": 6,
      "SkillTreePointList": [
        {
          "Id": 1306001,
          "Level": 6
        },
        {
          "Id": 1306002,
          "Level": 10
        },
        {
          "Id": 1306003,
          "Level": 10
        },
        {
          "Id": 1306004,
          "Level": 10
        },
        {
          "Id": 1306007,
          "Level": 1
        },
        {
          "Id": 1306101,
          "Level": 1
        },
        {
          "Id": 1306102,
          "Level": 1
        },
        {
          "Id": 1306103,
          "Level": 1
        },
        {
          "Id": 1306201,
          "Level": 1
        },
        {
          "Id": 1306202,
          "Level": 1
        },
        {
          "Id": 1306203,
          "Level": 1
        },
        {
          "Id": 1306204,
          "Level": 1
        },
        {
          "Id": 1306205,
          "Level": 1
        },
        {
          "Id": 1306206,
          "Level": 1
        },
        {
          "Id": 1306207,
          "Level": 1
        },
        {
          "Id": 1306208,
          "Level": 1
        },
        {
          "Id": 1306209,
          "Level": 1
        },
        {
          "Id": 1306210,
          "Level": 1
        }
      ],
      "EquipmentConfigList": [
        {
          "Id": 23021,
          "Level": 80,
          "Rank": 1
        }
      ],
      "RelicPropertyTypeList": [
        611415,
        630215
      ],
      "RelicMainValue": 1412515,
      "RelicSubValue": 515
    },
    {
      "AvatarId": 1006,
      "Level": 80,
      "Promotion": 6,
      "SkillTreePointList": [
        {
          "Id": 1006001,
          "Level": 6
        },
        {
          "Id": 1006002,
          "Level": 10
        },
        {
          "Id": 1006003,
          "Level": 10
        },
        {
          "Id": 1006004,
          "Level": 10
        },
        {
          "Id": 1006007,
          "Level": 1
        },
        {
          "Id": 1006201,
          "Level": 1
        },
        {
          "Id": 1006202,
          "Level": 1
        },
        {
          "Id": 1006203,
          "Level": 1
        },
        {
          "Id": 1006204,
          "Level": 1
        },
        {
          "Id": 1006205,
          "Level": 1
        },
        {
          "Id": 1006206,
          "Level": 1
        },
        {
          "Id": 1006207,
          "Level": 1
        },
        {
          "Id": 1006208,
          "Level": 1
        },
        {
          "Id": 1006209,
          "Level": 1
        },
        {
          "Id": 1006210,
          "Level": 1
        },
        {
          "Id": 1006101,
          "Level": 1
        },
        {
          "Id": 1006102,
          "Level": 1
        },
        {
          "Id": 1006103,
          "Level": 1
        }
      ],
      "EquipmentConfigList": [
        {
          "Id": 23007,
          "Level": 80,
          "Rank": 1
        }
      ],
      "RelicPropertyTypeList": [
        610815,
        630315
      ],
      "RelicMainValue": 7492515,
      "RelicSubValue": 515
    },
    {
      "AvatarId": 1304,
      "Level": 80,
      "Promotion": 6,
      "SkillTreePointList": [
        {
          "Id": 1304001,
          "Level": 6
        },
        {
          "Id": 1304002,
          "Level": 10
        },
        {
          "Id": 1304003,
          "Level": 10
        },
        {
          "Id": 1304004,
          "Level": 10
        },
        {
          "Id": 1304007,
          "Level": 1
        },
        {
          "Id": 1304101,
          "Level": 1
        },
        {
          "Id": 1304102,
          "Level": 1
        },
        {
          "Id": 1304103,
          "Level": 1
        },
        {
          "Id": 1304201,
          "Level": 1
        },
        {
          "Id": 1304202,
          "Level": 1
        },
        {
          "Id": 1304203,
          "Level": 1
        },
        {
          "Id": 1304204,
          "Level": 1
        },
        {
          "Id": 1304205,
          "Level": 1
        },
        {
          "Id": 1304206,
          "Level": 1
        },
        {
          "Id": 1304207,
          "Level": 1
        },
        {
          "Id": 1304208,
          "Level": 1
        },
        {
          "Id": 1304209,
          "Level": 1
        },
        {
          "Id": 1304210,
          "Level": 1
        }
      ],
      "EquipmentConfigList": [
        {
          "Id": 23005,
          "Level": 80,
          "Rank": 1
        }
      ],
      "RelicPropertyTypeList": [
        610315,
        630615
      ],
      "RelicMainValue": 3435515,
      "RelicSubValue": 515
    }
  ],
  "MazeBuffDataList": [],
  "BattleArea": {
    "PlaneId": 20111,
    "FloorId": 20111001,
    "GroupId": 2,
    "BattleAreaId": 1
  }
}