{
  "SaveFile": "CEQuickSave_TP-1",
  "Name": "TP-1",
  "StageID": 546,
  "SkillTreePreset": "None",
  "LineupConfigList": [
    {
      "AvatarId": 9086,
      "Level": 80,
      "Promotion": 6,
      "Rank": 6,
      "SkillTreePointList": [
        {
          "Id": 9086001,
          "Level": 6
        },
        {
          "Id": 9086002,
          "Level": 10
        },
        {
          "Id": 9086003,
          "Level": 10
        },
        {
          "Id": 9086004,
          "Level": 10
        },
        {
          "Id": 9086007,
          "Level": 1
        },
        {
          "Id": 9086101,
          "Level": 1
        },
        {
          "Id": 9086102,
          "Level": 1
        },
        {
          "Id": 9086103,
          "Level": 1
        },
        {
          "Id": 9086201,
          "Level": 1
        },
        {
          "Id": 9086202,
          "Level": 1
        },
        {
          "Id": 9086203,
          "Level": 1
        },
        {
          "Id": 9086204,
          "Level": 1
        },
        {
          "Id": 9086205,
          "Level": 1
        },
        {
          "Id": 9086206,
          "Level": 1
        },
        {
          "Id": 9086207,
          "Level": 1
        },
        {
          "Id": 9086208,
          "Level": 1
        },
        {
          "Id": 9086209,
          "Level": 1
        },
        {
          "Id": 9086210,
          "Level": 1
        }
      ],
      "EquipmentConfigList": [
        {
          "Id": 21003,
          "Level": 80,
          "Rank": 5
        }
      ],
      "RelicPropertyTypeList": [
        6107115,
        6301915
      ]
    },
    {
      "AvatarId": 8001,
      "Level": 80,
      "Promotion": 6,
      "Rank": 6,
      "SkillTreePointList": [
        {
          "Id": 8001001,
          "Level": 6
        },
        {
          "Id": 8001002,
          "Level": 10
        },
        {
          "Id": 8001003,
          "Level": 10
        },
        {
          "Id": 8001004,
          "Level": 10
        },
        {
          "Id": 8001007,
          "Level": 1
        },
        {
          "Id": 8001101,
          "Level": 1
        },
        {
          "Id": 8001102,
          "Level": 1
        },
        {
          "Id": 8001103,
          "Level": 1
        },
        {
          "Id": 8001201,
          "Level": 1
        },
        {
          "Id": 8001202,
          "Level": 1
        },
        {
          "Id": 8001203,
          "Level": 1
        },
        {
          "Id": 8001204,
          "Level": 1
        },
        {
          "Id": 8001205,
          "Level": 1
        },
        {
          "Id": 8001206,
          "Level": 1
        },
        {
          "Id": 8001207,
          "Level": 1
        },
        {
          "Id": 8001208,
          "Level": 1
        },
        {
          "Id": 8001209,
          "Level": 1
        },
        {
          "Id": 8001210,
          "Level": 1
        }
      ],
      "EquipmentConfigList": [
        {
          "Id": 21005,
          "Level": 80,
          "Rank": 5
        }
      ],
      "RelicPropertyTypeList": [
        6105115,
        6305915
      ]
    },
    {
      "AvatarId": 1009,
      "Level": 80,
      "Promotion": 6,
      "Rank": 6,
      "SkillTreePointList": [
        {
          "Id": 1009001,
          "Level": 6
        },
        {
          "Id": 1009002,
          "Level": 10
        },
        {
          "Id": 1009003,
          "Level": 10
        },
        {
          "Id": 1009004,
          "Level": 10
        },
        {
          "Id": 1009007,
          "Level": 1
        },
        {
          "Id": 1009101,
          "Level": 1
        },
        {
          "Id": 1009102,
          "Level": 1
        },
        {
          "Id": 1009103,
          "Level": 1
        },
        {
          "Id": 1009201,
          "Level": 1
        },
        {
          "Id": 1009202,
          "Level": 1
        },
        {
          "Id": 1009203,
          "Level": 1
        },
        {
          "Id": 1009204,
          "Level": 1
        },
        {
          "Id": 1009205,
          "Level": 1
        },
        {
          "Id": 1009206,
          "Level": 1
        },
        {
          "Id": 1009207,
          "Level": 1
        },
        {
          "Id": 1009208,
          "Level": 1
        },
        {
          "Id": 1009209,
          "Level": 1
        },
        {
          "Id": 1009210,
          "Level": 1
        }
      ],
      "EquipmentConfigList": [
        {
          "Id": 21011,
          "Level": 80,
          "Rank": 5
        }
      ],
      "RelicPropertyTypeList": [
        6107515,
        6307915
      ]
    },
    {
      "AvatarId": 1105,
      "Level": 80,
      "Promotion": 6,
      "Rank": 6,
      "SkillTreePointList": [
        {
          "Id": 1105001,
          "Level": 6
        },
        {
          "Id": 1105002,
          "Level": 10
        },
        {
          "Id": 1105003,
          "Level": 10
        },
        {
          "Id": 1105004,
          "Level": 10
        },
        {
          "Id": 1105007,
          "Level": 1
        },
        {
          "Id": 1105101,
          "Level": 1
        },
        {
          "Id": 1105102,
          "Level": 1
        },
        {
          "Id": 1105103,
          "Level": 1
        },
        {
          "Id": 1105201,
          "Level": 1
        },
        {
          "Id": 1105202,
          "Level": 1
        },
        {
          "Id": 1105203,
          "Level": 1
        },
        {
          "Id": 1105204,
          "Level": 1
        },
        {
          "Id": 1105205,
          "Level": 1
        },
        {
          "Id": 1105206,
          "Level": 1
        },
        {
          "Id": 1105207,
          "Level": 1
        },
        {
          "Id": 1105208,
          "Level": 1
        },
        {
          "Id": 1105209,
          "Level": 1
        },
        {
          "Id": 1105210,
          "Level": 1
        }
      ],
      "EquipmentConfigList": [
        {
          "Id": 21000,
          "Level": 80,
          "Rank": 5
        }
      ],
      "RelicPropertyTypeList": [
        6101315,
        6302915
      ]
    }
  ],
  "MazeBuffDataList": []
}