{
  "SaveFile": "CEQuickSave_CaiqiuCE-02",
  "Name": "CaiqiuCE-02",
  "StageID": 823,
  "SkillTreePreset": "None",
  "LineupConfigList": [
    {
      "AvatarId": 1213,
      "Level": 80,
      "Promotion": 6,
      "SkillTreePointList": [
        {
          "Id": 1213001,
          "Level": 6
        },
        {
          "Id": 1213002,
          "Level": 10
        },
        {
          "Id": 1213003,
          "Level": 10
        },
        {
          "Id": 1213004,
          "Level": 10
        },
        {
          "Id": 1213007,
          "Level": 1
        },
        {
          "Id": 1213101,
          "Level": 1
        },
        {
          "Id": 1213102,
          "Level": 1
        },
        {
          "Id": 1213103,
          "Level": 1
        },
        {
          "Id": 1213201,
          "Level": 1
        },
        {
          "Id": 1213202,
          "Level": 1
        },
        {
          "Id": 1213203,
          "Level": 1
        },
        {
          "Id": 1213204,
          "Level": 1
        },
        {
          "Id": 1213205,
          "Level": 1
        },
        {
          "Id": 1213206,
          "Level": 1
        },
        {
          "Id": 1213207,
          "Level": 1
        },
        {
          "Id": 1213208,
          "Level": 1
        },
        {
          "Id": 1213209,
          "Level": 1
        },
        {
          "Id": 1213210,
          "Level": 1
        }
      ],
      "EquipmentConfigList": [
        {
          "Id": 23015,
          "Level": 80,
          "Rank": 1
        }
      ],
      "RelicPropertyTypeList": [
        610215,
        630915
      ],
      "RelicMainValue": 4404515,
      "RelicSubValue": 515
    },
    {
      "AvatarId": 1207,
      "Level": 80,
      "Promotion": 6,
      "Rank": 2,
      "SkillTreePointList": [
        {
          "Id": 1207001,
          "Level": 6
        },
        {
          "Id": 1207002,
          "Level": 10
        },
        {
          "Id": 1207003,
          "Level": 10
        },
        {
          "Id": 1207004,
          "Level": 10
        },
        {
          "Id": 1207007,
          "Level": 1
        },
        {
          "Id": 1207101,
          "Level": 1
        },
        {
          "Id": 1207102,
          "Level": 1
        },
        {
          "Id": 1207103,
          "Level": 1
        },
        {
          "Id": 1207201,
          "Level": 1
        },
        {
          "Id": 1207202,
          "Level": 1
        },
        {
          "Id": 1207203,
          "Level": 1
        },
        {
          "Id": 1207204,
          "Level": 1
        },
        {
          "Id": 1207205,
          "Level": 1
        },
        {
          "Id": 1207206,
          "Level": 1
        },
        {
          "Id": 1207207,
          "Level": 1
        },
        {
          "Id": 1207208,
          "Level": 1
        },
        {
          "Id": 1207209,
          "Level": 1
        },
        {
          "Id": 1207210,
          "Level": 1
        }
      ],
      "EquipmentConfigList": [
        {
          "Id": 21011,
          "Level": 80,
          "Rank": 5
        }
      ],
      "RelicPropertyTypeList": [
        611415,
        630115
      ],
      "RelicMainValue": 4402515,
      "RelicSubValue": 515
    },
    {
      "AvatarId": 1004,
      "Level": 80,
      "Promotion": 6,
      "SkillTreePointList": [
        {
          "Id": 1004001,
          "Level": 6
        },
        {
          "Id": 1004002,
          "Level": 10
        },
        {
          "Id": 1004003,
          "Level": 10
        },
        {
          "Id": 1004004,
          "Level": 10
        },
        {
          "Id": 1004007,
          "Level": 1
        },
        {
          "Id": 1004101,
          "Level": 1
        },
        {
          "Id": 1004102,
          "Level": 1
        },
        {
          "Id": 1004103,
          "Level": 1
        },
        {
          "Id": 1004201,
          "Level": 1
        },
        {
          "Id": 1004202,
          "Level": 1
        },
        {
          "Id": 1004203,
          "Level": 1
        },
        {
          "Id": 1004204,
          "Level": 1
        },
        {
          "Id": 1004205,
          "Level": 1
        },
        {
          "Id": 1004206,
          "Level": 1
        },
        {
          "Id": 1004207,
          "Level": 1
        },
        {
          "Id": 1004208,
          "Level": 1
        },
        {
          "Id": 1004209,
          "Level": 1
        },
        {
          "Id": 1004210,
          "Level": 1
        }
      ],
      "EquipmentConfigList": [
        {
          "Id": 23004,
          "Level": 80,
          "Rank": 1
        }
      ],
      "RelicPropertyTypeList": [
        611215,
        630915
      ],
      "RelicMainValue": 4404515,
      "RelicSubValue": 515
    },
    {
      "AvatarId": 1203,
      "Level": 80,
      "Promotion": 6,
      "SkillTreePointList": [
        {
          "Id": 1203001,
          "Level": 6
        },
        {
          "Id": 1203002,
          "Level": 10
        },
        {
          "Id": 1203003,
          "Level": 10
        },
        {
          "Id": 1203004,
          "Level": 10
        },
        {
          "Id": 1203007,
          "Level": 1
        },
        {
          "Id": 1203101,
          "Level": 1
        },
        {
          "Id": 1203201,
          "Level": 1
        },
        {
          "Id": 1203202,
          "Level": 1
        },
        {
          "Id": 1203203,
          "Level": 1
        },
        {
          "Id": 1203204,
          "Level": 1
        },
        {
          "Id": 1203205,
          "Level": 1
        },
        {
          "Id": 1203206,
          "Level": 1
        },
        {
          "Id": 1203207,
          "Level": 1
        },
        {
          "Id": 1203208,
          "Level": 1
        },
        {
          "Id": 1203209,
          "Level": 1
        },
        {
          "Id": 1203210,
          "Level": 1
        },
        {
          "Id": 1203102,
          "Level": 1
        },
        {
          "Id": 1203103,
          "Level": 1
        }
      ],
      "EquipmentConfigList": [
        {
          "Id": 23008,
          "Level": 80,
          "Rank": 1
        }
      ],
      "RelicPropertyTypeList": [
        611415,
        630115
      ],
      "RelicMainValue": 6422515,
      "RelicSubValue": 515
    }
  ],
  "MazeBuffDataList": [],
  "BattleArea": {
    "PlaneId": 20002,
    "FloorId": 20002001,
    "GroupId": 1,
    "BattleAreaId": 1
  }
}