{
  "SaveFile": "CEQuickSave_SW-XE",
  "Name": "SW-XE",
  "StageID": 311020,
  "SkillTreePreset": "W5_Standard_70-80",
  "LineupConfigList": [
    {
      "AvatarId": 1102,
      "Level": 80,
      "Promotion": 6,
      "SkillTreePointList": [
        {
          "Id": 1102001,
          "Level": 5
        },
        {
          "Id": 1102002,
          "Level": 8
        },
        {
          "Id": 1102003,
          "Level": 8
        },
        {
          "Id": 1102004,
          "Level": 8
        },
        {
          "Id": 1102007,
          "Level": 1
        },
        {
          "Id": 1102101,
          "Level": 1
        },
        {
          "Id": 1102102,
          "Level": 1
        },
        {
          "Id": 1102103,
          "Level": 1
        },
        {
          "Id": 1102201,
          "Level": 1
        },
        {
          "Id": 1102202,
          "Level": 1
        },
        {
          "Id": 1102203,
          "Level": 1
        },
        {
          "Id": 1102204,
          "Level": 1
        },
        {
          "Id": 1102205,
          "Level": 1
        },
        {
          "Id": 1102206,
          "Level": 1
        },
        {
          "Id": 1102207,
          "Level": 1
        },
        {
          "Id": 1102208,
          "Level": 1
        }
      ],
      "EquipmentConfigList": [
        {
          "Id": 23001,
          "Level": 80,
          "Rank": 1
        }
      ],
      "RelicPropertyTypeList": [
        61080115,
        63019615
      ]
    },
    {
      "AvatarId": 1001,
      "Level": 80,
      "Promotion": 6,
      "SkillTreePointList": [
        {
          "Id": 1001001,
          "Level": 5
        },
        {
          "Id": 1001002,
          "Level": 8
        },
        {
          "Id": 1001003,
          "Level": 8
        },
        {
          "Id": 1001004,
          "Level": 8
        },
        {
          "Id": 1001007,
          "Level": 1
        },
        {
          "Id": 1001101,
          "Level": 1
        },
        {
          "Id": 1001102,
          "Level": 1
        },
        {
          "Id": 1001103,
          "Level": 1
        },
        {
          "Id": 1001201,
          "Level": 1
        },
        {
          "Id": 1001202,
          "Level": 1
        },
        {
          "Id": 1001203,
          "Level": 1
        },
        {
          "Id": 1001204,
          "Level": 1
        },
        {
          "Id": 1001205,
          "Level": 1
        },
        {
          "Id": 1001206,
          "Level": 1
        },
        {
          "Id": 1001207,
          "Level": 1
        },
        {
          "Id": 1001208,
          "Level": 1
        }
      ],
      "EquipmentConfigList": [
        {
          "Id": 21002,
          "Level": 80,
          "Rank": 1
        }
      ],
      "RelicPropertyTypeList": [
        61060215,
        63049315
      ]
    }
  ],
  "MazeBuffDataList": []
}