{
  "SaveFile": "CEQuickSave_FX_005",
  "Name": "FX_005",
  "StageID": 1116,
  "SkillTreePreset": "None",
  "LineupConfigList": [
    {
      "AvatarId": 1208,
      "Level": 80,
      "Promotion": 6,
      "Rank": 2,
      "SkillTreePointList": [
        {
          "Id": 1208001,
          "Level": 6
        },
        {
          "Id": 1208002,
          "Level": 10
        },
        {
          "Id": 1208003,
          "Level": 10
        },
        {
          "Id": 1208004,
          "Level": 10
        },
        {
          "Id": 1208007,
          "Level": 1
        },
        {
          "Id": 1208101,
          "Level": 1
        },
        {
          "Id": 1208102,
          "Level": 1
        },
        {
          "Id": 1208103,
          "Level": 1
        },
        {
          "Id": 1208201,
          "Level": 1
        },
        {
          "Id": 1208202,
          "Level": 1
        },
        {
          "Id": 1208203,
          "Level": 1
        },
        {
          "Id": 1208204,
          "Level": 1
        },
        {
          "Id": 1208205,
          "Level": 1
        },
        {
          "Id": 1208206,
          "Level": 1
        },
        {
          "Id": 1208207,
          "Level": 1
        },
        {
          "Id": 1208208,
          "Level": 1
        },
        {
          "Id": 1208209,
          "Level": 1
        },
        {
          "Id": 1208210,
          "Level": 1
        }
      ],
      "EquipmentConfigList": [
        {
          "Id": 23011,
          "Level": 80,
          "Rank": 1
        }
      ],
      "RelicPropertyTypeList": [
        610615,
        630215
      ],
      "RelicMainValue": 1412515,
      "RelicSubValue": 515
    },
    {
      "AvatarId": 1102,
      "Level": 80,
      "Promotion": 6,
      "SkillTreePointList": [
        {
          "Id": 1102001,
          "Level": 6
        },
        {
          "Id": 1102002,
          "Level": 10
        },
        {
          "Id": 1102003,
          "Level": 10
        },
        {
          "Id": 1102004,
          "Level": 10
        },
        {
          "Id": 1102007,
          "Level": 1
        },
        {
          "Id": 1102101,
          "Level": 1
        },
        {
          "Id": 1102102,
          "Level": 1
        },
        {
          "Id": 1102103,
          "Level": 1
        },
        {
          "Id": 1102201,
          "Level": 1
        },
        {
          "Id": 1102202,
          "Level": 1
        },
        {
          "Id": 1102203,
          "Level": 1
        },
        {
          "Id": 1102204,
          "Level": 1
        },
        {
          "Id": 1102205,
          "Level": 1
        },
        {
          "Id": 1102206,
          "Level": 1
        },
        {
          "Id": 1102207,
          "Level": 1
        },
        {
          "Id": 1102208,
          "Level": 1
        },
        {
          "Id": 1102209,
          "Level": 1
        },
        {
          "Id": 1102210,
          "Level": 1
        }
      ],
      "EquipmentConfigList": [
        {
          "Id": 23001,
          "Level": 80,
          "Rank": 1
        }
      ],
      "RelicPropertyTypeList": [
        610815,
        630115
      ],
      "RelicMainValue": 4494515,
      "RelicSubValue": 515
    },
    {
      "AvatarId": 1006,
      "Level": 80,
      "Promotion": 6,
      "SkillTreePointList": [
        {
          "Id": 1006001,
          "Level": 6
        },
        {
          "Id": 1006002,
          "Level": 10
        },
        {
          "Id": 1006003,
          "Level": 10
        },
        {
          "Id": 1006004,
          "Level": 10
        },
        {
          "Id": 1006007,
          "Level": 1
        },
        {
          "Id": 1006201,
          "Level": 1
        },
        {
          "Id": 1006202,
          "Level": 1
        },
        {
          "Id": 1006203,
          "Level": 1
        },
        {
          "Id": 1006204,
          "Level": 1
        },
        {
          "Id": 1006205,
          "Level": 1
        },
        {
          "Id": 1006206,
          "Level": 1
        },
        {
          "Id": 1006207,
          "Level": 1
        },
        {
          "Id": 1006208,
          "Level": 1
        },
        {
          "Id": 1006209,
          "Level": 1
        },
        {
          "Id": 1006210,
          "Level": 1
        },
        {
          "Id": 1006101,
          "Level": 1
        },
        {
          "Id": 1006102,
          "Level": 1
        },
        {
          "Id": 1006103,
          "Level": 1
        }
      ],
      "EquipmentConfigList": [
        {
          "Id": 23007,
          "Level": 80,
          "Rank": 1
        }
      ],
      "RelicPropertyTypeList": [
        611115,
        630315
      ],
      "RelicMainValue": 7494515,
      "RelicSubValue": 515
    },
    {
      "AvatarId": 1201,
      "Level": 80,
      "Promotion": 6,
      "Rank": 6,
      "SkillTreePointList": [
        {
          "Id": 1201001,
          "Level": 6
        },
        {
          "Id": 1201002,
          "Level": 10
        },
        {
          "Id": 1201003,
          "Level": 10
        },
        {
          "Id": 1201004,
          "Level": 10
        },
        {
          "Id": 1201007,
          "Level": 1
        },
        {
          "Id": 1201101,
          "Level": 1
        },
        {
          "Id": 1201102,
          "Level": 1
        },
        {
          "Id": 1201103,
          "Level": 1
        },
        {
          "Id": 1201201,
          "Level": 1
        },
        {
          "Id": 1201202,
          "Level": 1
        },
        {
          "Id": 1201203,
          "Level": 1
        },
        {
          "Id": 1201204,
          "Level": 1
        },
        {
          "Id": 1201205,
          "Level": 1
        },
        {
          "Id": 1201206,
          "Level": 1
        },
        {
          "Id": 1201207,
          "Level": 1
        },
        {
          "Id": 1201208,
          "Level": 1
        },
        {
          "Id": 1201209,
          "Level": 1
        },
        {
          "Id": 1201210,
          "Level": 1
        }
      ],
      "EquipmentConfigList": [
        {
          "Id": 21013,
          "Level": 80,
          "Rank": 5
        }
      ],
      "RelicPropertyTypeList": [
        610815,
        630915
      ],
      "RelicMainValue": 4494515,
      "RelicSubValue": 515
    }
  ],
  "MazeBuffDataList": [],
  "BattleArea": {
    "PlaneId": 20001,
    "FloorId": 20001001,
    "GroupId": 2,
    "BattleAreaId": 1
  }
}