{
  "SaveFile": "CEQuickSave_UICE-hudun4",
  "Name": "UICE-hudun4",
  "StageID": 829,
  "SkillTreePreset": "MaxWithInLevel",
  "LineupConfigList": [
    {
      "AvatarId": 9096,
      "Level": 79,
      "Promotion": 6,
      "SkillTreePointList": [
        {
          "Id": 9096001,
          "Level": 5
        },
        {
          "Id": 9096002,
          "Level": 8
        },
        {
          "Id": 9096003,
          "Level": 8
        },
        {
          "Id": 9096004,
          "Level": 8
        },
        {
          "Id": 9096007,
          "Level": 1
        },
        {
          "Id": 9096101,
          "Level": 1
        },
        {
          "Id": 9096102,
          "Level": 1
        },
        {
          "Id": 9096103,
          "Level": 1
        },
        {
          "Id": 9096201,
          "Level": 1
        },
        {
          "Id": 9096202,
          "Level": 1
        },
        {
          "Id": 9096203,
          "Level": 1
        },
        {
          "Id": 9096204,
          "Level": 1
        },
        {
          "Id": 9096205,
          "Level": 1
        },
        {
          "Id": 9096206,
          "Level": 1
        },
        {
          "Id": 9096207,
          "Level": 1
        },
        {
          "Id": 9096208,
          "Level": 1
        }
      ],
      "EquipmentConfigList": [
        {
          "Id": 21002,
          "Level": 79,
          "Rank": 3
        }
      ],
      "RelicPropertyTypeList": [
        61030213,
        63049713
      ]
    },
    {
      "AvatarId": 1001,
      "Level": 79,
      "Promotion": 6,
      "Rank": 4,
      "SkillTreePointList": [
        {
          "Id": 1001001,
          "Level": 5
        },
        {
          "Id": 1001002,
          "Level": 8
        },
        {
          "Id": 1001003,
          "Level": 8
        },
        {
          "Id": 1001004,
          "Level": 8
        },
        {
          "Id": 1001007,
          "Level": 1
        },
        {
          "Id": 1001101,
          "Level": 1
        },
        {
          "Id": 1001102,
          "Level": 1
        },
        {
          "Id": 1001103,
          "Level": 1
        },
        {
          "Id": 1001201,
          "Level": 1
        },
        {
          "Id": 1001202,
          "Level": 1
        },
        {
          "Id": 1001203,
          "Level": 1
        },
        {
          "Id": 1001204,
          "Level": 1
        },
        {
          "Id": 1001205,
          "Level": 1
        },
        {
          "Id": 1001206,
          "Level": 1
        },
        {
          "Id": 1001207,
          "Level": 1
        },
        {
          "Id": 1001208,
          "Level": 1
        }
      ],
      "EquipmentConfigList": [
        {
          "Id": 21002,
          "Level": 79,
          "Rank": 3
        }
      ],
      "RelicPropertyTypeList": [
        61060213,
        63049313
      ]
    },
    {
      "AvatarId": 1206,
      "Level": 79,
      "Promotion": 6,
      "Rank": 4,
      "SkillTreePointList": [
        {
          "Id": 1206001,
          "Level": 5
        },
        {
          "Id": 1206002,
          "Level": 8
        },
        {
          "Id": 1206003,
          "Level": 8
        },
        {
          "Id": 1206004,
          "Level": 8
        },
        {
          "Id": 1206007,
          "Level": 1
        },
        {
          "Id": 1206101,
          "Level": 1
        },
        {
          "Id": 1206102,
          "Level": 1
        },
        {
          "Id": 1206103,
          "Level": 1
        },
        {
          "Id": 1206201,
          "Level": 1
        },
        {
          "Id": 1206202,
          "Level": 1
        },
        {
          "Id": 1206203,
          "Level": 1
        },
        {
          "Id": 1206204,
          "Level": 1
        },
        {
          "Id": 1206205,
          "Level": 1
        },
        {
          "Id": 1206206,
          "Level": 1
        },
        {
          "Id": 1206207,
          "Level": 1
        },
        {
          "Id": 1206208,
          "Level": 1
        }
      ],
      "EquipmentConfigList": [
        {
          "Id": 21010,
          "Level": 79,
          "Rank": 3
        }
      ],
      "RelicPropertyTypeList": [
        61110113,
        63079113
      ]
    },
    {
      "AvatarId": 1202,
      "Level": 79,
      "Promotion": 6,
      "Rank": 4,
      "SkillTreePointList": [
        {
          "Id": 1202001,
          "Level": 5
        },
        {
          "Id": 1202002,
          "Level": 8
        },
        {
          "Id": 1202003,
          "Level": 8
        },
        {
          "Id": 1202004,
          "Level": 8
        },
        {
          "Id": 1202007,
          "Level": 1
        },
        {
          "Id": 1202101,
          "Level": 1
        },
        {
          "Id": 1202103,
          "Level": 1
        },
        {
          "Id": 1202201,
          "Level": 1
        },
        {
          "Id": 1202202,
          "Level": 1
        },
        {
          "Id": 1202203,
          "Level": 1
        },
        {
          "Id": 1202204,
          "Level": 1
        },
        {
          "Id": 1202205,
          "Level": 1
        },
        {
          "Id": 1202206,
          "Level": 1
        },
        {
          "Id": 1202207,
          "Level": 1
        },
        {
          "Id": 1202208,
          "Level": 1
        },
        {
          "Id": 1202102,
          "Level": 1
        }
      ],
      "EquipmentConfigList": [
        {
          "Id": 21011,
          "Level": 79,
          "Rank": 3
        }
      ],
      "RelicPropertyTypeList": [
        61020713,
        63079913
      ]
    }
  ],
  "MazeBuffDataList": []
}