{
  "SaveFile": "CEQuickSave_UICE-Rogue-Jiyi",
  "Name": "UICE-Rogue-Jiyi",
  "StageID": 80149011,
  "SkillTreePreset": "MaxWithInLevel",
  "LineupConfigList": [
    {
      "AvatarId": 1001,
      "Level": 50,
      "Promotion": 3,
      "Rank": 1,
      "SkillTreePointList": [
        {
          "Id": 1001001,
          "Level": 2
        },
        {
          "Id": 1001002,
          "Level": 3
        },
        {
          "Id": 1001003,
          "Level": 3
        },
        {
          "Id": 1001004,
          "Level": 3
        },
        {
          "Id": 1001007,
          "Level": 1
        },
        {
          "Id": 1001101,
          "Level": 1
        },
        {
          "Id": 1001201,
          "Level": 1
        },
        {
          "Id": 1001202,
          "Level": 1
        }
      ],
      "EquipmentConfigList": [
        {
          "Id": 21002,
          "Level": 50,
          "Rank": 1
        }
      ],
      "RelicPropertyTypeList": [
        51060203,
        53049303
      ]
    },
    {
      "AvatarId": 1106,
      "Level": 50,
      "Promotion": 3,
      "Rank": 1,
      "SkillTreePointList": [
        {
          "Id": 1106001,
          "Level": 2
        },
        {
          "Id": 1106002,
          "Level": 3
        },
        {
          "Id": 1106003,
          "Level": 3
        },
        {
          "Id": 1106004,
          "Level": 3
        },
        {
          "Id": 1106007,
          "Level": 1
        },
        {
          "Id": 1106101,
          "Level": 1
        },
        {
          "Id": 1106201,
          "Level": 1
        },
        {
          "Id": 1106202,
          "Level": 1
        }
      ],
      "EquipmentConfigList": [
        {
          "Id": 21001,
          "Level": 50,
          "Rank": 1
        }
      ],
      "RelicPropertyTypeList": [
        51040103,
        53089303
      ]
    },
    {
      "AvatarId": 1211,
      "Level": 50,
      "Promotion": 3,
      "SkillTreePointList": [
        {
          "Id": 1211001,
          "Level": 2
        },
        {
          "Id": 1211002,
          "Level": 3
        },
        {
          "Id": 1211003,
          "Level": 3
        },
        {
          "Id": 1211004,
          "Level": 3
        },
        {
          "Id": 1211007,
          "Level": 1
        },
        {
          "Id": 1211101,
          "Level": 1
        },
        {
          "Id": 1211201,
          "Level": 1
        },
        {
          "Id": 1211202,
          "Level": 1
        }
      ],
      "EquipmentConfigList": [
        {
          "Id": 21000,
          "Level": 50,
          "Rank": 1
        }
      ],
      "RelicPropertyTypeList": [
        51010303,
        53029903
      ]
    },
    {
      "AvatarId": 1104,
      "Level": 50,
      "Promotion": 3,
      "SkillTreePointList": [
        {
          "Id": 1104001,
          "Level": 2
        },
        {
          "Id": 1104002,
          "Level": 3
        },
        {
          "Id": 1104003,
          "Level": 3
        },
        {
          "Id": 1104004,
          "Level": 3
        },
        {
          "Id": 1104007,
          "Level": 1
        },
        {
          "Id": 1104101,
          "Level": 1
        },
        {
          "Id": 1104201,
          "Level": 1
        },
        {
          "Id": 1104202,
          "Level": 1
        }
      ],
      "EquipmentConfigList": [
        {
          "Id": 21002,
          "Level": 50,
          "Rank": 1
        }
      ],
      "RelicPropertyTypeList": [
        51060203,
        53029303
      ]
    }
  ],
  "MazeBuffDataList": [
    {
      "OwnerCharacterIndex": 4,
      "ID": 612130,
      "Level": 1
    },
    {
      "OwnerCharacterIndex": 4,
      "ID": 612131,
      "Level": 1
    },
    {
      "OwnerCharacterIndex": 4,
      "ID": 612132,
      "Level": 1
    },
    {
      "OwnerCharacterIndex": 4,
      "ID": 612140,
      "Level": 1
    },
    {
      "OwnerCharacterIndex": 4,
      "ID": 612141,
      "Level": 1
    },
    {
      "OwnerCharacterIndex": 4,
      "ID": 612142,
      "Level": 1
    },
    {
      "OwnerCharacterIndex": 4,
      "ID": 612143,
      "Level": 1
    },
    {
      "OwnerCharacterIndex": 4,
      "ID": 612144,
      "Level": 1
    },
    {
      "OwnerCharacterIndex": 4,
      "ID": 612145,
      "Level": 1
    },
    {
      "OwnerCharacterIndex": 4,
      "ID": 612146,
      "Level": 1
    },
    {
      "OwnerCharacterIndex": 4,
      "ID": 612150,
      "Level": 1
    },
    {
      "OwnerCharacterIndex": 4,
      "ID": 612151,
      "Level": 1
    },
    {
      "OwnerCharacterIndex": 4,
      "ID": 612152,
      "Level": 1
    },
    {
      "OwnerCharacterIndex": 4,
      "ID": 612153,
      "Level": 1
    },
    {
      "OwnerCharacterIndex": 4,
      "ID": 612154,
      "Level": 1
    },
    {
      "OwnerCharacterIndex": 4,
      "ID": 612155,
      "Level": 1
    },
    {
      "OwnerCharacterIndex": 4,
      "ID": 612156,
      "Level": 1
    },
    {
      "OwnerCharacterIndex": 4,
      "ID": 612157,
      "Level": 1
    }
  ]
}