{
  "SaveFile": "CEQuickSave_UICE-02",
  "Name": "UICE-02",
  "StageID": 610,
  "SkillTreePreset": "None",
  "LineupConfigList": [
    {
      "AvatarId": 1305,
      "Level": 79,
      "Promotion": 6,
      "SkillTreePointList": [
        {
          "Id": 1305001,
          "Level": 5
        },
        {
          "Id": 1305002,
          "Level": 8
        },
        {
          "Id": 1305003,
          "Level": 8
        },
        {
          "Id": 1305004,
          "Level": 8
        },
        {
          "Id": 1305007,
          "Level": 1
        },
        {
          "Id": 1305101,
          "Level": 1
        },
        {
          "Id": 1305102,
          "Level": 1
        },
        {
          "Id": 1305103,
          "Level": 1
        },
        {
          "Id": 1305201,
          "Level": 1
        },
        {
          "Id": 1305202,
          "Level": 1
        },
        {
          "Id": 1305203,
          "Level": 1
        },
        {
          "Id": 1305204,
          "Level": 1
        },
        {
          "Id": 1305205,
          "Level": 1
        },
        {
          "Id": 1305206,
          "Level": 1
        },
        {
          "Id": 1305207,
          "Level": 1
        },
        {
          "Id": 1305208,
          "Level": 1
        }
      ],
      "EquipmentConfigList": [
        {
          "Id": 21010,
          "Level": 79,
          "Rank": 3
        }
      ],
      "RelicPropertyTypeList": [
        611213,
        630113
      ],
      "RelicMainValue": 4404513,
      "RelicSubValue": 513
    },
    {
      "AvatarId": 1006,
      "Level": 79,
      "Promotion": 6,
      "SkillTreePointList": [
        {
          "Id": 1006001,
          "Level": 5
        },
        {
          "Id": 1006002,
          "Level": 8
        },
        {
          "Id": 1006003,
          "Level": 8
        },
        {
          "Id": 1006004,
          "Level": 8
        },
        {
          "Id": 1006007,
          "Level": 1
        },
        {
          "Id": 1006201,
          "Level": 1
        },
        {
          "Id": 1006202,
          "Level": 1
        },
        {
          "Id": 1006203,
          "Level": 1
        },
        {
          "Id": 1006204,
          "Level": 1
        },
        {
          "Id": 1006205,
          "Level": 1
        },
        {
          "Id": 1006206,
          "Level": 1
        },
        {
          "Id": 1006207,
          "Level": 1
        },
        {
          "Id": 1006208,
          "Level": 1
        },
        {
          "Id": 1006101,
          "Level": 1
        },
        {
          "Id": 1006102,
          "Level": 1
        },
        {
          "Id": 1006103,
          "Level": 1
        }
      ],
      "EquipmentConfigList": [
        {
          "Id": 21015,
          "Level": 79,
          "Rank": 3
        }
      ],
      "RelicPropertyTypeList": [
        611113,
        630313
      ],
      "RelicMainValue": 7494513,
      "RelicSubValue": 513
    },
    {
      "AvatarId": 1215,
      "Level": 79,
      "Promotion": 6,
      "Rank": 4,
      "SkillTreePointList": [
        {
          "Id": 1215001,
          "Level": 5
        },
        {
          "Id": 1215002,
          "Level": 8
        },
        {
          "Id": 1215003,
          "Level": 8
        },
        {
          "Id": 1215004,
          "Level": 8
        },
        {
          "Id": 1215007,
          "Level": 1
        },
        {
          "Id": 1215101,
          "Level": 1
        },
        {
          "Id": 1215102,
          "Level": 1
        },
        {
          "Id": 1215103,
          "Level": 1
        },
        {
          "Id": 1215201,
          "Level": 1
        },
        {
          "Id": 1215202,
          "Level": 1
        },
        {
          "Id": 1215203,
          "Level": 1
        },
        {
          "Id": 1215204,
          "Level": 1
        },
        {
          "Id": 1215205,
          "Level": 1
        },
        {
          "Id": 1215206,
          "Level": 1
        },
        {
          "Id": 1215207,
          "Level": 1
        },
        {
          "Id": 1215208,
          "Level": 1
        }
      ],
      "EquipmentConfigList": [
        {
          "Id": 21032,
          "Level": 79,
          "Rank": 3
        }
      ],
      "RelicPropertyTypeList": [
        611413,
        630213
      ],
      "RelicMainValue": 2422513,
      "RelicSubValue": 513
    },
    {
      "AvatarId": 1105,
      "Level": 79,
      "Promotion": 6,
      "Rank": 4,
      "SkillTreePointList": [
        {
          "Id": 1105001,
          "Level": 5
        },
        {
          "Id": 1105002,
          "Level": 8
        },
        {
          "Id": 1105003,
          "Level": 8
        },
        {
          "Id": 1105004,
          "Level": 8
        },
        {
          "Id": 1105007,
          "Level": 1
        },
        {
          "Id": 1105101,
          "Level": 1
        },
        {
          "Id": 1105102,
          "Level": 1
        },
        {
          "Id": 1105103,
          "Level": 1
        },
        {
          "Id": 1105201,
          "Level": 1
        },
        {
          "Id": 1105202,
          "Level": 1
        },
        {
          "Id": 1105203,
          "Level": 1
        },
        {
          "Id": 1105204,
          "Level": 1
        },
        {
          "Id": 1105205,
          "Level": 1
        },
        {
          "Id": 1105206,
          "Level": 1
        },
        {
          "Id": 1105207,
          "Level": 1
        },
        {
          "Id": 1105208,
          "Level": 1
        }
      ],
      "EquipmentConfigList": [
        {
          "Id": 21000,
          "Level": 79,
          "Rank": 3
        }
      ],
      "RelicPropertyTypeList": [
        610113,
        630213
      ],
      "RelicMainValue": 1412513,
      "RelicSubValue": 513
    }
  ],
  "MazeBuffDataList": []
}