{
  "SaveFile": "CEQuickSave_BlackSwan_02",
  "Name": "BlackSwan_02",
  "StageID": 1122,
  "SkillTreePreset": "None",
  "LineupConfigList": [
    {
      "AvatarId": 9121,
      "Level": 80,
      "Promotion": 6,
      "SkillTreePointList": [
        {
          "Id": 9121001,
          "Level": 6
        },
        {
          "Id": 9121002,
          "Level": 10
        },
        {
          "Id": 9121003,
          "Level": 10
        },
        {
          "Id": 9121004,
          "Level": 10
        },
        {
          "Id": 9121007,
          "Level": 1
        },
        {
          "Id": 9121101,
          "Level": 1
        },
        {
          "Id": 9121102,
          "Level": 1
        },
        {
          "Id": 9121103,
          "Level": 1
        },
        {
          "Id": 9121201,
          "Level": 1
        },
        {
          "Id": 9121202,
          "Level": 1
        },
        {
          "Id": 9121203,
          "Level": 1
        },
        {
          "Id": 9121204,
          "Level": 1
        },
        {
          "Id": 9121205,
          "Level": 1
        },
        {
          "Id": 9121206,
          "Level": 1
        },
        {
          "Id": 9121207,
          "Level": 1
        },
        {
          "Id": 9121208,
          "Level": 1
        },
        {
          "Id": 9121209,
          "Level": 1
        },
        {
          "Id": 9121210,
          "Level": 1
        }
      ],
      "EquipmentConfigList": [
        {
          "Id": 23006,
          "Level": 80,
          "Rank": 1
        }
      ],
      "RelicPropertyTypeList": [
        611015,
        6303115
      ],
      "RelicMainValue": 2484515,
      "RelicSubValue": 515
    },
    {
      "AvatarId": 1111,
      "Level": 80,
      "Promotion": 6,
      "Rank": 6,
      "SkillTreePointList": [
        {
          "Id": 1111001,
          "Level": 6
        },
        {
          "Id": 1111002,
          "Level": 10
        },
        {
          "Id": 1111003,
          "Level": 10
        },
        {
          "Id": 1111004,
          "Level": 10
        },
        {
          "Id": 1111007,
          "Level": 1
        },
        {
          "Id": 1111101,
          "Level": 1
        },
        {
          "Id": 1111102,
          "Level": 1
        },
        {
          "Id": 1111103,
          "Level": 1
        },
        {
          "Id": 1111201,
          "Level": 1
        },
        {
          "Id": 1111202,
          "Level": 1
        },
        {
          "Id": 1111203,
          "Level": 1
        },
        {
          "Id": 1111204,
          "Level": 1
        },
        {
          "Id": 1111205,
          "Level": 1
        },
        {
          "Id": 1111206,
          "Level": 1
        },
        {
          "Id": 1111207,
          "Level": 1
        },
        {
          "Id": 1111208,
          "Level": 1
        },
        {
          "Id": 1111209,
          "Level": 1
        },
        {
          "Id": 1111210,
          "Level": 1
        }
      ],
      "EquipmentConfigList": [
        {
          "Id": 21008,
          "Level": 80,
          "Rank": 5
        }
      ],
      "RelicPropertyTypeList": [
        610515,
        630115
      ],
      "RelicMainValue": 2444515,
      "RelicSubValue": 515
    },
    {
      "AvatarId": 1009,
      "Level": 80,
      "Promotion": 6,
      "Rank": 6,
      "SkillTreePointList": [
        {
          "Id": 1009001,
          "Level": 6
        },
        {
          "Id": 1009002,
          "Level": 10
        },
        {
          "Id": 1009003,
          "Level": 10
        },
        {
          "Id": 1009004,
          "Level": 10
        },
        {
          "Id": 1009007,
          "Level": 1
        },
        {
          "Id": 1009101,
          "Level": 1
        },
        {
          "Id": 1009102,
          "Level": 1
        },
        {
          "Id": 1009103,
          "Level": 1
        },
        {
          "Id": 1009201,
          "Level": 1
        },
        {
          "Id": 1009202,
          "Level": 1
        },
        {
          "Id": 1009203,
          "Level": 1
        },
        {
          "Id": 1009204,
          "Level": 1
        },
        {
          "Id": 1009205,
          "Level": 1
        },
        {
          "Id": 1009206,
          "Level": 1
        },
        {
          "Id": 1009207,
          "Level": 1
        },
        {
          "Id": 1009208,
          "Level": 1
        },
        {
          "Id": 1009209,
          "Level": 1
        },
        {
          "Id": 1009210,
          "Level": 1
        }
      ],
      "EquipmentConfigList": [
        {
          "Id": 21011,
          "Level": 80,
          "Rank": 5
        }
      ],
      "RelicPropertyTypeList": [
        611415,
        630715
      ],
      "RelicMainValue": 4452515,
      "RelicSubValue": 515
    },
    {
      "AvatarId": 1105,
      "Level": 80,
      "Promotion": 6,
      "Rank": 6,
      "SkillTreePointList": [
        {
          "Id": 1105001,
          "Level": 6
        },
        {
          "Id": 1105002,
          "Level": 10
        },
        {
          "Id": 1105003,
          "Level": 10
        },
        {
          "Id": 1105004,
          "Level": 10
        },
        {
          "Id": 1105007,
          "Level": 1
        },
        {
          "Id": 1105101,
          "Level": 1
        },
        {
          "Id": 1105102,
          "Level": 1
        },
        {
          "Id": 1105103,
          "Level": 1
        },
        {
          "Id": 1105201,
          "Level": 1
        },
        {
          "Id": 1105202,
          "Level": 1
        },
        {
          "Id": 1105203,
          "Level": 1
        },
        {
          "Id": 1105204,
          "Level": 1
        },
        {
          "Id": 1105205,
          "Level": 1
        },
        {
          "Id": 1105206,
          "Level": 1
        },
        {
          "Id": 1105207,
          "Level": 1
        },
        {
          "Id": 1105208,
          "Level": 1
        },
        {
          "Id": 1105209,
          "Level": 1
        },
        {
          "Id": 1105210,
          "Level": 1
        }
      ],
      "EquipmentConfigList": [
        {
          "Id": 21000,
          "Level": 80,
          "Rank": 5
        }
      ],
      "RelicPropertyTypeList": [
        610115,
        630215
      ],
      "RelicMainValue": 1412515,
      "RelicSubValue": 515
    }
  ],
  "MazeBuffDataList": [],
  "BattleArea": {
    "PlaneId": 20001,
    "FloorId": 20001001,
    "GroupId": 2,
    "BattleAreaId": 1
  }
}