{
  "SaveFile": "CEQuickSave_UICE-Rogue-1+2",
  "Name": "UICE-Rogue-1+2",
  "StageID": 80149011,
  "SkillTreePreset": "MaxWithInLevel",
  "LineupConfigList": [
    {
      "AvatarId": 1001,
      "Level": 50,
      "Promotion": 3,
      "Rank": 1,
      "SkillTreePointList": [
        {
          "Id": 1001001,
          "Level": 2
        },
        {
          "Id": 1001002,
          "Level": 3
        },
        {
          "Id": 1001003,
          "Level": 3
        },
        {
          "Id": 1001004,
          "Level": 3
        },
        {
          "Id": 1001007,
          "Level": 1
        },
        {
          "Id": 1001101,
          "Level": 1
        },
        {
          "Id": 1001201,
          "Level": 1
        },
        {
          "Id": 1001202,
          "Level": 1
        }
      ],
      "EquipmentConfigList": [
        {
          "Id": 21002,
          "Level": 50,
          "Rank": 1
        }
      ],
      "RelicPropertyTypeList": [
        51060203,
        53049303
      ]
    },
    {
      "AvatarId": 1204,
      "Level": 50,
      "Promotion": 3,
      "SkillTreePointList": [
        {
          "Id": 1204001,
          "Level": 2
        },
        {
          "Id": 1204002,
          "Level": 3
        },
        {
          "Id": 1204003,
          "Level": 3
        },
        {
          "Id": 1204004,
          "Level": 3
        },
        {
          "Id": 1204007,
          "Level": 1
        },
        {
          "Id": 1204201,
          "Level": 1
        },
        {
          "Id": 1204202,
          "Level": 1
        },
        {
          "Id": 1204101,
          "Level": 1
        }
      ],
      "EquipmentConfigList": [
        {
          "Id": 21013,
          "Level": 50,
          "Rank": 1
        }
      ],
      "RelicPropertyTypeList": [
        51090103,
        53069503
      ]
    },
    {
      "AvatarId": 1211,
      "Level": 50,
      "Promotion": 3,
      "SkillTreePointList": [
        {
          "Id": 1211001,
          "Level": 2
        },
        {
          "Id": 1211002,
          "Level": 3
        },
        {
          "Id": 1211003,
          "Level": 3
        },
        {
          "Id": 1211004,
          "Level": 3
        },
        {
          "Id": 1211007,
          "Level": 1
        },
        {
          "Id": 1211101,
          "Level": 1
        },
        {
          "Id": 1211201,
          "Level": 1
        },
        {
          "Id": 1211202,
          "Level": 1
        }
      ],
      "EquipmentConfigList": [
        {
          "Id": 21000,
          "Level": 50,
          "Rank": 1
        }
      ],
      "RelicPropertyTypeList": [
        51010303,
        53029903
      ]
    },
    {
      "AvatarId": 1104,
      "Level": 50,
      "Promotion": 3,
      "SkillTreePointList": [
        {
          "Id": 1104001,
          "Level": 2
        },
        {
          "Id": 1104002,
          "Level": 3
        },
        {
          "Id": 1104003,
          "Level": 3
        },
        {
          "Id": 1104004,
          "Level": 3
        },
        {
          "Id": 1104007,
          "Level": 1
        },
        {
          "Id": 1104101,
          "Level": 1
        },
        {
          "Id": 1104201,
          "Level": 1
        },
        {
          "Id": 1104202,
          "Level": 1
        }
      ],
      "EquipmentConfigList": [
        {
          "Id": 21002,
          "Level": 50,
          "Rank": 1
        }
      ],
      "RelicPropertyTypeList": [
        51060203,
        53029303
      ]
    }
  ],
  "MazeBuffDataList": [
    {
      "OwnerCharacterIndex": 4,
      "ID": 612030,
      "Level": 1
    },
    {
      "OwnerCharacterIndex": 4,
      "ID": 612031,
      "Level": 1
    },
    {
      "OwnerCharacterIndex": 4,
      "ID": 612040,
      "Level": 1
    },
    {
      "OwnerCharacterIndex": 4,
      "ID": 612041,
      "Level": 1
    },
    {
      "OwnerCharacterIndex": 4,
      "ID": 612042,
      "Level": 1
    },
    {
      "OwnerCharacterIndex": 4,
      "ID": 612050,
      "Level": 1
    },
    {
      "OwnerCharacterIndex": 4,
      "ID": 612630,
      "Level": 1
    },
    {
      "OwnerCharacterIndex": 4,
      "ID": 612631,
      "Level": 1
    },
    {
      "OwnerCharacterIndex": 4,
      "ID": 612632,
      "Level": 1
    },
    {
      "OwnerCharacterIndex": 4,
      "ID": 612640,
      "Level": 1
    },
    {
      "OwnerCharacterIndex": 4,
      "ID": 612641,
      "Level": 1
    },
    {
      "OwnerCharacterIndex": 4,
      "ID": 612642,
      "Level": 1
    }
  ]
}