{
  "SaveFile": "CEQuickSave_Lingke_1_1",
  "Name": "Lingke_1_1",
  "StageID": 1122,
  "SkillTreePreset": "None",
  "LineupConfigList": [
    {
      "AvatarId": 1110,
      "Level": 80,
      "Promotion": 6,
      "SkillTreePointList": [
        {
          "Id": 1110001,
          "Level": 6
        },
        {
          "Id": 1110002,
          "Level": 10
        },
        {
          "Id": 1110003,
          "Level": 10
        },
        {
          "Id": 1110004,
          "Level": 10
        },
        {
          "Id": 1110007,
          "Level": 1
        },
        {
          "Id": 1110101,
          "Level": 1
        },
        {
          "Id": 1110102,
          "Level": 1
        },
        {
          "Id": 1110103,
          "Level": 1
        },
        {
          "Id": 1110201,
          "Level": 1
        },
        {
          "Id": 1110202,
          "Level": 1
        },
        {
          "Id": 1110203,
          "Level": 1
        },
        {
          "Id": 1110204,
          "Level": 1
        },
        {
          "Id": 1110205,
          "Level": 1
        },
        {
          "Id": 1110206,
          "Level": 1
        },
        {
          "Id": 1110207,
          "Level": 1
        },
        {
          "Id": 1110208,
          "Level": 1
        },
        {
          "Id": 1110209,
          "Level": 1
        },
        {
          "Id": 1110210,
          "Level": 1
        }
      ],
      "EquipmentConfigList": [
        {
          "Id": 21000,
          "Level": 80,
          "Rank": 5
        }
      ],
      "RelicPropertyTypeList": [
        610115,
        630215
      ],
      "RelicMainValue": 6413515,
      "RelicSubValue": 515
    },
    {
      "AvatarId": 8001,
      "Level": 80,
      "Promotion": 6,
      "Rank": 6,
      "SkillTreePointList": [
        {
          "Id": 8001001,
          "Level": 6
        },
        {
          "Id": 8001002,
          "Level": 10
        },
        {
          "Id": 8001003,
          "Level": 10
        },
        {
          "Id": 8001004,
          "Level": 10
        },
        {
          "Id": 8001007,
          "Level": 1
        },
        {
          "Id": 8001101,
          "Level": 1
        },
        {
          "Id": 8001102,
          "Level": 1
        },
        {
          "Id": 8001103,
          "Level": 1
        },
        {
          "Id": 8001201,
          "Level": 1
        },
        {
          "Id": 8001202,
          "Level": 1
        },
        {
          "Id": 8001203,
          "Level": 1
        },
        {
          "Id": 8001204,
          "Level": 1
        },
        {
          "Id": 8001205,
          "Level": 1
        },
        {
          "Id": 8001206,
          "Level": 1
        },
        {
          "Id": 8001207,
          "Level": 1
        },
        {
          "Id": 8001208,
          "Level": 1
        },
        {
          "Id": 8001209,
          "Level": 1
        },
        {
          "Id": 8001210,
          "Level": 1
        }
      ],
      "EquipmentConfigList": [
        {
          "Id": 21005,
          "Level": 80,
          "Rank": 5
        }
      ],
      "RelicPropertyTypeList": [
        610515,
        630115
      ],
      "RelicMainValue": 4442515,
      "RelicSubValue": 515
    },
    {
      "AvatarId": 1106,
      "Level": 80,
      "Promotion": 6,
      "Rank": 6,
      "SkillTreePointList": [
        {
          "Id": 1106001,
          "Level": 6
        },
        {
          "Id": 1106002,
          "Level": 10
        },
        {
          "Id": 1106003,
          "Level": 10
        },
        {
          "Id": 1106004,
          "Level": 10
        },
        {
          "Id": 1106007,
          "Level": 1
        },
        {
          "Id": 1106101,
          "Level": 1
        },
        {
          "Id": 1106102,
          "Level": 1
        },
        {
          "Id": 1106103,
          "Level": 1
        },
        {
          "Id": 1106201,
          "Level": 1
        },
        {
          "Id": 1106202,
          "Level": 1
        },
        {
          "Id": 1106203,
          "Level": 1
        },
        {
          "Id": 1106204,
          "Level": 1
        },
        {
          "Id": 1106205,
          "Level": 1
        },
        {
          "Id": 1106206,
          "Level": 1
        },
        {
          "Id": 1106207,
          "Level": 1
        },
        {
          "Id": 1106208,
          "Level": 1
        },
        {
          "Id": 1106209,
          "Level": 1
        },
        {
          "Id": 1106210,
          "Level": 1
        }
      ],
      "EquipmentConfigList": [
        {
          "Id": 21001,
          "Level": 80,
          "Rank": 5
        }
      ],
      "RelicPropertyTypeList": [
        610415,
        630915
      ],
      "RelicMainValue": 4464515,
      "RelicSubValue": 515
    },
    {
      "AvatarId": 1202,
      "Level": 80,
      "Promotion": 6,
      "Rank": 6,
      "SkillTreePointList": [
        {
          "Id": 1202001,
          "Level": 6
        },
        {
          "Id": 1202002,
          "Level": 10
        },
        {
          "Id": 1202003,
          "Level": 10
        },
        {
          "Id": 1202004,
          "Level": 10
        },
        {
          "Id": 1202007,
          "Level": 1
        },
        {
          "Id": 1202101,
          "Level": 1
        },
        {
          "Id": 1202103,
          "Level": 1
        },
        {
          "Id": 1202201,
          "Level": 1
        },
        {
          "Id": 1202202,
          "Level": 1
        },
        {
          "Id": 1202203,
          "Level": 1
        },
        {
          "Id": 1202204,
          "Level": 1
        },
        {
          "Id": 1202205,
          "Level": 1
        },
        {
          "Id": 1202206,
          "Level": 1
        },
        {
          "Id": 1202207,
          "Level": 1
        },
        {
          "Id": 1202208,
          "Level": 1
        },
        {
          "Id": 1202209,
          "Level": 1
        },
        {
          "Id": 1202210,
          "Level": 1
        },
        {
          "Id": 1202102,
          "Level": 1
        }
      ],
      "EquipmentConfigList": [
        {
          "Id": 21011,
          "Level": 80,
          "Rank": 5
        }
      ],
      "RelicPropertyTypeList": [
        611415,
        630115
      ],
      "RelicMainValue": 1422515,
      "RelicSubValue": 515
    }
  ],
  "MazeBuffDataList": [],
  "BattleArea": {
    "PlaneId": 20001,
    "FloorId": 20001001,
    "GroupId": 2,
    "BattleAreaId": 1
  }
}