{
  "SaveFile": "CEQuickSave_ShenYuan31",
  "Name": "ShenYuan31",
  "StageID": 30002031,
  "SkillTreePreset": "None",
  "SPPreset": "Half",
  "LineupConfigList": [
    {
      "AvatarId": 1201,
      "Level": 65,
      "Promotion": 5,
      "Rank": 3,
      "SkillTreePointList": [
        {
          "Id": 1201001,
          "Level": 4
        },
        {
          "Id": 1201002,
          "Level": 6
        },
        {
          "Id": 1201003,
          "Level": 6
        },
        {
          "Id": 1201004,
          "Level": 6
        },
        {
          "Id": 1201007,
          "Level": 1
        },
        {
          "Id": 1201101,
          "Level": 1
        },
        {
          "Id": 1201102,
          "Level": 1
        },
        {
          "Id": 1201201,
          "Level": 1
        },
        {
          "Id": 1201202,
          "Level": 1
        },
        {
          "Id": 1201203,
          "Level": 1
        },
        {
          "Id": 1201204,
          "Level": 1
        },
        {
          "Id": 1201205,
          "Level": 1
        },
        {
          "Id": 1201206,
          "Level": 1
        }
      ],
      "EquipmentConfigList": [
        {
          "Id": 21013,
          "Level": 65,
          "Rank": 2
        }
      ],
      "RelicPropertyTypeList": [
        610810,
        630910
      ],
      "RelicMainValue": 4494510,
      "RelicSubValue": 510
    },
    {
      "AvatarId": 1102,
      "Level": 65,
      "Promotion": 5,
      "SkillTreePointList": [
        {
          "Id": 1102001,
          "Level": 4
        },
        {
          "Id": 1102002,
          "Level": 6
        },
        {
          "Id": 1102003,
          "Level": 6
        },
        {
          "Id": 1102004,
          "Level": 6
        },
        {
          "Id": 1102007,
          "Level": 1
        },
        {
          "Id": 1102101,
          "Level": 1
        },
        {
          "Id": 1102102,
          "Level": 1
        },
        {
          "Id": 1102201,
          "Level": 1
        },
        {
          "Id": 1102202,
          "Level": 1
        },
        {
          "Id": 1102203,
          "Level": 1
        },
        {
          "Id": 1102204,
          "Level": 1
        },
        {
          "Id": 1102205,
          "Level": 1
        },
        {
          "Id": 1102206,
          "Level": 1
        }
      ],
      "EquipmentConfigList": [
        {
          "Id": 21003,
          "Level": 65,
          "Rank": 2
        }
      ],
      "RelicPropertyTypeList": [
        610810,
        630110
      ],
      "RelicMainValue": 4494510,
      "RelicSubValue": 510
    },
    {
      "AvatarId": 1203,
      "Level": 65,
      "Promotion": 5,
      "SkillTreePointList": [
        {
          "Id": 1203001,
          "Level": 4
        },
        {
          "Id": 1203002,
          "Level": 6
        },
        {
          "Id": 1203003,
          "Level": 6
        },
        {
          "Id": 1203004,
          "Level": 6
        },
        {
          "Id": 1203007,
          "Level": 1
        },
        {
          "Id": 1203101,
          "Level": 1
        },
        {
          "Id": 1203201,
          "Level": 1
        },
        {
          "Id": 1203202,
          "Level": 1
        },
        {
          "Id": 1203203,
          "Level": 1
        },
        {
          "Id": 1203204,
          "Level": 1
        },
        {
          "Id": 1203205,
          "Level": 1
        },
        {
          "Id": 1203206,
          "Level": 1
        },
        {
          "Id": 1203102,
          "Level": 1
        }
      ],
      "EquipmentConfigList": [
        {
          "Id": 21007,
          "Level": 65,
          "Rank": 2
        }
      ],
      "RelicPropertyTypeList": [
        611410,
        630110
      ],
      "RelicMainValue": 6422510,
      "RelicSubValue": 510
    },
    {
      "AvatarId": 1009,
      "Level": 65,
      "Promotion": 5,
      "Rank": 3,
      "SkillTreePointList": [
        {
          "Id": 1009001,
          "Level": 4
        },
        {
          "Id": 1009002,
          "Level": 6
        },
        {
          "Id": 1009003,
          "Level": 6
        },
        {
          "Id": 1009004,
          "Level": 6
        },
        {
          "Id": 1009007,
          "Level": 1
        },
        {
          "Id": 1009101,
          "Level": 1
        },
        {
          "Id": 1009102,
          "Level": 1
        },
        {
          "Id": 1009201,
          "Level": 1
        },
        {
          "Id": 1009202,
          "Level": 1
        },
        {
          "Id": 1009203,
          "Level": 1
        },
        {
          "Id": 1009204,
          "Level": 1
        },
        {
          "Id": 1009205,
          "Level": 1
        },
        {
          "Id": 1009206,
          "Level": 1
        }
      ],
      "EquipmentConfigList": [
        {
          "Id": 21011,
          "Level": 65,
          "Rank": 2
        }
      ],
      "RelicPropertyTypeList": [
        611410,
        630710
      ],
      "RelicMainValue": 4452510,
      "RelicSubValue": 510
    }
  ],
  "MazeBuffDataList": [],
  "BattleArea": {
    "PlaneId": 20001,
    "FloorId": 20001001,
    "GroupId": 2,
    "BattleAreaId": 1
  }
}