{
  "SaveFile": "CEQuickSave_844-2",
  "Name": "844-2",
  "StageID": 844,
  "SkillTreePreset": "None",
  "LineupConfigList": [
    {
      "AvatarId": 9121,
      "Level": 80,
      "Promotion": 6,
      "SkillTreePointList": [
        {
          "Id": 9121001,
          "Level": 6
        },
        {
          "Id": 9121002,
          "Level": 10
        },
        {
          "Id": 9121003,
          "Level": 10
        },
        {
          "Id": 9121004,
          "Level": 10
        },
        {
          "Id": 9121007,
          "Level": 1
        },
        {
          "Id": 9121101,
          "Level": 1
        },
        {
          "Id": 9121102,
          "Level": 1
        },
        {
          "Id": 9121103,
          "Level": 1
        },
        {
          "Id": 9121201,
          "Level": 1
        },
        {
          "Id": 9121202,
          "Level": 1
        },
        {
          "Id": 9121203,
          "Level": 1
        },
        {
          "Id": 9121204,
          "Level": 1
        },
        {
          "Id": 9121205,
          "Level": 1
        },
        {
          "Id": 9121206,
          "Level": 1
        },
        {
          "Id": 9121207,
          "Level": 1
        },
        {
          "Id": 9121208,
          "Level": 1
        },
        {
          "Id": 9121209,
          "Level": 1
        },
        {
          "Id": 9121210,
          "Level": 1
        }
      ],
      "EquipmentConfigList": [
        {
          "Id": 23006,
          "Level": 80,
          "Rank": 1
        }
      ],
      "RelicPropertyTypeList": [
        611015,
        6303115
      ],
      "RelicMainValue": 2484515,
      "RelicSubValue": 515
    },
    {
      "AvatarId": 1108,
      "Level": 80,
      "Promotion": 6,
      "Rank": 6,
      "SkillTreePointList": [
        {
          "Id": 1108001,
          "Level": 6
        },
        {
          "Id": 1108002,
          "Level": 10
        },
        {
          "Id": 1108003,
          "Level": 10
        },
        {
          "Id": 1108004,
          "Level": 10
        },
        {
          "Id": 1108007,
          "Level": 1
        },
        {
          "Id": 1108102,
          "Level": 1
        },
        {
          "Id": 1108103,
          "Level": 1
        },
        {
          "Id": 1108201,
          "Level": 1
        },
        {
          "Id": 1108202,
          "Level": 1
        },
        {
          "Id": 1108203,
          "Level": 1
        },
        {
          "Id": 1108204,
          "Level": 1
        },
        {
          "Id": 1108205,
          "Level": 1
        },
        {
          "Id": 1108206,
          "Level": 1
        },
        {
          "Id": 1108207,
          "Level": 1
        },
        {
          "Id": 1108208,
          "Level": 1
        },
        {
          "Id": 1108209,
          "Level": 1
        },
        {
          "Id": 1108210,
          "Level": 1
        },
        {
          "Id": 1108101,
          "Level": 1
        }
      ],
      "EquipmentConfigList": [
        {
          "Id": 21008,
          "Level": 80,
          "Rank": 5
        }
      ],
      "RelicPropertyTypeList": [
        611015,
        630115
      ],
      "RelicMainValue": 2484515,
      "RelicSubValue": 515
    },
    {
      "AvatarId": 1202,
      "Level": 80,
      "Promotion": 6,
      "Rank": 6,
      "SkillTreePointList": [
        {
          "Id": 1202001,
          "Level": 6
        },
        {
          "Id": 1202002,
          "Level": 10
        },
        {
          "Id": 1202003,
          "Level": 10
        },
        {
          "Id": 1202004,
          "Level": 10
        },
        {
          "Id": 1202007,
          "Level": 1
        },
        {
          "Id": 1202101,
          "Level": 1
        },
        {
          "Id": 1202103,
          "Level": 1
        },
        {
          "Id": 1202201,
          "Level": 1
        },
        {
          "Id": 1202202,
          "Level": 1
        },
        {
          "Id": 1202203,
          "Level": 1
        },
        {
          "Id": 1202204,
          "Level": 1
        },
        {
          "Id": 1202205,
          "Level": 1
        },
        {
          "Id": 1202206,
          "Level": 1
        },
        {
          "Id": 1202207,
          "Level": 1
        },
        {
          "Id": 1202208,
          "Level": 1
        },
        {
          "Id": 1202209,
          "Level": 1
        },
        {
          "Id": 1202210,
          "Level": 1
        },
        {
          "Id": 1202102,
          "Level": 1
        }
      ],
      "EquipmentConfigList": [
        {
          "Id": 21011,
          "Level": 80,
          "Rank": 5
        }
      ],
      "RelicPropertyTypeList": [
        611415,
        630115
      ],
      "RelicMainValue": 1422515,
      "RelicSubValue": 515
    },
    {
      "AvatarId": 1304,
      "Level": 80,
      "Promotion": 6,
      "SkillTreePointList": [
        {
          "Id": 1304001,
          "Level": 6
        },
        {
          "Id": 1304002,
          "Level": 10
        },
        {
          "Id": 1304003,
          "Level": 10
        },
        {
          "Id": 1304004,
          "Level": 10
        },
        {
          "Id": 1304007,
          "Level": 1
        },
        {
          "Id": 1304101,
          "Level": 1
        },
        {
          "Id": 1304102,
          "Level": 1
        },
        {
          "Id": 1304103,
          "Level": 1
        },
        {
          "Id": 1304201,
          "Level": 1
        },
        {
          "Id": 1304202,
          "Level": 1
        },
        {
          "Id": 1304203,
          "Level": 1
        },
        {
          "Id": 1304204,
          "Level": 1
        },
        {
          "Id": 1304205,
          "Level": 1
        },
        {
          "Id": 1304206,
          "Level": 1
        },
        {
          "Id": 1304207,
          "Level": 1
        },
        {
          "Id": 1304208,
          "Level": 1
        },
        {
          "Id": 1304209,
          "Level": 1
        },
        {
          "Id": 1304210,
          "Level": 1
        }
      ],
      "EquipmentConfigList": [
        {
          "Id": 23005,
          "Level": 80,
          "Rank": 1
        }
      ],
      "RelicPropertyTypeList": [
        610315,
        630615
      ],
      "RelicMainValue": 3435515,
      "RelicSubValue": 515
    }
  ],
  "MazeBuffDataList": [],
  "BattleArea": {
    "PlaneId": 20001,
    "FloorId": 20001001,
    "GroupId": 2,
    "BattleAreaId": 1
  }
}