{
  "SaveFile": "CEQuickSave_CE10211",
  "Name": "CE10211",
  "StageID": 546,
  "SkillTreePreset": "None",
  "LineupConfigList": [
    {
      "AvatarId": 1102,
      "Level": 79,
      "Promotion": 6,
      "SkillTreePointList": [
        {
          "Id": 1102001,
          "Level": 5
        },
        {
          "Id": 1102002,
          "Level": 8
        },
        {
          "Id": 1102003,
          "Level": 8
        },
        {
          "Id": 1102004,
          "Level": 8
        },
        {
          "Id": 1102007,
          "Level": 1
        },
        {
          "Id": 1102101,
          "Level": 1
        },
        {
          "Id": 1102102,
          "Level": 1
        },
        {
          "Id": 1102103,
          "Level": 1
        },
        {
          "Id": 1102201,
          "Level": 1
        },
        {
          "Id": 1102202,
          "Level": 1
        },
        {
          "Id": 1102203,
          "Level": 1
        },
        {
          "Id": 1102204,
          "Level": 1
        },
        {
          "Id": 1102205,
          "Level": 1
        },
        {
          "Id": 1102206,
          "Level": 1
        },
        {
          "Id": 1102207,
          "Level": 1
        },
        {
          "Id": 1102208,
          "Level": 1
        }
      ],
      "EquipmentConfigList": [
        {
          "Id": 21003,
          "Level": 79,
          "Rank": 3
        }
      ],
      "RelicPropertyTypeList": [
        6108112,
        6301912
      ]
    },
    {
      "AvatarId": 1201,
      "Level": 79,
      "Promotion": 6,
      "Rank": 4,
      "SkillTreePointList": [
        {
          "Id": 1201001,
          "Level": 5
        },
        {
          "Id": 1201002,
          "Level": 8
        },
        {
          "Id": 1201003,
          "Level": 8
        },
        {
          "Id": 1201004,
          "Level": 8
        },
        {
          "Id": 1201007,
          "Level": 1
        },
        {
          "Id": 1201101,
          "Level": 1
        },
        {
          "Id": 1201102,
          "Level": 1
        },
        {
          "Id": 1201103,
          "Level": 1
        },
        {
          "Id": 1201201,
          "Level": 1
        },
        {
          "Id": 1201202,
          "Level": 1
        },
        {
          "Id": 1201203,
          "Level": 1
        },
        {
          "Id": 1201204,
          "Level": 1
        },
        {
          "Id": 1201205,
          "Level": 1
        },
        {
          "Id": 1201206,
          "Level": 1
        },
        {
          "Id": 1201207,
          "Level": 1
        },
        {
          "Id": 1201208,
          "Level": 1
        }
      ],
      "EquipmentConfigList": [
        {
          "Id": 21013,
          "Level": 79,
          "Rank": 3
        }
      ],
      "RelicPropertyTypeList": [
        6108112,
        6305912
      ]
    },
    {
      "AvatarId": 1003,
      "Level": 79,
      "Promotion": 6,
      "SkillTreePointList": [
        {
          "Id": 1003001,
          "Level": 5
        },
        {
          "Id": 1003002,
          "Level": 8
        },
        {
          "Id": 1003003,
          "Level": 8
        },
        {
          "Id": 1003004,
          "Level": 8
        },
        {
          "Id": 1003007,
          "Level": 1
        },
        {
          "Id": 1003101,
          "Level": 1
        },
        {
          "Id": 1003102,
          "Level": 1
        },
        {
          "Id": 1003103,
          "Level": 1
        },
        {
          "Id": 1003201,
          "Level": 1
        },
        {
          "Id": 1003202,
          "Level": 1
        },
        {
          "Id": 1003203,
          "Level": 1
        },
        {
          "Id": 1003204,
          "Level": 1
        },
        {
          "Id": 1003205,
          "Level": 1
        },
        {
          "Id": 1003206,
          "Level": 1
        },
        {
          "Id": 1003207,
          "Level": 1
        },
        {
          "Id": 1003208,
          "Level": 1
        }
      ],
      "EquipmentConfigList": [
        {
          "Id": 21013,
          "Level": 79,
          "Rank": 3
        }
      ],
      "RelicPropertyTypeList": [
        6107112,
        6306912
      ]
    },
    {
      "AvatarId": 1105,
      "Level": 79,
      "Promotion": 6,
      "Rank": 4,
      "SkillTreePointList": [
        {
          "Id": 1105001,
          "Level": 5
        },
        {
          "Id": 1105002,
          "Level": 8
        },
        {
          "Id": 1105003,
          "Level": 8
        },
        {
          "Id": 1105004,
          "Level": 8
        },
        {
          "Id": 1105007,
          "Level": 1
        },
        {
          "Id": 1105101,
          "Level": 1
        },
        {
          "Id": 1105102,
          "Level": 1
        },
        {
          "Id": 1105103,
          "Level": 1
        },
        {
          "Id": 1105201,
          "Level": 1
        },
        {
          "Id": 1105202,
          "Level": 1
        },
        {
          "Id": 1105203,
          "Level": 1
        },
        {
          "Id": 1105204,
          "Level": 1
        },
        {
          "Id": 1105205,
          "Level": 1
        },
        {
          "Id": 1105206,
          "Level": 1
        },
        {
          "Id": 1105207,
          "Level": 1
        },
        {
          "Id": 1105208,
          "Level": 1
        }
      ],
      "EquipmentConfigList": [
        {
          "Id": 21000,
          "Level": 79,
          "Rank": 3
        }
      ],
      "RelicPropertyTypeList": [
        6101312,
        6302912
      ]
    }
  ],
  "MazeBuffDataList": []
}