{
  "SaveFile": "CEQuickSave_ShenYuan62",
  "Name": "ShenYuan62",
  "StageID": 30002062,
  "SkillTreePreset": "None",
  "SPPreset": "Half",
  "LineupConfigList": [
    {
      "AvatarId": 1102,
      "Level": 80,
      "Promotion": 6,
      "SkillTreePointList": [
        {
          "Id": 1102001,
          "Level": 6
        },
        {
          "Id": 1102002,
          "Level": 10
        },
        {
          "Id": 1102003,
          "Level": 10
        },
        {
          "Id": 1102004,
          "Level": 10
        },
        {
          "Id": 1102007,
          "Level": 1
        },
        {
          "Id": 1102101,
          "Level": 1
        },
        {
          "Id": 1102102,
          "Level": 1
        },
        {
          "Id": 1102103,
          "Level": 1
        },
        {
          "Id": 1102201,
          "Level": 1
        },
        {
          "Id": 1102202,
          "Level": 1
        },
        {
          "Id": 1102203,
          "Level": 1
        },
        {
          "Id": 1102204,
          "Level": 1
        },
        {
          "Id": 1102205,
          "Level": 1
        },
        {
          "Id": 1102206,
          "Level": 1
        },
        {
          "Id": 1102207,
          "Level": 1
        },
        {
          "Id": 1102208,
          "Level": 1
        },
        {
          "Id": 1102209,
          "Level": 1
        },
        {
          "Id": 1102210,
          "Level": 1
        }
      ],
      "EquipmentConfigList": [
        {
          "Id": 23001,
          "Level": 80,
          "Rank": 1
        }
      ],
      "RelicPropertyTypeList": [
        610815,
        630115
      ],
      "RelicMainValue": 4494515,
      "RelicSubValue": 515
    },
    {
      "AvatarId": 1006,
      "Level": 80,
      "Promotion": 6,
      "SkillTreePointList": [
        {
          "Id": 1006001,
          "Level": 6
        },
        {
          "Id": 1006002,
          "Level": 10
        },
        {
          "Id": 1006003,
          "Level": 10
        },
        {
          "Id": 1006004,
          "Level": 10
        },
        {
          "Id": 1006007,
          "Level": 1
        },
        {
          "Id": 1006201,
          "Level": 1
        },
        {
          "Id": 1006202,
          "Level": 1
        },
        {
          "Id": 1006203,
          "Level": 1
        },
        {
          "Id": 1006204,
          "Level": 1
        },
        {
          "Id": 1006205,
          "Level": 1
        },
        {
          "Id": 1006206,
          "Level": 1
        },
        {
          "Id": 1006207,
          "Level": 1
        },
        {
          "Id": 1006208,
          "Level": 1
        },
        {
          "Id": 1006209,
          "Level": 1
        },
        {
          "Id": 1006210,
          "Level": 1
        },
        {
          "Id": 1006101,
          "Level": 1
        },
        {
          "Id": 1006102,
          "Level": 1
        },
        {
          "Id": 1006103,
          "Level": 1
        }
      ],
      "EquipmentConfigList": [
        {
          "Id": 23007,
          "Level": 80,
          "Rank": 1
        }
      ],
      "RelicPropertyTypeList": [
        611115,
        630315
      ],
      "RelicMainValue": 7494515,
      "RelicSubValue": 515
    },
    {
      "AvatarId": 1203,
      "Level": 80,
      "Promotion": 6,
      "SkillTreePointList": [
        {
          "Id": 1203001,
          "Level": 6
        },
        {
          "Id": 1203002,
          "Level": 10
        },
        {
          "Id": 1203003,
          "Level": 10
        },
        {
          "Id": 1203004,
          "Level": 10
        },
        {
          "Id": 1203007,
          "Level": 1
        },
        {
          "Id": 1203101,
          "Level": 1
        },
        {
          "Id": 1203201,
          "Level": 1
        },
        {
          "Id": 1203202,
          "Level": 1
        },
        {
          "Id": 1203203,
          "Level": 1
        },
        {
          "Id": 1203204,
          "Level": 1
        },
        {
          "Id": 1203205,
          "Level": 1
        },
        {
          "Id": 1203206,
          "Level": 1
        },
        {
          "Id": 1203207,
          "Level": 1
        },
        {
          "Id": 1203208,
          "Level": 1
        },
        {
          "Id": 1203209,
          "Level": 1
        },
        {
          "Id": 1203210,
          "Level": 1
        },
        {
          "Id": 1203102,
          "Level": 1
        },
        {
          "Id": 1203103,
          "Level": 1
        }
      ],
      "EquipmentConfigList": [
        {
          "Id": 23008,
          "Level": 80,
          "Rank": 1
        }
      ],
      "RelicPropertyTypeList": [
        611415,
        630115
      ],
      "RelicMainValue": 6422515,
      "RelicSubValue": 515
    },
    {
      "AvatarId": 1101,
      "Level": 80,
      "Promotion": 6,
      "Rank": 1,
      "SkillTreePointList": [
        {
          "Id": 1101001,
          "Level": 6
        },
        {
          "Id": 1101002,
          "Level": 10
        },
        {
          "Id": 1101003,
          "Level": 10
        },
        {
          "Id": 1101004,
          "Level": 10
        },
        {
          "Id": 1101007,
          "Level": 1
        },
        {
          "Id": 1101101,
          "Level": 1
        },
        {
          "Id": 1101102,
          "Level": 1
        },
        {
          "Id": 1101103,
          "Level": 1
        },
        {
          "Id": 1101201,
          "Level": 1
        },
        {
          "Id": 1101202,
          "Level": 1
        },
        {
          "Id": 1101203,
          "Level": 1
        },
        {
          "Id": 1101204,
          "Level": 1
        },
        {
          "Id": 1101205,
          "Level": 1
        },
        {
          "Id": 1101206,
          "Level": 1
        },
        {
          "Id": 1101207,
          "Level": 1
        },
        {
          "Id": 1101208,
          "Level": 1
        },
        {
          "Id": 1101209,
          "Level": 1
        },
        {
          "Id": 1101210,
          "Level": 1
        }
      ],
      "EquipmentConfigList": [
        {
          "Id": 23003,
          "Level": 80,
          "Rank": 1
        }
      ],
      "RelicPropertyTypeList": [
        611415,
        630515
      ],
      "RelicMainValue": 5412515,
      "RelicSubValue": 515
    }
  ],
  "MazeBuffDataList": [],
  "BattleArea": {
    "PlaneId": 20001,
    "FloorId": 20001001,
    "GroupId": 2,
    "BattleAreaId": 1
  }
}