{
  "SaveFile": "CEQuickSave_150_CE3_XDT_3",
  "Name": "150_CE3_XDT_3",
  "StageID": 900110,
  "SkillTreePreset": "None",
  "LineupConfigList": [
    {
      "AvatarId": 1101,
      "Level": 15,
      "Promotion": 0,
      "EquipmentConfigList": [
        {
          "Id": 23003,
          "Level": 20,
          "Rank": 1
        }
      ],
      "RelicPropertyTypeList": [
        311400
      ],
      "RelicMainValue": 5112200,
      "RelicSubValue": 200
    },
    {
      "AvatarId": 8001,
      "Level": 15,
      "Promotion": 0,
      "EquipmentConfigList": [
        {
          "Id": 20002,
          "Level": 20,
          "Rank": 1
        }
      ],
      "RelicPropertyTypeList": [
        310500
      ],
      "RelicMainValue": 4442200,
      "RelicSubValue": 200
    },
    {
      "AvatarId": 1105,
      "Level": 15,
      "Promotion": 0,
      "EquipmentConfigList": [
        {
          "Id": 21000,
          "Level": 20,
          "Rank": 1
        }
      ],
      "RelicPropertyTypeList": [
        310100
      ],
      "RelicMainValue": 1412200,
      "RelicSubValue": 200
    },
    {
      "AvatarId": 1004,
      "Level": 15,
      "Promotion": 0,
      "EquipmentConfigList": [
        {
          "Id": 20004,
          "Level": 20,
          "Rank": 1
        }
      ],
      "RelicPropertyTypeList": [
        311200
      ],
      "RelicMainValue": 4404200,
      "RelicSubValue": 200
    }
  ],
  "MazeBuffDataList": [],
  "BattleArea": {
    "PlaneId": 20101,
    "FloorId": 20101001,
    "GroupId": 2,
    "BattleAreaId": 1
  }
}