{
  "SaveFile": "CEQuickSave_Contagious-1",
  "Name": "Contagious-1",
  "StageID": 9006020,
  "SkillTreePreset": "None",
  "LineupConfigList": [
    {
      "AvatarId": 1102,
      "Level": 40,
      "Promotion": 2,
      "SkillTreePointList": [
        {
          "Id": 1102001,
          "Level": 2
        },
        {
          "Id": 1102002,
          "Level": 2
        },
        {
          "Id": 1102003,
          "Level": 2
        },
        {
          "Id": 1102004,
          "Level": 2
        },
        {
          "Id": 1102007,
          "Level": 1
        },
        {
          "Id": 1102101,
          "Level": 1
        },
        {
          "Id": 1102201,
          "Level": 1
        }
      ],
      "EquipmentConfigList": [
        {
          "Id": 21003,
          "Level": 40,
          "Rank": 1
        }
      ],
      "RelicPropertyTypeList": [
        4108103
      ]
    },
    {
      "AvatarId": 1101,
      "Level": 40,
      "Promotion": 2,
      "SkillTreePointList": [
        {
          "Id": 1101001,
          "Level": 2
        },
        {
          "Id": 1101002,
          "Level": 2
        },
        {
          "Id": 1101003,
          "Level": 2
        },
        {
          "Id": 1101004,
          "Level": 2
        },
        {
          "Id": 1101007,
          "Level": 1
        },
        {
          "Id": 1101101,
          "Level": 1
        },
        {
          "Id": 1101201,
          "Level": 1
        }
      ],
      "EquipmentConfigList": [
        {
          "Id": 21018,
          "Level": 40,
          "Rank": 1
        }
      ],
      "RelicPropertyTypeList": [
        4102503
      ]
    },
    {
      "AvatarId": 8001,
      "Level": 40,
      "Promotion": 2,
      "SkillTreePointList": [
        {
          "Id": 8001001,
          "Level": 2
        },
        {
          "Id": 8001002,
          "Level": 2
        },
        {
          "Id": 8001003,
          "Level": 2
        },
        {
          "Id": 8001004,
          "Level": 2
        },
        {
          "Id": 8001007,
          "Level": 1
        },
        {
          "Id": 8001101,
          "Level": 1
        },
        {
          "Id": 8001201,
          "Level": 1
        }
      ],
      "EquipmentConfigList": [
        {
          "Id": 21005,
          "Level": 40,
          "Rank": 1
        }
      ],
      "RelicPropertyTypeList": [
        4105103
      ]
    },
    {
      "AvatarId": 1203,
      "Level": 40,
      "Promotion": 2,
      "SkillTreePointList": [
        {
          "Id": 1203001,
          "Level": 2
        },
        {
          "Id": 1203002,
          "Level": 2
        },
        {
          "Id": 1203003,
          "Level": 2
        },
        {
          "Id": 1203004,
          "Level": 2
        },
        {
          "Id": 1203007,
          "Level": 1
        },
        {
          "Id": 1203101,
          "Level": 1
        },
        {
          "Id": 1203201,
          "Level": 1
        }
      ],
      "EquipmentConfigList": [
        {
          "Id": 21000,
          "Level": 40,
          "Rank": 1
        }
      ],
      "RelicPropertyTypeList": [
        4101103
      ]
    }
  ],
  "MazeBuffDataList": []
}