{
  "SaveFile": "CEQuickSave_S7CE_276_2",
  "Name": "S7CE_276_2",
  "StageID": 276,
  "SkillTreePreset": "None",
  "LineupConfigList": [
    {
      "AvatarId": 1102,
      "Level": 80,
      "Promotion": 6,
      "SkillTreePointList": [
        {
          "Id": 1102001,
          "Level": 6
        },
        {
          "Id": 1102002,
          "Level": 10
        },
        {
          "Id": 1102003,
          "Level": 10
        },
        {
          "Id": 1102004,
          "Level": 10
        },
        {
          "Id": 1102007,
          "Level": 1
        },
        {
          "Id": 1102101,
          "Level": 1
        },
        {
          "Id": 1102102,
          "Level": 1
        },
        {
          "Id": 1102103,
          "Level": 1
        },
        {
          "Id": 1102201,
          "Level": 1
        },
        {
          "Id": 1102202,
          "Level": 1
        },
        {
          "Id": 1102203,
          "Level": 1
        },
        {
          "Id": 1102204,
          "Level": 1
        },
        {
          "Id": 1102205,
          "Level": 1
        },
        {
          "Id": 1102206,
          "Level": 1
        },
        {
          "Id": 1102207,
          "Level": 1
        },
        {
          "Id": 1102208,
          "Level": 1
        },
        {
          "Id": 1102209,
          "Level": 1
        },
        {
          "Id": 1102210,
          "Level": 1
        }
      ],
      "EquipmentConfigList": [
        {
          "Id": 23001,
          "Level": 80,
          "Rank": 1
        }
      ],
      "RelicPropertyTypeList": [
        610815,
        630115
      ],
      "RelicMainValue": 4494515,
      "RelicSubValue": 515
    },
    {
      "AvatarId": 1106,
      "Level": 80,
      "Promotion": 6,
      "Rank": 6,
      "SkillTreePointList": [
        {
          "Id": 1106001,
          "Level": 6
        },
        {
          "Id": 1106002,
          "Level": 10
        },
        {
          "Id": 1106003,
          "Level": 10
        },
        {
          "Id": 1106004,
          "Level": 10
        },
        {
          "Id": 1106007,
          "Level": 1
        },
        {
          "Id": 1106101,
          "Level": 1
        },
        {
          "Id": 1106102,
          "Level": 1
        },
        {
          "Id": 1106103,
          "Level": 1
        },
        {
          "Id": 1106201,
          "Level": 1
        },
        {
          "Id": 1106202,
          "Level": 1
        },
        {
          "Id": 1106203,
          "Level": 1
        },
        {
          "Id": 1106204,
          "Level": 1
        },
        {
          "Id": 1106205,
          "Level": 1
        },
        {
          "Id": 1106206,
          "Level": 1
        },
        {
          "Id": 1106207,
          "Level": 1
        },
        {
          "Id": 1106208,
          "Level": 1
        },
        {
          "Id": 1106209,
          "Level": 1
        },
        {
          "Id": 1106210,
          "Level": 1
        }
      ],
      "EquipmentConfigList": [
        {
          "Id": 21001,
          "Level": 80,
          "Rank": 5
        }
      ],
      "RelicPropertyTypeList": [
        610415,
        630915
      ],
      "RelicMainValue": 4464515,
      "RelicSubValue": 515
    },
    {
      "AvatarId": 1202,
      "Level": 80,
      "Promotion": 6,
      "Rank": 6,
      "SkillTreePointList": [
        {
          "Id": 1202001,
          "Level": 6
        },
        {
          "Id": 1202002,
          "Level": 10
        },
        {
          "Id": 1202003,
          "Level": 10
        },
        {
          "Id": 1202004,
          "Level": 10
        },
        {
          "Id": 1202007,
          "Level": 1
        },
        {
          "Id": 1202101,
          "Level": 1
        },
        {
          "Id": 1202103,
          "Level": 1
        },
        {
          "Id": 1202201,
          "Level": 1
        },
        {
          "Id": 1202202,
          "Level": 1
        },
        {
          "Id": 1202203,
          "Level": 1
        },
        {
          "Id": 1202204,
          "Level": 1
        },
        {
          "Id": 1202205,
          "Level": 1
        },
        {
          "Id": 1202206,
          "Level": 1
        },
        {
          "Id": 1202207,
          "Level": 1
        },
        {
          "Id": 1202208,
          "Level": 1
        },
        {
          "Id": 1202209,
          "Level": 1
        },
        {
          "Id": 1202210,
          "Level": 1
        },
        {
          "Id": 1202102,
          "Level": 1
        }
      ],
      "EquipmentConfigList": [
        {
          "Id": 21011,
          "Level": 80,
          "Rank": 5
        }
      ],
      "RelicPropertyTypeList": [
        611415,
        630115
      ],
      "RelicMainValue": 1422515,
      "RelicSubValue": 515
    },
    {
      "AvatarId": 1105,
      "Level": 80,
      "Promotion": 6,
      "Rank": 6,
      "SkillTreePointList": [
        {
          "Id": 1105001,
          "Level": 6
        },
        {
          "Id": 1105002,
          "Level": 10
        },
        {
          "Id": 1105003,
          "Level": 10
        },
        {
          "Id": 1105004,
          "Level": 10
        },
        {
          "Id": 1105007,
          "Level": 1
        },
        {
          "Id": 1105101,
          "Level": 1
        },
        {
          "Id": 1105102,
          "Level": 1
        },
        {
          "Id": 1105103,
          "Level": 1
        },
        {
          "Id": 1105201,
          "Level": 1
        },
        {
          "Id": 1105202,
          "Level": 1
        },
        {
          "Id": 1105203,
          "Level": 1
        },
        {
          "Id": 1105204,
          "Level": 1
        },
        {
          "Id": 1105205,
          "Level": 1
        },
        {
          "Id": 1105206,
          "Level": 1
        },
        {
          "Id": 1105207,
          "Level": 1
        },
        {
          "Id": 1105208,
          "Level": 1
        },
        {
          "Id": 1105209,
          "Level": 1
        },
        {
          "Id": 1105210,
          "Level": 1
        }
      ],
      "EquipmentConfigList": [
        {
          "Id": 21000,
          "Level": 80,
          "Rank": 5
        }
      ],
      "RelicPropertyTypeList": [
        610115,
        630215
      ],
      "RelicMainValue": 1412515,
      "RelicSubValue": 515
    }
  ],
  "MazeBuffDataList": [
    {
      "OwnerCharacterIndex": 4,
      "ID": 609101,
      "Level": 1
    },
    {
      "OwnerCharacterIndex": 4,
      "ID": 609102,
      "Level": 1
    },
    {
      "OwnerCharacterIndex": 4,
      "ID": 609103,
      "Level": 1
    },
    {
      "OwnerCharacterIndex": 4,
      "ID": 609105,
      "Level": 1
    },
    {
      "OwnerCharacterIndex": 4,
      "ID": 609106,
      "Level": 1
    },
    {
      "OwnerCharacterIndex": 4,
      "ID": 609107,
      "Level": 1
    },
    {
      "OwnerCharacterIndex": 4,
      "ID": 609108,
      "Level": 1
    },
    {
      "OwnerCharacterIndex": 4,
      "ID": 609109,
      "Level": 1
    },
    {
      "OwnerCharacterIndex": 4,
      "ID": 609110,
      "Level": 1
    },
    {
      "OwnerCharacterIndex": 4,
      "ID": 609111,
      "Level": 1
    },
    {
      "OwnerCharacterIndex": 4,
      "ID": 609112,
      "Level": 1
    },
    {
      "OwnerCharacterIndex": 4,
      "ID": 609113,
      "Level": 1
    },
    {
      "OwnerCharacterIndex": 4,
      "ID": 609114,
      "Level": 1
    },
    {
      "OwnerCharacterIndex": 4,
      "ID": 609115,
      "Level": 1
    },
    {
      "OwnerCharacterIndex": 4,
      "ID": 609116,
      "Level": 1
    },
    {
      "OwnerCharacterIndex": 4,
      "ID": 609117,
      "Level": 1
    },
    {
      "OwnerCharacterIndex": 4,
      "ID": 609118,
      "Level": 1
    },
    {
      "OwnerCharacterIndex": 4,
      "ID": 609119,
      "Level": 1
    },
    {
      "OwnerCharacterIndex": 4,
      "ID": 609120,
      "Level": 1
    },
    {
      "OwnerCharacterIndex": 4,
      "ID": 609121,
      "Level": 1
    },
    {
      "OwnerCharacterIndex": 4,
      "ID": 609122,
      "Level": 1
    },
    {
      "OwnerCharacterIndex": 4,
      "ID": 609123,
      "Level": 1
    },
    {
      "OwnerCharacterIndex": 4,
      "ID": 609124,
      "Level": 1
    },
    {
      "OwnerCharacterIndex": 4,
      "ID": 609125,
      "Level": 1
    },
    {
      "OwnerCharacterIndex": 4,
      "ID": 609126,
      "Level": 1
    },
    {
      "OwnerCharacterIndex": 4,
      "ID": 609127,
      "Level": 1
    },
    {
      "OwnerCharacterIndex": 4,
      "ID": 609128,
      "Level": 1
    },
    {
      "OwnerCharacterIndex": 4,
      "ID": 609129,
      "Level": 1
    },
    {
      "OwnerCharacterIndex": 4,
      "ID": 609130,
      "Level": 1
    },
    {
      "OwnerCharacterIndex": 4,
      "ID": 609131,
      "Level": 1
    },
    {
      "OwnerCharacterIndex": 4,
      "ID": 609201,
      "Level": 1
    },
    {
      "OwnerCharacterIndex": 4,
      "ID": 609202,
      "Level": 1
    },
    {
      "OwnerCharacterIndex": 4,
      "ID": 609203,
      "Level": 1
    },
    {
      "OwnerCharacterIndex": 4,
      "ID": 609204,
      "Level": 1
    },
    {
      "OwnerCharacterIndex": 4,
      "ID": 609205,
      "Level": 1
    },
    {
      "OwnerCharacterIndex": 4,
      "ID": 609304,
      "Level": 1
    },
    {
      "OwnerCharacterIndex": 4,
      "ID": 612420,
      "Level": 1
    },
    {
      "OwnerCharacterIndex": 4,
      "ID": 612422,
      "Level": 1
    },
    {
      "OwnerCharacterIndex": 4,
      "ID": 612430,
      "Level": 1
    },
    {
      "OwnerCharacterIndex": 4,
      "ID": 612443,
      "Level": 1
    },
    {
      "OwnerCharacterIndex": 4,
      "ID": 612445,
      "Level": 1
    },
    {
      "OwnerCharacterIndex": 4,
      "ID": 612450,
      "Level": 1
    },
    {
      "OwnerCharacterIndex": 4,
      "ID": 612451,
      "Level": 1
    },
    {
      "OwnerCharacterIndex": 4,
      "ID": 612452,
      "Level": 1
    },
    {
      "OwnerCharacterIndex": 4,
      "ID": 612456,
      "Level": 1
    },
    {
      "OwnerCharacterIndex": 4,
      "ID": 612344,
      "Level": 1
    },
    {
      "OwnerCharacterIndex": 4,
      "ID": 612044,
      "Level": 1
    },
    {
      "OwnerCharacterIndex": 4,
      "ID": 612354,
      "Level": 1
    },
    {
      "OwnerCharacterIndex": 4,
      "ID": 612151,
      "Level": 1
    }
  ],
  "BattleArea": {
    "PlaneId": 20002,
    "FloorId": 20002001,
    "GroupId": 1,
    "BattleAreaId": 1
  }
}