{
  "SaveFile": "CEQuickSave_YZBoss-Team002",
  "Name": "YZBoss-Team002",
  "StageID": 588,
  "SkillTreePreset": "W5_Standard_70-80",
  "LineupConfigList": [
    {
      "AvatarId": 1013,
      "Level": 80,
      "Promotion": 6,
      "Rank": 6,
      "SkillTreePointList": [
        {
          "Id": 1013001,
          "Level": 6
        },
        {
          "Id": 1013002,
          "Level": 10
        },
        {
          "Id": 1013003,
          "Level": 10
        },
        {
          "Id": 1013004,
          "Level": 10
        },
        {
          "Id": 1013007,
          "Level": 1
        },
        {
          "Id": 1013101,
          "Level": 1
        },
        {
          "Id": 1013102,
          "Level": 1
        },
        {
          "Id": 1013103,
          "Level": 1
        },
        {
          "Id": 1013201,
          "Level": 1
        },
        {
          "Id": 1013202,
          "Level": 1
        },
        {
          "Id": 1013203,
          "Level": 1
        },
        {
          "Id": 1013204,
          "Level": 1
        },
        {
          "Id": 1013205,
          "Level": 1
        },
        {
          "Id": 1013206,
          "Level": 1
        },
        {
          "Id": 1013207,
          "Level": 1
        },
        {
          "Id": 1013208,
          "Level": 1
        },
        {
          "Id": 1013209,
          "Level": 1
        },
        {
          "Id": 1013210,
          "Level": 1
        }
      ],
      "EquipmentConfigList": [
        {
          "Id": 21006,
          "Level": 80,
          "Rank": 5
        }
      ],
      "RelicPropertyTypeList": [
        610415,
        630615
      ],
      "RelicMainValue": 4262515,
      "RelicSubValue": 515
    },
    {
      "AvatarId": 8001,
      "Level": 80,
      "Promotion": 6,
      "Rank": 6,
      "SkillTreePointList": [
        {
          "Id": 8001001,
          "Level": 6
        },
        {
          "Id": 8001002,
          "Level": 10
        },
        {
          "Id": 8001003,
          "Level": 10
        },
        {
          "Id": 8001004,
          "Level": 10
        },
        {
          "Id": 8001007,
          "Level": 1
        },
        {
          "Id": 8001101,
          "Level": 1
        },
        {
          "Id": 8001102,
          "Level": 1
        },
        {
          "Id": 8001103,
          "Level": 1
        },
        {
          "Id": 8001201,
          "Level": 1
        },
        {
          "Id": 8001202,
          "Level": 1
        },
        {
          "Id": 8001203,
          "Level": 1
        },
        {
          "Id": 8001204,
          "Level": 1
        },
        {
          "Id": 8001205,
          "Level": 1
        },
        {
          "Id": 8001206,
          "Level": 1
        },
        {
          "Id": 8001207,
          "Level": 1
        },
        {
          "Id": 8001208,
          "Level": 1
        },
        {
          "Id": 8001209,
          "Level": 1
        },
        {
          "Id": 8001210,
          "Level": 1
        }
      ],
      "EquipmentConfigList": [
        {
          "Id": 21005,
          "Level": 80,
          "Rank": 5
        }
      ],
      "RelicPropertyTypeList": [
        610515,
        630115
      ],
      "RelicMainValue": 4442515,
      "RelicSubValue": 515
    },
    {
      "AvatarId": 1009,
      "Level": 80,
      "Promotion": 6,
      "Rank": 6,
      "SkillTreePointList": [
        {
          "Id": 1009001,
          "Level": 6
        },
        {
          "Id": 1009002,
          "Level": 10
        },
        {
          "Id": 1009003,
          "Level": 10
        },
        {
          "Id": 1009004,
          "Level": 10
        },
        {
          "Id": 1009007,
          "Level": 1
        },
        {
          "Id": 1009101,
          "Level": 1
        },
        {
          "Id": 1009102,
          "Level": 1
        },
        {
          "Id": 1009103,
          "Level": 1
        },
        {
          "Id": 1009201,
          "Level": 1
        },
        {
          "Id": 1009202,
          "Level": 1
        },
        {
          "Id": 1009203,
          "Level": 1
        },
        {
          "Id": 1009204,
          "Level": 1
        },
        {
          "Id": 1009205,
          "Level": 1
        },
        {
          "Id": 1009206,
          "Level": 1
        },
        {
          "Id": 1009207,
          "Level": 1
        },
        {
          "Id": 1009208,
          "Level": 1
        },
        {
          "Id": 1009209,
          "Level": 1
        },
        {
          "Id": 1009210,
          "Level": 1
        }
      ],
      "EquipmentConfigList": [
        {
          "Id": 21011,
          "Level": 80,
          "Rank": 5
        }
      ],
      "RelicPropertyTypeList": [
        611515,
        630715
      ],
      "RelicMainValue": 4452515,
      "RelicSubValue": 515
    },
    {
      "AvatarId": 1105,
      "Level": 80,
      "Promotion": 6,
      "Rank": 6,
      "SkillTreePointList": [
        {
          "Id": 1105001,
          "Level": 6
        },
        {
          "Id": 1105002,
          "Level": 10
        },
        {
          "Id": 1105003,
          "Level": 10
        },
        {
          "Id": 1105004,
          "Level": 10
        },
        {
          "Id": 1105007,
          "Level": 1
        },
        {
          "Id": 1105101,
          "Level": 1
        },
        {
          "Id": 1105102,
          "Level": 1
        },
        {
          "Id": 1105103,
          "Level": 1
        },
        {
          "Id": 1105201,
          "Level": 1
        },
        {
          "Id": 1105202,
          "Level": 1
        },
        {
          "Id": 1105203,
          "Level": 1
        },
        {
          "Id": 1105204,
          "Level": 1
        },
        {
          "Id": 1105205,
          "Level": 1
        },
        {
          "Id": 1105206,
          "Level": 1
        },
        {
          "Id": 1105207,
          "Level": 1
        },
        {
          "Id": 1105208,
          "Level": 1
        },
        {
          "Id": 1105209,
          "Level": 1
        },
        {
          "Id": 1105210,
          "Level": 1
        }
      ],
      "EquipmentConfigList": [
        {
          "Id": 21000,
          "Level": 80,
          "Rank": 5
        }
      ],
      "RelicPropertyTypeList": [
        610115,
        630215
      ],
      "RelicMainValue": 1412515,
      "RelicSubValue": 515
    }
  ],
  "MazeBuffDataList": []
}