{
  "SaveFile": "CEQuickSave_844-1",
  "Name": "844-1",
  "StageID": 844,
  "SkillTreePreset": "None",
  "LineupConfigList": [
    {
      "AvatarId": 9121,
      "Level": 80,
      "Promotion": 6,
      "SkillTreePointList": [
        {
          "Id": 9121001,
          "Level": 6
        },
        {
          "Id": 9121002,
          "Level": 10
        },
        {
          "Id": 9121003,
          "Level": 10
        },
        {
          "Id": 9121004,
          "Level": 10
        },
        {
          "Id": 9121007,
          "Level": 1
        },
        {
          "Id": 9121101,
          "Level": 1
        },
        {
          "Id": 9121102,
          "Level": 1
        },
        {
          "Id": 9121103,
          "Level": 1
        },
        {
          "Id": 9121201,
          "Level": 1
        },
        {
          "Id": 9121202,
          "Level": 1
        },
        {
          "Id": 9121203,
          "Level": 1
        },
        {
          "Id": 9121204,
          "Level": 1
        },
        {
          "Id": 9121205,
          "Level": 1
        },
        {
          "Id": 9121206,
          "Level": 1
        },
        {
          "Id": 9121207,
          "Level": 1
        },
        {
          "Id": 9121208,
          "Level": 1
        },
        {
          "Id": 9121209,
          "Level": 1
        },
        {
          "Id": 9121210,
          "Level": 1
        }
      ],
      "EquipmentConfigList": [
        {
          "Id": 23006,
          "Level": 80,
          "Rank": 1
        }
      ],
      "RelicPropertyTypeList": [
        611015,
        6303115
      ],
      "RelicMainValue": 2484515,
      "RelicSubValue": 515
    },
    {
      "AvatarId": 1005,
      "Level": 80,
      "Promotion": 6,
      "SkillTreePointList": [
        {
          "Id": 1005001,
          "Level": 6
        },
        {
          "Id": 1005002,
          "Level": 10
        },
        {
          "Id": 1005003,
          "Level": 10
        },
        {
          "Id": 1005004,
          "Level": 10
        },
        {
          "Id": 1005007,
          "Level": 1
        },
        {
          "Id": 1005101,
          "Level": 1
        },
        {
          "Id": 1005102,
          "Level": 1
        },
        {
          "Id": 1005103,
          "Level": 1
        },
        {
          "Id": 1005201,
          "Level": 1
        },
        {
          "Id": 1005202,
          "Level": 1
        },
        {
          "Id": 1005203,
          "Level": 1
        },
        {
          "Id": 1005204,
          "Level": 1
        },
        {
          "Id": 1005205,
          "Level": 1
        },
        {
          "Id": 1005206,
          "Level": 1
        },
        {
          "Id": 1005207,
          "Level": 1
        },
        {
          "Id": 1005208,
          "Level": 1
        },
        {
          "Id": 1005209,
          "Level": 1
        },
        {
          "Id": 1005210,
          "Level": 1
        }
      ],
      "EquipmentConfigList": [
        {
          "Id": 23006,
          "Level": 80,
          "Rank": 1
        }
      ],
      "RelicPropertyTypeList": [
        610915,
        630115
      ],
      "RelicMainValue": 2474515,
      "RelicSubValue": 515
    },
    {
      "AvatarId": 1202,
      "Level": 80,
      "Promotion": 6,
      "Rank": 6,
      "SkillTreePointList": [
        {
          "Id": 1202001,
          "Level": 6
        },
        {
          "Id": 1202002,
          "Level": 10
        },
        {
          "Id": 1202003,
          "Level": 10
        },
        {
          "Id": 1202004,
          "Level": 10
        },
        {
          "Id": 1202007,
          "Level": 1
        },
        {
          "Id": 1202101,
          "Level": 1
        },
        {
          "Id": 1202103,
          "Level": 1
        },
        {
          "Id": 1202201,
          "Level": 1
        },
        {
          "Id": 1202202,
          "Level": 1
        },
        {
          "Id": 1202203,
          "Level": 1
        },
        {
          "Id": 1202204,
          "Level": 1
        },
        {
          "Id": 1202205,
          "Level": 1
        },
        {
          "Id": 1202206,
          "Level": 1
        },
        {
          "Id": 1202207,
          "Level": 1
        },
        {
          "Id": 1202208,
          "Level": 1
        },
        {
          "Id": 1202209,
          "Level": 1
        },
        {
          "Id": 1202210,
          "Level": 1
        },
        {
          "Id": 1202102,
          "Level": 1
        }
      ],
      "EquipmentConfigList": [
        {
          "Id": 21011,
          "Level": 80,
          "Rank": 5
        }
      ],
      "RelicPropertyTypeList": [
        611415,
        630115
      ],
      "RelicMainValue": 1422515,
      "RelicSubValue": 515
    },
    {
      "AvatarId": 1203,
      "Level": 80,
      "Promotion": 6,
      "SkillTreePointList": [
        {
          "Id": 1203001,
          "Level": 6
        },
        {
          "Id": 1203002,
          "Level": 10
        },
        {
          "Id": 1203003,
          "Level": 10
        },
        {
          "Id": 1203004,
          "Level": 10
        },
        {
          "Id": 1203007,
          "Level": 1
        },
        {
          "Id": 1203101,
          "Level": 1
        },
        {
          "Id": 1203201,
          "Level": 1
        },
        {
          "Id": 1203202,
          "Level": 1
        },
        {
          "Id": 1203203,
          "Level": 1
        },
        {
          "Id": 1203204,
          "Level": 1
        },
        {
          "Id": 1203205,
          "Level": 1
        },
        {
          "Id": 1203206,
          "Level": 1
        },
        {
          "Id": 1203207,
          "Level": 1
        },
        {
          "Id": 1203208,
          "Level": 1
        },
        {
          "Id": 1203209,
          "Level": 1
        },
        {
          "Id": 1203210,
          "Level": 1
        },
        {
          "Id": 1203102,
          "Level": 1
        },
        {
          "Id": 1203103,
          "Level": 1
        }
      ],
      "EquipmentConfigList": [
        {
          "Id": 23008,
          "Level": 80,
          "Rank": 1
        }
      ],
      "RelicPropertyTypeList": [
        611415,
        630115
      ],
      "RelicMainValue": 6422515,
      "RelicSubValue": 515
    }
  ],
  "MazeBuffDataList": [],
  "BattleArea": {
    "PlaneId": 20001,
    "FloorId": 20001001,
    "GroupId": 2,
    "BattleAreaId": 1
  }
}