{
  "SaveFile": "CEQuickSave_coin02",
  "Name": "coin02",
  "StageID": 2079,
  "SkillTreePreset": "None",
  "LineupConfigList": [
    {
      "AvatarId": 1102,
      "Level": 40,
      "Promotion": 2,
      "SkillTreePointList": [
        {
          "Id": 1102001,
          "Level": 2
        },
        {
          "Id": 1102002,
          "Level": 2
        },
        {
          "Id": 1102003,
          "Level": 2
        },
        {
          "Id": 1102004,
          "Level": 2
        },
        {
          "Id": 1102007,
          "Level": 1
        },
        {
          "Id": 1102101,
          "Level": 1
        },
        {
          "Id": 1102201,
          "Level": 1
        }
      ],
      "EquipmentConfigList": [
        {
          "Id": 21003,
          "Level": 40,
          "Rank": 1
        }
      ],
      "RelicPropertyTypeList": [
        41080103
      ]
    },
    {
      "AvatarId": 8001,
      "Level": 40,
      "Promotion": 2,
      "SkillTreePointList": [
        {
          "Id": 8001001,
          "Level": 2
        },
        {
          "Id": 8001002,
          "Level": 2
        },
        {
          "Id": 8001003,
          "Level": 2
        },
        {
          "Id": 8001004,
          "Level": 2
        },
        {
          "Id": 8001007,
          "Level": 1
        },
        {
          "Id": 8001101,
          "Level": 1
        },
        {
          "Id": 8001201,
          "Level": 1
        }
      ],
      "EquipmentConfigList": [
        {
          "Id": 21005,
          "Level": 40,
          "Rank": 1
        }
      ],
      "RelicPropertyTypeList": [
        41050103
      ]
    },
    {
      "AvatarId": 1202,
      "Level": 40,
      "Promotion": 2,
      "SkillTreePointList": [
        {
          "Id": 1202001,
          "Level": 2
        },
        {
          "Id": 1202002,
          "Level": 2
        },
        {
          "Id": 1202003,
          "Level": 2
        },
        {
          "Id": 1202004,
          "Level": 2
        },
        {
          "Id": 1202007,
          "Level": 1
        },
        {
          "Id": 1202101,
          "Level": 1
        },
        {
          "Id": 1202201,
          "Level": 1
        }
      ],
      "EquipmentConfigList": [
        {
          "Id": 21011,
          "Level": 40,
          "Rank": 1
        }
      ],
      "RelicPropertyTypeList": [
        41020703
      ]
    },
    {
      "AvatarId": 1105,
      "Level": 40,
      "Promotion": 2,
      "SkillTreePointList": [
        {
          "Id": 1105001,
          "Level": 2
        },
        {
          "Id": 1105002,
          "Level": 2
        },
        {
          "Id": 1105003,
          "Level": 2
        },
        {
          "Id": 1105004,
          "Level": 2
        },
        {
          "Id": 1105007,
          "Level": 1
        },
        {
          "Id": 1105101,
          "Level": 1
        },
        {
          "Id": 1105201,
          "Level": 1
        }
      ],
      "EquipmentConfigList": [
        {
          "Id": 21000,
          "Level": 40,
          "Rank": 1
        }
      ],
      "RelicPropertyTypeList": [
        41010303
      ]
    }
  ],
  "MazeBuffDataList": []
}