{
  "SaveFile": "CEQuickSave_UICE-4",
  "Name": "UICE-4",
  "StageID": 829,
  "SkillTreePreset": "MaxWithInLevel",
  "LineupConfigList": [
    {
      "AvatarId": 1102,
      "Level": 79,
      "Promotion": 6,
      "SkillTreePointList": [
        {
          "Id": 1102001,
          "Level": 5
        },
        {
          "Id": 1102002,
          "Level": 8
        },
        {
          "Id": 1102003,
          "Level": 8
        },
        {
          "Id": 1102004,
          "Level": 8
        },
        {
          "Id": 1102007,
          "Level": 1
        },
        {
          "Id": 1102101,
          "Level": 1
        },
        {
          "Id": 1102102,
          "Level": 1
        },
        {
          "Id": 1102103,
          "Level": 1
        },
        {
          "Id": 1102201,
          "Level": 1
        },
        {
          "Id": 1102202,
          "Level": 1
        },
        {
          "Id": 1102203,
          "Level": 1
        },
        {
          "Id": 1102204,
          "Level": 1
        },
        {
          "Id": 1102205,
          "Level": 1
        },
        {
          "Id": 1102206,
          "Level": 1
        },
        {
          "Id": 1102207,
          "Level": 1
        },
        {
          "Id": 1102208,
          "Level": 1
        }
      ],
      "EquipmentConfigList": [
        {
          "Id": 21003,
          "Level": 79,
          "Rank": 3
        }
      ],
      "RelicPropertyTypeList": [
        61080112,
        63019612
      ]
    },
    {
      "AvatarId": 1106,
      "Level": 79,
      "Promotion": 6,
      "Rank": 4,
      "SkillTreePointList": [
        {
          "Id": 1106001,
          "Level": 5
        },
        {
          "Id": 1106002,
          "Level": 8
        },
        {
          "Id": 1106003,
          "Level": 8
        },
        {
          "Id": 1106004,
          "Level": 8
        },
        {
          "Id": 1106007,
          "Level": 1
        },
        {
          "Id": 1106101,
          "Level": 1
        },
        {
          "Id": 1106102,
          "Level": 1
        },
        {
          "Id": 1106103,
          "Level": 1
        },
        {
          "Id": 1106201,
          "Level": 1
        },
        {
          "Id": 1106202,
          "Level": 1
        },
        {
          "Id": 1106203,
          "Level": 1
        },
        {
          "Id": 1106204,
          "Level": 1
        },
        {
          "Id": 1106205,
          "Level": 1
        },
        {
          "Id": 1106206,
          "Level": 1
        },
        {
          "Id": 1106207,
          "Level": 1
        },
        {
          "Id": 1106208,
          "Level": 1
        }
      ],
      "EquipmentConfigList": [
        {
          "Id": 21001,
          "Level": 79,
          "Rank": 3
        }
      ],
      "RelicPropertyTypeList": [
        61040112,
        63089312
      ]
    },
    {
      "AvatarId": 1207,
      "Level": 79,
      "Promotion": 6,
      "Rank": 4,
      "SkillTreePointList": [
        {
          "Id": 1207001,
          "Level": 5
        },
        {
          "Id": 1207002,
          "Level": 8
        },
        {
          "Id": 1207003,
          "Level": 8
        },
        {
          "Id": 1207004,
          "Level": 8
        },
        {
          "Id": 1207007,
          "Level": 1
        },
        {
          "Id": 1207101,
          "Level": 1
        },
        {
          "Id": 1207102,
          "Level": 1
        },
        {
          "Id": 1207103,
          "Level": 1
        },
        {
          "Id": 1207201,
          "Level": 1
        },
        {
          "Id": 1207202,
          "Level": 1
        },
        {
          "Id": 1207203,
          "Level": 1
        },
        {
          "Id": 1207204,
          "Level": 1
        },
        {
          "Id": 1207205,
          "Level": 1
        },
        {
          "Id": 1207206,
          "Level": 1
        },
        {
          "Id": 1207207,
          "Level": 1
        },
        {
          "Id": 1207208,
          "Level": 1
        }
      ],
      "EquipmentConfigList": [
        {
          "Id": 21011,
          "Level": 79,
          "Rank": 3
        }
      ],
      "RelicPropertyTypeList": [
        61020112,
        63029712
      ]
    },
    {
      "AvatarId": 1105,
      "Level": 79,
      "Promotion": 6,
      "Rank": 4,
      "SkillTreePointList": [
        {
          "Id": 1105001,
          "Level": 5
        },
        {
          "Id": 1105002,
          "Level": 8
        },
        {
          "Id": 1105003,
          "Level": 8
        },
        {
          "Id": 1105004,
          "Level": 8
        },
        {
          "Id": 1105007,
          "Level": 1
        },
        {
          "Id": 1105101,
          "Level": 1
        },
        {
          "Id": 1105102,
          "Level": 1
        },
        {
          "Id": 1105103,
          "Level": 1
        },
        {
          "Id": 1105201,
          "Level": 1
        },
        {
          "Id": 1105202,
          "Level": 1
        },
        {
          "Id": 1105203,
          "Level": 1
        },
        {
          "Id": 1105204,
          "Level": 1
        },
        {
          "Id": 1105205,
          "Level": 1
        },
        {
          "Id": 1105206,
          "Level": 1
        },
        {
          "Id": 1105207,
          "Level": 1
        },
        {
          "Id": 1105208,
          "Level": 1
        }
      ],
      "EquipmentConfigList": [
        {
          "Id": 21000,
          "Level": 79,
          "Rank": 3
        }
      ],
      "RelicPropertyTypeList": [
        61010312,
        63029912
      ]
    }
  ],
  "MazeBuffDataList": []
}