{
  "SaveFile": "CEQuickSave_ShenYuan21",
  "Name": "ShenYuan21",
  "StageID": 30002021,
  "SkillTreePreset": "None",
  "SPPreset": "Half",
  "LineupConfigList": [
    {
      "AvatarId": 1102,
      "Level": 60,
      "Promotion": 4,
      "SkillTreePointList": [
        {
          "Id": 1102001,
          "Level": 3
        },
        {
          "Id": 1102002,
          "Level": 4
        },
        {
          "Id": 1102003,
          "Level": 4
        },
        {
          "Id": 1102004,
          "Level": 4
        },
        {
          "Id": 1102007,
          "Level": 1
        },
        {
          "Id": 1102101,
          "Level": 1
        },
        {
          "Id": 1102102,
          "Level": 1
        },
        {
          "Id": 1102201,
          "Level": 1
        },
        {
          "Id": 1102202,
          "Level": 1
        },
        {
          "Id": 1102203,
          "Level": 1
        },
        {
          "Id": 1102204,
          "Level": 1
        }
      ],
      "EquipmentConfigList": [
        {
          "Id": 21003,
          "Level": 60,
          "Rank": 1
        }
      ],
      "RelicPropertyTypeList": [
        510810,
        530110
      ],
      "RelicMainValue": 4494410,
      "RelicSubValue": 410
    },
    {
      "AvatarId": 1111,
      "Level": 60,
      "Promotion": 4,
      "Rank": 2,
      "SkillTreePointList": [
        {
          "Id": 1111001,
          "Level": 3
        },
        {
          "Id": 1111002,
          "Level": 4
        },
        {
          "Id": 1111003,
          "Level": 4
        },
        {
          "Id": 1111004,
          "Level": 4
        },
        {
          "Id": 1111007,
          "Level": 1
        },
        {
          "Id": 1111101,
          "Level": 1
        },
        {
          "Id": 1111102,
          "Level": 1
        },
        {
          "Id": 1111201,
          "Level": 1
        },
        {
          "Id": 1111202,
          "Level": 1
        },
        {
          "Id": 1111203,
          "Level": 1
        },
        {
          "Id": 1111204,
          "Level": 1
        }
      ],
      "EquipmentConfigList": [
        {
          "Id": 21008,
          "Level": 60,
          "Rank": 1
        }
      ],
      "RelicPropertyTypeList": [
        510510,
        530110
      ],
      "RelicMainValue": 2444410,
      "RelicSubValue": 410
    },
    {
      "AvatarId": 1105,
      "Level": 60,
      "Promotion": 4,
      "Rank": 2,
      "SkillTreePointList": [
        {
          "Id": 1105001,
          "Level": 3
        },
        {
          "Id": 1105002,
          "Level": 4
        },
        {
          "Id": 1105003,
          "Level": 4
        },
        {
          "Id": 1105004,
          "Level": 4
        },
        {
          "Id": 1105007,
          "Level": 1
        },
        {
          "Id": 1105101,
          "Level": 1
        },
        {
          "Id": 1105102,
          "Level": 1
        },
        {
          "Id": 1105201,
          "Level": 1
        },
        {
          "Id": 1105202,
          "Level": 1
        },
        {
          "Id": 1105203,
          "Level": 1
        },
        {
          "Id": 1105204,
          "Level": 1
        }
      ],
      "EquipmentConfigList": [
        {
          "Id": 21000,
          "Level": 60,
          "Rank": 1
        }
      ],
      "RelicPropertyTypeList": [
        510110,
        530210
      ],
      "RelicMainValue": 1412410,
      "RelicSubValue": 410
    },
    {
      "AvatarId": 8003,
      "Level": 60,
      "Promotion": 4,
      "Rank": 2,
      "SkillTreePointList": [
        {
          "Id": 8003001,
          "Level": 3
        },
        {
          "Id": 8003002,
          "Level": 4
        },
        {
          "Id": 8003003,
          "Level": 4
        },
        {
          "Id": 8003004,
          "Level": 4
        },
        {
          "Id": 8003007,
          "Level": 1
        },
        {
          "Id": 8003101,
          "Level": 1
        },
        {
          "Id": 8003102,
          "Level": 1
        },
        {
          "Id": 8003201,
          "Level": 1
        },
        {
          "Id": 8003202,
          "Level": 1
        },
        {
          "Id": 8003203,
          "Level": 1
        },
        {
          "Id": 8003204,
          "Level": 1
        }
      ],
      "EquipmentConfigList": [
        {
          "Id": 21002,
          "Level": 60,
          "Rank": 1
        }
      ],
      "RelicPropertyTypeList": [
        510610,
        530410
      ],
      "RelicMainValue": 3355410,
      "RelicSubValue": 410
    }
  ],
  "MazeBuffDataList": [],
  "BattleArea": {
    "PlaneId": 20001,
    "FloorId": 20001001,
    "GroupId": 2,
    "BattleAreaId": 1
  }
}