{
  "GroupGUID": "576020d1-e318-412a-8510-7a5cff82316d",
  "GroupName": "Exit",
  "AreaAnchorName": "LevelArea_P10101_F10101001_G167",
  "SaveType": "Reset",
  "LoadCondition": {
    "Conditions": [
      {
        "Phase": "Finish",
        "ID": 1011501
      }
    ]
  },
  "ConflictIDList": [],
  "AnchorList": [],
  "MonsterList": [],
  "PropList": [
    {
      "ID": 300001,
      "PosX": -3.993,
      "PosY": -19.67733,
      "PosZ": -31.758,
      "Name": "Prop1",
      "PropID": 107,
      "IsOverrideInitLevelGraph": true,
      "InitLevelGraph": "Config/Level/Maze/Chapter01/Town/Town_Chapter01_Entry.json",
      "ValueSource": {
        "Values": [
          {
            "$type": "SharedString",
            "Key": "ButtonTextFloorName",
            "Value": "FloorName_10102001 "
          },
          {
            "$type": "SharedUint",
            "Key": "EnterMapEntranceID",
            "Value": 202040214
          }
        ]
      },
      "Trigger": {
        "Shape": "Box",
        "Radius": 1.0,
        "DimX": 3.0,
        "DimY": 2.0,
        "DimZ": 2.0,
        "PointList": []
      },
      "CampID": 4,
      "MapLayerID": 1,
      "CustomTriggerMap": {},
      "BridgeStateRotations": [],
      "MappingInfoID": 2012104,
      "DialogueGroups": [],
      "TalkDialogGroupIDList": [],
      "ServerInteractVerificationIDList": [],
      "OverrideMapIconType": 99
    }
  ],
  "NPCList": []
}