{
  "GroupGUID": "334ceadf-dd7e-460b-b066-842861eff2ff",
  "GroupName": "MainMission3010203_",
  "Category": "Mission",
  "AreaAnchorName": "LevelArea_P10101_F10101001_G156",
  "SaveType": "Reset",
  "LoadCondition": {
    "Conditions": [
      {
        "ID": 3010203
      }
    ]
  },
  "ForceUnloadCondition": {
    "Conditions": [
      {
        "Phase": "Cancel",
        "ID": 3010203
      }
    ]
  },
  "OwnerMainMissionID": 3010203,
  "ConflictIDList": [],
  "AnchorList": [],
  "MonsterList": [],
  "PropList": [
    {
      "ID": 300001,
      "PosX": -38.02,
      "PosY": 0.81403,
      "PosZ": -103.8,
      "Name": "Prop1",
      "PropID": 121,
      "IsOverrideInitLevelGraph": true,
      "CampID": 4,
      "MapLayerID": 2,
      "CustomTriggerMap": {},
      "BridgeStateRotations": [],
      "DialogueGroups": [],
      "TalkDialogGroupIDList": [],
      "ServerInteractVerificationIDList": []
    }
  ],
  "NPCList": [
    {
      "ID": 400001,
      "PosX": -36.454,
      "PosY": 0.009724,
      "PosZ": -102.85,
      "Name": "NPC1",
      "RotY": 139.5139,
      "NPCID": 11120,
      "DialogueGroups": [
        301020302
      ],
      "ServerInteractVerificationIDList": [],
      "DefaultIdleStateName": "LeanLoop",
      "DefaultLookAtMode": "Closed",
      "MapLayerID": 2,
      "BoardShowList": [],
      "TalkDialogGroupIDList": [],
      "DefaultIdleFreeStyleMotionID": 100010237,
      "InitialHiddenNodeList": [],
      "Dialog": {
        "LevelGraph": "Config/Level/NPCDialogue/P10101/F10101001_G156/DialogueMain_F10101001_G156_N400001.json",
        "EnableCondition": {
          "Conditions": [
            {
              "Type": "SubMission",
              "ID": 301020302
            }
          ],
          "Operation": "Or"
        }
      }
    }
  ]
}