{
  "GroupGUID": "49df88d3-fb2e-4fea-b232-20544e66353a",
  "GroupName": "MainMission2011402_",
  "Category": "Mission",
  "AreaAnchorName": "LevelArea_P10101_F10101001_G105",
  "SaveType": "Reset",
  "LoadCondition": {
    "Conditions": [
      {
        "Type": "SubMission",
        "ID": 201140209
      },
      {
        "Type": "SubMission",
        "ID": 201140211
      }
    ],
    "Operation": "Or"
  },
  "UnloadCondition": {
    "Conditions": [
      {
        "Type": "SubMission",
        "Phase": "Finish",
        "ID": 201140211
      }
    ]
  },
  "OwnerMainMissionID": 2011402,
  "ConflictIDList": [],
  "AnchorList": [
    {
      "ID": 1,
      "PosX": -14.489,
      "PosY": 0.233791,
      "PosZ": -4.073,
      "Name": "Anchor1",
      "RotY": 171.1144,
      "MapLayerID": 2
    }
  ],
  "MonsterList": [],
  "PropList": [
    {
      "ID": 300001,
      "PosX": -12.66,
      "PosY": 0.233791,
      "PosZ": -6.4,
      "Name": "Prop1",
      "PropID": 100,
      "IsOverrideInitLevelGraph": true,
      "Trigger": {
        "Radius": 5.0,
        "DimX": 1.0,
        "DimY": 1.0,
        "DimZ": 1.0,
        "PointList": []
      },
      "CampID": 4,
      "MapLayerID": 2,
      "CustomTriggerMap": {},
      "BridgeStateRotations": [],
      "DialogueGroups": [],
      "TalkDialogGroupIDList": [],
      "ServerInteractVerificationIDList": []
    }
  ],
  "NPCList": [
    {
      "ID": 400001,
      "PosX": -14.02,
      "PosY": 0.233807,
      "PosZ": -5.75,
      "Name": "NPC1",
      "NPCID": 1104,
      "DialogueGroups": [],
      "ServerInteractVerificationIDList": [],
      "DefaultLookAtMode": "Closed",
      "MapLayerID": 2,
      "BoardShowList": [],
      "TalkDialogGroupIDList": [],
      "DefaultIdleFreeStyleMotionID": 311040000,
      "InitialHiddenNodeList": []
    },
    {
      "ID": 400002,
      "PosX": -13.33,
      "PosY": 0.233807,
      "PosZ": -4.36,
      "Name": "NPC2",
      "RotY": 223.7215,
      "NPCID": 1103,
      "DialogueGroups": [],
      "ServerInteractVerificationIDList": [],
      "DefaultLookAtMode": "Closed",
      "MapLayerID": 2,
      "BoardShowList": [],
      "TalkDialogGroupIDList": [],
      "DefaultIdleFreeStyleMotionID": 311030000,
      "InitialHiddenNodeList": []
    }
  ]
}