{
  "GroupGUID": "57e9bf3f-d663-46eb-8e1a-a6b6d992c934",
  "GroupName": "MainMission3010202_",
  "Category": "Mission",
  "AreaAnchorName": "LevelArea_P10101_F10101001_G155",
  "SaveType": "Reset",
  "LoadCondition": {
    "Conditions": [
      {
        "ID": 3010202
      }
    ]
  },
  "ForceUnloadCondition": {
    "Conditions": [
      {
        "Phase": "Cancel",
        "ID": 3010202
      }
    ]
  },
  "OwnerMainMissionID": 3010202,
  "ConflictIDList": [],
  "AnchorList": [],
  "MonsterList": [],
  "PropList": [
    {
      "ID": 300001,
      "PosX": -66.213,
      "PosY": 2.493,
      "PosZ": -46.855,
      "Name": "Prop1",
      "PropID": 121,
      "IsOverrideInitLevelGraph": true,
      "CampID": 4,
      "MapLayerID": 2,
      "CustomTriggerMap": {},
      "BridgeStateRotations": [],
      "DialogueGroups": [],
      "TalkDialogGroupIDList": [],
      "ServerInteractVerificationIDList": []
    }
  ],
  "NPCList": [
    {
      "ID": 400001,
      "PosX": -66.89,
      "PosY": 1.258389,
      "PosZ": -46.19,
      "Name": "NPC1",
      "RotY": 132.0209,
      "NPCID": 11120,
      "DialogueGroups": [
        301020202
      ],
      "ServerInteractVerificationIDList": [],
      "DefaultIdleStateName": "SpeechLoop",
      "DefaultLookAtMode": "Closed",
      "MapLayerID": 2,
      "BoardShowList": [],
      "TalkDialogGroupIDList": [],
      "DefaultIdleFreeStyleMotionID": 100010295,
      "InitialHiddenNodeList": [],
      "Dialog": {
        "LevelGraph": "Config/Level/NPCDialogue/P10101/F10101001_G155/DialogueMain_F10101001_G155_N400001.json",
        "EnableCondition": {
          "Conditions": [
            {
              "Type": "SubMission",
              "ID": 301020202
            }
          ],
          "Operation": "Or"
        }
      }
    },
    {
      "ID": 400002,
      "PosX": -66.584,
      "PosY": 1.123062,
      "PosZ": -47.525,
      "Name": "NPC2",
      "NPCID": 11308,
      "DialogueGroups": [],
      "ServerInteractVerificationIDList": [],
      "DefaultIdleStateName": "Distress01Loop",
      "DefaultLookAtMode": "Closed",
      "MapLayerID": 2,
      "BoardShowList": [],
      "TalkDialogGroupIDList": [],
      "DefaultIdleFreeStyleMotionID": 100040291,
      "InitialHiddenNodeList": []
    },
    {
      "ID": 400003,
      "PosX": -65.75,
      "PosY": 1.123062,
      "PosZ": -46.29,
      "Name": "NPC3",
      "RotY": 296.6859,
      "NPCID": 11309,
      "DialogueGroups": [],
      "ServerInteractVerificationIDList": [],
      "DefaultIdleStateName": "Akimbo01Loop",
      "DefaultLookAtMode": "Closed",
      "MapLayerID": 2,
      "BoardShowList": [],
      "TalkDialogGroupIDList": [],
      "DefaultIdleFreeStyleMotionID": 100040210,
      "InitialHiddenNodeList": []
    },
    {
      "ID": 400004,
      "PosX": -65.85,
      "PosY": 1.123062,
      "PosZ": -47.38,
      "Name": "NPC4",
      "RotY": 320.7216,
      "NPCID": 11310,
      "DialogueGroups": [],
      "ServerInteractVerificationIDList": [],
      "DefaultIdleStateName": "Praying01Loop",
      "DefaultLookAtMode": "Closed",
      "MapLayerID": 2,
      "BoardShowList": [],
      "TalkDialogGroupIDList": [],
      "DefaultIdleFreeStyleMotionID": 100040293,
      "InitialHiddenNodeList": []
    }
  ]
}