{
  "GroupGUID": "b3dd0489-73fe-4fdb-b2e8-913e63a9881e",
  "GroupName": "Book",
  "AreaAnchorName": "LevelArea_P10101_F10101001_G178",
  "LoadCondition": {
    "Conditions": [
      {
        "ID": 4040183
      }
    ]
  },
  "LoadSide": "Server",
  "ConflictIDList": [],
  "AnchorList": [],
  "MonsterList": [],
  "PropList": [
    {
      "ID": 300001,
      "PosX": 5.503,
      "PosY": 0.556,
      "PosZ": 56.068,
      "Name": "Prop1",
      "RotY": 102.4915,
      "PropID": 101028,
      "IsOverrideInitLevelGraph": true,
      "InitLevelGraph": "Config/Level/Props/Common/InitLevelGraph_Prop_Common_PickupReadings.json",
      "CampID": 4,
      "State": "EventClose",
      "EventID": 10101527,
      "MapLayerID": 2,
      "CustomTriggerMap": {},
      "BridgeStateRotations": [],
      "DialogueGroups": [],
      "TalkDialogGroupIDList": [],
      "ServerInteractVerificationIDList": []
    }
  ],
  "NPCList": []
}