{
  "GroupGUID": "a0afd927-e1fb-43c6-b942-1cecb5bd3e8c",
  "GroupName": "CrowdNormal",
  "AreaAnchorName": "LevelArea_P10101_F10101001_G164",
  "SaveType": "Reset",
  "LoadOnInitial": true,
  "RandomInit": {
    "ControlList": [
      {
        "ControlID": 8,
        "Weight": 1.0,
        "NPCIDList": [
          400001,
          400002
        ],
        "PropIDList": [
          300001
        ],
        "CrowdIDList": []
      },
      {
        "ControlID": 8,
        "Weight": 1.0,
        "NPCIDList": [
          400003,
          400004
        ],
        "PropIDList": [
          300002
        ],
        "CrowdIDList": []
      },
      {
        "ControlID": 8,
        "Weight": 1.0,
        "NPCIDList": [
          400005,
          400006
        ],
        "PropIDList": [
          300003
        ],
        "CrowdIDList": []
      },
      {
        "ControlID": 8,
        "Weight": 1.0,
        "NPCIDList": [
          400007,
          400008
        ],
        "PropIDList": [
          300004
        ],
        "CrowdIDList": []
      },
      {
        "ControlID": 8,
        "Weight": 1.0,
        "NPCIDList": [
          400009,
          400010
        ],
        "PropIDList": [
          300005
        ],
        "CrowdIDList": []
      },
      {
        "ControlID": 8,
        "Weight": 1.0,
        "NPCIDList": [
          400011,
          400012
        ],
        "PropIDList": [
          300006
        ],
        "CrowdIDList": []
      },
      {
        "ControlID": 7,
        "Weight": 1.0,
        "NPCIDList": [
          400013,
          400014,
          400015,
          400016,
          400017
        ],
        "PropIDList": [
          300007,
          300046
        ],
        "CrowdIDList": []
      },
      {
        "ControlID": 2,
        "Weight": 1.0,
        "NPCIDList": [
          400018,
          400019,
          400020,
          400021
        ],
        "PropIDList": [
          300008
        ],
        "CrowdIDList": []
      },
      {
        "ControlID": 8,
        "Weight": 1.0,
        "NPCIDList": [
          400022
        ],
        "PropIDList": [
          300009
        ],
        "CrowdIDList": []
      },
      {
        "ControlID": 8,
        "Weight": 1.0,
        "NPCIDList": [
          400022
        ],
        "PropIDList": [
          300010
        ],
        "CrowdIDList": []
      },
      {
        "ControlID": 8,
        "Weight": 1.0,
        "NPCIDList": [
          400023,
          400024
        ],
        "PropIDList": [
          300011
        ],
        "CrowdIDList": []
      },
      {
        "ControlID": 8,
        "Weight": 1.0,
        "NPCIDList": [
          400025,
          400026
        ],
        "PropIDList": [
          300012
        ],
        "CrowdIDList": []
      },
      {
        "ControlID": 8,
        "Weight": 1.0,
        "NPCIDList": [
          400025,
          400026
        ],
        "PropIDList": [
          300013
        ],
        "CrowdIDList": []
      },
      {
        "ControlID": 4,
        "Weight": 1.0,
        "NPCIDList": [
          400027,
          400028
        ],
        "PropIDList": [
          300014
        ],
        "CrowdIDList": []
      },
      {
        "ControlID": 4,
        "Weight": 1.0,
        "NPCIDList": [
          400029,
          400030
        ],
        "PropIDList": [
          300015,
          300039
        ],
        "CrowdIDList": []
      },
      {
        "ControlID": 3,
        "Weight": 1.0,
        "NPCIDList": [
          400031,
          400032,
          400034,
          400033
        ],
        "PropIDList": [
          300016
        ],
        "CrowdIDList": []
      },
      {
        "ControlID": 3,
        "Weight": 1.0,
        "NPCIDList": [
          400035,
          400036
        ],
        "PropIDList": [
          300017
        ],
        "CrowdIDList": []
      },
      {
        "ControlID": 4,
        "Weight": 1.0,
        "NPCIDList": [
          400039,
          400040
        ],
        "PropIDList": [
          300019,
          300040
        ],
        "CrowdIDList": []
      },
      {
        "ControlID": 4,
        "Weight": 1.0,
        "NPCIDList": [
          400041,
          400042
        ],
        "PropIDList": [
          300020,
          300041
        ],
        "CrowdIDList": []
      },
      {
        "ControlID": 8,
        "Weight": 1.0,
        "NPCIDList": [
          400043,
          400044
        ],
        "PropIDList": [
          300021
        ],
        "CrowdIDList": []
      },
      {
        "ControlID": 8,
        "Weight": 1.0,
        "NPCIDList": [
          400047
        ],
        "PropIDList": [
          300047
        ],
        "CrowdIDList": []
      },
      {
        "ControlID": 6,
        "Weight": 1.0,
        "NPCIDList": [
          400048,
          400049
        ],
        "PropIDList": [
          300023,
          300042
        ],
        "CrowdIDList": []
      },
      {
        "ControlID": 6,
        "Weight": 1.0,
        "NPCIDList": [
          400048,
          400049
        ],
        "PropIDList": [
          300043,
          300024
        ],
        "CrowdIDList": []
      },
      {
        "ControlID": 6,
        "Weight": 1.0,
        "NPCIDList": [
          400048,
          400049
        ],
        "PropIDList": [
          300026
        ],
        "CrowdIDList": []
      },
      {
        "ControlID": 6,
        "Weight": 1.0,
        "NPCIDList": [
          400050,
          400051,
          400052
        ],
        "PropIDList": [
          300027,
          300044
        ],
        "CrowdIDList": []
      },
      {
        "ControlID": 8,
        "Weight": 1.0,
        "NPCIDList": [
          400053,
          400054
        ],
        "PropIDList": [
          300028
        ],
        "CrowdIDList": []
      },
      {
        "ControlID": 5,
        "Weight": 1.0,
        "NPCIDList": [
          400055
        ],
        "PropIDList": [
          300029
        ],
        "CrowdIDList": []
      },
      {
        "ControlID": 5,
        "Weight": 1.0,
        "NPCIDList": [
          400055
        ],
        "PropIDList": [
          300030
        ],
        "CrowdIDList": []
      },
      {
        "ControlID": 5,
        "Weight": 1.0,
        "NPCIDList": [
          400055
        ],
        "PropIDList": [
          300031
        ],
        "CrowdIDList": []
      },
      {
        "ControlID": 8,
        "Weight": 1.0,
        "NPCIDList": [
          400056,
          400057
        ],
        "PropIDList": [
          300032
        ],
        "CrowdIDList": []
      },
      {
        "ControlID": 8,
        "Weight": 1.0,
        "NPCIDList": [
          400056,
          400057
        ],
        "PropIDList": [
          300033
        ],
        "CrowdIDList": []
      },
      {
        "ControlID": 8,
        "Weight": 1.0,
        "NPCIDList": [
          400058,
          400059
        ],
        "PropIDList": [
          300034
        ],
        "CrowdIDList": []
      },
      {
        "ControlID": 8,
        "Weight": 1.0,
        "NPCIDList": [
          400058,
          400059
        ],
        "PropIDList": [
          300035
        ],
        "CrowdIDList": []
      },
      {
        "ControlID": 8,
        "Weight": 1.0,
        "NPCIDList": [
          400060,
          400061
        ],
        "PropIDList": [
          300036
        ],
        "CrowdIDList": []
      },
      {
        "ControlID": 8,
        "Weight": 1.0,
        "NPCIDList": [
          400060,
          400061
        ],
        "PropIDList": [
          300037
        ],
        "CrowdIDList": []
      },
      {
        "ControlID": 8,
        "Weight": 1.0,
        "NPCIDList": [
          400045,
          400046
        ],
        "PropIDList": [
          300022
        ],
        "CrowdIDList": []
      }
    ]
  },
  "ConflictIDList": [],
  "AnchorList": [],
  "MonsterList": [],
  "PropList": [
    {
      "ID": 300038,
      "PosX": 0.509465,
      "PosY": -3.720037,
      "PosZ": 51.42128,
      "Name": "Prop38",
      "PropID": 100,
      "IsOverrideInitLevelGraph": true,
      "InitLevelGraph": "Config/Level/CrowdBubble/10101001/Crowd_10101001.json",
      "CampID": 4,
      "MapLayerID": 2,
      "CustomTriggerMap": {},
      "BridgeStateRotations": [],
      "DialogueGroups": [],
      "TalkDialogGroupIDList": [],
      "ServerInteractVerificationIDList": []
    },
    {
      "ID": 300001,
      "PosX": -13.292,
      "PosY": -4.987705,
      "PosZ": 36.474,
      "Name": "Prop1",
      "PropID": 100,
      "IsOverrideInitLevelGraph": true,
      "InitLevelGraph": "Config/Level/CrowdBubble/10101001/Crowd_10101001_1_1.json",
      "Trigger": {
        "Radius": 3.5,
        "DimX": 1.0,
        "DimY": 1.0,
        "DimZ": 1.0,
        "PointList": []
      },
      "CampID": 4,
      "MapLayerID": 2,
      "CustomTriggerMap": {},
      "BridgeStateRotations": [],
      "DialogueGroups": [],
      "TalkDialogGroupIDList": [],
      "ServerInteractVerificationIDList": []
    },
    {
      "ID": 300002,
      "PosX": -0.53,
      "PosY": -4.98772,
      "PosZ": 52.38,
      "Name": "Prop2",
      "PropID": 100,
      "IsOverrideInitLevelGraph": true,
      "InitLevelGraph": "Config/Level/CrowdBubble/10101001/Crowd_10101001_1_2.json",
      "Trigger": {
        "Radius": 3.5,
        "DimX": 1.0,
        "DimY": 1.0,
        "DimZ": 1.0,
        "PointList": []
      },
      "CampID": 4,
      "MapLayerID": 2,
      "CustomTriggerMap": {},
      "BridgeStateRotations": [],
      "DialogueGroups": [],
      "TalkDialogGroupIDList": [],
      "ServerInteractVerificationIDList": []
    },
    {
      "ID": 300003,
      "PosX": 13.22575,
      "PosY": 0.009586,
      "PosZ": 73.4874,
      "Name": "Prop3",
      "PropID": 100,
      "IsOverrideInitLevelGraph": true,
      "InitLevelGraph": "Config/Level/CrowdBubble/10101001/Crowd_10101001_2_1.json",
      "Trigger": {
        "Radius": 3.5,
        "DimX": 1.0,
        "DimY": 1.0,
        "DimZ": 1.0,
        "PointList": []
      },
      "CampID": 4,
      "MapLayerID": 2,
      "CustomTriggerMap": {},
      "BridgeStateRotations": [],
      "DialogueGroups": [],
      "TalkDialogGroupIDList": [],
      "ServerInteractVerificationIDList": []
    },
    {
      "ID": 300004,
      "PosX": -30.75,
      "PosY": 0.009583,
      "PosZ": 91.32,
      "Name": "Prop4",
      "PropID": 100,
      "IsOverrideInitLevelGraph": true,
      "InitLevelGraph": "Config/Level/CrowdBubble/10101001/Crowd_10101001_2_2.json",
      "Trigger": {
        "Radius": 3.5,
        "DimX": 1.0,
        "DimY": 1.0,
        "DimZ": 1.0,
        "PointList": []
      },
      "CampID": 4,
      "MapLayerID": 2,
      "CustomTriggerMap": {},
      "BridgeStateRotations": [],
      "DialogueGroups": [],
      "TalkDialogGroupIDList": [],
      "ServerInteractVerificationIDList": []
    },
    {
      "ID": 300005,
      "PosX": -30.739,
      "PosY": 0.009583,
      "PosZ": 91.245,
      "Name": "Prop5",
      "PropID": 100,
      "IsOverrideInitLevelGraph": true,
      "InitLevelGraph": "Config/Level/CrowdBubble/10101001/Crowd_10101001_2_3.json",
      "Trigger": {
        "Radius": 3.5,
        "DimX": 1.0,
        "DimY": 1.0,
        "DimZ": 1.0,
        "PointList": []
      },
      "CampID": 4,
      "MapLayerID": 2,
      "CustomTriggerMap": {},
      "BridgeStateRotations": [],
      "DialogueGroups": [],
      "TalkDialogGroupIDList": [],
      "ServerInteractVerificationIDList": []
    },
    {
      "ID": 300006,
      "PosX": 29.27,
      "PosY": 0.233814,
      "PosZ": -28.0,
      "Name": "Prop6",
      "PropID": 100,
      "IsOverrideInitLevelGraph": true,
      "InitLevelGraph": "Config/Level/CrowdBubble/10101001/Crowd_10101001_3_1.json",
      "Trigger": {
        "Radius": 3.5,
        "DimX": 1.0,
        "DimY": 1.0,
        "DimZ": 1.0,
        "PointList": []
      },
      "CampID": 4,
      "MapLayerID": 2,
      "CustomTriggerMap": {},
      "BridgeStateRotations": [],
      "DialogueGroups": [],
      "TalkDialogGroupIDList": [],
      "ServerInteractVerificationIDList": []
    },
    {
      "ID": 300007,
      "PosX": 6.36,
      "PosY": 0.362331,
      "PosZ": -46.69,
      "Name": "Prop7",
      "PropID": 100,
      "IsOverrideInitLevelGraph": true,
      "InitLevelGraph": "Config/Level/CrowdBubble/10101001/Crowd_10101001_3_2.json",
      "Trigger": {
        "Radius": 8.0,
        "DimX": 1.0,
        "DimY": 1.0,
        "DimZ": 1.0,
        "PointList": []
      },
      "CampID": 4,
      "MapLayerID": 2,
      "CustomTriggerMap": {},
      "BridgeStateRotations": [],
      "DialogueGroups": [],
      "TalkDialogGroupIDList": [],
      "ServerInteractVerificationIDList": []
    },
    {
      "ID": 300046,
      "PosX": 6.36,
      "PosY": 0.362331,
      "PosZ": -46.69,
      "Name": "Prop46",
      "PropID": 100,
      "IsOverrideInitLevelGraph": true,
      "InitLevelGraph": "Config/Level/CrowdBubble/10101001/Crowd_10101001_3_2_Conversation.json",
      "Trigger": {
        "Radius": 3.5,
        "DimX": 1.0,
        "DimY": 1.0,
        "DimZ": 1.0,
        "PointList": []
      },
      "CampID": 4,
      "MapLayerID": 2,
      "CustomTriggerMap": {},
      "BridgeStateRotations": [],
      "DialogueGroups": [],
      "TalkDialogGroupIDList": [],
      "ServerInteractVerificationIDList": []
    },
    {
      "ID": 300008,
      "PosX": -7.511,
      "PosY": 0.380253,
      "PosZ": -14.0,
      "Name": "Prop8",
      "PropID": 100,
      "IsOverrideInitLevelGraph": true,
      "InitLevelGraph": "Config/Level/CrowdBubble/10101001/Crowd_10101001_3_4.json",
      "Trigger": {
        "Radius": 3.5,
        "DimX": 1.0,
        "DimY": 1.0,
        "DimZ": 1.0,
        "PointList": []
      },
      "CampID": 4,
      "MapLayerID": 2,
      "CustomTriggerMap": {},
      "BridgeStateRotations": [],
      "DialogueGroups": [],
      "TalkDialogGroupIDList": [],
      "ServerInteractVerificationIDList": []
    },
    {
      "ID": 300009,
      "PosX": 1.05,
      "PosY": 0.233799,
      "PosZ": 0.94,
      "Name": "Prop9",
      "PropID": 100,
      "IsOverrideInitLevelGraph": true,
      "InitLevelGraph": "Config/Level/CrowdBubble/10101001/Crowd_10101001_4_1.json",
      "Trigger": {
        "Radius": 3.5,
        "DimX": 1.0,
        "DimY": 1.0,
        "DimZ": 1.0,
        "PointList": []
      },
      "CampID": 4,
      "MapLayerID": 2,
      "CustomTriggerMap": {},
      "BridgeStateRotations": [],
      "DialogueGroups": [],
      "TalkDialogGroupIDList": [],
      "ServerInteractVerificationIDList": []
    },
    {
      "ID": 300010,
      "PosX": 1.200001,
      "PosY": 0.233799,
      "PosZ": 1.16,
      "Name": "Prop10",
      "PropID": 100,
      "IsOverrideInitLevelGraph": true,
      "InitLevelGraph": "Config/Level/CrowdBubble/10101001/Crowd_10101001_4_2.json",
      "Trigger": {
        "Radius": 3.5,
        "DimX": 1.0,
        "DimY": 1.0,
        "DimZ": 1.0,
        "PointList": []
      },
      "CampID": 4,
      "MapLayerID": 2,
      "CustomTriggerMap": {},
      "BridgeStateRotations": [],
      "DialogueGroups": [],
      "TalkDialogGroupIDList": [],
      "ServerInteractVerificationIDList": []
    },
    {
      "ID": 300011,
      "PosX": -49.822,
      "PosY": 0.012043,
      "PosZ": -57.05,
      "Name": "Prop11",
      "PropID": 100,
      "IsOverrideInitLevelGraph": true,
      "InitLevelGraph": "Config/Level/CrowdBubble/10101001/Crowd_10101001_4_3.json",
      "Trigger": {
        "Radius": 3.5,
        "DimX": 1.0,
        "DimY": 1.0,
        "DimZ": 1.0,
        "PointList": []
      },
      "CampID": 4,
      "MapLayerID": 2,
      "CustomTriggerMap": {},
      "BridgeStateRotations": [],
      "DialogueGroups": [],
      "TalkDialogGroupIDList": [],
      "ServerInteractVerificationIDList": []
    },
    {
      "ID": 300012,
      "PosX": 19.69315,
      "PosY": 0.384514,
      "PosZ": -7.046,
      "Name": "Prop12",
      "PropID": 100,
      "IsOverrideInitLevelGraph": true,
      "InitLevelGraph": "Config/Level/CrowdBubble/10101001/Crowd_10101001_4_4.json",
      "Trigger": {
        "Radius": 3.5,
        "DimX": 1.0,
        "DimY": 1.0,
        "DimZ": 1.0,
        "PointList": []
      },
      "CampID": 4,
      "MapLayerID": 2,
      "CustomTriggerMap": {},
      "BridgeStateRotations": [],
      "DialogueGroups": [],
      "TalkDialogGroupIDList": [],
      "ServerInteractVerificationIDList": []
    },
    {
      "ID": 300013,
      "PosX": 19.588,
      "PosY": 0.384289,
      "PosZ": -7.262003,
      "Name": "Prop13",
      "PropID": 100,
      "IsOverrideInitLevelGraph": true,
      "InitLevelGraph": "Config/Level/CrowdBubble/10101001/Crowd_10101001_4_5.json",
      "Trigger": {
        "Radius": 3.5,
        "DimX": 1.0,
        "DimY": 1.0,
        "DimZ": 1.0,
        "PointList": []
      },
      "CampID": 4,
      "MapLayerID": 2,
      "CustomTriggerMap": {},
      "BridgeStateRotations": [],
      "DialogueGroups": [],
      "TalkDialogGroupIDList": [],
      "ServerInteractVerificationIDList": []
    },
    {
      "ID": 300014,
      "PosX": -39.723,
      "PosY": 0.691948,
      "PosZ": -67.664,
      "Name": "Prop14",
      "RotY": 14.23409,
      "PropID": 100,
      "IsOverrideInitLevelGraph": true,
      "InitLevelGraph": "Config/Level/CrowdBubble/10101001/Crowd_10101001_5_1.json",
      "Trigger": {
        "Radius": 3.5,
        "DimX": 1.0,
        "DimY": 1.0,
        "DimZ": 1.0,
        "PointList": []
      },
      "CampID": 4,
      "MapLayerID": 2,
      "CustomTriggerMap": {},
      "BridgeStateRotations": [],
      "DialogueGroups": [],
      "TalkDialogGroupIDList": [],
      "ServerInteractVerificationIDList": []
    },
    {
      "ID": 300015,
      "PosX": -49.43,
      "PosY": 0.691952,
      "PosZ": -17.78,
      "Name": "Prop15",
      "PropID": 100,
      "IsOverrideInitLevelGraph": true,
      "InitLevelGraph": "Config/Level/CrowdBubble/10101001/Crowd_10101001_5_2.json",
      "Trigger": {
        "Radius": 3.5,
        "DimX": 1.0,
        "DimY": 1.0,
        "DimZ": 1.0,
        "PointList": []
      },
      "CampID": 4,
      "MapLayerID": 2,
      "CustomTriggerMap": {},
      "BridgeStateRotations": [],
      "DialogueGroups": [],
      "TalkDialogGroupIDList": [],
      "ServerInteractVerificationIDList": []
    },
    {
      "ID": 300039,
      "PosX": -49.43,
      "PosY": 0.691952,
      "PosZ": -17.78,
      "Name": "Prop39",
      "PropID": 100,
      "IsOverrideInitLevelGraph": true,
      "InitLevelGraph": "Config/Level/CrowdBubble/10101001/Crowd_10101001_5_2_Conversation.json",
      "Trigger": {
        "Radius": 2.0,
        "DimX": 1.0,
        "DimY": 1.0,
        "DimZ": 1.0,
        "PointList": []
      },
      "CampID": 4,
      "MapLayerID": 2,
      "CustomTriggerMap": {},
      "BridgeStateRotations": [],
      "DialogueGroups": [],
      "TalkDialogGroupIDList": [],
      "ServerInteractVerificationIDList": []
    },
    {
      "ID": 300016,
      "PosX": -62.787,
      "PosY": 0.691937,
      "PosZ": -18.746,
      "Name": "Prop16",
      "PropID": 100,
      "IsOverrideInitLevelGraph": true,
      "InitLevelGraph": "Config/Level/CrowdBubble/10101001/Crowd_10101001_6_1.json",
      "Trigger": {
        "Radius": 3.5,
        "DimX": 1.0,
        "DimY": 1.0,
        "DimZ": 1.0,
        "PointList": []
      },
      "CampID": 4,
      "MapLayerID": 2,
      "CustomTriggerMap": {},
      "BridgeStateRotations": [],
      "DialogueGroups": [],
      "TalkDialogGroupIDList": [],
      "ServerInteractVerificationIDList": []
    },
    {
      "ID": 300017,
      "PosX": -63.41,
      "PosY": 1.123055,
      "PosZ": -38.53,
      "Name": "Prop17",
      "PropID": 100,
      "IsOverrideInitLevelGraph": true,
      "InitLevelGraph": "Config/Level/CrowdBubble/10101001/Crowd_10101001_6_2.json",
      "Trigger": {
        "Radius": 3.5,
        "DimX": 1.0,
        "DimY": 1.0,
        "DimZ": 1.0,
        "PointList": []
      },
      "CampID": 4,
      "MapLayerID": 2,
      "CustomTriggerMap": {},
      "BridgeStateRotations": [],
      "DialogueGroups": [],
      "TalkDialogGroupIDList": [],
      "ServerInteractVerificationIDList": []
    },
    {
      "ID": 300018,
      "PosX": -70.1,
      "PosY": 1.123058,
      "PosZ": -48.25,
      "Name": "Prop18",
      "PropID": 100,
      "IsOverrideInitLevelGraph": true,
      "InitLevelGraph": "Config/Level/CrowdBubble/10101001/Crowd_10101001_6_3.json",
      "Trigger": {
        "Radius": 3.5,
        "DimX": 1.0,
        "DimY": 1.0,
        "DimZ": 1.0,
        "PointList": []
      },
      "CampID": 4,
      "MapLayerID": 2,
      "CustomTriggerMap": {},
      "BridgeStateRotations": [],
      "DialogueGroups": [],
      "TalkDialogGroupIDList": [],
      "ServerInteractVerificationIDList": []
    },
    {
      "ID": 300019,
      "PosX": -41.41,
      "PosY": 0.006531,
      "PosZ": -12.21,
      "Name": "Prop19",
      "PropID": 100,
      "IsOverrideInitLevelGraph": true,
      "InitLevelGraph": "Config/Level/CrowdBubble/10101001/Crowd_10101001_7_1.json",
      "Trigger": {
        "Radius": 3.5,
        "DimX": 1.0,
        "DimY": 1.0,
        "DimZ": 1.0,
        "PointList": []
      },
      "CampID": 4,
      "MapLayerID": 2,
      "CustomTriggerMap": {},
      "BridgeStateRotations": [],
      "DialogueGroups": [],
      "TalkDialogGroupIDList": [],
      "ServerInteractVerificationIDList": []
    },
    {
      "ID": 300040,
      "PosX": -41.41,
      "PosY": 0.006531,
      "PosZ": -12.21,
      "Name": "Prop40",
      "PropID": 100,
      "IsOverrideInitLevelGraph": true,
      "InitLevelGraph": "Config/Level/CrowdBubble/10101001/Crowd_10101001_7_1_Conversation.json",
      "Trigger": {
        "Radius": 2.0,
        "DimX": 1.0,
        "DimY": 1.0,
        "DimZ": 1.0,
        "PointList": []
      },
      "CampID": 4,
      "MapLayerID": 2,
      "CustomTriggerMap": {},
      "BridgeStateRotations": [],
      "DialogueGroups": [],
      "TalkDialogGroupIDList": [],
      "ServerInteractVerificationIDList": []
    },
    {
      "ID": 300020,
      "PosX": -48.85,
      "PosY": 0.012043,
      "PosZ": -22.13,
      "Name": "Prop20",
      "PropID": 100,
      "IsOverrideInitLevelGraph": true,
      "InitLevelGraph": "Config/Level/CrowdBubble/10101001/Crowd_10101001_7_2.json",
      "Trigger": {
        "Radius": 3.5,
        "DimX": 1.0,
        "DimY": 1.0,
        "DimZ": 1.0,
        "PointList": []
      },
      "CampID": 4,
      "MapLayerID": 2,
      "CustomTriggerMap": {},
      "BridgeStateRotations": [],
      "DialogueGroups": [],
      "TalkDialogGroupIDList": [],
      "ServerInteractVerificationIDList": []
    },
    {
      "ID": 300041,
      "PosX": -48.85,
      "PosY": 0.012043,
      "PosZ": -22.13,
      "Name": "Prop41",
      "PropID": 100,
      "IsOverrideInitLevelGraph": true,
      "InitLevelGraph": "Config/Level/CrowdBubble/10101001/Crowd_10101001_7_2_Conversation.json",
      "Trigger": {
        "Radius": 2.0,
        "DimX": 1.0,
        "DimY": 1.0,
        "DimZ": 1.0,
        "PointList": []
      },
      "CampID": 4,
      "MapLayerID": 2,
      "CustomTriggerMap": {},
      "BridgeStateRotations": [],
      "DialogueGroups": [],
      "TalkDialogGroupIDList": [],
      "ServerInteractVerificationIDList": []
    },
    {
      "ID": 300021,
      "PosX": -11.79994,
      "PosY": 0.233799,
      "PosZ": -6.132315,
      "Name": "Prop21",
      "PropID": 100,
      "IsOverrideInitLevelGraph": true,
      "InitLevelGraph": "Config/Level/CrowdBubble/10101001/Crowd_10101001_8_1.json",
      "Trigger": {
        "Radius": 3.5,
        "DimX": 1.0,
        "DimY": 1.0,
        "DimZ": 1.0,
        "PointList": []
      },
      "CampID": 4,
      "MapLayerID": 2,
      "CustomTriggerMap": {},
      "BridgeStateRotations": [],
      "DialogueGroups": [],
      "TalkDialogGroupIDList": [],
      "ServerInteractVerificationIDList": []
    },
    {
      "ID": 300022,
      "PosX": -11.53809,
      "PosY": 0.233791,
      "PosZ": 5.421,
      "Name": "Prop22",
      "PropID": 100,
      "IsOverrideInitLevelGraph": true,
      "InitLevelGraph": "Config/Level/CrowdBubble/10101001/Crowd_10101001_8_2.json",
      "Trigger": {
        "Radius": 3.5,
        "DimX": 1.0,
        "DimY": 1.0,
        "DimZ": 1.0,
        "PointList": []
      },
      "CampID": 4,
      "MapLayerID": 2,
      "CustomTriggerMap": {},
      "BridgeStateRotations": [],
      "DialogueGroups": [],
      "TalkDialogGroupIDList": [],
      "ServerInteractVerificationIDList": []
    },
    {
      "ID": 300047,
      "PosX": -36.4,
      "PosY": 0.009716,
      "PosZ": -89.2,
      "Name": "Prop47",
      "PropID": 100,
      "IsOverrideInitLevelGraph": true,
      "InitLevelGraph": "Config/Level/CrowdBubble/10101001/Crowd_10101001_8_3.json",
      "Trigger": {
        "Radius": 3.5,
        "DimX": 1.0,
        "DimY": 1.0,
        "DimZ": 1.0,
        "PointList": []
      },
      "CampID": 4,
      "MapLayerID": 2,
      "CustomTriggerMap": {},
      "BridgeStateRotations": [],
      "DialogueGroups": [],
      "TalkDialogGroupIDList": [],
      "ServerInteractVerificationIDList": []
    },
    {
      "ID": 300023,
      "PosX": -13.34,
      "PosY": 0.009716,
      "PosZ": -88.62,
      "Name": "Prop23",
      "PropID": 100,
      "IsOverrideInitLevelGraph": true,
      "InitLevelGraph": "Config/Level/CrowdBubble/10101001/Crowd_10101001_9_1.json",
      "Trigger": {
        "Radius": 3.5,
        "DimX": 1.0,
        "DimY": 1.0,
        "DimZ": 1.0,
        "PointList": []
      },
      "CampID": 4,
      "MapLayerID": 2,
      "CustomTriggerMap": {},
      "BridgeStateRotations": [],
      "DialogueGroups": [],
      "TalkDialogGroupIDList": [],
      "ServerInteractVerificationIDList": []
    },
    {
      "ID": 300042,
      "PosX": -13.34,
      "PosY": 0.009716,
      "PosZ": -88.62,
      "Name": "Prop42",
      "PropID": 100,
      "IsOverrideInitLevelGraph": true,
      "InitLevelGraph": "Config/Level/CrowdBubble/10101001/Crowd_10101001_9_1_Conversation.json",
      "Trigger": {
        "Radius": 2.0,
        "DimX": 1.0,
        "DimY": 1.0,
        "DimZ": 1.0,
        "PointList": []
      },
      "CampID": 4,
      "MapLayerID": 2,
      "CustomTriggerMap": {},
      "BridgeStateRotations": [],
      "DialogueGroups": [],
      "TalkDialogGroupIDList": [],
      "ServerInteractVerificationIDList": []
    },
    {
      "ID": 300024,
      "PosX": -13.58,
      "PosY": 0.23386,
      "PosZ": -88.57,
      "Name": "Prop24",
      "PropID": 100,
      "IsOverrideInitLevelGraph": true,
      "InitLevelGraph": "Config/Level/CrowdBubble/10101001/Crowd_10101001_9_2.json",
      "Trigger": {
        "Radius": 3.5,
        "DimX": 1.0,
        "DimY": 1.0,
        "DimZ": 1.0,
        "PointList": []
      },
      "CampID": 4,
      "MapLayerID": 2,
      "CustomTriggerMap": {},
      "BridgeStateRotations": [],
      "DialogueGroups": [],
      "TalkDialogGroupIDList": [],
      "ServerInteractVerificationIDList": []
    },
    {
      "ID": 300043,
      "PosX": -13.58,
      "PosY": 0.23386,
      "PosZ": -88.57,
      "Name": "Prop43",
      "PropID": 100,
      "IsOverrideInitLevelGraph": true,
      "InitLevelGraph": "Config/Level/CrowdBubble/10101001/Crowd_10101001_9_2_Conversation.json",
      "Trigger": {
        "Radius": 2.0,
        "DimX": 1.0,
        "DimY": 1.0,
        "DimZ": 1.0,
        "PointList": []
      },
      "CampID": 4,
      "MapLayerID": 2,
      "CustomTriggerMap": {},
      "BridgeStateRotations": [],
      "DialogueGroups": [],
      "TalkDialogGroupIDList": [],
      "ServerInteractVerificationIDList": []
    },
    {
      "ID": 300025,
      "PosX": -13.58,
      "PosY": 0.23386,
      "PosZ": -88.57,
      "Name": "Prop25",
      "PropID": 100,
      "IsOverrideInitLevelGraph": true,
      "InitLevelGraph": "Config/Level/CrowdBubble/10101001/Crowd_10101001_9_3.json",
      "Trigger": {
        "Radius": 3.5,
        "DimX": 1.0,
        "DimY": 1.0,
        "DimZ": 1.0,
        "PointList": []
      },
      "CampID": 4,
      "MapLayerID": 2,
      "CustomTriggerMap": {},
      "BridgeStateRotations": [],
      "DialogueGroups": [],
      "TalkDialogGroupIDList": [],
      "ServerInteractVerificationIDList": []
    },
    {
      "ID": 300045,
      "PosX": -13.58,
      "PosY": 0.23386,
      "PosZ": -88.57,
      "Name": "Prop45",
      "PropID": 100,
      "IsOverrideInitLevelGraph": true,
      "InitLevelGraph": "Config/Level/CrowdBubble/10101001/Crowd_10101001_9_3_Conversation.json",
      "Trigger": {
        "Radius": 2.0,
        "DimX": 1.0,
        "DimY": 1.0,
        "DimZ": 1.0,
        "PointList": []
      },
      "CampID": 4,
      "MapLayerID": 2,
      "CustomTriggerMap": {},
      "BridgeStateRotations": [],
      "DialogueGroups": [],
      "TalkDialogGroupIDList": [],
      "ServerInteractVerificationIDList": []
    },
    {
      "ID": 300026,
      "PosX": -13.58,
      "PosY": 0.23386,
      "PosZ": -88.57,
      "Name": "Prop26",
      "PropID": 100,
      "IsOverrideInitLevelGraph": true,
      "InitLevelGraph": "Config/Level/CrowdBubble/10101001/Crowd_10101001_9_4.json",
      "Trigger": {
        "Radius": 3.5,
        "DimX": 1.0,
        "DimY": 1.0,
        "DimZ": 1.0,
        "PointList": []
      },
      "CampID": 4,
      "MapLayerID": 2,
      "CustomTriggerMap": {},
      "BridgeStateRotations": [],
      "DialogueGroups": [],
      "TalkDialogGroupIDList": [],
      "ServerInteractVerificationIDList": []
    },
    {
      "ID": 300027,
      "PosX": -14.61235,
      "PosY": 0.233849,
      "PosZ": -79.68,
      "Name": "Prop27",
      "PropID": 100,
      "IsOverrideInitLevelGraph": true,
      "InitLevelGraph": "Config/Level/CrowdBubble/10101001/Crowd_10101001_9_5.json",
      "Trigger": {
        "Radius": 3.5,
        "DimX": 1.0,
        "DimY": 1.0,
        "DimZ": 1.0,
        "PointList": []
      },
      "CampID": 4,
      "MapLayerID": 2,
      "CustomTriggerMap": {},
      "BridgeStateRotations": [],
      "DialogueGroups": [],
      "TalkDialogGroupIDList": [],
      "ServerInteractVerificationIDList": []
    },
    {
      "ID": 300044,
      "PosX": -14.61235,
      "PosY": 0.233849,
      "PosZ": -79.68,
      "Name": "Prop44",
      "PropID": 100,
      "IsOverrideInitLevelGraph": true,
      "InitLevelGraph": "Config/Level/CrowdBubble/10101001/Crowd_10101001_9_5_Conversation.json",
      "Trigger": {
        "Radius": 2.0,
        "DimX": 1.0,
        "DimY": 1.0,
        "DimZ": 1.0,
        "PointList": []
      },
      "CampID": 4,
      "MapLayerID": 2,
      "CustomTriggerMap": {},
      "BridgeStateRotations": [],
      "DialogueGroups": [],
      "TalkDialogGroupIDList": [],
      "ServerInteractVerificationIDList": []
    },
    {
      "ID": 300028,
      "PosX": 1.273,
      "PosY": 0.248688,
      "PosZ": -98.954,
      "Name": "Prop28",
      "PropID": 100,
      "IsOverrideInitLevelGraph": true,
      "InitLevelGraph": "Config/Level/CrowdBubble/10101001/Crowd_10101001_10_1.json",
      "Trigger": {
        "Radius": 3.5,
        "DimX": 1.0,
        "DimY": 1.0,
        "DimZ": 1.0,
        "PointList": []
      },
      "CampID": 4,
      "MapLayerID": 2,
      "CustomTriggerMap": {},
      "BridgeStateRotations": [],
      "DialogueGroups": [],
      "TalkDialogGroupIDList": [],
      "ServerInteractVerificationIDList": []
    },
    {
      "ID": 300029,
      "PosX": 13.88,
      "PosY": 0.009857,
      "PosZ": -108.78,
      "Name": "Prop29",
      "PropID": 100,
      "IsOverrideInitLevelGraph": true,
      "InitLevelGraph": "Config/Level/CrowdBubble/10101001/Crowd_10101001_10_2.json",
      "Trigger": {
        "Radius": 9.0,
        "DimX": 1.0,
        "DimY": 1.0,
        "DimZ": 1.0,
        "PointList": []
      },
      "CampID": 4,
      "MapLayerID": 2,
      "CustomTriggerMap": {},
      "BridgeStateRotations": [],
      "DialogueGroups": [],
      "TalkDialogGroupIDList": [],
      "ServerInteractVerificationIDList": []
    },
    {
      "ID": 300030,
      "PosX": 13.88,
      "PosY": 0.009857,
      "PosZ": -108.78,
      "Name": "Prop30",
      "PropID": 100,
      "IsOverrideInitLevelGraph": true,
      "InitLevelGraph": "Config/Level/CrowdBubble/10101001/Crowd_10101001_10_3.json",
      "Trigger": {
        "Radius": 9.0,
        "DimX": 1.0,
        "DimY": 1.0,
        "DimZ": 1.0,
        "PointList": []
      },
      "CampID": 4,
      "MapLayerID": 2,
      "CustomTriggerMap": {},
      "BridgeStateRotations": [],
      "DialogueGroups": [],
      "TalkDialogGroupIDList": [],
      "ServerInteractVerificationIDList": []
    },
    {
      "ID": 300031,
      "PosX": 13.88,
      "PosY": 0.009857,
      "PosZ": -108.78,
      "Name": "Prop31",
      "PropID": 100,
      "IsOverrideInitLevelGraph": true,
      "InitLevelGraph": "Config/Level/CrowdBubble/10101001/Crowd_10101001_10_4.json",
      "Trigger": {
        "Radius": 9.0,
        "DimX": 1.0,
        "DimY": 1.0,
        "DimZ": 1.0,
        "PointList": []
      },
      "CampID": 4,
      "MapLayerID": 2,
      "CustomTriggerMap": {},
      "BridgeStateRotations": [],
      "DialogueGroups": [],
      "TalkDialogGroupIDList": [],
      "ServerInteractVerificationIDList": []
    },
    {
      "ID": 300032,
      "PosX": 18.21,
      "PosY": 0.00975,
      "PosZ": -158.37,
      "Name": "Prop32",
      "PropID": 100,
      "IsOverrideInitLevelGraph": true,
      "InitLevelGraph": "Config/Level/CrowdBubble/10101001/Crowd_10101001_12_1.json",
      "Trigger": {
        "Radius": 3.5,
        "DimX": 1.0,
        "DimY": 1.0,
        "DimZ": 1.0,
        "PointList": []
      },
      "CampID": 4,
      "MapLayerID": 2,
      "CustomTriggerMap": {},
      "BridgeStateRotations": [],
      "DialogueGroups": [],
      "TalkDialogGroupIDList": [],
      "ServerInteractVerificationIDList": []
    },
    {
      "ID": 300033,
      "PosX": 18.31,
      "PosY": 0.00975,
      "PosZ": -158.31,
      "Name": "Prop33",
      "PropID": 100,
      "IsOverrideInitLevelGraph": true,
      "InitLevelGraph": "Config/Level/CrowdBubble/10101001/Crowd_10101001_12_2.json",
      "Trigger": {
        "Radius": 3.5,
        "DimX": 1.0,
        "DimY": 1.0,
        "DimZ": 1.0,
        "PointList": []
      },
      "CampID": 4,
      "MapLayerID": 2,
      "CustomTriggerMap": {},
      "BridgeStateRotations": [],
      "DialogueGroups": [],
      "TalkDialogGroupIDList": [],
      "ServerInteractVerificationIDList": []
    },
    {
      "ID": 300034,
      "PosX": 18.046,
      "PosY": 0.009747,
      "PosZ": -158.347,
      "Name": "Prop34",
      "PropID": 100,
      "IsOverrideInitLevelGraph": true,
      "InitLevelGraph": "Config/Level/CrowdBubble/10101001/Crowd_10101001_12_3.json",
      "Trigger": {
        "Radius": 3.5,
        "DimX": 1.0,
        "DimY": 1.0,
        "DimZ": 1.0,
        "PointList": []
      },
      "CampID": 4,
      "MapLayerID": 2,
      "CustomTriggerMap": {},
      "BridgeStateRotations": [],
      "DialogueGroups": [],
      "TalkDialogGroupIDList": [],
      "ServerInteractVerificationIDList": []
    },
    {
      "ID": 300035,
      "PosX": 18.046,
      "PosY": 0.009747,
      "PosZ": -158.347,
      "Name": "Prop35",
      "PropID": 100,
      "IsOverrideInitLevelGraph": true,
      "InitLevelGraph": "Config/Level/CrowdBubble/10101001/Crowd_10101001_12_4.json",
      "Trigger": {
        "Radius": 3.5,
        "DimX": 1.0,
        "DimY": 1.0,
        "DimZ": 1.0,
        "PointList": []
      },
      "CampID": 4,
      "MapLayerID": 2,
      "CustomTriggerMap": {},
      "BridgeStateRotations": [],
      "DialogueGroups": [],
      "TalkDialogGroupIDList": [],
      "ServerInteractVerificationIDList": []
    },
    {
      "ID": 300036,
      "PosX": 18.4,
      "PosY": 0.149,
      "PosZ": -158.33,
      "Name": "Prop36",
      "PropID": 100,
      "IsOverrideInitLevelGraph": true,
      "InitLevelGraph": "Config/Level/CrowdBubble/10101001/Crowd_10101001_12_5.json",
      "Trigger": {
        "Radius": 3.5,
        "DimX": 1.0,
        "DimY": 1.0,
        "DimZ": 1.0,
        "PointList": []
      },
      "CampID": 4,
      "MapLayerID": 2,
      "CustomTriggerMap": {},
      "BridgeStateRotations": [],
      "DialogueGroups": [],
      "TalkDialogGroupIDList": [],
      "ServerInteractVerificationIDList": []
    },
    {
      "ID": 300037,
      "PosX": 18.37,
      "PosY": 0.149,
      "PosZ": -158.33,
      "Name": "Prop37",
      "PropID": 100,
      "IsOverrideInitLevelGraph": true,
      "InitLevelGraph": "Config/Level/CrowdBubble/10101001/Crowd_10101001_12_6.json",
      "Trigger": {
        "Radius": 3.5,
        "DimX": 1.0,
        "DimY": 1.0,
        "DimZ": 1.0,
        "PointList": []
      },
      "CampID": 4,
      "MapLayerID": 2,
      "CustomTriggerMap": {},
      "BridgeStateRotations": [],
      "DialogueGroups": [],
      "TalkDialogGroupIDList": [],
      "ServerInteractVerificationIDList": []
    }
  ],
  "NPCList": [
    {
      "ID": 400001,
      "PosX": -13.657,
      "PosY": -4.987701,
      "PosZ": 36.209,
      "Name": "NPC1",
      "RotY": 19.4115,
      "NPCID": 11121,
      "DialogueGroups": [],
      "ServerInteractVerificationIDList": [],
      "DefaultLookAtMode": "LookTarget",
      "DefaultLookAtTargetInfo": {
        "GroupID": 164,
        "InstanceID": 400002
      },
      "MapLayerID": 2,
      "BoardShowList": [
        8
      ],
      "TalkDialogGroupIDList": [],
      "DefaultIdleFreeStyleMotionID": 100010298,
      "BornType": "Permanent",
      "InitialHiddenNodeList": []
    },
    {
      "ID": 400002,
      "PosX": -13.197,
      "PosY": -4.987701,
      "PosZ": 37.061,
      "Name": "NPC2",
      "RotY": 207.4227,
      "NPCID": 11122,
      "DialogueGroups": [],
      "ServerInteractVerificationIDList": [],
      "DefaultLookAtMode": "LookTarget",
      "DefaultLookAtTargetInfo": {
        "GroupID": 164,
        "InstanceID": 400001
      },
      "MapLayerID": 2,
      "BoardShowList": [
        8
      ],
      "TalkDialogGroupIDList": [],
      "DefaultIdleFreeStyleMotionID": 100010236,
      "BornType": "Permanent",
      "InitialHiddenNodeList": []
    },
    {
      "ID": 400003,
      "PosX": -1.153,
      "PosY": -4.98772,
      "PosZ": 52.567,
      "Name": "NPC3",
      "RotY": 231.9187,
      "NPCID": 11226,
      "DialogueGroups": [],
      "ServerInteractVerificationIDList": [],
      "DefaultLookAtMode": "LookTarget",
      "DefaultLookAtTargetInfo": {
        "GroupID": 164,
        "InstanceID": 400004
      },
      "MapLayerID": 2,
      "BoardShowList": [
        8
      ],
      "TalkDialogGroupIDList": [],
      "DefaultIdleFreeStyleMotionID": 100020298,
      "BornType": "Permanent",
      "InitialHiddenNodeList": []
    },
    {
      "ID": 400004,
      "PosX": -0.539,
      "PosY": -4.98772,
      "PosZ": 52.209,
      "Name": "NPC4",
      "RotY": 222.0914,
      "NPCID": 11308,
      "DialogueGroups": [],
      "ServerInteractVerificationIDList": [],
      "DefaultLookAtMode": "Closed",
      "MapLayerID": 2,
      "BoardShowList": [
        8
      ],
      "TalkDialogGroupIDList": [],
      "DefaultIdleFreeStyleMotionID": 100040298,
      "BornType": "Permanent",
      "InitialHiddenNodeList": []
    },
    {
      "ID": 400005,
      "PosX": 13.66,
      "PosY": 0.009586,
      "PosZ": 73.39,
      "Name": "NPC5",
      "NPCID": 10303,
      "DialogueGroups": [],
      "ServerInteractVerificationIDList": [],
      "DefaultLookAtMode": "Closed",
      "MapLayerID": 2,
      "BoardShowList": [
        8
      ],
      "TalkDialogGroupIDList": [],
      "DefaultIdleFreeStyleMotionID": 100040291,
      "BornType": "Permanent",
      "InitialHiddenNodeList": []
    },
    {
      "ID": 400006,
      "PosX": 13.075,
      "PosY": 0.009586,
      "PosZ": 74.139,
      "Name": "NPC6",
      "RotY": 37.80702,
      "NPCID": 11311,
      "DialogueGroups": [],
      "ServerInteractVerificationIDList": [],
      "DefaultLookAtMode": "Closed",
      "MapLayerID": 2,
      "BoardShowList": [
        8
      ],
      "TalkDialogGroupIDList": [],
      "DefaultIdleFreeStyleMotionID": 100040329,
      "BornType": "Permanent",
      "InitialHiddenNodeList": []
    },
    {
      "ID": 400007,
      "PosX": -30.364,
      "PosY": 0.009583,
      "PosZ": 91.347,
      "Name": "NPC7",
      "RotY": 227.9724,
      "NPCID": 11226,
      "DialogueGroups": [],
      "ServerInteractVerificationIDList": [],
      "DefaultLookAtMode": "LookTarget",
      "DefaultLookAtTargetInfo": {
        "GroupID": 164,
        "InstanceID": 400008
      },
      "MapLayerID": 2,
      "BoardShowList": [
        8
      ],
      "TalkDialogGroupIDList": [],
      "DefaultIdleFreeStyleMotionID": 100020298,
      "BornType": "Permanent",
      "InitialHiddenNodeList": []
    },
    {
      "ID": 400008,
      "PosX": -31.0,
      "PosY": 0.009586,
      "PosZ": 90.763,
      "Name": "NPC8",
      "RotY": 37.69435,
      "NPCID": 11126,
      "DialogueGroups": [],
      "ServerInteractVerificationIDList": [],
      "DefaultLookAtMode": "LookTarget",
      "DefaultLookAtTargetInfo": {
        "GroupID": 164,
        "InstanceID": 400007
      },
      "MapLayerID": 2,
      "BoardShowList": [
        8
      ],
      "TalkDialogGroupIDList": [],
      "DefaultIdleFreeStyleMotionID": 100010295,
      "BornType": "Permanent",
      "InitialHiddenNodeList": []
    },
    {
      "ID": 400009,
      "PosX": -30.19,
      "PosY": 0.009579,
      "PosZ": 91.15,
      "Name": "NPC9",
      "RotY": 237.4529,
      "NPCID": 11127,
      "DialogueGroups": [],
      "ServerInteractVerificationIDList": [],
      "DefaultLookAtMode": "LookTarget",
      "DefaultLookAtTargetInfo": {
        "GroupID": 164,
        "InstanceID": 400010
      },
      "MapLayerID": 2,
      "BoardShowList": [
        8
      ],
      "TalkDialogGroupIDList": [],
      "DefaultIdleFreeStyleMotionID": 100010301,
      "BornType": "Permanent",
      "InitialHiddenNodeList": []
    },
    {
      "ID": 400010,
      "PosX": -30.62,
      "PosY": 0.009583,
      "PosZ": 91.71,
      "Name": "NPC10",
      "RotY": 220.0663,
      "NPCID": 11123,
      "DialogueGroups": [],
      "ServerInteractVerificationIDList": [],
      "DefaultLookAtMode": "LookTarget",
      "DefaultLookAtTargetInfo": {
        "GroupID": 164,
        "InstanceID": 400009
      },
      "MapLayerID": 2,
      "BoardShowList": [
        8
      ],
      "TalkDialogGroupIDList": [],
      "DefaultIdleFreeStyleMotionID": 100010298,
      "BornType": "Permanent",
      "InitialHiddenNodeList": []
    },
    {
      "ID": 400011,
      "PosX": 29.12,
      "PosY": 0.244667,
      "PosZ": -27.16,
      "Name": "NPC11",
      "RotY": 246.1951,
      "NPCID": 2101,
      "DialogueGroups": [],
      "ServerInteractVerificationIDList": [],
      "DefaultLookAtMode": "Closed",
      "MapLayerID": 2,
      "BoardShowList": [
        8
      ],
      "TalkDialogGroupIDList": [],
      "DefaultIdleFreeStyleMotionID": 200110000,
      "BornType": "Permanent",
      "InitialHiddenNodeList": []
    },
    {
      "ID": 400012,
      "PosX": 29.32,
      "PosY": 0.244667,
      "PosZ": -28.33,
      "Name": "NPC12",
      "RotY": 347.1653,
      "NPCID": 2101,
      "DialogueGroups": [],
      "ServerInteractVerificationIDList": [],
      "DefaultLookAtMode": "Closed",
      "MapLayerID": 2,
      "BoardShowList": [
        8
      ],
      "TalkDialogGroupIDList": [],
      "DefaultIdleFreeStyleMotionID": 200110000,
      "BornType": "Permanent",
      "InitialHiddenNodeList": []
    },
    {
      "ID": 400013,
      "PosX": 6.050003,
      "PosY": 0.451618,
      "PosZ": -45.593,
      "Name": "NPC13",
      "RotY": 176.6336,
      "NPCID": 11125,
      "DialogueGroups": [],
      "ServerInteractVerificationIDList": [],
      "DefaultLookAtMode": "Closed",
      "MapLayerID": 2,
      "BoardShowList": [
        8
      ],
      "TalkDialogGroupIDList": [],
      "DefaultIdleFreeStyleMotionID": 100010295,
      "BornType": "Permanent",
      "InitialHiddenNodeList": []
    },
    {
      "ID": 400014,
      "PosX": 7.573002,
      "PosY": 0.009846,
      "PosZ": -47.136,
      "Name": "NPC14",
      "RotY": 319.3587,
      "NPCID": 11228,
      "DialogueGroups": [],
      "ServerInteractVerificationIDList": [],
      "DefaultLookAtMode": "LookTarget",
      "DefaultLookAtTargetInfo": {
        "GroupID": 164,
        "InstanceID": 400013
      },
      "MapLayerID": 2,
      "BoardShowList": [
        8
      ],
      "TalkDialogGroupIDList": [],
      "DefaultIdleFreeStyleMotionID": 100020209,
      "BornType": "Permanent",
      "InitialHiddenNodeList": []
    },
    {
      "ID": 400015,
      "PosX": 6.7,
      "PosY": 0.009846,
      "PosZ": -47.62,
      "Name": "NPC15",
      "RotY": 339.0291,
      "NPCID": 11122,
      "DialogueGroups": [],
      "ServerInteractVerificationIDList": [],
      "DefaultIdleStateName": "Akimbo02Loop",
      "DefaultLookAtMode": "LookTarget",
      "DefaultLookAtTargetInfo": {
        "GroupID": 164,
        "InstanceID": 400013
      },
      "MapLayerID": 2,
      "BoardShowList": [
        8
      ],
      "TalkDialogGroupIDList": [],
      "DefaultIdleFreeStyleMotionID": 100010216,
      "BornType": "Permanent",
      "InitialHiddenNodeList": []
    },
    {
      "ID": 400016,
      "PosX": 5.749,
      "PosY": 0.003,
      "PosZ": -47.03,
      "Name": "NPC16",
      "RotY": 22.99369,
      "NPCID": 11405,
      "DialogueGroups": [],
      "ServerInteractVerificationIDList": [],
      "DefaultLookAtMode": "LookTarget",
      "DefaultLookAtTargetInfo": {
        "GroupID": 164,
        "InstanceID": 400013
      },
      "MapLayerID": 2,
      "BoardShowList": [
        8
      ],
      "TalkDialogGroupIDList": [],
      "DefaultIdleFreeStyleMotionID": 100030326,
      "BornType": "Permanent",
      "InitialHiddenNodeList": []
    },
    {
      "ID": 400017,
      "PosX": 4.72,
      "PosY": 0.037183,
      "PosZ": -46.87,
      "Name": "NPC17",
      "RotY": 64.2524,
      "NPCID": 11121,
      "DialogueGroups": [],
      "ServerInteractVerificationIDList": [],
      "DefaultLookAtMode": "LookTarget",
      "DefaultLookAtTargetInfo": {
        "GroupID": 164,
        "InstanceID": 400013
      },
      "MapLayerID": 2,
      "BoardShowList": [
        8
      ],
      "TalkDialogGroupIDList": [],
      "DefaultIdleFreeStyleMotionID": 100010000,
      "BornType": "Permanent",
      "InitialHiddenNodeList": []
    },
    {
      "ID": 400018,
      "PosX": -6.067,
      "PosY": 0.303465,
      "PosZ": -13.849,
      "Name": "NPC18",
      "RotY": 24.00197,
      "NPCID": 11224,
      "DialogueGroups": [],
      "ServerInteractVerificationIDList": [],
      "DefaultLookAtMode": "Closed",
      "MapLayerID": 2,
      "BoardShowList": [
        8
      ],
      "TalkDialogGroupIDList": [],
      "DefaultIdleFreeStyleMotionID": 100020227,
      "BornType": "Permanent",
      "InitialHiddenNodeList": []
    },
    {
      "ID": 400019,
      "PosX": -6.816,
      "PosY": 0.233807,
      "PosZ": -13.556,
      "Name": "NPC19",
      "RotY": 40.12538,
      "NPCID": 11307,
      "DialogueGroups": [],
      "ServerInteractVerificationIDList": [],
      "DefaultLookAtMode": "Closed",
      "MapLayerID": 2,
      "BoardShowList": [
        8
      ],
      "TalkDialogGroupIDList": [],
      "DefaultIdleFreeStyleMotionID": 100040329,
      "BornType": "Permanent",
      "InitialHiddenNodeList": []
    },
    {
      "ID": 400020,
      "PosX": -9.119999,
      "PosY": 0.23381,
      "PosZ": -14.062,
      "Name": "NPC20",
      "RotY": 40.01274,
      "NPCID": 11127,
      "DialogueGroups": [],
      "ServerInteractVerificationIDList": [],
      "DefaultLookAtMode": "Closed",
      "MapLayerID": 2,
      "BoardShowList": [
        8
      ],
      "TalkDialogGroupIDList": [],
      "DefaultIdleFreeStyleMotionID": 100010000,
      "BornType": "Permanent",
      "InitialHiddenNodeList": []
    },
    {
      "ID": 400021,
      "PosX": -8.186,
      "PosY": 0.233807,
      "PosZ": -13.938,
      "Name": "NPC21",
      "RotY": 350.4847,
      "NPCID": 11231,
      "DialogueGroups": [],
      "ServerInteractVerificationIDList": [],
      "DefaultLookAtMode": "Closed",
      "MapLayerID": 2,
      "BoardShowList": [
        8
      ],
      "TalkDialogGroupIDList": [],
      "DefaultIdleFreeStyleMotionID": 100020236,
      "BornType": "Permanent",
      "InitialHiddenNodeList": []
    },
    {
      "ID": 400022,
      "PosX": 0.724,
      "PosY": 0.233799,
      "PosZ": 1.245,
      "Name": "NPC22",
      "RotY": 91.4118,
      "NPCID": 11122,
      "DialogueGroups": [],
      "ServerInteractVerificationIDList": [],
      "DefaultLookAtMode": "Closed",
      "MapLayerID": 2,
      "PossessionConfig": {
        "Name": "Possession_Book_A_01"
      },
      "BoardShowList": [
        8
      ],
      "TalkDialogGroupIDList": [],
      "DefaultIdleFreeStyleMotionID": 100010299,
      "BornType": "Permanent",
      "InitialHiddenNodeList": []
    },
    {
      "ID": 400023,
      "PosX": -49.47,
      "PosY": 0.012043,
      "PosZ": -57.15,
      "Name": "NPC23",
      "RotY": 293.5936,
      "NPCID": 11126,
      "DialogueGroups": [],
      "ServerInteractVerificationIDList": [],
      "DefaultLookAtMode": "LookTarget",
      "DefaultLookAtTargetInfo": {
        "GroupID": 164,
        "InstanceID": 400024
      },
      "MapLayerID": 2,
      "BoardShowList": [
        8
      ],
      "TalkDialogGroupIDList": [],
      "DefaultIdleFreeStyleMotionID": 100010209,
      "BornType": "Permanent",
      "InitialHiddenNodeList": []
    },
    {
      "ID": 400024,
      "PosX": -50.11,
      "PosY": 0.012043,
      "PosZ": -56.9,
      "Name": "NPC24",
      "RotY": 89.65489,
      "NPCID": 11123,
      "DialogueGroups": [],
      "ServerInteractVerificationIDList": [],
      "DefaultLookAtMode": "LookTarget",
      "DefaultLookAtTargetInfo": {
        "GroupID": 164,
        "InstanceID": 400023
      },
      "MapLayerID": 2,
      "BoardShowList": [
        8
      ],
      "TalkDialogGroupIDList": [],
      "DefaultIdleFreeStyleMotionID": 100010230,
      "BornType": "Permanent",
      "InitialHiddenNodeList": []
    },
    {
      "ID": 400025,
      "PosX": 19.5223,
      "PosY": 0.384289,
      "PosZ": -7.045003,
      "Name": "NPC25",
      "RotY": 208.064,
      "NPCID": 11121,
      "DialogueGroups": [],
      "ServerInteractVerificationIDList": [],
      "DefaultLookAtMode": "LookTarget",
      "DefaultLookAtTargetInfo": {
        "GroupID": 164,
        "InstanceID": 400026
      },
      "MapLayerID": 2,
      "BoardShowList": [
        8
      ],
      "TalkDialogGroupIDList": [],
      "DefaultIdleFreeStyleMotionID": 100010293,
      "BornType": "Permanent",
      "InitialHiddenNodeList": []
    },
    {
      "ID": 400026,
      "PosX": 19.298,
      "PosY": 0.384289,
      "PosZ": -7.833,
      "Name": "NPC26",
      "RotY": 31.14858,
      "NPCID": 11225,
      "DialogueGroups": [],
      "ServerInteractVerificationIDList": [],
      "DefaultLookAtMode": "LookTarget",
      "DefaultLookAtTargetInfo": {
        "GroupID": 164,
        "InstanceID": 400025
      },
      "MapLayerID": 2,
      "BoardShowList": [
        8
      ],
      "TalkDialogGroupIDList": [],
      "DefaultIdleFreeStyleMotionID": 100020209,
      "BornType": "Permanent",
      "InitialHiddenNodeList": []
    },
    {
      "ID": 400027,
      "PosX": -39.838,
      "PosY": 0.691952,
      "PosZ": -68.068,
      "Name": "NPC27",
      "NPCID": 11227,
      "DialogueGroups": [],
      "ServerInteractVerificationIDList": [],
      "DefaultLookAtMode": "LookTarget",
      "DefaultLookAtTargetInfo": {
        "GroupID": 164,
        "InstanceID": 400028
      },
      "MapLayerID": 2,
      "BoardShowList": [
        8
      ],
      "TalkDialogGroupIDList": [],
      "DefaultIdleFreeStyleMotionID": 100020298,
      "BornType": "Permanent",
      "InitialHiddenNodeList": []
    },
    {
      "ID": 400028,
      "PosX": -39.754,
      "PosY": 0.691944,
      "PosZ": -67.231,
      "Name": "NPC28",
      "RotY": 178.489,
      "NPCID": 11305,
      "DialogueGroups": [],
      "ServerInteractVerificationIDList": [],
      "DefaultLookAtMode": "LookTarget",
      "DefaultLookAtTargetInfo": {
        "GroupID": 164,
        "InstanceID": 400027
      },
      "MapLayerID": 2,
      "BoardShowList": [
        8
      ],
      "TalkDialogGroupIDList": [],
      "DefaultIdleFreeStyleMotionID": 100040291,
      "BornType": "Permanent",
      "InitialHiddenNodeList": []
    },
    {
      "ID": 400029,
      "PosX": -50.26,
      "PosY": 0.691921,
      "PosZ": -17.69,
      "Name": "NPC29",
      "RotY": 106.1263,
      "NPCID": 11224,
      "DialogueGroups": [],
      "ServerInteractVerificationIDList": [],
      "DefaultLookAtMode": "LookTarget",
      "DefaultLookAtTargetInfo": {
        "GroupID": 164,
        "InstanceID": 400030
      },
      "MapLayerID": 2,
      "BoardShowList": [
        8
      ],
      "TalkDialogGroupIDList": [],
      "DefaultIdleFreeStyleMotionID": 100020000,
      "BornType": "Permanent",
      "InitialHiddenNodeList": []
    },
    {
      "ID": 400030,
      "PosX": -49.223,
      "PosY": 0.691921,
      "PosZ": -17.409,
      "Name": "NPC30",
      "RotY": 216.0761,
      "NPCID": 11122,
      "DialogueGroups": [],
      "ServerInteractVerificationIDList": [],
      "DefaultLookAtMode": "LookTarget",
      "DefaultLookAtTargetInfo": {
        "GroupID": 164,
        "InstanceID": 400029
      },
      "MapLayerID": 2,
      "BoardShowList": [
        8
      ],
      "TalkDialogGroupIDList": [],
      "DefaultIdleFreeStyleMotionID": 100010000,
      "BornType": "Permanent",
      "InitialHiddenNodeList": []
    },
    {
      "ID": 400031,
      "PosX": -62.895,
      "PosY": 0.691937,
      "PosZ": -18.736,
      "Name": "NPC31",
      "RotY": 141.0809,
      "NPCID": 11227,
      "DialogueGroups": [],
      "ServerInteractVerificationIDList": [],
      "MapLayerID": 2,
      "BoardShowList": [
        8
      ],
      "TalkDialogGroupIDList": [],
      "DefaultIdleFreeStyleMotionID": 100020298,
      "BornType": "Permanent",
      "InitialHiddenNodeList": []
    },
    {
      "ID": 400032,
      "PosX": -63.30839,
      "PosY": 0.691917,
      "PosZ": -19.769,
      "Name": "NPC32",
      "NPCID": 11310,
      "DialogueGroups": [],
      "ServerInteractVerificationIDList": [],
      "MapLayerID": 2,
      "BoardShowList": [
        8
      ],
      "TalkDialogGroupIDList": [],
      "DefaultIdleFreeStyleMotionID": 100040291,
      "BornType": "Permanent",
      "InitialHiddenNodeList": []
    },
    {
      "ID": 400033,
      "PosX": -62.684,
      "PosY": 0.691906,
      "PosZ": -19.822,
      "Name": "NPC33",
      "NPCID": 11309,
      "DialogueGroups": [],
      "ServerInteractVerificationIDList": [],
      "MapLayerID": 2,
      "BoardShowList": [
        8
      ],
      "TalkDialogGroupIDList": [],
      "DefaultIdleFreeStyleMotionID": 100040209,
      "BornType": "Permanent",
      "InitialHiddenNodeList": []
    },
    {
      "ID": 400034,
      "PosX": -61.942,
      "PosY": 0.691883,
      "PosZ": -19.173,
      "Name": "NPC34",
      "RotY": 293.0116,
      "NPCID": 11307,
      "DialogueGroups": [],
      "ServerInteractVerificationIDList": [],
      "MapLayerID": 2,
      "BoardShowList": [
        8
      ],
      "TalkDialogGroupIDList": [],
      "DefaultIdleFreeStyleMotionID": 100040209,
      "BornType": "Permanent",
      "InitialHiddenNodeList": []
    },
    {
      "ID": 400035,
      "PosX": -65.22,
      "PosY": 1.123055,
      "PosZ": -37.21,
      "Name": "NPC35",
      "RotY": 247.1804,
      "NPCID": 11314,
      "DialogueGroups": [],
      "ServerInteractVerificationIDList": [],
      "MapLayerID": 2,
      "BoardShowList": [
        8
      ],
      "TalkDialogGroupIDList": [],
      "DefaultIdleFreeStyleMotionID": 100040000,
      "BornType": "Permanent",
      "InitialHiddenNodeList": []
    },
    {
      "ID": 400036,
      "PosX": -61.35,
      "PosY": 0.923058,
      "PosZ": -38.85,
      "Name": "NPC36",
      "RotY": 282.3553,
      "NPCID": 11405,
      "DialogueGroups": [],
      "ServerInteractVerificationIDList": [],
      "DefaultLookAtMode": "LookTarget",
      "DefaultLookAtTargetInfo": {
        "GroupID": 164,
        "InstanceID": 400035
      },
      "MapLayerID": 2,
      "BoardShowList": [
        8
      ],
      "TalkDialogGroupIDList": [],
      "DefaultIdleFreeStyleMotionID": 100030326,
      "BornType": "Permanent",
      "InitialHiddenNodeList": []
    },
    {
      "ID": 400037,
      "PosX": -69.73,
      "PosY": 1.123062,
      "PosZ": -48.66,
      "Name": "NPC37",
      "NPCID": 11309,
      "DialogueGroups": [],
      "ServerInteractVerificationIDList": [],
      "DefaultLookAtMode": "Closed",
      "MapLayerID": 2,
      "BoardShowList": [
        8
      ],
      "TalkDialogGroupIDList": [],
      "DefaultIdleFreeStyleMotionID": 100040209,
      "BornType": "Permanent",
      "InitialHiddenNodeList": []
    },
    {
      "ID": 400038,
      "PosX": -70.49,
      "PosY": 1.123062,
      "PosZ": -48.48875,
      "Name": "NPC38",
      "NPCID": 11228,
      "DialogueGroups": [],
      "ServerInteractVerificationIDList": [],
      "DefaultLookAtMode": "Closed",
      "MapLayerID": 2,
      "BoardShowList": [
        8
      ],
      "TalkDialogGroupIDList": [],
      "DefaultIdleFreeStyleMotionID": 100020293,
      "BornType": "Permanent",
      "InitialHiddenNodeList": []
    },
    {
      "ID": 400039,
      "PosX": -39.888,
      "PosY": 0.691952,
      "PosZ": -11.997,
      "Name": "NPC39",
      "RotY": 184.6156,
      "NPCID": 11231,
      "DialogueGroups": [],
      "ServerInteractVerificationIDList": [],
      "DefaultLookAtMode": "LookTarget",
      "DefaultLookAtTargetInfo": {
        "GroupID": 164,
        "InstanceID": 400040
      },
      "MapLayerID": 2,
      "BoardShowList": [
        8
      ],
      "TalkDialogGroupIDList": [],
      "DefaultIdleFreeStyleMotionID": 100020298,
      "BornType": "Permanent",
      "InitialHiddenNodeList": []
    },
    {
      "ID": 400040,
      "PosX": -40.676,
      "PosY": 0.708,
      "PosZ": -12.375,
      "Name": "NPC40",
      "RotY": 58.54827,
      "NPCID": 11127,
      "DialogueGroups": [],
      "ServerInteractVerificationIDList": [],
      "DefaultLookAtMode": "LookTarget",
      "DefaultLookAtTargetInfo": {
        "GroupID": 164,
        "InstanceID": 400039
      },
      "MapLayerID": 2,
      "BoardShowList": [
        8
      ],
      "TalkDialogGroupIDList": [],
      "DefaultIdleFreeStyleMotionID": 100010295,
      "BornType": "Permanent",
      "InitialHiddenNodeList": []
    },
    {
      "ID": 400041,
      "PosX": -50.038,
      "PosY": 0.012043,
      "PosZ": -23.15388,
      "Name": "NPC41",
      "NPCID": 11127,
      "DialogueGroups": [],
      "ServerInteractVerificationIDList": [],
      "DefaultLookAtMode": "Closed",
      "MapLayerID": 2,
      "BoardShowList": [
        8
      ],
      "TalkDialogGroupIDList": [],
      "DefaultIdleFreeStyleMotionID": 100010221,
      "BornType": "Permanent",
      "InitialHiddenNodeList": []
    },
    {
      "ID": 400042,
      "PosX": -49.336,
      "PosY": 0.012047,
      "PosZ": -22.768,
      "Name": "NPC42",
      "RotY": 248.6259,
      "NPCID": 11228,
      "DialogueGroups": [],
      "ServerInteractVerificationIDList": [],
      "DefaultLookAtMode": "LookTarget",
      "DefaultLookAtTargetInfo": {
        "GroupID": 164,
        "InstanceID": 400041
      },
      "MapLayerID": 2,
      "BoardShowList": [
        8
      ],
      "TalkDialogGroupIDList": [],
      "DefaultIdleFreeStyleMotionID": 100020209,
      "BornType": "Permanent",
      "InitialHiddenNodeList": []
    },
    {
      "ID": 400043,
      "PosX": -12.415,
      "PosY": 0.233799,
      "PosZ": -4.835,
      "Name": "NPC43",
      "RotY": 114.9908,
      "NPCID": 11404,
      "DialogueGroups": [],
      "ServerInteractVerificationIDList": [],
      "DefaultLookAtMode": "LookTarget",
      "DefaultLookAtTargetInfo": {
        "GroupID": 15,
        "InstanceID": 400007
      },
      "MapLayerID": 2,
      "BoardShowList": [
        8
      ],
      "TalkDialogGroupIDList": [],
      "DefaultIdleFreeStyleMotionID": 100030326,
      "BornType": "Permanent",
      "InitialHiddenNodeList": []
    },
    {
      "ID": 400044,
      "PosX": -12.777,
      "PosY": 0.233795,
      "PosZ": -7.037,
      "Name": "NPC44",
      "RotY": 78.499,
      "NPCID": 10303,
      "DialogueGroups": [],
      "ServerInteractVerificationIDList": [],
      "DefaultLookAtMode": "LookTarget",
      "DefaultLookAtTargetInfo": {
        "GroupID": 15,
        "InstanceID": 400007
      },
      "MapLayerID": 2,
      "BoardShowList": [
        8
      ],
      "TalkDialogGroupIDList": [],
      "DefaultIdleFreeStyleMotionID": 100040209,
      "BornType": "Permanent",
      "InitialHiddenNodeList": []
    },
    {
      "ID": 400045,
      "PosX": -11.291,
      "PosY": 0.233791,
      "PosZ": 5.252,
      "Name": "NPC45",
      "RotY": 274.4678,
      "NPCID": 11230,
      "DialogueGroups": [],
      "ServerInteractVerificationIDList": [],
      "DefaultLookAtMode": "LookTarget",
      "DefaultLookAtTargetInfo": {
        "GroupID": 164,
        "InstanceID": 400046
      },
      "MapLayerID": 2,
      "BoardShowList": [
        8
      ],
      "TalkDialogGroupIDList": [],
      "DefaultIdleFreeStyleMotionID": 100020298,
      "BornType": "Permanent",
      "InitialHiddenNodeList": []
    },
    {
      "ID": 400046,
      "PosX": -11.902,
      "PosY": 0.233791,
      "PosZ": 5.471,
      "Name": "NPC46",
      "RotY": 122.796,
      "NPCID": 11227,
      "DialogueGroups": [],
      "ServerInteractVerificationIDList": [],
      "DefaultLookAtMode": "LookTarget",
      "DefaultLookAtTargetInfo": {
        "GroupID": 164,
        "InstanceID": 400045
      },
      "MapLayerID": 2,
      "BoardShowList": [
        8
      ],
      "TalkDialogGroupIDList": [],
      "DefaultIdleFreeStyleMotionID": 100020209,
      "BornType": "Permanent",
      "InitialHiddenNodeList": []
    },
    {
      "ID": 400047,
      "PosX": -35.92907,
      "PosY": 0.009708,
      "PosZ": -89.20339,
      "Name": "NPC47",
      "RotY": 267.6931,
      "NPCID": 11226,
      "DialogueGroups": [],
      "ServerInteractVerificationIDList": [],
      "MapLayerID": 2,
      "BoardShowList": [
        8
      ],
      "TalkDialogGroupIDList": [],
      "DefaultIdleFreeStyleMotionID": 100020236,
      "BornType": "Permanent",
      "InitialHiddenNodeList": []
    },
    {
      "ID": 400048,
      "PosX": -13.964,
      "PosY": 0.233852,
      "PosZ": -88.847,
      "Name": "NPC48",
      "RotY": 36.03764,
      "NPCID": 11121,
      "DialogueGroups": [],
      "ServerInteractVerificationIDList": [],
      "DefaultLookAtMode": "LookTarget",
      "DefaultLookAtTargetInfo": {
        "GroupID": 164,
        "InstanceID": 400049
      },
      "MapLayerID": 2,
      "BoardShowList": [
        8
      ],
      "TalkDialogGroupIDList": [],
      "DefaultIdleFreeStyleMotionID": 100010230,
      "BornType": "Permanent",
      "InitialHiddenNodeList": []
    },
    {
      "ID": 400049,
      "PosX": -13.18,
      "PosY": 0.233852,
      "PosZ": -88.4,
      "Name": "NPC49",
      "RotY": 248.6591,
      "NPCID": 11231,
      "DialogueGroups": [],
      "ServerInteractVerificationIDList": [],
      "DefaultLookAtMode": "LookTarget",
      "DefaultLookAtTargetInfo": {
        "GroupID": 164,
        "InstanceID": 400048
      },
      "MapLayerID": 2,
      "BoardShowList": [
        8
      ],
      "TalkDialogGroupIDList": [],
      "DefaultIdleFreeStyleMotionID": 100020221,
      "BornType": "Permanent",
      "InitialHiddenNodeList": []
    },
    {
      "ID": 400050,
      "PosX": -14.2,
      "PosY": 0.233852,
      "PosZ": -79.76,
      "Name": "NPC50",
      "RotY": 301.4501,
      "NPCID": 11125,
      "DialogueGroups": [],
      "ServerInteractVerificationIDList": [],
      "DefaultLookAtMode": "Closed",
      "MapLayerID": 2,
      "BoardShowList": [
        8
      ],
      "TalkDialogGroupIDList": [],
      "DefaultIdleFreeStyleMotionID": 100010295,
      "BornType": "Permanent",
      "InitialHiddenNodeList": []
    },
    {
      "ID": 400051,
      "PosX": -15.451,
      "PosY": 0.233852,
      "PosZ": -79.898,
      "Name": "NPC51",
      "RotY": 61.6679,
      "NPCID": 11227,
      "DialogueGroups": [],
      "ServerInteractVerificationIDList": [],
      "DefaultLookAtMode": "LookTarget",
      "DefaultLookAtTargetInfo": {
        "GroupID": 164,
        "InstanceID": 400050
      },
      "MapLayerID": 2,
      "BoardShowList": [
        8
      ],
      "TalkDialogGroupIDList": [],
      "DefaultIdleFreeStyleMotionID": 100020209,
      "BornType": "Permanent",
      "InitialHiddenNodeList": []
    },
    {
      "ID": 400052,
      "PosX": -14.96,
      "PosY": 0.233852,
      "PosZ": -79.039,
      "Name": "NPC52",
      "RotY": 151.3305,
      "NPCID": 11228,
      "DialogueGroups": [],
      "ServerInteractVerificationIDList": [],
      "DefaultLookAtMode": "LookTarget",
      "DefaultLookAtTargetInfo": {
        "GroupID": 64,
        "InstanceID": 400050
      },
      "MapLayerID": 2,
      "BoardShowList": [
        8
      ],
      "TalkDialogGroupIDList": [],
      "DefaultIdleFreeStyleMotionID": 100020221,
      "BornType": "Permanent",
      "InitialHiddenNodeList": []
    },
    {
      "ID": 400053,
      "PosX": 1.04,
      "PosY": 0.233868,
      "PosZ": -98.76,
      "Name": "NPC53",
      "RotY": 89.42564,
      "NPCID": 11405,
      "DialogueGroups": [],
      "ServerInteractVerificationIDList": [],
      "DefaultLookAtMode": "LookTarget",
      "DefaultLookAtTargetInfo": {
        "GroupID": 164,
        "InstanceID": 400054
      },
      "MapLayerID": 2,
      "BoardShowList": [
        8
      ],
      "TalkDialogGroupIDList": [],
      "DefaultIdleFreeStyleMotionID": 100030298,
      "BornType": "Permanent",
      "InitialHiddenNodeList": []
    },
    {
      "ID": 400054,
      "PosX": 1.524,
      "PosY": 0.233872,
      "PosZ": -99.516,
      "Name": "NPC54",
      "RotY": 320.2658,
      "NPCID": 11229,
      "DialogueGroups": [],
      "ServerInteractVerificationIDList": [],
      "DefaultLookAtMode": "LookTarget",
      "DefaultLookAtTargetInfo": {
        "GroupID": 164,
        "InstanceID": 400053
      },
      "MapLayerID": 2,
      "BoardShowList": [
        8
      ],
      "TalkDialogGroupIDList": [],
      "DefaultIdleFreeStyleMotionID": 100020000,
      "BornType": "Permanent",
      "InitialHiddenNodeList": []
    },
    {
      "ID": 400055,
      "PosX": 17.316,
      "PosY": 0.009857,
      "PosZ": -107.482,
      "Name": "NPC55",
      "RotY": 250.7312,
      "NPCID": 11122,
      "DialogueGroups": [],
      "ServerInteractVerificationIDList": [],
      "MapLayerID": 2,
      "BoardShowList": [
        8
      ],
      "TalkDialogGroupIDList": [],
      "DefaultIdleFreeStyleMotionID": 100010294,
      "BornType": "Permanent",
      "InitialHiddenNodeList": []
    },
    {
      "ID": 400056,
      "PosX": 18.075,
      "PosY": 0.009747,
      "PosZ": -159.193,
      "Name": "NPC56",
      "RotY": 4.577971,
      "NPCID": 11225,
      "DialogueGroups": [],
      "ServerInteractVerificationIDList": [],
      "DefaultIdleStateName": "SitChatting02Loop",
      "DefaultLookAtMode": "Closed",
      "MapLayerID": 2,
      "BoardShowList": [
        8
      ],
      "OverrideNPCName": {
        "Hash": 1690540168
      },
      "OverrideNPCTitle": {
        "Hash": -1598667672
      },
      "TalkDialogGroupIDList": [],
      "DefaultIdleFreeStyleMotionID": 100020302,
      "BornType": "Permanent",
      "InitialHiddenNodeList": []
    },
    {
      "ID": 400057,
      "PosX": 18.086,
      "PosY": 0.009747,
      "PosZ": -157.703,
      "Name": "NPC57",
      "RotY": 138.8577,
      "NPCID": 11122,
      "DialogueGroups": [],
      "ServerInteractVerificationIDList": [],
      "DefaultIdleStateName": "SitChatting01Loop",
      "DefaultLookAtMode": "Closed",
      "MapLayerID": 2,
      "BoardShowList": [
        8
      ],
      "OverrideNPCName": {
        "Hash": 1690540168
      },
      "TalkDialogGroupIDList": [],
      "DefaultIdleFreeStyleMotionID": 100010301,
      "BornType": "Permanent",
      "InitialHiddenNodeList": []
    },
    {
      "ID": 400058,
      "PosX": 18.081,
      "PosY": 0.009747,
      "PosZ": -159.196,
      "Name": "NPC58",
      "RotY": 354.501,
      "NPCID": 11226,
      "DialogueGroups": [],
      "ServerInteractVerificationIDList": [],
      "DefaultIdleStateName": "SitReading01Loop",
      "DefaultLookAtMode": "Closed",
      "MapLayerID": 2,
      "PossessionConfig": {
        "Name": "Possession_Book_A_03"
      },
      "BoardShowList": [
        8
      ],
      "OverrideNPCName": {
        "Hash": 1690540168
      },
      "TalkDialogGroupIDList": [],
      "DefaultIdleFreeStyleMotionID": 100020299,
      "BornType": "Permanent",
      "InitialHiddenNodeList": []
    },
    {
      "ID": 400059,
      "PosX": 18.039,
      "PosY": 0.009747,
      "PosZ": -157.731,
      "Name": "NPC59",
      "RotY": 142.5592,
      "NPCID": 11126,
      "DialogueGroups": [],
      "ServerInteractVerificationIDList": [],
      "DefaultIdleStateName": "SitChatting01Loop",
      "DefaultLookAtMode": "Closed",
      "MapLayerID": 2,
      "BoardShowList": [
        8
      ],
      "OverrideNPCName": {
        "Hash": 1690540168
      },
      "TalkDialogGroupIDList": [],
      "DefaultIdleFreeStyleMotionID": 100010301,
      "BornType": "Permanent",
      "InitialHiddenNodeList": []
    },
    {
      "ID": 400060,
      "PosX": 18.074,
      "PosY": 0.009743,
      "PosZ": -159.223,
      "Name": "NPC60",
      "RotY": 354.4109,
      "NPCID": 11229,
      "DialogueGroups": [],
      "ServerInteractVerificationIDList": [],
      "DefaultIdleStateName": "SitChatting02Loop",
      "DefaultLookAtMode": "Closed",
      "MapLayerID": 2,
      "BoardShowList": [
        8
      ],
      "OverrideNPCName": {
        "Hash": 1690540168
      },
      "TalkDialogGroupIDList": [],
      "DefaultIdleFreeStyleMotionID": 100020302,
      "BornType": "Permanent",
      "InitialHiddenNodeList": []
    },
    {
      "ID": 400061,
      "PosX": 17.983,
      "PosY": 0.009747,
      "PosZ": -157.777,
      "Name": "NPC61",
      "RotY": 154.8155,
      "NPCID": 11127,
      "DialogueGroups": [],
      "ServerInteractVerificationIDList": [],
      "DefaultIdleStateName": "SitChatting01Loop",
      "DefaultLookAtMode": "Closed",
      "MapLayerID": 2,
      "BoardShowList": [
        8
      ],
      "OverrideNPCName": {
        "Hash": 1690540168
      },
      "TalkDialogGroupIDList": [],
      "DefaultIdleFreeStyleMotionID": 100010301,
      "BornType": "Permanent",
      "InitialHiddenNodeList": []
    }
  ]
}