{
  "GroupGUID": "9b9eb7e1-c230-4f6d-8359-adf207dc168a",
  "GroupName": "Book",
  "AreaAnchorName": "LevelArea_P10101_F10101001_G174",
  "LoadCondition": {
    "Conditions": [
      {
        "ID": 4040179
      }
    ]
  },
  "LoadSide": "Server",
  "ConflictIDList": [],
  "AnchorList": [],
  "MonsterList": [],
  "PropList": [
    {
      "ID": 300001,
      "PosX": -31.4351,
      "PosY": 0.554,
      "PosZ": 96.45338,
      "Name": "Prop1",
      "RotY": 102.4915,
      "PropID": 101028,
      "IsOverrideInitLevelGraph": true,
      "InitLevelGraph": "Config/Level/Props/Common/InitLevelGraph_Prop_Common_PickupReadings.json",
      "CampID": 4,
      "State": "EventClose",
      "EventID": 10101521,
      "MapLayerID": 2,
      "CustomTriggerMap": {},
      "BridgeStateRotations": [],
      "DialogueGroups": [],
      "TalkDialogGroupIDList": [],
      "ServerInteractVerificationIDList": []
    }
  ],
  "NPCList": []
}