{
  "GroupGUID": "e9ffe27e-fd37-42fc-9e1f-22818a1a5603",
  "GroupName": "DefaultData",
  "AreaAnchorName": "LevelArea_P10101_F10101001_G1",
  "LoadSide": "Server",
  "LoadOnInitial": true,
  "GroupRefreshID": 1,
  "ConflictIDList": [],
  "AnchorList": [
    {
      "ID": 1,
      "PosX": -36.58994,
      "PosY": -5.400732,
      "PosZ": 70.01997,
      "Name": "Anchor1",
      "RotY": 137.55,
      "MapLayerID": 2
    },
    {
      "ID": 2,
      "PosX": -43.3,
      "PosY": -0.093124,
      "PosZ": -37.96,
      "Name": "Anchor2",
      "RotY": 90.0,
      "MapLayerID": 2
    },
    {
      "ID": 3,
      "PosX": 33.046,
      "PosY": 0.009865,
      "PosZ": -144.792,
      "Name": "Anchor3",
      "RotY": 300.0,
      "MapLayerID": 2
    },
    {
      "ID": 4,
      "PosX": -10.138,
      "PosY": 0.009586,
      "PosZ": 78.898,
      "Name": "Anchor4",
      "RotY": 186.0784,
      "MapLayerID": 2
    }
  ],
  "MonsterList": [],
  "PropList": [
    {
      "ID": 300001,
      "PosX": -15.15,
      "PosY": 0.009586,
      "PosZ": 80.34,
      "Name": "Prop1",
      "RotY": 45.0,
      "PropID": 101,
      "IsOverrideInitLevelGraph": true,
      "InitLevelGraph": "Config/Level/Props/Common/InitLevelGraph_Prop_Common_CheckPoint_ActiveHint.json",
      "ValueSource": {
        "Values": [
          {
            "$type": "SharedUint",
            "Key": "Maze_CheckPoint_RefreshGroupID",
            "Value": 2
          },
          {
            "$type": "SharedUint",
            "Key": "Maze_CheckPoint_RefreshPropID",
            "Value": 600002
          }
        ]
      },
      "Trigger": {
        "Radius": 2.5,
        "Offset": {
          "y": 1.0
        },
        "PointList": [],
        "Server": true
      },
      "State": "CheckPointEnable",
      "MapLayerID": 2,
      "CustomTriggerMap": {
        "CustomTrigger_Spring": {
          "Radius": 7.0,
          "Offset": {
            "y": 1.0
          },
          "PointList": [],
          "Server": true
        }
      },
      "BridgeStateRotations": [],
      "AnchorGroupID": 1,
      "AnchorID": 4,
      "MappingInfoID": 1010101,
      "DialogueGroups": [],
      "TalkDialogGroupIDList": [],
      "ServerInteractVerificationIDList": []
    },
    {
      "ID": 300002,
      "PosX": -47.36,
      "PosY": 0.009171,
      "PosZ": -39.76,
      "Name": "Prop2",
      "RotY": 90.0,
      "PropID": 101,
      "IsOverrideInitLevelGraph": true,
      "InitLevelGraph": "Config/Level/Props/Common/InitLevelGraph_Prop_Common_CheckPoint_ActiveHint.json",
      "ValueSource": {
        "Values": [
          {
            "$type": "SharedUint",
            "Key": "Maze_CheckPoint_RefreshGroupID",
            "Value": 2
          },
          {
            "$type": "SharedUint",
            "Key": "Maze_CheckPoint_RefreshPropID",
            "Value": 600004
          }
        ]
      },
      "Trigger": {
        "Radius": 2.5,
        "Offset": {
          "y": 1.0
        },
        "PointList": [],
        "Server": true
      },
      "State": "CheckPointEnable",
      "MapLayerID": 2,
      "CustomTriggerMap": {
        "CustomTrigger_Spring": {
          "Radius": 5.0,
          "Offset": {
            "y": 1.0
          },
          "PointList": [],
          "Server": true
        }
      },
      "BridgeStateRotations": [],
      "AnchorGroupID": 1,
      "AnchorID": 2,
      "MappingInfoID": 1010102,
      "DialogueGroups": [],
      "TalkDialogGroupIDList": [],
      "ServerInteractVerificationIDList": []
    },
    {
      "ID": 300003,
      "PosX": 34.96319,
      "PosY": 0.009865,
      "PosZ": -142.26,
      "Name": "Prop3",
      "PropID": 101,
      "IsOverrideInitLevelGraph": true,
      "InitLevelGraph": "Config/Level/Props/Common/InitLevelGraph_Prop_Common_CheckPoint_ActiveHint.json",
      "ValueSource": {
        "Values": [
          {
            "$type": "SharedUint",
            "Key": "Maze_CheckPoint_RefreshGroupID",
            "Value": 2
          },
          {
            "$type": "SharedUint",
            "Key": "Maze_CheckPoint_RefreshPropID",
            "Value": 600006
          }
        ]
      },
      "Trigger": {
        "Radius": 2.5,
        "Offset": {
          "y": 1.0
        },
        "PointList": [],
        "Server": true
      },
      "State": "CheckPointEnable",
      "MapLayerID": 2,
      "CustomTriggerMap": {
        "CustomTrigger_Spring": {
          "Radius": 5.0,
          "Offset": {
            "y": 1.0
          },
          "PointList": [],
          "Server": true
        }
      },
      "BridgeStateRotations": [],
      "AnchorGroupID": 1,
      "AnchorID": 3,
      "MappingInfoID": 1010103,
      "DialogueGroups": [],
      "TalkDialogGroupIDList": [],
      "ServerInteractVerificationIDList": []
    },
    {
      "ID": 300004,
      "PosX": -47.83,
      "PosY": -6.336254,
      "PosZ": 81.72,
      "Name": "Airwall",
      "RotY": 315.0,
      "Scale": {
        "x": 4.0,
        "y": 1.0,
        "z": 1.0
      },
      "PropID": 102,
      "IsOverrideInitLevelGraph": true,
      "CampID": 4,
      "MapLayerID": 2,
      "CustomTriggerMap": {},
      "BridgeStateRotations": [],
      "DialogueGroups": [],
      "TalkDialogGroupIDList": [],
      "ServerInteractVerificationIDList": []
    },
    {
      "ID": 300006,
      "PosX": 31.69,
      "PosY": 0.21,
      "PosZ": -40.22,
      "Name": "Airwall",
      "RotY": 90.0,
      "Scale": {
        "x": 16.0,
        "y": 1.0,
        "z": 1.0
      },
      "PropID": 102,
      "IsOverrideInitLevelGraph": true,
      "CampID": 4,
      "MapLayerID": 2,
      "CustomTriggerMap": {},
      "BridgeStateRotations": [],
      "DialogueGroups": [],
      "TalkDialogGroupIDList": [],
      "ServerInteractVerificationIDList": []
    },
    {
      "ID": 300007,
      "PosX": 37.16,
      "PosY": -0.092865,
      "PosZ": -168.31,
      "Name": "Airwall",
      "RotY": 153.5,
      "Scale": {
        "x": 4.0,
        "y": 1.0,
        "z": 5.0
      },
      "PropID": 102,
      "IsOverrideInitLevelGraph": true,
      "CampID": 4,
      "MapLayerID": 2,
      "CustomTriggerMap": {},
      "BridgeStateRotations": [],
      "DialogueGroups": [],
      "TalkDialogGroupIDList": [],
      "ServerInteractVerificationIDList": []
    },
    {
      "ID": 300005,
      "PosX": -23.32,
      "PosY": -4.889481,
      "PosZ": -149.6,
      "Name": "Prop5",
      "PropID": 100,
      "IsOverrideInitLevelGraph": true,
      "InitLevelGraph": "Config/Level/Maze/Chapter01/Town/Town_AirwallInteract.json",
      "Trigger": {
        "Shape": "Box",
        "Radius": 1.0,
        "DimX": 5.0,
        "DimY": 2.0,
        "DimZ": 1.0,
        "PointList": []
      },
      "CampID": 4,
      "MapLayerID": 2,
      "CustomTriggerMap": {},
      "BridgeStateRotations": [],
      "DialogueGroups": [],
      "TalkDialogGroupIDList": [],
      "ServerInteractVerificationIDList": []
    },
    {
      "ID": 300008,
      "PosX": -23.357,
      "PosY": -1.1,
      "PosZ": -129.99,
      "Name": "Prop8",
      "Scale": {
        "x": 1.5,
        "y": 1.0,
        "z": 1.0
      },
      "PropID": 102,
      "IsOverrideInitLevelGraph": true,
      "CampID": 4,
      "MapLayerID": 2,
      "CustomTriggerMap": {},
      "BridgeStateRotations": [],
      "DialogueGroups": [],
      "TalkDialogGroupIDList": [],
      "ServerInteractVerificationIDList": []
    }
  ],
  "NPCList": []
}