{
  "GroupGUID": "83b078b9-562d-4c2c-8c22-72bb6048b042",
  "GroupName": "MainMission1011002_",
  "Category": "Mission",
  "ConfigPrefabPath": "Level/Mission/1011101/Mission_1011101_temp.prefab",
  "AreaAnchorName": "LevelArea_P10101_F10101001_G16",
  "SaveType": "Reset",
  "LoadCondition": {
    "Conditions": [
      {
        "Type": "SubMission",
        "ID": 101100208
      }
    ]
  },
  "UnloadCondition": {
    "Conditions": [
      {
        "Type": "SubMission",
        "Phase": "Finish",
        "ID": 101100208
      }
    ]
  },
  "OwnerMainMissionID": 1011002,
  "ConflictIDList": [],
  "AnchorList": [
    {
      "ID": 1,
      "PosX": -36.317,
      "PosY": 0.009724,
      "PosZ": -124.23,
      "Name": "Anchor1",
      "RotY": 106.677,
      "MapLayerID": 2
    }
  ],
  "MonsterList": [],
  "PropList": [
    {
      "ID": 300001,
      "PosX": 18.49,
      "PosY": 0.23,
      "PosZ": -70.794,
      "Name": "Prop1",
      "PropID": 100,
      "IsOverrideInitLevelGraph": true,
      "Trigger": {
        "Radius": 2.0,
        "DimX": 1.0,
        "DimY": 1.0,
        "DimZ": 1.0,
        "PointList": []
      },
      "MapLayerID": 2,
      "CustomTriggerMap": {},
      "BridgeStateRotations": [],
      "DialogueGroups": [],
      "TalkDialogGroupIDList": [],
      "ServerInteractVerificationIDList": []
    }
  ],
  "NPCList": []
}