{
  "GroupGUID": "1080141b-5d0d-4067-955b-c2dc4fa6714a",
  "GroupName": "MainMission4040101_",
  "Category": "Mission",
  "AreaAnchorName": "LevelArea_P10101_F10101001_G143",
  "SaveType": "Reset",
  "LoadCondition": {
    "Conditions": [
      {
        "Type": "SubMission",
        "ID": 404010101
      }
    ]
  },
  "UnloadCondition": {
    "Conditions": [
      {
        "Type": "SubMission",
        "Phase": "Finish",
        "ID": 404010101
      }
    ]
  },
  "OwnerMainMissionID": 4040101,
  "ConflictIDList": [],
  "AnchorList": [
    {
      "ID": 1,
      "PosX": -43.165,
      "PosY": 0.1205,
      "PosZ": 92.65,
      "Name": "Anchor1",
      "RotY": 315.0001,
      "MapLayerID": 2
    },
    {
      "ID": 2,
      "PosX": -41.75,
      "PosY": 0.1205,
      "PosZ": 91.5,
      "Name": "Anchor2",
      "RotY": 135.0001,
      "MapLayerID": 2
    }
  ],
  "MonsterList": [],
  "PropList": [
    {
      "ID": 300001,
      "PosX": -42.753,
      "PosY": 1.053,
      "PosZ": 92.576,
      "Name": "Prop1",
      "RotY": 44.99997,
      "PropID": 100,
      "IsOverrideInitLevelGraph": true,
      "Trigger": {
        "Radius": 1.0,
        "DimX": 1.0,
        "DimY": 1.0,
        "DimZ": 1.0,
        "PointList": []
      },
      "CampID": 4,
      "MapLayerID": 2,
      "CustomTriggerMap": {},
      "BridgeStateRotations": [],
      "DialogueGroups": [],
      "TalkDialogGroupIDList": [],
      "ServerInteractVerificationIDList": []
    },
    {
      "ID": 300002,
      "PosX": -42.346,
      "PosY": 1.053,
      "PosZ": 92.169,
      "Name": "Prop2",
      "PropID": 100,
      "IsOverrideInitLevelGraph": true,
      "CampID": 4,
      "MapLayerID": 2,
      "OverrideHintRange": 50.0,
      "CustomTriggerMap": {},
      "BridgeStateRotations": [],
      "DialogueGroups": [],
      "TalkDialogGroupIDList": [],
      "ServerInteractVerificationIDList": []
    }
  ],
  "NPCList": []
}