{
  "GroupGUID": "4aebd85b-8b73-4a06-b5a5-e8769ab346de",
  "GroupName": "MainMission4040109_",
  "Category": "Mission",
  "AreaAnchorName": "LevelArea_P10101_F10101001_G149",
  "SaveType": "Reset",
  "LoadCondition": {
    "Conditions": [
      {
        "Type": "SubMission",
        "ID": 404010903
      }
    ]
  },
  "UnloadCondition": {
    "Conditions": [
      {
        "Type": "SubMission",
        "Phase": "Finish",
        "ID": 404010903
      }
    ]
  },
  "OwnerMainMissionID": 4040109,
  "ConflictIDList": [],
  "AnchorList": [],
  "MonsterList": [],
  "PropList": [
    {
      "ID": 300001,
      "PosX": -34.47,
      "PosY": -3.29,
      "PosZ": 57.723,
      "Name": "Prop1",
      "RotY": 90.00006,
      "PropID": 101044,
      "IsOverrideInitLevelGraph": true,
      "Trigger": {
        "Radius": 1.5,
        "PointList": []
      },
      "CampID": 4,
      "MapLayerID": 2,
      "OverrideHintRange": 50.0,
      "CustomTriggerMap": {},
      "BridgeStateRotations": [],
      "DialogueGroups": [],
      "TalkDialogGroupIDList": [],
      "ServerInteractVerificationIDList": []
    }
  ],
  "NPCList": []
}