{
  "GroupGUID": "ccdba54b-dc64-4527-8a28-811cc2bb6c89",
  "GroupName": "DailyMission",
  "AreaAnchorName": "LevelArea_P10101_F10101001_G170",
  "SaveType": "Reset",
  "LoadCondition": {
    "Conditions": [
      {
        "Type": "SubMission",
        "ID": 301150201
      },
      {
        "Type": "SubMission",
        "ID": 301150301
      },
      {
        "Type": "SubMission",
        "ID": 301150401
      },
      {
        "Type": "SubMission",
        "ID": 301150501
      }
    ],
    "Operation": "Or"
  },
  "UnloadCondition": {
    "Conditions": [
      {
        "Type": "SubMission",
        "ID": 301150202
      },
      {
        "Type": "SubMission",
        "ID": 301150302
      },
      {
        "Type": "SubMission",
        "ID": 301150402
      },
      {
        "Type": "SubMission",
        "ID": 301150502
      }
    ],
    "Operation": "Or"
  },
  "ForceUnloadCondition": {
    "Conditions": [
      {
        "Phase": "Cancel",
        "ID": 3011502
      },
      {
        "Phase": "Cancel",
        "ID": 3011503
      },
      {
        "Phase": "Cancel",
        "ID": 3011504
      },
      {
        "Phase": "Cancel",
        "ID": 3011505
      }
    ]
  },
  "ConflictIDList": [],
  "AnchorList": [],
  "MonsterList": [],
  "PropList": [
    {
      "ID": 300001,
      "PosX": -11.362,
      "PosY": 1.7,
      "PosZ": -105.764,
      "Name": "Prop1",
      "PropID": 100,
      "IsOverrideInitLevelGraph": true,
      "Trigger": {
        "Radius": 1.5,
        "DimX": 1.0,
        "DimY": 1.0,
        "DimZ": 1.0,
        "PointList": []
      },
      "CampID": 4,
      "MapLayerID": 2,
      "OverrideHintRange": 15.0,
      "CustomTriggerMap": {},
      "BridgeStateRotations": [],
      "DialogueGroups": [],
      "TalkDialogGroupIDList": [],
      "ServerInteractVerificationIDList": [],
      "Dialog": {
        "LevelGraph": "Config/Level/PropDialogue/P10101/F10101001_G170/DialogueMain_F10101001_G170_P300001.json",
        "PackList": []
      },
      "InteractIconType": "ChatIcon",
      "InteractTitle": {
        "Hash": 278713937
      }
    }
  ],
  "NPCList": []
}