{
  "GroupGUID": "c117a365-67ea-47c3-be76-e5fac50aba1d",
  "GroupName": "SimpleMission",
  "AreaAnchorName": "LevelArea_P10101_F10101001_G160",
  "SaveType": "Reset",
  "LoadOnInitial": true,
  "AnchorList": [],
  "MonsterList": [],
  "PropList": [
    {
      "ID": 300001,
      "PosX": -73.40001,
      "PosY": 4.79,
      "PosZ": -40.02,
      "Name": "Prop1",
      "PropID": 100,
      "IsOverrideInitLevelGraph": true,
      "Trigger": {
        "Radius": 8.0,
        "DimX": 1.0,
        "DimY": 1.0,
        "DimZ": 1.0,
        "PointList": []
      },
      "CampID": 4,
      "MapLayerID": 2,
      "CustomTriggerMap": {},
      "BridgeStateRotations": [],
      "DialogueGroups": [
        404011501
      ],
      "TalkDialogGroupIDList": [],
      "ServerInteractVerificationIDList": []
    }
  ],
  "NPCList": []
}