{
  "GroupGUID": "9e9cb11b-14fe-4b08-8294-baa5b7c28cf7",
  "GroupName": "Chest",
  "AreaAnchorName": "LevelArea_P10101_F10101001_G161",
  "LoadSide": "Server",
  "LoadOnInitial": true,
  "AnchorList": [],
  "MonsterList": [],
  "PropList": [
    {
      "ID": 300001,
      "PosX": -44.99,
      "PosY": 0.233711,
      "PosZ": 96.94,
      "Name": "Prop1",
      "RotY": 135.0,
      "PropID": 60101,
      "IsOverrideInitLevelGraph": true,
      "InitLevelGraph": "Config/Level/Props/Chap01/InitLevelGraph_Prop_Chap01_TreasureBox_01.json",
      "CampID": 4,
      "State": "ChestClosed",
      "MapLayerID": 2,
      "CustomTriggerMap": {},
      "BridgeStateRotations": [],
      "ChestID": 10101601,
      "DialogueGroups": [],
      "TalkDialogGroupIDList": [],
      "ServerInteractVerificationIDList": []
    },
    {
      "ID": 300002,
      "PosX": 20.517,
      "PosY": 0.233727,
      "PosZ": 70.589,
      "Name": "Prop2",
      "RotY": 225.0,
      "PropID": 60101,
      "IsOverrideInitLevelGraph": true,
      "InitLevelGraph": "Config/Level/Props/Chap01/InitLevelGraph_Prop_Chap01_TreasureBox_01.json",
      "CampID": 4,
      "State": "ChestClosed",
      "MapLayerID": 2,
      "CustomTriggerMap": {},
      "BridgeStateRotations": [],
      "ChestID": 10101602,
      "DialogueGroups": [],
      "TalkDialogGroupIDList": [],
      "ServerInteractVerificationIDList": []
    },
    {
      "ID": 300003,
      "PosX": -61.507,
      "PosY": 0.691967,
      "PosZ": -62.78,
      "Name": "Prop3",
      "RotY": 40.48324,
      "PropID": 60101,
      "IsOverrideInitLevelGraph": true,
      "InitLevelGraph": "Config/Level/Props/Chap01/InitLevelGraph_Prop_Chap01_TreasureBox_01.json",
      "CampID": 4,
      "State": "ChestClosed",
      "MapLayerID": 2,
      "CustomTriggerMap": {},
      "BridgeStateRotations": [],
      "ChestID": 10101603,
      "DialogueGroups": [],
      "TalkDialogGroupIDList": [],
      "ServerInteractVerificationIDList": []
    },
    {
      "ID": 300004,
      "PosX": -37.026,
      "PosY": 0.130772,
      "PosZ": -108.225,
      "Name": "Prop4",
      "RotY": 87.87109,
      "PropID": 60101,
      "IsOverrideInitLevelGraph": true,
      "InitLevelGraph": "Config/Level/Props/Chap01/InitLevelGraph_Prop_Chap01_TreasureBox_01.json",
      "CampID": 4,
      "State": "ChestClosed",
      "MapLayerID": 2,
      "CustomTriggerMap": {},
      "BridgeStateRotations": [],
      "ChestID": 10101604,
      "DialogueGroups": [],
      "TalkDialogGroupIDList": [],
      "ServerInteractVerificationIDList": []
    },
    {
      "ID": 300005,
      "PosX": 37.905,
      "PosY": 0.009869,
      "PosZ": -144.135,
      "Name": "Prop5",
      "RotY": 243.4087,
      "PropID": 60101,
      "IsOverrideInitLevelGraph": true,
      "InitLevelGraph": "Config/Level/Props/Chap01/InitLevelGraph_Prop_Chap01_TreasureBox_01.json",
      "CampID": 4,
      "State": "ChestClosed",
      "MapLayerID": 2,
      "CustomTriggerMap": {},
      "BridgeStateRotations": [],
      "ChestID": 10101605,
      "DialogueGroups": [],
      "TalkDialogGroupIDList": [],
      "ServerInteractVerificationIDList": []
    },
    {
      "ID": 300006,
      "PosX": 25.33,
      "PosY": 0.009747,
      "PosZ": -167.03,
      "Name": "Prop6",
      "RotY": 334.2318,
      "PropID": 60101,
      "IsOverrideInitLevelGraph": true,
      "InitLevelGraph": "Config/Level/Props/Chap01/InitLevelGraph_Prop_Chap01_TreasureBox_01.json",
      "CampID": 4,
      "State": "ChestClosed",
      "MapLayerID": 2,
      "CustomTriggerMap": {},
      "BridgeStateRotations": [],
      "ChestID": 10101606,
      "DialogueGroups": [],
      "TalkDialogGroupIDList": [],
      "ServerInteractVerificationIDList": []
    },
    {
      "ID": 300007,
      "PosX": -17.573,
      "PosY": 5.022038,
      "PosZ": -144.715,
      "Name": "Prop7",
      "RotY": 357.3687,
      "PropID": 60101,
      "IsOverrideInitLevelGraph": true,
      "InitLevelGraph": "Config/Level/Props/Chap01/InitLevelGraph_Prop_Chap01_TreasureBox_01.json",
      "CampID": 4,
      "State": "ChestClosed",
      "MapLayerID": 2,
      "CustomTriggerMap": {},
      "BridgeStateRotations": [],
      "ChestID": 10101607,
      "DialogueGroups": [],
      "TalkDialogGroupIDList": [],
      "ServerInteractVerificationIDList": []
    },
    {
      "ID": 300009,
      "PosX": 27.31852,
      "PosY": 0.384289,
      "PosZ": -9.338841,
      "Name": "Prop9",
      "RotY": 180.2519,
      "PropID": 60101,
      "IsOverrideInitLevelGraph": true,
      "InitLevelGraph": "Config/Level/Props/Chap01/InitLevelGraph_Prop_Chap01_TreasureBox_01.json",
      "CampID": 4,
      "State": "ChestClosed",
      "MapLayerID": 2,
      "CustomTriggerMap": {},
      "BridgeStateRotations": [],
      "ChestID": 10101608,
      "DialogueGroups": [],
      "TalkDialogGroupIDList": [],
      "ServerInteractVerificationIDList": []
    },
    {
      "ID": 300010,
      "PosX": -8.945,
      "PosY": -4.988945,
      "PosZ": 27.044,
      "Name": "Prop10",
      "RotY": 90.0,
      "PropID": 60101,
      "IsOverrideInitLevelGraph": true,
      "InitLevelGraph": "Config/Level/Props/Chap01/InitLevelGraph_Prop_Chap01_TreasureBox_01.json",
      "CampID": 4,
      "State": "ChestClosed",
      "MapLayerID": 2,
      "CustomTriggerMap": {},
      "BridgeStateRotations": [],
      "ChestID": 10101609,
      "DialogueGroups": [],
      "TalkDialogGroupIDList": [],
      "ServerInteractVerificationIDList": []
    },
    {
      "ID": 300011,
      "PosX": 9.206591,
      "PosY": -21.99575,
      "PosZ": -22.99714,
      "Name": "Prop11",
      "RotY": 270.0,
      "PropID": 60101,
      "IsOverrideInitLevelGraph": true,
      "InitLevelGraph": "Config/Level/Props/Chap01/InitLevelGraph_Prop_Chap01_TreasureBox_01.json",
      "CampID": 4,
      "State": "ChestClosed",
      "MapLayerID": 1,
      "CustomTriggerMap": {},
      "BridgeStateRotations": [],
      "ChestID": 10101610,
      "DialogueGroups": [],
      "TalkDialogGroupIDList": [],
      "ServerInteractVerificationIDList": []
    }
  ],
  "NPCList": []
}