{
  "GroupGUID": "1781b371-689a-4930-a61a-fc032c937617",
  "GroupName": "Book",
  "AreaAnchorName": "LevelArea_P10101_F10101001_G177",
  "LoadCondition": {
    "Conditions": [
      {
        "ID": 4040182
      }
    ]
  },
  "LoadSide": "Server",
  "ConflictIDList": [],
  "AnchorList": [],
  "MonsterList": [],
  "PropList": [
    {
      "ID": 300001,
      "PosX": -22.451,
      "PosY": 0.555,
      "PosZ": 81.026,
      "Name": "Prop1",
      "RotY": 102.4915,
      "PropID": 101028,
      "IsOverrideInitLevelGraph": true,
      "InitLevelGraph": "Config/Level/Props/Common/InitLevelGraph_Prop_Common_PickupReadings.json",
      "CampID": 4,
      "State": "EventClose",
      "EventID": 10101525,
      "MapLayerID": 2,
      "CustomTriggerMap": {},
      "BridgeStateRotations": [],
      "DialogueGroups": [],
      "TalkDialogGroupIDList": [],
      "ServerInteractVerificationIDList": []
    }
  ],
  "NPCList": []
}