{
  "GroupGUID": "df79d029-8014-4d4c-a11c-a96554f55f6f",
  "GroupName": "CrowdChat",
  "AreaAnchorName": "LevelArea_P10101_F10101001_G120",
  "SaveType": "Reset",
  "ConflictIDList": [],
  "AnchorList": [],
  "MonsterList": [],
  "PropList": [
    {
      "ID": 300001,
      "PosX": -13.03,
      "PosY": -4.987698,
      "PosZ": 36.56,
      "Name": "Prop1",
      "PropID": 100,
      "IsOverrideInitLevelGraph": true,
      "InitLevelGraph": "Config/Level/Mission/9999801/BubbleChat_W1_1.json",
      "Trigger": {
        "Radius": 10.0,
        "DimX": 1.0,
        "DimY": 1.0,
        "DimZ": 1.0,
        "PointList": []
      },
      "CampID": 4,
      "MapLayerID": 2,
      "CustomTriggerMap": {},
      "BridgeStateRotations": [],
      "DialogueGroups": [],
      "TalkDialogGroupIDList": [],
      "ServerInteractVerificationIDList": []
    },
    {
      "ID": 300002,
      "PosX": 12.79,
      "PosY": 0.009586,
      "PosZ": 71.82,
      "Name": "Prop2",
      "PropID": 100,
      "IsOverrideInitLevelGraph": true,
      "InitLevelGraph": "Config/Level/Mission/9999801/BubbleChat_W1_2.json",
      "Trigger": {
        "Radius": 10.0,
        "DimX": 1.0,
        "DimY": 1.0,
        "DimZ": 1.0,
        "PointList": []
      },
      "CampID": 4,
      "MapLayerID": 2,
      "CustomTriggerMap": {},
      "BridgeStateRotations": [],
      "DialogueGroups": [],
      "TalkDialogGroupIDList": [],
      "ServerInteractVerificationIDList": []
    },
    {
      "ID": 300003,
      "PosX": 28.1717,
      "PosY": 0.233807,
      "PosZ": -16.69889,
      "Name": "Prop3",
      "PropID": 100,
      "IsOverrideInitLevelGraph": true,
      "InitLevelGraph": "Config/Level/Mission/9999801/BubbleChat_W1_3.json",
      "Trigger": {
        "Radius": 10.0,
        "DimX": 1.0,
        "DimY": 1.0,
        "DimZ": 1.0,
        "PointList": []
      },
      "CampID": 4,
      "MapLayerID": 2,
      "CustomTriggerMap": {},
      "BridgeStateRotations": [],
      "DialogueGroups": [],
      "TalkDialogGroupIDList": [],
      "ServerInteractVerificationIDList": []
    },
    {
      "ID": 300004,
      "PosX": 4.65,
      "PosY": 0.233799,
      "PosZ": 1.49,
      "Name": "Prop4",
      "PropID": 100,
      "IsOverrideInitLevelGraph": true,
      "InitLevelGraph": "Config/Level/Mission/9999801/BubbleChat_W1_4.json",
      "Trigger": {
        "Radius": 10.0,
        "DimX": 1.0,
        "DimY": 1.0,
        "DimZ": 1.0,
        "PointList": []
      },
      "CampID": 4,
      "MapLayerID": 2,
      "CustomTriggerMap": {},
      "BridgeStateRotations": [],
      "DialogueGroups": [],
      "TalkDialogGroupIDList": [],
      "ServerInteractVerificationIDList": []
    },
    {
      "ID": 300005,
      "PosX": -41.25,
      "PosY": 0.702835,
      "PosZ": -13.2,
      "Name": "Prop5",
      "PropID": 100,
      "IsOverrideInitLevelGraph": true,
      "InitLevelGraph": "Config/Level/Mission/9999801/BubbleChat_W1_5.json",
      "Trigger": {
        "Radius": 10.0,
        "DimX": 1.0,
        "DimY": 1.0,
        "DimZ": 1.0,
        "PointList": []
      },
      "CampID": 4,
      "MapLayerID": 2,
      "CustomTriggerMap": {},
      "BridgeStateRotations": [],
      "DialogueGroups": [],
      "TalkDialogGroupIDList": [],
      "ServerInteractVerificationIDList": []
    },
    {
      "ID": 300006,
      "PosX": -63.15,
      "PosY": 1.200001,
      "PosZ": -39.30301,
      "Name": "Prop6",
      "PropID": 100,
      "IsOverrideInitLevelGraph": true,
      "InitLevelGraph": "Config/Level/Mission/9999801/BubbleChat_W1_6.json",
      "Trigger": {
        "Radius": 10.0,
        "DimX": 1.0,
        "DimY": 1.0,
        "DimZ": 1.0,
        "PointList": []
      },
      "CampID": 4,
      "MapLayerID": 2,
      "CustomTriggerMap": {},
      "BridgeStateRotations": [],
      "DialogueGroups": [],
      "TalkDialogGroupIDList": [],
      "ServerInteractVerificationIDList": []
    },
    {
      "ID": 300007,
      "PosX": -11.64,
      "PosY": 0.233791,
      "PosZ": -6.5,
      "Name": "Prop7",
      "PropID": 100,
      "IsOverrideInitLevelGraph": true,
      "InitLevelGraph": "Config/Level/Mission/9999801/BubbleChat_W1_7.json",
      "Trigger": {
        "Radius": 10.0,
        "DimX": 1.0,
        "DimY": 1.0,
        "DimZ": 1.0,
        "PointList": []
      },
      "CampID": 4,
      "MapLayerID": 2,
      "CustomTriggerMap": {},
      "BridgeStateRotations": [],
      "DialogueGroups": [],
      "TalkDialogGroupIDList": [],
      "ServerInteractVerificationIDList": []
    },
    {
      "ID": 300008,
      "PosX": -38.21659,
      "PosY": 0.009716,
      "PosZ": -101.393,
      "Name": "Prop8",
      "PropID": 100,
      "IsOverrideInitLevelGraph": true,
      "InitLevelGraph": "Config/Level/Mission/9999801/BubbleChat_W1_8.json",
      "Trigger": {
        "Radius": 10.0,
        "DimX": 1.0,
        "DimY": 1.0,
        "DimZ": 1.0,
        "PointList": []
      },
      "CampID": 4,
      "MapLayerID": 2,
      "CustomTriggerMap": {},
      "BridgeStateRotations": [],
      "DialogueGroups": [],
      "TalkDialogGroupIDList": [],
      "ServerInteractVerificationIDList": []
    },
    {
      "ID": 300009,
      "PosX": -13.03,
      "PosY": -4.987698,
      "PosZ": 36.56,
      "Name": "Prop9",
      "PropID": 100,
      "IsOverrideInitLevelGraph": true,
      "InitLevelGraph": "Config/Level/Mission/9999801/BubbleChat_W1_1.json",
      "Trigger": {
        "Radius": 3.0,
        "DimX": 1.0,
        "DimY": 1.0,
        "DimZ": 1.0,
        "PointList": []
      },
      "CampID": 4,
      "MapLayerID": 2,
      "CustomTriggerMap": {},
      "BridgeStateRotations": [],
      "DialogueGroups": [],
      "TalkDialogGroupIDList": [],
      "ServerInteractVerificationIDList": []
    }
  ],
  "NPCList": [
    {
      "ID": 400001,
      "PosX": -13.14,
      "PosY": -4.987701,
      "PosZ": 36.222,
      "Name": "NPC1",
      "RotY": 29.99995,
      "NPCID": 11101,
      "StaticNPC": true,
      "DialogueGroups": [],
      "ServerInteractVerificationIDList": [],
      "DefaultIdleStateName": "Sit01",
      "DefaultBlendShapeConfigName": "Happy01",
      "DefaultLookAtMode": "LookTarget",
      "DefaultLookAtTargetInfo": {
        "GroupID": 120,
        "InstanceID": 400002
      },
      "MapLayerID": 2,
      "BoardShowList": [
        8
      ],
      "TalkDialogGroupIDList": [],
      "DefaultIdleFreeStyleMotionID": 100010298,
      "OverrideSeriesID": 1110101,
      "InitialHiddenNodeList": [],
      "SpawnConfig": {
        "EntitySpawnConfig": {},
        "CaptureDistanceTolerance": 10.0
      }
    },
    {
      "ID": 400002,
      "PosX": -12.58,
      "PosY": -4.987701,
      "PosZ": 36.853,
      "Name": "NPC2",
      "RotY": 224.9999,
      "NPCID": 11109,
      "StaticNPC": true,
      "DialogueGroups": [],
      "ServerInteractVerificationIDList": [],
      "DefaultIdleStateName": "SpeechLoop",
      "DefaultLookAtMode": "LookTarget",
      "DefaultLookAtTargetInfo": {
        "GroupID": 120,
        "InstanceID": 400001
      },
      "MapLayerID": 2,
      "BoardShowList": [
        8
      ],
      "TalkDialogGroupIDList": [],
      "DefaultIdleFreeStyleMotionID": 100010295,
      "InitialHiddenNodeList": [],
      "SpawnConfig": {
        "EntitySpawnConfig": {},
        "CaptureDistanceTolerance": 10.0
      }
    },
    {
      "ID": 400003,
      "PosX": 13.47,
      "PosY": 0.009586,
      "PosZ": 73.1,
      "IsDelete": true,
      "Name": "NPC3",
      "RotY": 14.63,
      "NPCID": 11303,
      "StaticNPC": true,
      "DialogueGroups": [],
      "ServerInteractVerificationIDList": [],
      "DefaultIdleStateName": "Exciting02Loop",
      "DefaultLookAtMode": "Closed",
      "MapLayerID": 2,
      "BoardShowList": [
        8
      ],
      "TalkDialogGroupIDList": [],
      "DefaultIdleFreeStyleMotionID": 100040329,
      "InitialHiddenNodeList": []
    },
    {
      "ID": 400004,
      "PosX": 13.015,
      "PosY": 0.009586,
      "PosZ": 73.911,
      "IsDelete": true,
      "Name": "NPC4",
      "RotY": 37.83999,
      "NPCID": 10303,
      "StaticNPC": true,
      "DialogueGroups": [],
      "ServerInteractVerificationIDList": [],
      "DefaultIdleStateName": "Exciting01Loop",
      "DefaultLookAtMode": "Closed",
      "MapLayerID": 2,
      "BoardShowList": [
        8
      ],
      "TalkDialogGroupIDList": [],
      "DefaultIdleFreeStyleMotionID": 100040328,
      "InitialHiddenNodeList": []
    },
    {
      "ID": 400005,
      "PosX": 30.0,
      "PosY": 0.244667,
      "PosZ": -13.5,
      "Name": "NPC5",
      "RotY": 180.0,
      "NPCID": 2101,
      "StaticNPC": true,
      "DialogueGroups": [],
      "ServerInteractVerificationIDList": [],
      "DefaultLookAtMode": "Closed",
      "MapLayerID": 2,
      "BoardShowList": [
        8
      ],
      "TalkDialogGroupIDList": [],
      "DefaultIdleFreeStyleMotionID": 200110000,
      "InitialHiddenNodeList": [],
      "SpawnConfig": {
        "EntitySpawnConfig": {},
        "CaptureDistanceTolerance": 10.0
      }
    },
    {
      "ID": 400006,
      "PosX": 28.66,
      "PosY": 0.244667,
      "PosZ": -19.96,
      "Name": "NPC6",
      "RotY": 270.0,
      "NPCID": 2101,
      "StaticNPC": true,
      "DialogueGroups": [],
      "ServerInteractVerificationIDList": [],
      "DefaultLookAtMode": "Closed",
      "MapLayerID": 2,
      "BoardShowList": [
        8
      ],
      "TalkDialogGroupIDList": [],
      "DefaultIdleFreeStyleMotionID": 200110000,
      "InitialHiddenNodeList": []
    },
    {
      "ID": 400007,
      "PosX": 0.75,
      "PosY": 0.233799,
      "PosZ": 1.26,
      "Name": "NPC7",
      "RotY": 93.8,
      "NPCID": 11112,
      "StaticNPC": true,
      "DialogueGroups": [],
      "ServerInteractVerificationIDList": [],
      "DefaultIdleStateName": "SitReading01Loop",
      "DefaultLookAtMode": "Closed",
      "MapLayerID": 2,
      "PossessionConfig": {
        "Name": "Possession_Book_A_01"
      },
      "BoardShowList": [
        8
      ],
      "TalkDialogGroupIDList": [],
      "DefaultIdleFreeStyleMotionID": 100010299,
      "InitialHiddenNodeList": []
    },
    {
      "ID": 400010,
      "PosX": -64.985,
      "PosY": 1.166001,
      "PosZ": -38.323,
      "Name": "NPC10",
      "RotY": 256.0,
      "NPCID": 10303,
      "StaticNPC": true,
      "DialogueGroups": [],
      "ServerInteractVerificationIDList": [],
      "DefaultIdleStateName": "Exciting02Loop",
      "DefaultLookAtMode": "Closed",
      "MapLayerID": 2,
      "BoardShowList": [
        8
      ],
      "TalkDialogGroupIDList": [],
      "DefaultIdleFreeStyleMotionID": 100040329,
      "InitialHiddenNodeList": []
    },
    {
      "ID": 400011,
      "PosX": -61.294,
      "PosY": 0.918001,
      "PosZ": -40.145,
      "Name": "NPC11",
      "RotY": 297.1492,
      "NPCID": 11405,
      "StaticNPC": true,
      "DialogueGroups": [],
      "ServerInteractVerificationIDList": [],
      "DefaultLookAtMode": "LookTarget",
      "DefaultLookAtTargetInfo": {
        "GroupID": 120,
        "InstanceID": 400010
      },
      "MapLayerID": 2,
      "BoardShowList": [
        8
      ],
      "TalkDialogGroupIDList": [],
      "DefaultIdleFreeStyleMotionID": 100030000,
      "InitialHiddenNodeList": []
    },
    {
      "ID": 400012,
      "PosX": -12.755,
      "PosY": 0.233791,
      "PosZ": -7.039,
      "Name": "NPC12",
      "RotY": 70.6,
      "NPCID": 10303,
      "StaticNPC": true,
      "DialogueGroups": [],
      "ServerInteractVerificationIDList": [],
      "DefaultIdleStateName": "Praying01Loop",
      "DefaultLookAtMode": "Closed",
      "MapLayerID": 2,
      "BoardShowList": [
        8
      ],
      "TalkDialogGroupIDList": [],
      "DefaultIdleFreeStyleMotionID": 100040293,
      "InitialHiddenNodeList": []
    },
    {
      "ID": 400013,
      "PosX": -12.33,
      "PosY": 0.233791,
      "PosZ": -4.85,
      "Name": "NPC13",
      "RotY": 115.33,
      "NPCID": 11404,
      "StaticNPC": true,
      "DialogueGroups": [],
      "ServerInteractVerificationIDList": [],
      "DefaultLookAtMode": "Closed",
      "MapLayerID": 2,
      "BoardShowList": [
        8
      ],
      "TalkDialogGroupIDList": [],
      "DefaultIdleFreeStyleMotionID": 100030000,
      "InitialHiddenNodeList": []
    }
  ]
}