{
  "GroupGUID": "05f35bd9-27d0-4853-bdd0-f5464d3cd337",
  "GroupName": "MainMission3011208_",
  "Category": "Mission",
  "AreaAnchorName": "LevelArea_P10101_F10101001_G142",
  "SaveType": "Reset",
  "LoadCondition": {
    "Conditions": [
      {
        "Type": "SubMission",
        "ID": 301120802
      }
    ]
  },
  "UnloadCondition": {
    "Conditions": [
      {
        "Type": "SubMission",
        "Phase": "Finish",
        "ID": 301120802
      }
    ]
  },
  "ForceUnloadCondition": {
    "Conditions": [
      {
        "Type": "SubMission",
        "Phase": "Cancel",
        "ID": 301120802
      }
    ]
  },
  "OwnerMainMissionID": 3011208,
  "ConflictIDList": [],
  "AnchorList": [],
  "MonsterList": [],
  "PropList": [],
  "NPCList": [
    {
      "ID": 400001,
      "PosX": 24.83,
      "PosY": 0.233845,
      "PosZ": -67.7,
      "Name": "NPC1",
      "RotY": 179.9999,
      "NPCID": 11112,
      "DialogueGroups": [
        301120802
      ],
      "ServerInteractVerificationIDList": [],
      "DefaultLookAtMode": "Closed",
      "MapLayerID": 2,
      "BoardShowList": [
        4
      ],
      "OverrideNPCName": {
        "Hash": -2100756495
      },
      "TalkDialogGroupIDList": [],
      "DefaultIdleFreeStyleMotionID": 100010000,
      "InitialHiddenNodeList": [],
      "Dialog": {
        "LevelGraph": "Config/Level/NPCDialogue/P10101/F10101001_G142/DialogueMain_F10101001_G142_N400001.json",
        "EnableCondition": {
          "Conditions": [
            {
              "Type": "SubMission",
              "ID": 301120802
            }
          ],
          "Operation": "Or"
        }
      }
    }
  ]
}