{
  "GroupGUID": "03976839-4a2b-45cd-b983-a2f76ce7a609",
  "GroupName": "MainMission3010204_",
  "Category": "Mission",
  "AreaAnchorName": "LevelArea_P10101_F10101001_G157",
  "SaveType": "Reset",
  "LoadCondition": {
    "Conditions": [
      {
        "ID": 3010204
      }
    ]
  },
  "ForceUnloadCondition": {
    "Conditions": [
      {
        "Phase": "Cancel",
        "ID": 3010204
      }
    ]
  },
  "OwnerMainMissionID": 3010204,
  "ConflictIDList": [],
  "AnchorList": [],
  "MonsterList": [],
  "PropList": [
    {
      "ID": 300001,
      "PosX": 2.8,
      "PosY": 2.095,
      "PosZ": 80.53,
      "Name": "Prop1",
      "PropID": 121,
      "IsOverrideInitLevelGraph": true,
      "CampID": 4,
      "MapLayerID": 2,
      "CustomTriggerMap": {},
      "BridgeStateRotations": [],
      "DialogueGroups": [],
      "TalkDialogGroupIDList": [],
      "ServerInteractVerificationIDList": []
    }
  ],
  "NPCList": [
    {
      "ID": 400001,
      "PosX": -1.65,
      "PosY": 0.009583,
      "PosZ": 76.54,
      "Name": "NPC1",
      "RotY": 223.5103,
      "NPCID": 11120,
      "DialogueGroups": [
        301020402
      ],
      "ServerInteractVerificationIDList": [],
      "DefaultIdleStateName": "HoldArm01Loop",
      "DefaultLookAtMode": "Closed",
      "MapLayerID": 2,
      "BoardShowList": [],
      "TalkDialogGroupIDList": [],
      "DefaultIdleFreeStyleMotionID": 100010231,
      "InitialHiddenNodeList": [],
      "Dialog": {
        "LevelGraph": "Config/Level/NPCDialogue/P10101/F10101001_G157/DialogueMain_F10101001_G157_N400001.json",
        "EnableCondition": {
          "Conditions": [
            {
              "Type": "SubMission",
              "ID": 301020402
            }
          ],
          "Operation": "Or"
        }
      }
    }
  ]
}