{
  "GroupGUID": "9d5bfe9a-bb15-41df-868f-495630cd5dfe",
  "GroupName": "NPC",
  "AreaAnchorName": "LevelArea_P10101_F10101001_G169",
  "SaveType": "Reset",
  "UnloadCondition": {
    "Conditions": [
      {
        "ID": 2011301
      },
      {
        "Phase": "Finish",
        "ID": 2011301
      }
    ],
    "Operation": "Or"
  },
  "LoadOnInitial": true,
  "AnchorList": [],
  "MonsterList": [],
  "PropList": [],
  "NPCList": [
    {
      "ID": 400001,
      "PosX": -11.22,
      "PosY": 0.233852,
      "PosZ": -81.57,
      "Name": "NPC1",
      "RotY": 63.54863,
      "NPCID": 11207,
      "DialogueGroups": [
        100004002,
        100004003
      ],
      "ServerInteractVerificationIDList": [],
      "MapLayerID": 2,
      "BoardShowList": [
        1,
        64
      ],
      "OverrideNPCName": {
        "Hash": -782933146
      },
      "OverrideNPCTitle": {
        "Hash": 1130215676
      },
      "FirstDialogueGroupID": 501026901,
      "TalkDialogGroupIDList": [],
      "DefaultIdleFreeStyleMotionID": 100020000,
      "OverrideSeriesID": 1120701,
      "BornType": "Permanent",
      "Dialog": {
        "LevelGraph": "Config/Level/NPCDialogue/P10101/F10101001_G169/DialogueMain_F10101001_G169_N400001.json",
        "PackList": [
          {
            "Name": "Common",
            "LevelGraph": "Config/Level/NPCDialogue/P10101/F10101001_G169/DialoguePack_Common_F10101001_G169_N400001.json"
          }
        ]
      }
    }
  ]
}