{
  "GroupGUID": "0cd9a7a2-eaf9-47f0-b3c7-01d24f5e1bd2",
  "GroupName": "MainMission3010201_",
  "AreaAnchorName": "LevelArea_P10101_F10101001_G154",
  "SaveType": "Reset",
  "LoadCondition": {
    "Conditions": [
      {
        "ID": 3010201
      }
    ]
  },
  "ForceUnloadCondition": {
    "Conditions": [
      {
        "Phase": "Cancel",
        "ID": 3010201
      }
    ]
  },
  "ConflictIDList": [],
  "AnchorList": [],
  "MonsterList": [],
  "PropList": [
    {
      "ID": 300001,
      "PosX": 1.316,
      "PosY": 2.568,
      "PosZ": -36.411,
      "Name": "Prop1",
      "PropID": 121,
      "IsOverrideInitLevelGraph": true,
      "CampID": 4,
      "MapLayerID": 2,
      "CustomTriggerMap": {},
      "BridgeStateRotations": [],
      "DialogueGroups": [],
      "TalkDialogGroupIDList": [],
      "ServerInteractVerificationIDList": []
    }
  ],
  "NPCList": []
}