{
  "GroupGUID": "4fc040aa-033c-443a-aa7c-d1c472a6c14c",
  "GroupName": "MainMission",
  "AreaAnchorName": "LevelArea_P10101_F10101001_G109",
  "SaveType": "Reset",
  "UnloadCondition": {
    "Conditions": [
      {
        "Phase": "Finish",
        "ID": 1011501
      }
    ]
  },
  "LoadOnInitial": true,
  "ConflictIDList": [],
  "AnchorList": [],
  "MonsterList": [],
  "PropList": [
    {
      "ID": 300001,
      "PosX": -5.17,
      "PosY": -5.18,
      "PosZ": 20.75,
      "Name": "Prop1",
      "RotY": 90.0,
      "PropID": 100,
      "IsOverrideInitLevelGraph": true,
      "InitLevelGraph": "Config/Level/Maze/Chapter01/Town/Town_Chapter01_CableCarEntry_1.json",
      "Trigger": {
        "Shape": "Box",
        "Radius": 1.0,
        "DimX": 3.0,
        "DimY": 4.0,
        "DimZ": 8.0,
        "PointList": []
      },
      "CampID": 4,
      "MapLayerID": 2,
      "CustomTriggerMap": {},
      "BridgeStateRotations": [],
      "DialogueGroups": [],
      "TalkDialogGroupIDList": [],
      "ServerInteractVerificationIDList": []
    },
    {
      "ID": 300002,
      "PosX": -5.24,
      "PosY": -0.6,
      "PosZ": -107.24,
      "Name": "Prop2",
      "RotY": 90.0,
      "PropID": 100,
      "IsOverrideInitLevelGraph": true,
      "InitLevelGraph": "Config/Level/Maze/Chapter01/Town/Town_Chapter01_CableCarEntry_2.json",
      "Trigger": {
        "Shape": "Box",
        "Radius": 1.0,
        "DimX": 3.0,
        "DimY": 4.0,
        "DimZ": 8.0,
        "PointList": []
      },
      "CampID": 4,
      "MapLayerID": 2,
      "CustomTriggerMap": {},
      "BridgeStateRotations": [],
      "DialogueGroups": [],
      "TalkDialogGroupIDList": [],
      "ServerInteractVerificationIDList": []
    },
    {
      "ID": 300003,
      "PosX": -4.96,
      "PosY": -4.984479,
      "PosZ": 23.81,
      "Name": "Prop3",
      "RotY": 180.0,
      "PropID": 301016,
      "IsOverrideInitLevelGraph": true,
      "CampID": 4,
      "MapLayerID": 2,
      "CustomTriggerMap": {},
      "BridgeStateRotations": [],
      "DialogueGroups": [],
      "TalkDialogGroupIDList": [],
      "ServerInteractVerificationIDList": []
    },
    {
      "ID": 300004,
      "PosX": -5.436,
      "PosY": 0.015447,
      "PosZ": -110.401,
      "Name": "Prop4",
      "PropID": 301016,
      "IsOverrideInitLevelGraph": true,
      "CampID": 4,
      "MapLayerID": 2,
      "CustomTriggerMap": {},
      "BridgeStateRotations": [],
      "DialogueGroups": [],
      "TalkDialogGroupIDList": [],
      "ServerInteractVerificationIDList": []
    },
    {
      "ID": 300005,
      "PosX": -5.171,
      "PosY": -4.001,
      "PosZ": 24.31,
      "Name": "Prop5",
      "RotY": 90.0,
      "PropID": 120,
      "IsOverrideInitLevelGraph": true,
      "Trigger": {
        "Shape": "Box",
        "Radius": 1.0,
        "DimX": 2.0,
        "DimY": 1.0,
        "DimZ": 8.0,
        "PointList": []
      },
      "MapLayerID": 2,
      "CustomTriggerMap": {},
      "BridgeStateRotations": [],
      "DialogueGroups": [],
      "TalkDialogGroupIDList": [
        101019853,
        101019854,
        101019855,
        101019856,
        101019857,
        101019858,
        101019859,
        101019860,
        101019861,
        101019862,
        101019863
      ],
      "TalkChosenType": "loop",
      "ServerInteractVerificationIDList": []
    },
    {
      "ID": 300006,
      "PosX": -5.237,
      "PosY": 0.81,
      "PosZ": -110.32,
      "Name": "Prop6",
      "RotY": 90.0,
      "PropID": 120,
      "IsOverrideInitLevelGraph": true,
      "Trigger": {
        "Shape": "Box",
        "Radius": 1.0,
        "DimX": 2.0,
        "DimY": 1.0,
        "DimZ": 8.0,
        "PointList": []
      },
      "MapLayerID": 2,
      "CustomTriggerMap": {},
      "BridgeStateRotations": [],
      "DialogueGroups": [],
      "TalkDialogGroupIDList": [
        101019853,
        101019854,
        101019855,
        101019856,
        101019857,
        101019858,
        101019859,
        101019860,
        101019861,
        101019862,
        101019863
      ],
      "TalkChosenType": "loop",
      "ServerInteractVerificationIDList": []
    }
  ],
  "NPCList": [
    {
      "ID": 400001,
      "PosX": -8.1,
      "PosY": -4.989368,
      "PosZ": 25.08,
      "Name": "NPC1",
      "RotY": 50.67175,
      "NPCID": 2101,
      "StaticNPC": true,
      "DialogueGroups": [],
      "ServerInteractVerificationIDList": [],
      "DefaultLookAtMode": "Closed",
      "MapLayerID": 2,
      "BoardShowList": [],
      "TalkDialogGroupIDList": [],
      "DefaultIdleFreeStyleMotionID": 200110000,
      "BornType": "Permanent",
      "InitialHiddenNodeList": []
    },
    {
      "ID": 400002,
      "PosX": -2.24,
      "PosY": -0.092907,
      "PosZ": -111.16,
      "Name": "NPC2",
      "RotY": 221.726,
      "NPCID": 2101,
      "StaticNPC": true,
      "DialogueGroups": [],
      "ServerInteractVerificationIDList": [],
      "DefaultLookAtMode": "Closed",
      "MapLayerID": 2,
      "BoardShowList": [],
      "TalkDialogGroupIDList": [],
      "DefaultIdleFreeStyleMotionID": 200110000,
      "BornType": "Permanent",
      "InitialHiddenNodeList": []
    }
  ]
}