{
  "GroupGUID": "a30dc829-6270-48fd-a774-a300cab9f19f",
  "GroupName": "MainMission4040109_",
  "Category": "Mission",
  "AreaAnchorName": "LevelArea_P10101_F10101001_G148",
  "SaveType": "Reset",
  "LoadCondition": {
    "Conditions": [
      {
        "Type": "SubMission",
        "ID": 404010902
      }
    ]
  },
  "UnloadCondition": {
    "Conditions": [
      {
        "Type": "SubMission",
        "Phase": "Finish",
        "ID": 404010902
      }
    ]
  },
  "OwnerMainMissionID": 4040109,
  "ConflictIDList": [],
  "AnchorList": [],
  "MonsterList": [],
  "PropList": [
    {
      "ID": 300001,
      "PosX": 4.491,
      "PosY": -3.101,
      "PosZ": 29.532,
      "Name": "Prop1",
      "RotY": 270.0,
      "PropID": 101048,
      "IsOverrideInitLevelGraph": true,
      "Trigger": {
        "Radius": 1.5,
        "PointList": []
      },
      "CampID": 4,
      "MapLayerID": 2,
      "OverrideHintRange": 50.0,
      "CustomTriggerMap": {},
      "BridgeStateRotations": [],
      "DialogueGroups": [],
      "TalkDialogGroupIDList": [],
      "ServerInteractVerificationIDList": []
    }
  ],
  "NPCList": []
}