{
  "GroupGUID": "9038656d-f758-4515-9c01-d929479c08f5",
  "GroupName": "MainMission3011202_",
  "Category": "Mission",
  "AreaAnchorName": "LevelArea_P10101_F10101001_G124",
  "SaveType": "Reset",
  "LoadCondition": {
    "Conditions": [
      {
        "Type": "SubMission",
        "Phase": "Finish",
        "ID": 301120201
      }
    ]
  },
  "UnloadCondition": {
    "Conditions": [
      {
        "Phase": "Finish",
        "ID": 3011202
      }
    ]
  },
  "ForceUnloadCondition": {
    "Conditions": [
      {
        "Phase": "Cancel",
        "ID": 3011202
      }
    ]
  },
  "OwnerMainMissionID": 3011202,
  "ConflictIDList": [],
  "AnchorList": [],
  "MonsterList": [],
  "PropList": [],
  "NPCList": [
    {
      "ID": 400001,
      "PosX": 24.83,
      "PosY": 0.233845,
      "PosZ": -67.7,
      "Name": "NPC1",
      "RotY": 179.9999,
      "NPCID": 11112,
      "DialogueGroups": [],
      "ServerInteractVerificationIDList": [],
      "DefaultLookAtMode": "Closed",
      "MapLayerID": 2,
      "BoardShowList": [],
      "TalkDialogGroupIDList": [],
      "DefaultIdleFreeStyleMotionID": 100010000,
      "BornType": "Permanent",
      "InitialHiddenNodeList": []
    }
  ]
}