{
  "GroupGUID": "6e5d2201-9e66-418a-bf05-f0f1b6ad5498",
  "GroupName": "MainMission4040104_",
  "Category": "Mission",
  "AreaAnchorName": "LevelArea_P10101_F10101001_G128",
  "SaveType": "Reset",
  "LoadCondition": {
    "Conditions": [
      {
        "Type": "SubMission",
        "ID": 404010401
      }
    ]
  },
  "UnloadCondition": {
    "Conditions": [
      {
        "Type": "SubMission",
        "Phase": "Finish",
        "ID": 404010401
      }
    ]
  },
  "OwnerMainMissionID": 4040104,
  "ConflictIDList": [],
  "AnchorList": [],
  "MonsterList": [],
  "PropList": [
    {
      "ID": 300001,
      "PosX": -13.229,
      "PosY": 0.885,
      "PosZ": 115.589,
      "Name": "Prop1",
      "RotY": 44.99997,
      "PropID": 100,
      "IsOverrideInitLevelGraph": true,
      "Trigger": {
        "Radius": 1.5,
        "DimX": 1.0,
        "DimY": 1.0,
        "DimZ": 1.0,
        "PointList": []
      },
      "CampID": 4,
      "MapLayerID": 2,
      "OverrideHintRange": 50.0,
      "CustomTriggerMap": {},
      "BridgeStateRotations": [],
      "DialogueGroups": [],
      "TalkDialogGroupIDList": [],
      "ServerInteractVerificationIDList": []
    }
  ],
  "NPCList": [
    {
      "ID": 400001,
      "PosX": -12.569,
      "PosY": 0.159473,
      "PosZ": 116.249,
      "Name": "NPC1",
      "RotY": 44.99997,
      "NPCID": 11116,
      "DialogueGroups": [],
      "ServerInteractVerificationIDList": [],
      "DefaultIdleStateName": "Praying01Loop",
      "DefaultLookAtMode": "Closed",
      "MapLayerID": 2,
      "BoardShowList": [],
      "TalkDialogGroupIDList": [],
      "DefaultIdleFreeStyleMotionID": 100010293,
      "InitialHiddenNodeList": []
    }
  ]
}