{
  "GroupGUID": "5cd2d62d-1c3d-4a28-b847-51a13a8f2164",
  "GroupName": "Books",
  "AreaAnchorName": "LevelArea_P10101_F10101001_G14",
  "LoadSide": "Server",
  "LoadOnInitial": true,
  "GroupRefreshID": 1,
  "AnchorList": [],
  "MonsterList": [],
  "PropList": [
    {
      "ID": 300001,
      "PosX": 21.922,
      "PosY": 1.742,
      "PosZ": -69.87,
      "Name": "Prop1",
      "RotY": 90.0,
      "RotZ": 90.0,
      "PropID": 101030,
      "IsOverrideInitLevelGraph": true,
      "InitLevelGraph": "Config/Level/Props/Common/InitLevelGraph_Prop_Common_PickupReadings.json",
      "Trigger": {
        "Radius": 1.5,
        "DimX": 1.0,
        "DimY": 1.0,
        "DimZ": 1.0,
        "PointList": []
      },
      "CampID": 4,
      "State": "EventClose",
      "EventID": 10101501,
      "MapLayerID": 2,
      "CustomTriggerMap": {},
      "BridgeStateRotations": [],
      "DialogueGroups": [],
      "TalkDialogGroupIDList": [],
      "ServerInteractVerificationIDList": []
    },
    {
      "ID": 300002,
      "PosX": -3.965,
      "PosY": 1.263,
      "PosZ": -13.088,
      "Name": "Prop2",
      "RotY": 320.8871,
      "PropID": 101029,
      "IsOverrideInitLevelGraph": true,
      "InitLevelGraph": "Config/Level/Props/Common/InitLevelGraph_Prop_Common_PickupReadings.json",
      "Trigger": {
        "Radius": 1.5,
        "DimX": 1.0,
        "DimY": 1.0,
        "DimZ": 1.0,
        "PointList": []
      },
      "CampID": 4,
      "State": "EventClose",
      "EventID": 10101502,
      "MapLayerID": 2,
      "CustomTriggerMap": {},
      "BridgeStateRotations": [],
      "DialogueGroups": [],
      "TalkDialogGroupIDList": [],
      "ServerInteractVerificationIDList": []
    },
    {
      "ID": 300003,
      "PosX": -64.567,
      "PosY": 1.227,
      "PosZ": -19.644,
      "Name": "Prop3",
      "RotY": 19.28308,
      "PropID": 101027,
      "IsOverrideInitLevelGraph": true,
      "InitLevelGraph": "Config/Level/Props/Common/InitLevelGraph_Prop_Common_PickupReadings.json",
      "CampID": 4,
      "State": "EventClose",
      "EventID": 10101508,
      "MapLayerID": 2,
      "CustomTriggerMap": {},
      "BridgeStateRotations": [],
      "DialogueGroups": [],
      "TalkDialogGroupIDList": [],
      "ServerInteractVerificationIDList": []
    },
    {
      "ID": 300004,
      "PosX": -5.744,
      "PosY": 1.203,
      "PosZ": -66.914,
      "Name": "Prop4",
      "RotY": 90.00018,
      "PropID": 101031,
      "IsOverrideInitLevelGraph": true,
      "InitLevelGraph": "Config/Level/Props/Common/InitLevelGraph_Prop_Common_PickupReadings.json",
      "CampID": 4,
      "State": "EventClose",
      "EventID": 10101509,
      "MapLayerID": 2,
      "CustomTriggerMap": {},
      "BridgeStateRotations": [],
      "DialogueGroups": [],
      "TalkDialogGroupIDList": [],
      "ServerInteractVerificationIDList": []
    },
    {
      "ID": 300005,
      "PosX": -15.382,
      "PosY": 0.559,
      "PosZ": 88.019,
      "Name": "Prop5",
      "RotY": 331.179,
      "PropID": 101031,
      "IsOverrideInitLevelGraph": true,
      "InitLevelGraph": "Config/Level/Props/Common/InitLevelGraph_Prop_Common_PickupReadings.json",
      "CampID": 4,
      "State": "EventClose",
      "EventID": 10101510,
      "MapLayerID": 2,
      "CustomTriggerMap": {},
      "BridgeStateRotations": [],
      "DialogueGroups": [],
      "TalkDialogGroupIDList": [],
      "ServerInteractVerificationIDList": []
    },
    {
      "ID": 300006,
      "PosX": -51.149,
      "PosY": 1.237,
      "PosZ": -67.65,
      "Name": "Prop6",
      "RotY": 241.0141,
      "PropID": 101031,
      "IsOverrideInitLevelGraph": true,
      "InitLevelGraph": "Config/Level/Props/Common/InitLevelGraph_Prop_Common_PickupReadings.json",
      "CampID": 4,
      "State": "EventClose",
      "EventID": 10101511,
      "MapLayerID": 2,
      "CustomTriggerMap": {},
      "BridgeStateRotations": [],
      "DialogueGroups": [],
      "TalkDialogGroupIDList": [],
      "ServerInteractVerificationIDList": []
    },
    {
      "ID": 300007,
      "PosX": -16.278,
      "PosY": -4.459,
      "PosZ": 35.891,
      "Name": "Prop7",
      "RotY": 90.0,
      "PropID": 101027,
      "IsOverrideInitLevelGraph": true,
      "InitLevelGraph": "Config/Level/Props/Common/InitLevelGraph_Prop_Common_PickupReadings.json",
      "CampID": 4,
      "State": "EventClose",
      "EventID": 10101512,
      "MapLayerID": 2,
      "CustomTriggerMap": {},
      "BridgeStateRotations": [],
      "DialogueGroups": [],
      "TalkDialogGroupIDList": [],
      "ServerInteractVerificationIDList": []
    },
    {
      "ID": 300008,
      "PosX": 24.185,
      "PosY": 0.7716,
      "PosZ": -28.969,
      "Name": "Prop8",
      "RotY": 102.4915,
      "PropID": 101030,
      "IsOverrideInitLevelGraph": true,
      "InitLevelGraph": "Config/Level/Props/Common/InitLevelGraph_Prop_Common_PickupReadings.json",
      "CampID": 4,
      "State": "EventClose",
      "EventID": 10101518,
      "MapLayerID": 2,
      "CustomTriggerMap": {},
      "BridgeStateRotations": [],
      "DialogueGroups": [],
      "TalkDialogGroupIDList": [],
      "ServerInteractVerificationIDList": []
    },
    {
      "ID": 300009,
      "PosX": -31.4351,
      "PosY": 0.554,
      "PosZ": 96.45338,
      "Name": "Prop9",
      "RotY": 102.4915,
      "PropID": 101028,
      "IsOverrideInitLevelGraph": true,
      "InitLevelGraph": "Config/Level/Props/Common/InitLevelGraph_Prop_Common_PickupReadings.json",
      "CampID": 4,
      "State": "EventClose",
      "EventID": 10101520,
      "MapLayerID": 2,
      "CustomTriggerMap": {},
      "BridgeStateRotations": [],
      "DialogueGroups": [],
      "TalkDialogGroupIDList": [],
      "ServerInteractVerificationIDList": []
    },
    {
      "ID": 300010,
      "PosX": -22.451,
      "PosY": 0.555,
      "PosZ": 81.026,
      "Name": "Prop10",
      "RotY": 102.4915,
      "PropID": 101028,
      "IsOverrideInitLevelGraph": true,
      "InitLevelGraph": "Config/Level/Props/Common/InitLevelGraph_Prop_Common_PickupReadings.json",
      "CampID": 4,
      "State": "EventClose",
      "EventID": 10101523,
      "MapLayerID": 2,
      "CustomTriggerMap": {},
      "BridgeStateRotations": [],
      "DialogueGroups": [],
      "TalkDialogGroupIDList": [],
      "ServerInteractVerificationIDList": []
    },
    {
      "ID": 300011,
      "PosX": 5.503,
      "PosY": 0.556,
      "PosZ": 56.068,
      "Name": "Prop11",
      "RotY": 102.4915,
      "PropID": 101028,
      "IsOverrideInitLevelGraph": true,
      "InitLevelGraph": "Config/Level/Props/Common/InitLevelGraph_Prop_Common_PickupReadings.json",
      "CampID": 4,
      "State": "EventClose",
      "EventID": 10101526,
      "MapLayerID": 2,
      "CustomTriggerMap": {},
      "BridgeStateRotations": [],
      "DialogueGroups": [],
      "TalkDialogGroupIDList": [],
      "ServerInteractVerificationIDList": []
    },
    {
      "ID": 300012,
      "PosX": 11.566,
      "PosY": 0.556,
      "PosZ": 58.099,
      "Name": "Prop12",
      "RotY": 102.4915,
      "PropID": 101028,
      "IsOverrideInitLevelGraph": true,
      "InitLevelGraph": "Config/Level/Props/Common/InitLevelGraph_Prop_Common_PickupReadings.json",
      "CampID": 4,
      "State": "EventClose",
      "EventID": 10101529,
      "MapLayerID": 2,
      "CustomTriggerMap": {},
      "BridgeStateRotations": [],
      "DialogueGroups": [],
      "TalkDialogGroupIDList": [],
      "ServerInteractVerificationIDList": []
    }
  ],
  "NPCList": []
}