{
  "GroupGUID": "effb889d-7ba6-4e3a-a1ec-bc556d2dcb4d",
  "GroupName": "MainMission3011203_",
  "Category": "Mission",
  "AreaAnchorName": "LevelArea_P10101_F10101001_G125",
  "SaveType": "Reset",
  "LoadCondition": {
    "Conditions": [
      {
        "Type": "SubMission",
        "Phase": "Finish",
        "ID": 301120301
      }
    ]
  },
  "UnloadCondition": {
    "Conditions": [
      {
        "Phase": "Finish",
        "ID": 3011203
      }
    ]
  },
  "ForceUnloadCondition": {
    "Conditions": [
      {
        "Phase": "Cancel",
        "ID": 3011203
      }
    ]
  },
  "OwnerMainMissionID": 3011203,
  "ConflictIDList": [],
  "AnchorList": [],
  "MonsterList": [],
  "PropList": [
    {
      "ID": 300001,
      "PosX": 24.79,
      "PosY": 0.233845,
      "PosZ": -68.03,
      "Name": "Prop1",
      "PropID": 100,
      "IsOverrideInitLevelGraph": true,
      "Trigger": {
        "Radius": 3.0,
        "DimX": 1.0,
        "DimY": 1.0,
        "DimZ": 1.0,
        "PointList": []
      },
      "CampID": 4,
      "MapLayerID": 2,
      "CustomTriggerMap": {},
      "BridgeStateRotations": [],
      "DialogueGroups": [],
      "TalkDialogGroupIDList": [],
      "ServerInteractVerificationIDList": []
    }
  ],
  "NPCList": [
    {
      "ID": 400001,
      "PosX": 24.83,
      "PosY": 0.233845,
      "PosZ": -67.7,
      "Name": "NPC1",
      "RotY": 179.9999,
      "NPCID": 11111,
      "DialogueGroups": [],
      "ServerInteractVerificationIDList": [],
      "DefaultLookAtMode": "Closed",
      "MapLayerID": 2,
      "BoardShowList": [],
      "TalkDialogGroupIDList": [],
      "DefaultIdleFreeStyleMotionID": 100010000,
      "BornType": "Permanent",
      "InitialHiddenNodeList": []
    }
  ]
}