{
  "GroupGUID": "6d1a342e-ba0f-4d9f-8f2c-4812d719ae7d",
  "GroupName": "MainMission2011402_",
  "Category": "Mission",
  "AreaAnchorName": "LevelArea_P10101_F10101001_G104",
  "SaveType": "Reset",
  "LoadCondition": {
    "Conditions": [
      {
        "Type": "SubMission",
        "ID": 201140205
      }
    ]
  },
  "UnloadCondition": {
    "Conditions": [
      {
        "Type": "SubMission",
        "Phase": "Finish",
        "ID": 201140205
      }
    ]
  },
  "OwnerMainMissionID": 2011402,
  "ConflictIDList": [],
  "AnchorList": [],
  "MonsterList": [],
  "PropList": [],
  "NPCList": [
    {
      "ID": 400001,
      "PosX": 29.88,
      "PosY": 0.233807,
      "PosZ": -17.06,
      "Name": "NPC1",
      "RotY": 265.7881,
      "NPCID": 1104,
      "DialogueGroups": [
        201140205
      ],
      "ServerInteractVerificationIDList": [],
      "MapLayerID": 2,
      "BoardShowList": [],
      "TalkDialogGroupIDList": [],
      "DefaultIdleFreeStyleMotionID": 311040000,
      "InitialHiddenNodeList": [],
      "Dialog": {
        "LevelGraph": "Config/Level/NPCDialogue/P10101/F10101001_G104/DialogueMain_F10101001_G104_N400001.json",
        "EnableCondition": {
          "Conditions": [
            {
              "Type": "SubMission",
              "ID": 201140205
            }
          ],
          "Operation": "Or"
        }
      }
    }
  ]
}