{
  "GroupGUID": "d00ee2c0-ddf1-4107-8865-ff3318e4c8cc",
  "GroupName": "MainMission3011205_",
  "Category": "Mission",
  "AreaAnchorName": "LevelArea_P10101_F10101001_G139",
  "SaveType": "Reset",
  "LoadCondition": {
    "Conditions": [
      {
        "Type": "SubMission",
        "ID": 301120502
      }
    ]
  },
  "UnloadCondition": {
    "Conditions": [
      {
        "Type": "SubMission",
        "Phase": "Finish",
        "ID": 301120502
      }
    ]
  },
  "ForceUnloadCondition": {
    "Conditions": [
      {
        "Type": "SubMission",
        "Phase": "Cancel",
        "ID": 301120502
      }
    ]
  },
  "OwnerMainMissionID": 3011205,
  "ConflictIDList": [],
  "AnchorList": [],
  "MonsterList": [],
  "PropList": [],
  "NPCList": [
    {
      "ID": 400001,
      "PosX": 24.83,
      "PosY": 0.233845,
      "PosZ": -67.7,
      "Name": "NPC1",
      "RotY": 179.9999,
      "NPCID": 11112,
      "DialogueGroups": [
        301120502
      ],
      "ServerInteractVerificationIDList": [],
      "DefaultLookAtMode": "Closed",
      "MapLayerID": 2,
      "BoardShowList": [
        4
      ],
      "OverrideNPCName": {
        "Hash": -2100756495
      },
      "TalkDialogGroupIDList": [],
      "DefaultIdleFreeStyleMotionID": 100010000,
      "InitialHiddenNodeList": [],
      "Dialog": {
        "LevelGraph": "Config/Level/NPCDialogue/P10101/F10101001_G139/DialogueMain_F10101001_G139_N400001.json",
        "EnableCondition": {
          "Conditions": [
            {
              "Type": "SubMission",
              "ID": 301120502
            }
          ],
          "Operation": "Or"
        }
      }
    }
  ]
}