{
  "GroupGUID": "12594573-298e-45fc-b175-a30ef42c4f95",
  "GroupName": "MainMission4040109_",
  "Category": "Mission",
  "AreaAnchorName": "LevelArea_P10101_F10101001_G147",
  "SaveType": "Reset",
  "LoadCondition": {
    "Conditions": [
      {
        "Type": "SubMission",
        "ID": 404010901
      }
    ]
  },
  "UnloadCondition": {
    "Conditions": [
      {
        "Type": "SubMission",
        "Phase": "Finish",
        "ID": 404010901
      }
    ]
  },
  "OwnerMainMissionID": 4040109,
  "ConflictIDList": [],
  "AnchorList": [],
  "MonsterList": [],
  "PropList": [
    {
      "ID": 300001,
      "PosX": -11.264,
      "PosY": 1.947,
      "PosZ": -106.435,
      "Name": "Prop1",
      "RotY": 269.9999,
      "PropID": 101043,
      "IsOverrideInitLevelGraph": true,
      "Trigger": {
        "Radius": 1.5,
        "PointList": []
      },
      "CampID": 4,
      "MapLayerID": 2,
      "OverrideHintRange": 50.0,
      "CustomTriggerMap": {},
      "BridgeStateRotations": [],
      "DialogueGroups": [],
      "TalkDialogGroupIDList": [],
      "ServerInteractVerificationIDList": []
    }
  ],
  "NPCList": []
}