{
  "GroupGUID": "cd716506-cfde-42ce-8431-a2829dc0483a",
  "GroupName": "MainMission",
  "AreaAnchorName": "LevelArea_P10101_F10101001_G111",
  "SaveType": "Reset",
  "UnloadCondition": {
    "Conditions": [
      {
        "Phase": "Finish",
        "ID": 1011502
      },
      {
        "Type": "SubMission",
        "ID": 101150204
      },
      {
        "Type": "SubMission",
        "ID": 101150225
      },
      {
        "Type": "SubMission",
        "ID": 101100201
      }
    ],
    "Operation": "Or"
  },
  "LoadOnInitial": true,
  "ConflictIDList": [],
  "AnchorList": [],
  "MonsterList": [],
  "PropList": [
    {
      "ID": 300001,
      "IsDelete": true,
      "Name": "Prop1",
      "PropID": 100,
      "IsOverrideInitLevelGraph": true,
      "CampID": 4,
      "MapLayerID": 2,
      "CustomTriggerMap": {},
      "BridgeStateRotations": [],
      "DialogueGroups": [],
      "TalkDialogGroupIDList": [],
      "ServerInteractVerificationIDList": []
    },
    {
      "ID": 300002,
      "PosX": 40.62,
      "PosY": 0.233772,
      "PosZ": -15.07,
      "Name": "Prop2",
      "PropID": 100,
      "IsOverrideInitLevelGraph": true,
      "InitLevelGraph": "Config/Level/Maze/Chapter01/Town/Town_Chapter01_OfficeEntry_1.json",
      "Trigger": {
        "Shape": "Box",
        "Radius": 1.0,
        "DimX": 20.0,
        "DimY": 5.0,
        "DimZ": 30.0,
        "PointList": []
      },
      "MapLayerID": 2,
      "CustomTriggerMap": {},
      "BridgeStateRotations": [],
      "DialogueGroups": [],
      "TalkDialogGroupIDList": [],
      "ServerInteractVerificationIDList": []
    },
    {
      "ID": 300003,
      "PosX": 40.59,
      "PosY": 0.233772,
      "PosZ": -60.21,
      "Name": "Prop3",
      "PropID": 100,
      "IsOverrideInitLevelGraph": true,
      "InitLevelGraph": "Config/Level/Maze/Chapter01/Town/Town_Chapter01_OfficeEntry_2.json",
      "Trigger": {
        "Shape": "Box",
        "Radius": 1.0,
        "DimX": 20.0,
        "DimY": 5.0,
        "DimZ": 20.0,
        "PointList": []
      },
      "MapLayerID": 2,
      "CustomTriggerMap": {},
      "BridgeStateRotations": [],
      "DialogueGroups": [],
      "TalkDialogGroupIDList": [],
      "ServerInteractVerificationIDList": []
    }
  ],
  "NPCList": []
}