{
  "GroupGUID": "9078385f-31a0-4c9b-89bd-757c9cfb066f",
  "GroupName": "MainMission0_",
  "AreaAnchorName": "LevelArea_P10101_F10101001_G173",
  "SaveType": "Reset",
  "LoadCondition": {
    "Conditions": [
      {
        "ID": 4040126
      },
      {
        "Phase": "Finish",
        "ID": 4040126
      }
    ],
    "Operation": "Or"
  },
  "ValueSource": {},
  "ConflictIDList": [],
  "AnchorList": [],
  "MonsterList": [],
  "PropList": [
    {
      "ID": 300001,
      "PosX": 17.81,
      "PosY": 0.031266,
      "PosZ": -77.21,
      "Name": "Prop1",
      "PropID": 100,
      "IsOverrideInitLevelGraph": true,
      "ValueSource": {},
      "Trigger": {
        "Radius": 4.0,
        "DimX": 1.0,
        "DimY": 1.0,
        "DimZ": 1.0,
        "PointList": []
      },
      "CampID": 4,
      "MapLayerID": 2,
      "CustomTriggerMap": {},
      "CustomTriggerMapV2": {},
      "BridgeStateRotations": [],
      "DialogueGroups": [],
      "TalkDialogGroupIDList": [],
      "ServerInteractVerificationIDList": []
    }
  ],
  "NPCList": [
    {
      "ID": 400001,
      "PosX": 17.2,
      "PosY": 0.009853,
      "PosZ": -76.54,
      "Name": "NPC1",
      "RotY": 96.40995,
      "NPCID": 11228,
      "ValueSource": {},
      "DialogueGroups": [],
      "ServerInteractVerificationIDList": [],
      "MapLayerID": 2,
      "BoardShowList": [
        8,
        1,
        64
      ],
      "OverrideNPCName": {
        "Hash": -1889427652
      },
      "OverrideNPCTitle": {
        "Hash": -1987642313
      },
      "TalkDialogGroupIDList": [],
      "DefaultIdleFreeStyleMotionID": 100020332,
      "OverrideSeriesID": 110301,
      "BornType": "Permanent",
      "InitialHiddenNodeList": [],
      "Dialog": {
        "LevelGraph": "Config/Level/NPCDialogue/P10101/F10101001_G173/DialogueMain_F10101001_G173_N400001.json",
        "PackList": []
      },
      "SpawnConfig": {
        "EntitySpawnConfig": {},
        "CaptureDistanceTolerance": 10.0
      }
    }
  ]
}