{
  "GroupGUID": "891bf02a-c9ef-4c57-b00b-cd3da09d0b2d",
  "GroupName": "NPC",
  "AreaAnchorName": "LevelArea_P10101_F10101001_G15",
  "SaveType": "Reset",
  "LoadOnInitial": true,
  "GroupRefreshID": 1,
  "ConflictIDList": [],
  "AnchorList": [],
  "MonsterList": [],
  "PropList": [],
  "NPCList": [
    {
      "ID": 400001,
      "PosX": -11.72,
      "PosY": 0.233769,
      "PosZ": -65.18,
      "Name": "NPC1",
      "RotY": 116.2647,
      "NPCID": 11202,
      "DialogueGroups": [],
      "ServerInteractVerificationIDList": [],
      "DefaultIdleStateName": "Think01Loop",
      "DefaultLookAtMode": "Closed",
      "MapLayerID": 2,
      "BoardShowList": [
        1,
        4,
        64
      ],
      "OverrideNPCName": {
        "Hash": 274002430
      },
      "OverrideNPCTitle": {
        "Hash": -1598667672
      },
      "TalkDialogGroupIDList": [
        0
      ],
      "DefaultIdleFreeStyleMotionID": 100020222,
      "InitialHiddenNodeList": [],
      "Dialog": {
        "LevelGraph": "Config/Level/NPCDialogue/P10101/F10101001_G15/DialogueMain_F10101001_G15_N400001.json",
        "PackList": [
          {
            "Name": "DailyMission",
            "LevelGraph": "Config/Level/NPCDialogue/P10101/F10101001_G15/DialoguePack_DailyMission_F10101001_G15_N400001.json"
          },
          {
            "Name": "Common",
            "LevelGraph": "Config/Level/NPCDialogue/P10101/F10101001_G15/DialoguePack_Common_F10101001_G15_N400001.json"
          }
        ]
      },
      "ConnectWithSubMissionIDList": [
        301150202,
        301150204,
        301020402
      ]
    },
    {
      "ID": 400002,
      "PosX": -44.08,
      "PosY": 0.691956,
      "PosZ": -13.69,
      "Name": "NPC2",
      "RotY": 180.0,
      "NPCID": 11110,
      "DialogueGroups": [],
      "ServerInteractVerificationIDList": [],
      "MapLayerID": 2,
      "BoardShowList": [
        1,
        4,
        64
      ],
      "TalkDialogGroupIDList": [
        0
      ],
      "DefaultIdleFreeStyleMotionID": 100010000,
      "InitialHiddenNodeList": [],
      "Dialog": {
        "LevelGraph": "Config/Level/NPCDialogue/P10101/F10101001_G15/DialogueMain_F10101001_G15_N400002.json",
        "PackList": [
          {
            "Name": "DailyMission",
            "LevelGraph": "Config/Level/NPCDialogue/P10101/F10101001_G15/DialoguePack_DailyMission_F10101001_G15_N400002.json"
          },
          {
            "Name": "Common",
            "LevelGraph": "Config/Level/NPCDialogue/P10101/F10101001_G15/DialoguePack_Common_F10101001_G15_N400002.json"
          }
        ]
      },
      "ConnectWithSubMissionIDList": [
        301150402,
        301150406,
        301150407
      ]
    },
    {
      "ID": 400003,
      "PosX": -58.128,
      "PosY": 0.691959,
      "PosZ": -64.524,
      "Name": "NPC3",
      "RotY": 45.0,
      "NPCID": 11111,
      "DialogueGroups": [
        301030301,
        301030303,
        501029702,
        501029704,
        501029705
      ],
      "ServerInteractVerificationIDList": [],
      "DefaultLookAtMode": "Closed",
      "MapLayerID": 2,
      "BoardShowList": [
        1,
        4,
        64
      ],
      "OverrideNPCName": {
        "Hash": -1948684048
      },
      "OverrideNPCTitle": {
        "Hash": 1543051401
      },
      "FirstDialogueGroupID": 501029701,
      "TalkDialogGroupIDList": [
        501029703
      ],
      "DefaultIdleFreeStyleMotionID": 100010231,
      "InitialHiddenNodeList": [],
      "Dialog": {
        "LevelGraph": "Config/Level/NPCDialogue/P10101/F10101001_G15/DialogueMain_F10101001_G15_N400003.json",
        "PackList": [
          {
            "Name": "Transferred",
            "LevelGraph": "Config/Level/NPCDialogue/P10101/F10101001_G15/DialoguePack_Transferred_F10101001_G15_N400003.json"
          }
        ]
      },
      "ConnectWithSubMissionIDList": [
        101150231
      ]
    },
    {
      "ID": 400004,
      "PosX": 0.21,
      "PosY": 0.233841,
      "PosZ": -65.02,
      "Name": "NPC4",
      "RotY": 47.6949,
      "NPCID": 11112,
      "DialogueGroups": [
        100004302,
        100004303,
        301020303,
        100004305
      ],
      "ServerInteractVerificationIDList": [],
      "DefaultIdleStateName": "Akimbo02Loop",
      "MapLayerID": 2,
      "BoardShowList": [
        1,
        4,
        64
      ],
      "FirstDialogueGroupID": 501027201,
      "TalkDialogGroupIDList": [
        1000043
      ],
      "DefaultIdleFreeStyleMotionID": 100010216,
      "InitialHiddenNodeList": [],
      "Dialog": {
        "LevelGraph": "Config/Level/NPCDialogue/P10101/F10101001_G15/DialogueMain_F10101001_G15_N400004.json",
        "PackList": [
          {
            "Name": "Transferred",
            "LevelGraph": "Config/Level/NPCDialogue/P10101/F10101001_G15/DialoguePack_Transferred_F10101001_G15_N400004.json"
          }
        ]
      },
      "ConnectWithSubMissionIDList": [
        301020303,
        101150231
      ]
    },
    {
      "ID": 400005,
      "PosX": -0.07,
      "PosY": 0.009632,
      "PosZ": -33.77,
      "Name": "NPC5",
      "RotY": 326.2941,
      "NPCID": 11120,
      "DialogueGroups": [
        301020101,
        301020102,
        301020104,
        301020201,
        301020204,
        301020301,
        301020304,
        301020401,
        301020404,
        100002702,
        100002703,
        20103034,
        20103012,
        601022304,
        10004501,
        601023807,
        404015502,
        301020501,
        301020504,
        100002704
      ],
      "ServerInteractVerificationIDList": [],
      "DefaultLookAtMode": "Closed",
      "MapLayerID": 2,
      "BoardShowList": [
        1,
        4,
        64
      ],
      "OverrideNPCName": {
        "Hash": -733686285
      },
      "OverrideNPCTitle": {
        "Hash": 1936784737
      },
      "FirstDialogueGroupID": 501023501,
      "TalkDialogGroupIDList": [
        100002701
      ],
      "DefaultIdleFreeStyleMotionID": 100010209,
      "InitialHiddenNodeList": [],
      "Dialog": {
        "LevelGraph": "Config/Level/NPCDialogue/P10101/F10101001_G15/DialogueMain_F10101001_G15_N400005.json",
        "PackList": [
          {
            "Name": "Transferred",
            "LevelGraph": "Config/Level/NPCDialogue/P10101/F10101001_G15/DialoguePack_Transferred_F10101001_G15_N400005.json"
          }
        ]
      },
      "ConnectWithSubMissionIDList": [
        301020101,
        301020102,
        301020104,
        301020201,
        301020204,
        301020301,
        301020304,
        301020401,
        301020404,
        404015502,
        301020501,
        301020504,
        101150231
      ]
    },
    {
      "ID": 400006,
      "PosX": 0.453,
      "PosY": 0.233879,
      "PosZ": -104.773,
      "Name": "NPC6",
      "RotY": 90.0,
      "NPCID": 11211,
      "DialogueGroups": [],
      "ServerInteractVerificationIDList": [],
      "MapLayerID": 2,
      "BoardShowList": [
        1,
        4,
        64
      ],
      "TalkDialogGroupIDList": [],
      "DefaultIdleFreeStyleMotionID": 100020209,
      "InitialHiddenNodeList": [],
      "Dialog": {
        "LevelGraph": "Config/Level/NPCDialogue/P10101/F10101001_G15/DialogueMain_F10101001_G15_N400006.json",
        "PackList": [
          {
            "Name": "DailyMission",
            "LevelGraph": "Config/Level/NPCDialogue/P10101/F10101001_G15/DialoguePack_DailyMission_F10101001_G15_N400006.json"
          },
          {
            "Name": "Common",
            "LevelGraph": "Config/Level/NPCDialogue/P10101/F10101001_G15/DialoguePack_Common_F10101001_G15_N400006.json"
          }
        ]
      },
      "ConnectWithSubMissionIDList": [
        301020403,
        301150502
      ]
    },
    {
      "ID": 400008,
      "PosX": -26.38,
      "PosY": -4.968,
      "PosZ": 70.91,
      "Name": "NPC8",
      "RotY": 225.1826,
      "NPCID": 11212,
      "DialogueGroups": [
        201090201,
        201090203,
        301010201,
        301010203,
        301020202,
        301020702,
        301020802,
        100002803,
        100002802,
        301111302,
        301111304,
        301111407,
        301111408,
        301111409,
        301111410,
        100002804
      ],
      "ServerInteractVerificationIDList": [],
      "DefaultIdleStateName": "Think01Loop",
      "DefaultLookAtMode": "Closed",
      "MapLayerID": 2,
      "BoardShowList": [
        1,
        4,
        8,
        64
      ],
      "FirstDialogueGroupID": 5010236,
      "TalkDialogGroupIDList": [
        1000028
      ],
      "DefaultIdleFreeStyleMotionID": 100020222,
      "InitialHiddenNodeList": [],
      "Dialog": {
        "LevelGraph": "Config/Level/NPCDialogue/P10101/F10101001_G15/DialogueMain_F10101001_G15_N400008.json",
        "PackList": [
          {
            "Name": "Transferred",
            "LevelGraph": "Config/Level/NPCDialogue/P10101/F10101001_G15/DialoguePack_Transferred_F10101001_G15_N400008.json"
          }
        ]
      },
      "ConnectWithSubMissionIDList": [
        201090203,
        301010201,
        301010203,
        301020202,
        301111302,
        301111304,
        301111407,
        301111408,
        301111409,
        301111410,
        101150231
      ]
    },
    {
      "ID": 400010,
      "PosX": 24.85,
      "PosY": 0.233772,
      "PosZ": -69.02,
      "Name": "NPC10",
      "NPCID": 11213,
      "DialogueGroups": [
        201100201,
        201100202,
        2010303,
        301020103,
        100002903,
        100002902,
        301120102,
        301120104,
        301120202,
        301120204,
        201140905,
        100002904,
        404012701
      ],
      "ServerInteractVerificationIDList": [],
      "DefaultLookAtMode": "Closed",
      "MapLayerID": 2,
      "BoardShowList": [
        1,
        4,
        64
      ],
      "FirstDialogueGroupID": 5010237,
      "TalkDialogGroupIDList": [
        1000029
      ],
      "DefaultIdleFreeStyleMotionID": 100020000,
      "InitialHiddenNodeList": [],
      "Dialog": {
        "LevelGraph": "Config/Level/NPCDialogue/P10101/F10101001_G15/DialogueMain_F10101001_G15_N400010.json",
        "PackList": [
          {
            "Name": "Transferred",
            "LevelGraph": "Config/Level/NPCDialogue/P10101/F10101001_G15/DialoguePack_Transferred_F10101001_G15_N400010.json"
          }
        ]
      },
      "ConnectWithSubMissionIDList": [
        301020103,
        301120102,
        301120104,
        301120202,
        301120204,
        404012709,
        201140905,
        101150231
      ]
    },
    {
      "ID": 400012,
      "PosX": -37.40378,
      "PosY": 0.008766,
      "PosZ": -40.58664,
      "Name": "NPC12",
      "RotY": 101.9656,
      "NPCID": 11214,
      "DialogueGroups": [],
      "ServerInteractVerificationIDList": [],
      "DefaultIdleStateName": "Akimbo01Loop",
      "MapLayerID": 2,
      "BoardShowList": [
        1,
        4,
        64
      ],
      "TalkDialogGroupIDList": [],
      "DefaultIdleFreeStyleMotionID": 100020210,
      "InitialHiddenNodeList": [],
      "Dialog": {
        "LevelGraph": "Config/Level/NPCDialogue/P10101/F10101001_G15/DialogueMain_F10101001_G15_N400012.json",
        "PackList": [
          {
            "Name": "SubMission",
            "LevelGraph": "Config/Level/NPCDialogue/P10101/F10101001_G15/DialoguePack_SubMission_F10101001_G15_N400012.json"
          },
          {
            "Name": "DailyMission",
            "LevelGraph": "Config/Level/NPCDialogue/P10101/F10101001_G15/DialoguePack_DailyMission_F10101001_G15_N400012.json"
          },
          {
            "Name": "Common",
            "LevelGraph": "Config/Level/NPCDialogue/P10101/F10101001_G15/DialoguePack_Common_F10101001_G15_N400012.json"
          }
        ]
      },
      "ConnectWithSubMissionIDList": [
        201110514,
        301150303
      ]
    },
    {
      "ID": 400013,
      "PosX": -32.95,
      "PosY": 0.009628,
      "PosZ": 99.94,
      "Name": "NPC13",
      "RotY": 224.2004,
      "NPCID": 11215,
      "DialogueGroups": [],
      "ServerInteractVerificationIDList": [],
      "DefaultIdleStateName": "Sing01Loop",
      "DefaultLookAtMode": "Closed",
      "MapLayerID": 2,
      "BoardShowList": [
        1,
        4,
        64
      ],
      "TalkDialogGroupIDList": [],
      "DefaultIdleFreeStyleMotionID": 100020324,
      "BornType": "Permanent",
      "InitialHiddenNodeList": [],
      "Dialog": {
        "LevelGraph": "Config/Level/NPCDialogue/P10101/F10101001_G15/DialogueMain_F10101001_G15_N400013.json",
        "PackList": [
          {
            "Name": "DailyMission",
            "LevelGraph": "Config/Level/NPCDialogue/P10101/F10101001_G15/DialoguePack_DailyMission_F10101001_G15_N400013.json"
          },
          {
            "Name": "Common",
            "LevelGraph": "Config/Level/NPCDialogue/P10101/F10101001_G15/DialoguePack_Common_F10101001_G15_N400013.json"
          }
        ]
      },
      "ConnectWithSubMissionIDList": [
        301140101,
        301140103,
        301140201,
        301140203,
        301140301,
        301140303,
        301140401,
        301140403,
        301140501,
        301140503,
        301140601,
        301140603,
        301140701,
        301140703,
        301140801,
        301140803
      ]
    },
    {
      "ID": 400014,
      "PosX": -7.92,
      "PosY": 0.009628,
      "PosZ": 105.08,
      "Name": "NPC14",
      "RotY": 269.1928,
      "NPCID": 11216,
      "DialogueGroups": [
        201100701,
        201100709,
        100003604,
        100003603,
        301020503,
        100003605
      ],
      "ServerInteractVerificationIDList": [],
      "DefaultIdleStateName": "Akimbo02Loop",
      "MapLayerID": 2,
      "BoardShowList": [
        1,
        4,
        8,
        64
      ],
      "OverrideNPCName": {
        "Hash": -413203485
      },
      "OverrideNPCTitle": {
        "Hash": 835238142
      },
      "FirstDialogueGroupID": 5010244,
      "TalkDialogGroupIDList": [
        100003601
      ],
      "DefaultIdleFreeStyleMotionID": 100020216,
      "BornType": "Permanent",
      "InitialHiddenNodeList": [],
      "Dialog": {
        "LevelGraph": "Config/Level/NPCDialogue/P10101/F10101001_G15/DialogueMain_F10101001_G15_N400014.json",
        "PackList": [
          {
            "Name": "Transferred",
            "LevelGraph": "Config/Level/NPCDialogue/P10101/F10101001_G15/DialoguePack_Transferred_F10101001_G15_N400014.json"
          }
        ]
      },
      "ConnectWithSubMissionIDList": [
        301020503,
        101150231
      ]
    },
    {
      "ID": 400016,
      "PosX": 12.32,
      "PosY": 0.009651,
      "PosZ": -147.995,
      "Name": "NPC16",
      "RotY": 180.0,
      "NPCID": 11115,
      "DialogueGroups": [],
      "ServerInteractVerificationIDList": [],
      "DefaultIdleStateName": "HoldArm01Loop",
      "MapLayerID": 2,
      "BoardShowList": [
        1,
        4,
        64
      ],
      "TalkDialogGroupIDList": [],
      "DefaultIdleFreeStyleMotionID": 100010231,
      "BornType": "Permanent",
      "InitialHiddenNodeList": [],
      "Dialog": {
        "LevelGraph": "Config/Level/NPCDialogue/P10101/F10101001_G15/DialogueMain_F10101001_G15_N400016.json",
        "PackList": [
          {
            "Name": "DailyMission",
            "LevelGraph": "Config/Level/NPCDialogue/P10101/F10101001_G15/DialoguePack_DailyMission_F10101001_G15_N400016.json"
          },
          {
            "Name": "Common",
            "LevelGraph": "Config/Level/NPCDialogue/P10101/F10101001_G15/DialoguePack_Common_F10101001_G15_N400016.json"
          }
        ]
      },
      "ConnectWithSubMissionIDList": [
        301042101,
        301042103,
        301150302,
        301150304
      ]
    },
    {
      "ID": 400007,
      "PosX": -11.128,
      "PosY": 0.244648,
      "PosZ": -6.484,
      "Name": "NPC7",
      "RotY": 264.9811,
      "NPCID": 11210,
      "AIConfig": {
        "PathwayList": [],
        "SlaveConfigList": []
      },
      "DialogueGroups": [],
      "ServerInteractVerificationIDList": [],
      "DefaultIdleStateName": "GuitarLoop",
      "DefaultLookAtMode": "Closed",
      "MapLayerID": 2,
      "PossessionConfig": {
        "Name": "Possession_ClassicalGuitar_A_01"
      },
      "BoardShowList": [],
      "OverrideNPCTitle": {
        "Hash": 1130215676
      },
      "TalkDialogGroupIDList": [],
      "DefaultIdleFreeStyleMotionID": 100020321,
      "BornType": "Permanent",
      "InitialHiddenNodeList": []
    }
  ]
}