{
  "GroupGUID": "d5d662aa-7cf7-4c1c-a57f-5ac5c7a70ef7",
  "GroupName": "MainMission2011403_",
  "Category": "Mission",
  "AreaAnchorName": "LevelArea_P10101_F10101001_G103",
  "SaveType": "Reset",
  "LoadCondition": {
    "Conditions": [
      {
        "Type": "SubMission",
        "ID": 201140302
      }
    ]
  },
  "UnloadCondition": {
    "Conditions": [
      {
        "Type": "SubMission",
        "Phase": "Finish",
        "ID": 201140302
      }
    ]
  },
  "OwnerMainMissionID": 2011403,
  "ConflictIDList": [],
  "AnchorList": [
    {
      "ID": 1,
      "PosX": -11.548,
      "PosY": -21.99576,
      "PosZ": -27.12,
      "Name": "Anchor1",
      "RotY": 180.0,
      "MapLayerID": 1
    }
  ],
  "MonsterList": [],
  "PropList": [],
  "NPCList": [
    {
      "ID": 400001,
      "PosX": -10.78996,
      "PosY": -21.99576,
      "PosZ": -28.10499,
      "Name": "NPC1",
      "NPCID": 1104,
      "StaticNPC": true,
      "DialogueGroups": [
        201140302
      ],
      "ServerInteractVerificationIDList": [],
      "DefaultLookAtMode": "Closed",
      "MapLayerID": 1,
      "BoardShowList": [],
      "TalkDialogGroupIDList": [],
      "DefaultIdleFreeStyleMotionID": 311040000,
      "InitialHiddenNodeList": [],
      "Dialog": {
        "LevelGraph": "Config/Level/NPCDialogue/P10101/F10101001_G103/DialogueMain_F10101001_G103_N400001.json",
        "EnableCondition": {
          "Conditions": [
            {
              "Type": "SubMission",
              "ID": 201140302
            }
          ],
          "Operation": "Or"
        }
      }
    },
    {
      "ID": 400002,
      "PosX": -11.684,
      "PosY": -21.99576,
      "PosZ": -28.015,
      "Name": "NPC2",
      "RotY": 50.86467,
      "NPCID": 1103,
      "StaticNPC": true,
      "DialogueGroups": [],
      "ServerInteractVerificationIDList": [],
      "DefaultLookAtMode": "Closed",
      "MapLayerID": 1,
      "BoardShowList": [],
      "TalkDialogGroupIDList": [],
      "DefaultIdleFreeStyleMotionID": 311030231,
      "InitialHiddenNodeList": []
    }
  ]
}