{
  "GroupGUID": "056ee960-a3b0-4c6d-bd6c-b5f6c8f9f16f",
  "GroupName": "MainMission3011404_",
  "Category": "Mission",
  "AreaAnchorName": "LevelArea_P10101_F10101001_G126",
  "SaveType": "Reset",
  "LoadCondition": {
    "Conditions": [
      {
        "Type": "SubMission",
        "ID": 301140402
      }
    ]
  },
  "UnloadCondition": {
    "Conditions": [
      {
        "Type": "SubMission",
        "Phase": "Finish",
        "ID": 301140403
      }
    ]
  },
  "ForceUnloadCondition": {
    "Conditions": [
      {
        "Phase": "Cancel",
        "ID": 3011404
      }
    ]
  },
  "OwnerMainMissionID": 3011404,
  "ConflictIDList": [
    2011301
  ],
  "AnchorList": [],
  "MonsterList": [],
  "PropList": [
    {
      "ID": 300001,
      "PosX": -4.106,
      "PosY": 0.233807,
      "PosZ": -13.569,
      "Name": "Prop1",
      "PropID": 100,
      "IsOverrideInitLevelGraph": true,
      "Trigger": {
        "Radius": 1.5,
        "DimX": 1.0,
        "DimY": 1.0,
        "DimZ": 1.0,
        "PointList": []
      },
      "CampID": 4,
      "MapLayerID": 2,
      "CustomTriggerMap": {},
      "BridgeStateRotations": [],
      "DialogueGroups": [
        301140402
      ],
      "TalkDialogGroupIDList": [],
      "ServerInteractVerificationIDList": []
    }
  ],
  "NPCList": [
    {
      "ID": 400001,
      "PosX": -4.106,
      "PosY": 0.233807,
      "PosZ": -13.569,
      "Name": "NPC1",
      "RotY": 1.426979,
      "NPCID": 11216,
      "DialogueGroups": [],
      "ServerInteractVerificationIDList": [],
      "DefaultLookAtMode": "Closed",
      "MapLayerID": 2,
      "BoardShowList": [
        1,
        64
      ],
      "TalkDialogGroupIDList": [],
      "DefaultIdleFreeStyleMotionID": 100020000,
      "InitialHiddenNodeList": [],
      "SpawnConfig": {
        "EntitySpawnConfig": {},
        "CaptureDistanceTolerance": 10.0
      }
    }
  ]
}