{
  "GroupGUID": "c46b4697-03ef-4011-a6ee-f5c75cb4bb72",
  "GroupName": "MainMission4040123_",
  "Category": "Mission",
  "AreaAnchorName": "LevelArea_P10101_F10101001_G172",
  "SaveType": "Reset",
  "LoadCondition": {
    "Conditions": [
      {
        "ID": 4040123
      }
    ]
  },
  "OwnerMainMissionID": 4040123,
  "AnchorList": [
    {
      "ID": 1,
      "PosX": -22.055,
      "PosY": -5.09037,
      "PosZ": 65.658,
      "Name": "Anchor1",
      "RotY": 36.23565,
      "MapLayerID": 2
    }
  ],
  "MonsterList": [],
  "PropList": [
    {
      "ID": 300001,
      "PosX": -21.09,
      "PosY": -5.090366,
      "PosZ": 67.08,
      "Name": "Prop1",
      "PropID": 100,
      "IsOverrideInitLevelGraph": true,
      "Trigger": {
        "Radius": 2.5,
        "DimX": 1.0,
        "DimY": 1.0,
        "DimZ": 1.0,
        "PointList": []
      },
      "CampID": 4,
      "MapLayerID": 2,
      "CustomTriggerMap": {},
      "BridgeStateRotations": [],
      "DialogueGroups": [],
      "TalkDialogGroupIDList": [],
      "ServerInteractVerificationIDList": []
    },
    {
      "ID": 300002,
      "PosX": -21.11,
      "PosY": -5.09037,
      "PosZ": 67.08,
      "Name": "Prop2",
      "PropID": 100,
      "IsOverrideInitLevelGraph": true,
      "Trigger": {
        "Radius": 2.5,
        "DimX": 1.0,
        "DimY": 1.0,
        "DimZ": 1.0,
        "PointList": []
      },
      "CampID": 4,
      "MapLayerID": 2,
      "CustomTriggerMap": {},
      "BridgeStateRotations": [],
      "DialogueGroups": [],
      "TalkDialogGroupIDList": [],
      "ServerInteractVerificationIDList": []
    }
  ],
  "NPCList": [
    {
      "ID": 400001,
      "PosX": -20.58,
      "PosY": -5.090366,
      "PosZ": 66.04,
      "Name": "NPC1",
      "RotY": 255.3726,
      "NPCID": 11123,
      "DialogueGroups": [],
      "ServerInteractVerificationIDList": [],
      "MapLayerID": 2,
      "BoardShowList": [],
      "TalkDialogGroupIDList": [],
      "DefaultIdleFreeStyleMotionID": 100010000,
      "InitialHiddenNodeList": []
    },
    {
      "ID": 400002,
      "PosX": -22.055,
      "PosY": -5.09037,
      "PosZ": 65.658,
      "Name": "NPC2",
      "RotY": 36.23565,
      "NPCID": 1992,
      "DialogueGroups": [],
      "ServerInteractVerificationIDList": [],
      "MapLayerID": 2,
      "BoardShowList": [],
      "TalkDialogGroupIDList": [],
      "DefaultIdleFreeStyleMotionID": 380020000,
      "InitialHiddenNodeList": []
    }
  ]
}