{
  "GroupGUID": "0056d266-3b66-4bd3-bf7c-71a2e62dc1f0",
  "GroupName": "MainMission",
  "AreaAnchorName": "LevelArea_P10101_F10101001_G108",
  "LoadCondition": {
    "Conditions": [
      {
        "Type": "SubMission",
        "ID": 101150204
      },
      {
        "Phase": "Finish",
        "ID": 1011502
      },
      {
        "Type": "SubMission",
        "ID": 101150225
      },
      {
        "Type": "SubMission",
        "ID": 101100201
      }
    ],
    "Operation": "Or"
  },
  "LoadSide": "Server",
  "ConflictIDList": [],
  "AnchorList": [],
  "MonsterList": [],
  "PropList": [
    {
      "ID": 300001,
      "PosX": 31.2,
      "PosY": 0.233807,
      "PosZ": -19.83,
      "Name": "Prop1",
      "RotY": 270.0,
      "PropID": 114,
      "IsOverrideInitLevelGraph": true,
      "InitLevelGraph": "Config/Level/Maze/Chapter01/Town/Town_Chapter01_Entry.json",
      "ValueSource": {
        "Values": [
          {
            "$type": "SharedString",
            "Key": "ButtonTextFloorName",
            "Value": "FloorName_10101002 "
          },
          {
            "$type": "SharedUint",
            "Key": "EnterMapEntranceID",
            "Value": 2020204
          }
        ]
      },
      "Trigger": {
        "Shape": "Box",
        "Radius": 1.0,
        "DimX": 25.0,
        "DimY": 5.0,
        "DimZ": 4.0,
        "PointList": []
      },
      "CampID": 4,
      "MapLayerID": 2,
      "CustomTriggerMap": {
        "CustomTrigger_OnEnter": {
          "Radius": 20.0,
          "PointList": []
        }
      },
      "BridgeStateRotations": [],
      "MappingInfoID": 2221,
      "DialogueGroups": [],
      "TalkDialogGroupIDList": [],
      "ServerInteractVerificationIDList": [],
      "OverrideMapIconType": 13
    },
    {
      "ID": 300002,
      "PosX": 54.0,
      "PosY": 5.58,
      "PosZ": -65.04,
      "IsDelete": true,
      "Name": "Prop2",
      "PropID": 107,
      "IsOverrideInitLevelGraph": true,
      "InitLevelGraph": "Config/Level/Maze/Chapter01/Town/Town_Chapter01_Entry.json",
      "ValueSource": {
        "Values": [
          {
            "$type": "SharedString",
            "Key": "ButtonTextFloorName",
            "Value": "FloorName_10101002 "
          },
          {
            "$type": "SharedUint",
            "Key": "EnterMapEntranceID",
            "Value": 2020204
          }
        ]
      },
      "Trigger": {
        "Shape": "Box",
        "Radius": 1.0,
        "DimX": 20.0,
        "DimY": 5.0,
        "DimZ": 30.0,
        "PointList": []
      },
      "CampID": 4,
      "CustomTriggerMap": {},
      "BridgeStateRotations": [],
      "DialogueGroups": [],
      "TalkDialogGroupIDList": [],
      "ServerInteractVerificationIDList": []
    },
    {
      "ID": 300003,
      "PosX": 31.2,
      "PosY": 0.233807,
      "PosZ": -60.22,
      "Name": "Prop3",
      "RotY": 270.0,
      "PropID": 134,
      "IsOverrideInitLevelGraph": true,
      "InitLevelGraph": "Config/Level/Maze/Chapter01/Town/Town_Entry_OnlyBlockLine.json",
      "CampID": 4,
      "MapLayerID": 2,
      "CustomTriggerMap": {
        "CustomTrigger_OnEnter": {
          "Radius": 20.0,
          "PointList": []
        }
      },
      "BridgeStateRotations": [],
      "DialogueGroups": [],
      "TalkDialogGroupIDList": [],
      "ServerInteractVerificationIDList": [],
      "OverrideMapIconType": 13
    },
    {
      "ID": 300004,
      "PosX": 31.2,
      "PosY": 0.233807,
      "PosZ": -60.22,
      "Name": "Prop4",
      "RotY": 270.0,
      "PropID": 114,
      "IsOverrideInitLevelGraph": true,
      "InitLevelGraph": "Config/Level/Maze/Chapter01/Town/Town_Chapter01_Entry.json",
      "ValueSource": {
        "Values": [
          {
            "$type": "SharedString",
            "Key": "ButtonTextFloorName",
            "Value": "FloorName_10101002 "
          },
          {
            "$type": "SharedUint",
            "Key": "EnterMapEntranceID",
            "Value": 2020204
          }
        ]
      },
      "Trigger": {
        "Shape": "Box",
        "Radius": 1.0,
        "DimX": 25.0,
        "DimY": 5.0,
        "DimZ": 4.0,
        "PointList": []
      },
      "CampID": 4,
      "MapLayerID": 2,
      "CustomTriggerMap": {
        "CustomTrigger_OnEnter": {
          "Radius": 20.0,
          "PointList": []
        }
      },
      "BridgeStateRotations": [],
      "MappingInfoID": 2221,
      "DialogueGroups": [],
      "TalkDialogGroupIDList": [],
      "ServerInteractVerificationIDList": [],
      "OverrideMapIconType": 13
    }
  ],
  "NPCList": []
}