{
  "GroupGUID": "3a2dcf04-a8f8-4f7a-9f72-dd83b5c7433a",
  "GroupName": "MainMission1011503_",
  "Category": "Mission",
  "ConfigPrefabPath": "Level/Mission/1011501/Mission_1011501_temp.prefab",
  "AreaAnchorName": "LevelArea_P10101_F10101001_G100",
  "SaveType": "Reset",
  "LoadCondition": {
    "Conditions": [
      {
        "Type": "SubMission",
        "ID": 101150226
      }
    ]
  },
  "UnloadCondition": {
    "Conditions": [
      {
        "Type": "SubMission",
        "Phase": "Finish",
        "ID": 101150226
      }
    ]
  },
  "OwnerMainMissionID": 1011503,
  "ConflictIDList": [],
  "AnchorList": [
    {
      "ID": 1,
      "PosX": 15.04,
      "PosY": 0.233837,
      "PosZ": -68.05,
      "Name": "Anchor1",
      "RotY": 131.4498,
      "MapLayerID": 2,
      "Usage": "Camera"
    }
  ],
  "MonsterList": [],
  "PropList": [],
  "NPCList": [
    {
      "ID": 400001,
      "PosX": 16.15548,
      "PosY": 0.233845,
      "PosZ": -68.48833,
      "Name": "NPC1",
      "RotY": 270.6615,
      "NPCID": 1001,
      "DialogueGroups": [],
      "ServerInteractVerificationIDList": [],
      "DefaultLookAtMode": "Closed",
      "MapLayerID": 2,
      "BoardShowList": [],
      "TalkDialogGroupIDList": [],
      "DefaultIdleFreeStyleMotionID": 310010000,
      "InitialHiddenNodeList": []
    },
    {
      "ID": 400002,
      "PosX": 15.9,
      "PosY": 0.233841,
      "PosZ": -69.23,
      "Name": "NPC2",
      "RotY": 320.3134,
      "NPCID": 1002,
      "DialogueGroups": [],
      "ServerInteractVerificationIDList": [],
      "DefaultLookAtMode": "Closed",
      "MapLayerID": 2,
      "BoardShowList": [],
      "TalkDialogGroupIDList": [],
      "DefaultIdleFreeStyleMotionID": 310020000,
      "InitialHiddenNodeList": []
    }
  ]
}