{
  "GroupGUID": "03b2c758-1081-499a-85b1-0f1cc1de5f6c",
  "GroupName": "MainMission4040109_",
  "Category": "Mission",
  "AreaAnchorName": "LevelArea_P10101_F10101001_G152",
  "SaveType": "Reset",
  "LoadCondition": {
    "Conditions": [
      {
        "Type": "SubMission",
        "ID": 404010906
      }
    ]
  },
  "UnloadCondition": {
    "Conditions": [
      {
        "Type": "SubMission",
        "Phase": "Finish",
        "ID": 404010906
      }
    ]
  },
  "OwnerMainMissionID": 4040109,
  "ConflictIDList": [],
  "AnchorList": [],
  "MonsterList": [],
  "PropList": [
    {
      "ID": 300001,
      "PosX": -20.238,
      "PosY": -1.6,
      "PosZ": 18.088,
      "Name": "Prop1",
      "RotY": 270.0002,
      "PropID": 101045,
      "IsOverrideInitLevelGraph": true,
      "Trigger": {
        "Radius": 1.5,
        "PointList": []
      },
      "CampID": 4,
      "MapLayerID": 2,
      "OverrideHintRange": 50.0,
      "CustomTriggerMap": {},
      "BridgeStateRotations": [],
      "DialogueGroups": [],
      "TalkDialogGroupIDList": [],
      "ServerInteractVerificationIDList": []
    }
  ],
  "NPCList": []
}