{
  "GroupGUID": "157ee2c8-56ac-4602-aa6c-d2355d248e8f",
  "GroupName": "MainMission4040109_",
  "Category": "Mission",
  "AreaAnchorName": "LevelArea_P10101_F10101001_G150",
  "SaveType": "Reset",
  "LoadCondition": {
    "Conditions": [
      {
        "Type": "SubMission",
        "ID": 404010904
      }
    ]
  },
  "UnloadCondition": {
    "Conditions": [
      {
        "Type": "SubMission",
        "Phase": "Finish",
        "ID": 404010904
      }
    ]
  },
  "OwnerMainMissionID": 4040109,
  "ConflictIDList": [],
  "AnchorList": [],
  "MonsterList": [],
  "PropList": [
    {
      "ID": 300001,
      "PosX": -5.487,
      "PosY": 2.083,
      "PosZ": -124.187,
      "Name": "Prop1",
      "RotY": 1.14E-4,
      "PropID": 101046,
      "IsOverrideInitLevelGraph": true,
      "Trigger": {
        "Radius": 1.5,
        "PointList": []
      },
      "CampID": 4,
      "MapLayerID": 2,
      "OverrideHintRange": 50.0,
      "CustomTriggerMap": {},
      "BridgeStateRotations": [],
      "DialogueGroups": [],
      "TalkDialogGroupIDList": [],
      "ServerInteractVerificationIDList": []
    }
  ],
  "NPCList": []
}